// 本文件由 tools/gen_pet_sprites.py 自动生成，请勿手工编辑。
#include "lvgl.h"
#include "pet_sprites.h"

static const uint8_t rabbit_front_map[] = {
    0x00, 0x00, 0x00, 0x00, 0x00, 0x00, 0x00, 0x00, 0x00, 0x00, 0x00, 0x00, 0x00, 0x00, 0x00, 0x00,
    0x00, 0x00, 0x00, 0x00, 0x00, 0x00, 0x00, 0x00, 0x00, 0x00, 0x00, 0x00, 0x00, 0x00, 0x00, 0x00,
    0x00, 0x00, 0x00, 0x00, 0x00, 0x00, 0x00, 0x00, 0x00, 0x00, 0x00, 0x00, 0x00, 0x00, 0x00, 0x00,
    0x00, 0x00, 0x00, 0x00, 0x00, 0x00, 0x00, 0x00, 0x00, 0x00, 0x00, 0x00, 0x00, 0x00, 0x00, 0x00,
    0x00, 0x00, 0x00, 0x00, 0x00, 0x00, 0x00, 0x00, 0x00, 0x00, 0x00, 0x00, 0x00, 0x00, 0x00, 0x00,
    0x00, 0x00, 0x00, 0x00, 0x00, 0x00, 0x00, 0x00, 0x00, 0x00, 0x00, 0x00, 0x00, 0x00, 0x00, 0x00,
    0x00, 0x00, 0x00, 0x00, 0x00, 0x00, 0x00, 0x00, 0x00, 0x00, 0x00, 0x00, 0x00, 0x00, 0x00, 0x00,
    0x00, 0x00, 0x00, 0x00, 0x00, 0x00, 0x00, 0x00, 0x00, 0x00, 0x00, 0x00, 0x00, 0x00, 0x00, 0x00,
    0x00, 0x00, 0x00, 0x00, 0x00, 0x00, 0x00, 0x00, 0x00, 0x00, 0x00, 0x00, 0x00, 0x00, 0x00, 0x00,
    0x00, 0x00, 0x00, 0x00, 0x00, 0x00, 0x00, 0x00, 0x00, 0x00, 0x00, 0x00, 0x51, 0x3E, 0x45, 0xFF,
    0x51, 0x3E, 0x45, 0xFF, 0x51, 0x3E, 0x45, 0xFF, 0x65, 0x52, 0x51, 0xFF, 0x00, 0x00, 0x00, 0x00,
    0x00, 0x00, 0x00, 0x00, 0x00, 0x00, 0x00, 0x00, 0x00, 0x00, 0x00, 0x00, 0x00, 0x00, 0x00, 0x00,
    0x00, 0x00, 0x00, 0x00, 0x00, 0x00, 0x00, 0x00, 0x00, 0x00, 0x00, 0x00, 0x00, 0x00, 0x00, 0x00,
    0x00, 0x00, 0x00, 0x00, 0x00, 0x00, 0x00, 0x00, 0x00, 0x00, 0x00, 0x00, 0x00, 0x00, 0x00, 0x00,
    0x00, 0x00, 0x00, 0x00, 0x00, 0x00, 0x00, 0x00, 0x00, 0x00, 0x00, 0x00, 0x00, 0x00, 0x00, 0x00,
    0x00, 0x00, 0x00, 0x00, 0x00, 0x00, 0x00, 0x00, 0x00, 0x00, 0x00, 0x00, 0x00, 0x00, 0x00, 0x00,
    0x00, 0x00, 0x00, 0x00, 0x00, 0x00, 0x00, 0x00, 0x00, 0x00, 0x00, 0x00, 0x00, 0x00, 0x00, 0x00,
    0x00, 0x00, 0x00, 0x00, 0x00, 0x00, 0x00, 0x00, 0x00, 0x00, 0x00, 0x00, 0x00, 0x00, 0x00, 0x00,
    0x00, 0x00, 0x00, 0x00, 0x00, 0x00, 0x00, 0x00, 0x00, 0x00, 0x00, 0x00, 0x00, 0x00, 0x00, 0x00,
    0x00, 0x00, 0x00, 0x00, 0x00, 0x00, 0x00, 0x00, 0x00, 0x00, 0x00, 0x00, 0x00, 0x00, 0x00, 0x00,
    0x00, 0x00, 0x00, 0x00, 0x00, 0x00, 0x00, 0x00, 0x00, 0x00, 0x00, 0x00, 0x00, 0x00, 0x00, 0x00,
    0x00, 0x00, 0x00, 0x00, 0x00, 0x00, 0x00, 0x00, 0x00, 0x00, 0x00, 0x00, 0x00, 0x00, 0x00, 0x00,
    0x00, 0x00, 0x00, 0x00, 0x00, 0x00, 0x00, 0x00, 0x00, 0x00, 0x00, 0x00, 0x00, 0x00, 0x00, 0x00,
    0x00, 0x00, 0x00, 0x00, 0x00, 0x00, 0x00, 0x00, 0x00, 0x00, 0x00, 0x00, 0x00, 0x00, 0x00, 0x00,
    0x00, 0x00, 0x00, 0x00, 0x00, 0x00, 0x00, 0x00, 0x00, 0x00, 0x00, 0x00, 0x00, 0x00, 0x00, 0x00,
    0x00, 0x00, 0x00, 0x00, 0x00, 0x00, 0x00, 0x00, 0x00, 0x00, 0x00, 0x00, 0x00, 0x00, 0x00, 0x00,
    0x00, 0x00, 0x00, 0x00, 0x00, 0x00, 0x00, 0x00, 0x00, 0x00, 0x00, 0x00, 0x00, 0x00, 0x00, 0x00,
    0x00, 0x00, 0x00, 0x00, 0x00, 0x00, 0x00, 0x00, 0x51, 0x3E, 0x45, 0xFF, 0xD8, 0xDD, 0xD9, 0xFF,
    0xD4, 0xD7, 0xD4, 0xFF, 0xD6, 0xD9, 0xD6, 0xFF, 0xB7, 0xAF, 0xC6, 0xFF, 0x65, 0x52, 0x51, 0xFF,
    0x00, 0x00, 0x00, 0x00, 0x00, 0x00, 0x00, 0x00, 0x00, 0x00, 0x00, 0x00, 0x00, 0x00, 0x00, 0x00,
    0x00, 0x00, 0x00, 0x00, 0x00, 0x00, 0x00, 0x00, 0x00, 0x00, 0x00, 0x00, 0x00, 0x00, 0x00, 0x00,
    0x00, 0x00, 0x00, 0x00, 0x00, 0x00, 0x00, 0x00, 0x00, 0x00, 0x00, 0x00, 0x00, 0x00, 0x00, 0x00,
    0x00, 0x00, 0x00, 0x00, 0x00, 0x00, 0x00, 0x00, 0x00, 0x00, 0x00, 0x00, 0x00, 0x00, 0x00, 0x00,
    0x00, 0x00, 0x00, 0x00, 0x00, 0x00, 0x00, 0x00, 0x00, 0x00, 0x00, 0x00, 0x00, 0x00, 0x00, 0x00,
    0x00, 0x00, 0x00, 0x00, 0x00, 0x00, 0x00, 0x00, 0x00, 0x00, 0x00, 0x00, 0x00, 0x00, 0x00, 0x00,
    0x00, 0x00, 0x00, 0x00, 0x00, 0x00, 0x00, 0x00, 0x00, 0x00, 0x00, 0x00, 0x00, 0x00, 0x00, 0x00,
    0x00, 0x00, 0x00, 0x00, 0x00, 0x00, 0x00, 0x00, 0x00, 0x00, 0x00, 0x00, 0x00, 0x00, 0x00, 0x00,
    0x00, 0x00, 0x00, 0x00, 0x00, 0x00, 0x00, 0x00, 0x00, 0x00, 0x00, 0x00, 0x00, 0x00, 0x00, 0x00,
    0x00, 0x00, 0x00, 0x00, 0x00, 0x00, 0x00, 0x00, 0x00, 0x00, 0x00, 0x00, 0x00, 0x00, 0x00, 0x00,
    0x00, 0x00, 0x00, 0x00, 0x00, 0x00, 0x00, 0x00, 0x00, 0x00, 0x00, 0x00, 0x00, 0x00, 0x00, 0x00,
    0x00, 0x00, 0x00, 0x00, 0x00, 0x00, 0x00, 0x00, 0x00, 0x00, 0x00, 0x00, 0x00, 0x00, 0x00, 0x00,
    0x00, 0x00, 0x00, 0x00, 0x00, 0x00, 0x00, 0x00, 0x00, 0x00, 0x00, 0x00, 0x00, 0x00, 0x00, 0x00,
    0x00, 0x00, 0x00, 0x00, 0x00, 0x00, 0x00, 0x00, 0x00, 0x00, 0x00, 0x00, 0x00, 0x00, 0x00, 0x00,
    0x00, 0x00, 0x00, 0x00, 0x00, 0x00, 0x00, 0x00, 0x00, 0x00, 0x00, 0x00, 0x00, 0x00, 0x00, 0x00,
    0x00, 0x00, 0x00, 0x00, 0x00, 0x00, 0x00, 0x00, 0x00, 0x00, 0x00, 0x00, 0x00, 0x00, 0x00, 0x00,
    0x00, 0x00, 0x00, 0x00, 0x00, 0x00, 0x00, 0x00, 0x51, 0x3E, 0x45, 0xFF, 0xD8, 0xDD, 0xD9, 0xFF,
    0xD3, 0xD7, 0xD4, 0xFF, 0xD4, 0xD9, 0xD5, 0xFF, 0xD6, 0xD9, 0xD6, 0xFF, 0xA9, 0xA0, 0x9E, 0xFF,
    0x51, 0x3E, 0x45, 0xFF, 0x00, 0x00, 0x00, 0x00, 0x00, 0x00, 0x00, 0x00, 0x00, 0x00, 0x00, 0x00,
    0x00, 0x00, 0x00, 0x00, 0x00, 0x00, 0x00, 0x00, 0x00, 0x00, 0x00, 0x00, 0x00, 0x00, 0x00, 0x00,
    0x00, 0x00, 0x00, 0x00, 0x00, 0x00, 0x00, 0x00, 0x00, 0x00, 0x00, 0x00, 0x00, 0x00, 0x00, 0x00,
    0x00, 0x00, 0x00, 0x00, 0x00, 0x00, 0x00, 0x00, 0x00, 0x00, 0x00, 0x00, 0x00, 0x00, 0x00, 0x00,
    0x00, 0x00, 0x00, 0x00, 0x00, 0x00, 0x00, 0x00, 0x00, 0x00, 0x00, 0x00, 0x00, 0x00, 0x00, 0x00,
    0x00, 0x00, 0x00, 0x00, 0x00, 0x00, 0x00, 0x00, 0x00, 0x00, 0x00, 0x00, 0x00, 0x00, 0x00, 0x00,
    0x00, 0x00, 0x00, 0x00, 0x00, 0x00, 0x00, 0x00, 0x00, 0x00, 0x00, 0x00, 0x00, 0x00, 0x00, 0x00,
    0x00, 0x00, 0x00, 0x00, 0x00, 0x00, 0x00, 0x00, 0x00, 0x00, 0x00, 0x00, 0x00, 0x00, 0x00, 0x00,
    0x00, 0x00, 0x00, 0x00, 0x00, 0x00, 0x00, 0x00, 0x00, 0x00, 0x00, 0x00, 0x00, 0x00, 0x00, 0x00,
    0x00, 0x00, 0x00, 0x00, 0x00, 0x00, 0x00, 0x00, 0x00, 0x00, 0x00, 0x00, 0x00, 0x00, 0x00, 0x00,
    0x00, 0x00, 0x00, 0x00, 0x00, 0x00, 0x00, 0x00, 0x00, 0x00, 0x00, 0x00, 0x00, 0x00, 0x00, 0x00,
    0x00, 0x00, 0x00, 0x00, 0x00, 0x00, 0x00, 0x00, 0x00, 0x00, 0x00, 0x00, 0x00, 0x00, 0x00, 0x00,
    0x00, 0x00, 0x00, 0x00, 0x00, 0x00, 0x00, 0x00, 0x00, 0x00, 0x00, 0x00, 0x00, 0x00, 0x00, 0x00,
    0x00, 0x00, 0x00, 0x00, 0x00, 0x00, 0x00, 0x00, 0x00, 0x00, 0x00, 0x00, 0x00, 0x00, 0x00, 0x00,
    0x00, 0x00, 0x00, 0x00, 0xAE, 0xA5, 0xA8, 0xFF, 0x51, 0x3E, 0x45, 0xFF, 0x51, 0x3E, 0x45, 0xFF,
    0x51, 0x3E, 0x45, 0xFF, 0x51, 0x3E, 0x45, 0xFF, 0x00, 0x00, 0x00, 0x00, 0x00, 0x00, 0x00, 0x00,
    0x00, 0x00, 0x00, 0x00, 0x51, 0x3E, 0x45, 0xFF, 0xD1, 0xD2, 0xD0, 0xFF, 0xD5, 0xD7, 0xD5, 0xFF,
    0xD3, 0xD7, 0xD4, 0xFF, 0xD4, 0xD7, 0xD4, 0xFF, 0xD3, 0xD7, 0xD4, 0xFF, 0xD3, 0xD7, 0xD4, 0xFF,
    0xD6, 0xD9, 0xD6, 0xFF, 0x51, 0x3E, 0x45, 0xFF, 0x51, 0x3E, 0x45, 0xFF, 0x51, 0x3E, 0x45, 0xFF,
    0x00, 0x00, 0x00, 0x00, 0x00, 0x00, 0x00, 0x00, 0x00, 0x00, 0x00, 0x00, 0x00, 0x00, 0x00, 0x00,
    0x00, 0x00, 0x00, 0x00, 0x00, 0x00, 0x00, 0x00, 0x00, 0x00, 0x00, 0x00, 0x00, 0x00, 0x00, 0x00,
    0x00, 0x00, 0x00, 0x00, 0x00, 0x00, 0x00, 0x00, 0x00, 0x00, 0x00, 0x00, 0x00, 0x00, 0x00, 0x00,
    0x00, 0x00, 0x00, 0x00, 0x00, 0x00, 0x00, 0x00, 0x00, 0x00, 0x00, 0x00, 0x00, 0x00, 0x00, 0x00,
    0x00, 0x00, 0x00, 0x00, 0x00, 0x00, 0x00, 0x00, 0x00, 0x00, 0x00, 0x00, 0x00, 0x00, 0x00, 0x00,
    0x00, 0x00, 0x00, 0x00, 0x00, 0x00, 0x00, 0x00, 0x00, 0x00, 0x00, 0x00, 0x00, 0x00, 0x00, 0x00,
    0x00, 0x00, 0x00, 0x00, 0x00, 0x00, 0x00, 0x00, 0x00, 0x00, 0x00, 0x00, 0x00, 0x00, 0x00, 0x00,
    0x00, 0x00, 0x00, 0x00, 0x00, 0x00, 0x00, 0x00, 0x00, 0x00, 0x00, 0x00, 0x00, 0x00, 0x00, 0x00,
    0x00, 0x00, 0x00, 0x00, 0x00, 0x00, 0x00, 0x00, 0x00, 0x00, 0x00, 0x00, 0x00, 0x00, 0x00, 0x00,
    0x00, 0x00, 0x00, 0x00, 0x00, 0x00, 0x00, 0x00, 0x00, 0x00, 0x00, 0x00, 0x00, 0x00, 0x00, 0x00,
    0x00, 0x00, 0x00, 0x00, 0x00, 0x00, 0x00, 0x00, 0x00, 0x00, 0x00, 0x00, 0x00, 0x00, 0x00, 0x00,
    0x00, 0x00, 0x00, 0x00, 0x00, 0x00, 0x00, 0x00, 0x00, 0x00, 0x00, 0x00, 0x00, 0x00, 0x00, 0x00,
    0x00, 0x00, 0x00, 0x00, 0x00, 0x00, 0x00, 0x00, 0x00, 0x00, 0x00, 0x00, 0x00, 0x00, 0x00, 0x00,
    0x00, 0x00, 0x00, 0x00, 0xB1, 0xA8, 0xB5, 0xFF, 0xD6, 0xD9, 0xD6, 0xFF, 0xD1, 0xD2, 0xD0, 0xFF,
    0xA9, 0xA0, 0x9E, 0xFF, 0xA9, 0xA0, 0x9E, 0xFF, 0x51, 0x3E, 0x45, 0xFF, 0x00, 0x00, 0x00, 0x00,
    0x00, 0x00, 0x00, 0x00, 0x51, 0x3E, 0x45, 0xFF, 0xD6, 0xD9, 0xD6, 0xFF, 0xD3, 0xD7, 0xD4, 0xFF,
    0xD3, 0xD7, 0xD4, 0xFF, 0xD3, 0xD7, 0xD4, 0xFF, 0xD4, 0xD7, 0xD4, 0xFF, 0xD4, 0xD7, 0xD4, 0xFF,
    0xD1, 0xD2, 0xD0, 0xFF, 0x51, 0x3E, 0x45, 0xFF, 0xB7, 0xAF, 0xC6, 0xFF, 0x83, 0x72, 0x8C, 0xFF,
    0x51, 0x3E, 0x45, 0xFF, 0x00, 0x00, 0x00, 0x00, 0x00, 0x00, 0x00, 0x00, 0x00, 0x00, 0x00, 0x00,
    0x00, 0x00, 0x00, 0x00, 0x00, 0x00, 0x00, 0x00, 0x00, 0x00, 0x00, 0x00, 0x00, 0x00, 0x00, 0x00,
    0x00, 0x00, 0x00, 0x00, 0x00, 0x00, 0x00, 0x00, 0x00, 0x00, 0x00, 0x00, 0x00, 0x00, 0x00, 0x00,
    0x00, 0x00, 0x00, 0x00, 0x00, 0x00, 0x00, 0x00, 0x00, 0x00, 0x00, 0x00, 0x00, 0x00, 0x00, 0x00,
    0x00, 0x00, 0x00, 0x00, 0x00, 0x00, 0x00, 0x00, 0x00, 0x00, 0x00, 0x00, 0x00, 0x00, 0x00, 0x00,
    0x00, 0x00, 0x00, 0x00, 0x00, 0x00, 0x00, 0x00, 0x00, 0x00, 0x00, 0x00, 0x00, 0x00, 0x00, 0x00,
    0x00, 0x00, 0x00, 0x00, 0x00, 0x00, 0x00, 0x00, 0x00, 0x00, 0x00, 0x00, 0x00, 0x00, 0x00, 0x00,
    0x00, 0x00, 0x00, 0x00, 0x00, 0x00, 0x00, 0x00, 0x00, 0x00, 0x00, 0x00, 0x00, 0x00, 0x00, 0x00,
    0x00, 0x00, 0x00, 0x00, 0x00, 0x00, 0x00, 0x00, 0x00, 0x00, 0x00, 0x00, 0x00, 0x00, 0x00, 0x00,
    0x00, 0x00, 0x00, 0x00, 0x00, 0x00, 0x00, 0x00, 0x00, 0x00, 0x00, 0x00, 0x00, 0x00, 0x00, 0x00,
    0x00, 0x00, 0x00, 0x00, 0x00, 0x00, 0x00, 0x00, 0x00, 0x00, 0x00, 0x00, 0x00, 0x00, 0x00, 0x00,
    0x00, 0x00, 0x00, 0x00, 0x00, 0x00, 0x00, 0x00, 0x00, 0x00, 0x00, 0x00, 0x00, 0x00, 0x00, 0x00,
    0x00, 0x00, 0x00, 0x00, 0x00, 0x00, 0x00, 0x00, 0x00, 0x00, 0x00, 0x00, 0x00, 0x00, 0x00, 0x00,
    0x51, 0x3E, 0x45, 0xFF, 0xD4, 0xD9, 0xD5, 0xFF, 0xD5, 0xD7, 0xD5, 0xFF, 0xD3, 0xD7, 0xD3, 0xFF,
    0xD3, 0xD7, 0xD4, 0xFF, 0xD3, 0xD7, 0xD3, 0xFF, 0xD8, 0xDD, 0xD9, 0xFF, 0x51, 0x3E, 0x45, 0xFF,
    0x00, 0x00, 0x00, 0x00, 0x65, 0x52, 0x51, 0xFF, 0xA9, 0xA0, 0x9E, 0xFF, 0xD4, 0xD7, 0xD4, 0xFF,
    0xD5, 0xD7, 0xD5, 0xFF, 0xD5, 0xD7, 0xD5, 0xFF, 0xD3, 0xD7, 0xD4, 0xFF, 0xD3, 0xD7, 0xD4, 0xFF,
    0xD3, 0xD7, 0xD3, 0xFF, 0x51, 0x3E, 0x45, 0xFF, 0xA8, 0x9D, 0xB2, 0xFF, 0xB7, 0xAF, 0xC6, 0xFF,
    0xB7, 0xAF, 0xC6, 0xFF, 0x51, 0x3E, 0x45, 0xFF, 0x51, 0x3E, 0x45, 0xFF, 0x00, 0x00, 0x00, 0x00,
    0x00, 0x00, 0x00, 0x00, 0x00, 0x00, 0x00, 0x00, 0x00, 0x00, 0x00, 0x00, 0x00, 0x00, 0x00, 0x00,
    0x00, 0x00, 0x00, 0x00, 0x00, 0x00, 0x00, 0x00, 0x00, 0x00, 0x00, 0x00, 0x00, 0x00, 0x00, 0x00,
    0x00, 0x00, 0x00, 0x00, 0x00, 0x00, 0x00, 0x00, 0x00, 0x00, 0x00, 0x00, 0x00, 0x00, 0x00, 0x00,
    0x00, 0x00, 0x00, 0x00, 0x00, 0x00, 0x00, 0x00, 0x00, 0x00, 0x00, 0x00, 0x00, 0x00, 0x00, 0x00,
    0x00, 0x00, 0x00, 0x00, 0x00, 0x00, 0x00, 0x00, 0x00, 0x00, 0x00, 0x00, 0x00, 0x00, 0x00, 0x00,
    0x00, 0x00, 0x00, 0x00, 0x00, 0x00, 0x00, 0x00, 0x00, 0x00, 0x00, 0x00, 0x00, 0x00, 0x00, 0x00,
    0x00, 0x00, 0x00, 0x00, 0x00, 0x00, 0x00, 0x00, 0x00, 0x00, 0x00, 0x00, 0x00, 0x00, 0x00, 0x00,
    0x00, 0x00, 0x00, 0x00, 0x00, 0x00, 0x00, 0x00, 0x00, 0x00, 0x00, 0x00, 0x00, 0x00, 0x00, 0x00,
    0x00, 0x00, 0x00, 0x00, 0x00, 0x00, 0x00, 0x00, 0x00, 0x00, 0x00, 0x00, 0x00, 0x00, 0x00, 0x00,
    0x00, 0x00, 0x00, 0x00, 0x00, 0x00, 0x00, 0x00, 0x00, 0x00, 0x00, 0x00, 0x00, 0x00, 0x00, 0x00,
    0x00, 0x00, 0x00, 0x00, 0x00, 0x00, 0x00, 0x00, 0x00, 0x00, 0x00, 0x00, 0x00, 0x00, 0x00, 0x00,
    0x00, 0x00, 0x00, 0x00, 0x00, 0x00, 0x00, 0x00, 0x00, 0x00, 0x00, 0x00, 0x51, 0x3E, 0x45, 0xFF,
    0x95, 0x87, 0x84, 0xFF, 0xD3, 0xD7, 0xD3, 0xFF, 0xD3, 0xD7, 0xD3, 0xFF, 0xD3, 0xD7, 0xD3, 0xFF,
    0xD3, 0xD7, 0xD3, 0xFF, 0xD4, 0xD9, 0xD3, 0xFF, 0xD6, 0xD9, 0xD6, 0xFF, 0x51, 0x3E, 0x45, 0xFF,
    0x00, 0x00, 0x00, 0x00, 0x51, 0x3E, 0x45, 0xFF, 0xA9, 0xA0, 0x9E, 0xFF, 0xD5, 0xD9, 0xD5, 0xFF,
    0xD4, 0xD7, 0xD4, 0xFF, 0xD3, 0xD7, 0xD4, 0xFF, 0xD5, 0xD7, 0xD5, 0xFF, 0xD3, 0xD7, 0xD4, 0xFF,
    0xD4, 0xD7, 0xD4, 0xFF, 0xAE, 0xA7, 0xA4, 0xFF, 0x51, 0x3E, 0x45, 0xFF, 0xB7, 0xAF, 0xC6, 0xFF,
    0xB7, 0xAF, 0xC6, 0xFF, 0xB7, 0xAF, 0xC6, 0xFF, 0x51, 0x3E, 0x45, 0xFF, 0x00, 0x00, 0x00, 0x00,
    0x00, 0x00, 0x00, 0x00, 0x00, 0x00, 0x00, 0x00, 0x00, 0x00, 0x00, 0x00, 0x00, 0x00, 0x00, 0x00,
    0x00, 0x00, 0x00, 0x00, 0x00, 0x00, 0x00, 0x00, 0x00, 0x00, 0x00, 0x00, 0x00, 0x00, 0x00, 0x00,
    0x00, 0x00, 0x00, 0x00, 0x00, 0x00, 0x00, 0x00, 0x00, 0x00, 0x00, 0x00, 0x00, 0x00, 0x00, 0x00,
    0x00, 0x00, 0x00, 0x00, 0x00, 0x00, 0x00, 0x00, 0x00, 0x00, 0x00, 0x00, 0x00, 0x00, 0x00, 0x00,
    0x00, 0x00, 0x00, 0x00, 0x00, 0x00, 0x00, 0x00, 0x00, 0x00, 0x00, 0x00, 0x00, 0x00, 0x00, 0x00,
    0x00, 0x00, 0x00, 0x00, 0x00, 0x00, 0x00, 0x00, 0x00, 0x00, 0x00, 0x00, 0x00, 0x00, 0x00, 0x00,
    0x00, 0x00, 0x00, 0x00, 0x00, 0x00, 0x00, 0x00, 0x00, 0x00, 0x00, 0x00, 0x00, 0x00, 0x00, 0x00,
    0x00, 0x00, 0x00, 0x00, 0x00, 0x00, 0x00, 0x00, 0x00, 0x00, 0x00, 0x00, 0x00, 0x00, 0x00, 0x00,
    0x00, 0x00, 0x00, 0x00, 0x00, 0x00, 0x00, 0x00, 0x00, 0x00, 0x00, 0x00, 0x00, 0x00, 0x00, 0x00,
    0x00, 0x00, 0x00, 0x00, 0x00, 0x00, 0x00, 0x00, 0x00, 0x00, 0x00, 0x00, 0x00, 0x00, 0x00, 0x00,
    0x00, 0x00, 0x00, 0x00, 0x00, 0x00, 0x00, 0x00, 0x00, 0x00, 0x00, 0x00, 0x00, 0x00, 0x00, 0x00,
    0x51, 0x3E, 0x45, 0xFF, 0x51, 0x3E, 0x45, 0xFF, 0x83, 0x72, 0x8C, 0xFF, 0x65, 0x52, 0x51, 0xFF,
    0xD5, 0xD9, 0xD5, 0xFF, 0xD3, 0xD7, 0xD3, 0xFF, 0xD3, 0xD7, 0xD3, 0xFF, 0xD3, 0xD7, 0xD3, 0xFF,
    0xD3, 0xD7, 0xD3, 0xFF, 0xD3, 0xD7, 0xD3, 0xFF, 0xD4, 0xD7, 0xD4, 0xFF, 0x65, 0x52, 0x51, 0xFF,
    0x51, 0x3E, 0x45, 0xFF, 0x00, 0x00, 0x00, 0x00, 0x51, 0x3E, 0x45, 0xFF, 0xD6, 0xD9, 0xD6, 0xFF,
    0xD5, 0xD7, 0xD5, 0xFF, 0xD4, 0xD9, 0xD5, 0xFF, 0xD3, 0xD7, 0xD4, 0xFF, 0xD3, 0xD7, 0xD3, 0xFF,
    0xD4, 0xD9, 0xD5, 0xFF, 0xD4, 0xD7, 0xD4, 0xFF, 0x83, 0x72, 0x8C, 0xFF, 0xB7, 0xAF, 0xC6, 0xFF,
    0xB7, 0xAF, 0xC6, 0xFF, 0xB7, 0xAF, 0xC6, 0xFF, 0xB7, 0xAF, 0xC6, 0xFF, 0x2B, 0x1D, 0x2A, 0xFF,
    0x00, 0x00, 0x00, 0x00, 0x00, 0x00, 0x00, 0x00, 0x00, 0x00, 0x00, 0x00, 0x00, 0x00, 0x00, 0x00,
    0x00, 0x00, 0x00, 0x00, 0x00, 0x00, 0x00, 0x00, 0x00, 0x00, 0x00, 0x00, 0x00, 0x00, 0x00, 0x00,
    0x00, 0x00, 0x00, 0x00, 0x00, 0x00, 0x00, 0x00, 0x00, 0x00, 0x00, 0x00, 0x00, 0x00, 0x00, 0x00,
    0x00, 0x00, 0x00, 0x00, 0x00, 0x00, 0x00, 0x00, 0x00, 0x00, 0x00, 0x00, 0x00, 0x00, 0x00, 0x00,
    0x00, 0x00, 0x00, 0x00, 0x00, 0x00, 0x00, 0x00, 0x00, 0x00, 0x00, 0x00, 0x00, 0x00, 0x00, 0x00,
    0x00, 0x00, 0x00, 0x00, 0x00, 0x00, 0x00, 0x00, 0x00, 0x00, 0x00, 0x00, 0x00, 0x00, 0x00, 0x00,
    0x00, 0x00, 0x00, 0x00, 0x00, 0x00, 0x00, 0x00, 0x00, 0x00, 0x00, 0x00, 0x00, 0x00, 0x00, 0x00,
    0x00, 0x00, 0x00, 0x00, 0x00, 0x00, 0x00, 0x00, 0x00, 0x00, 0x00, 0x00, 0x00, 0x00, 0x00, 0x00,
    0x00, 0x00, 0x00, 0x00, 0x00, 0x00, 0x00, 0x00, 0x00, 0x00, 0x00, 0x00, 0x00, 0x00, 0x00, 0x00,
    0x00, 0x00, 0x00, 0x00, 0x00, 0x00, 0x00, 0x00, 0x00, 0x00, 0x00, 0x00, 0x00, 0x00, 0x00, 0x00,
    0x00, 0x00, 0x00, 0x00, 0x00, 0x00, 0x00, 0x00, 0x00, 0x00, 0x00, 0x00, 0x51, 0x3E, 0x45, 0xFF,
    0xB7, 0xAF, 0xC6, 0xFF, 0xB7, 0xAF, 0xC6, 0xFF, 0xB7, 0xAF, 0xC6, 0xFF, 0xB1, 0xA8, 0xB5, 0xFF,
    0xD6, 0xD9, 0xD6, 0xFF, 0xD3, 0xD7, 0xD3, 0xFF, 0xA9, 0xA0, 0x9E, 0xFF, 0xD3, 0xD7, 0xD3, 0xFF,
    0xD3, 0xD7, 0xD3, 0xFF, 0xD3, 0xD7, 0xD3, 0xFF, 0xD4, 0xD7, 0xD4, 0xFF, 0xAE, 0xA7, 0xA4, 0xFF,
    0x65, 0x52, 0x51, 0xFF, 0x00, 0x00, 0x00, 0x00, 0x65, 0x52, 0x51, 0xFF, 0xD6, 0xD9, 0xD6, 0xFF,
    0xD5, 0xD9, 0xD5, 0xFF, 0xD4, 0xD9, 0xD5, 0xFF, 0xD4, 0xD9, 0xD3, 0xFF, 0xA9, 0xA0, 0x9E, 0xFF,
    0xD5, 0xD9, 0xD5, 0xFF, 0xD1, 0xD2, 0xD0, 0xFF, 0x83, 0x72, 0x8C, 0xFF, 0xB7, 0xAF, 0xC6, 0xFF,
    0xB7, 0xAF, 0xC6, 0xFF, 0xB7, 0xAF, 0xC6, 0xFF, 0xB7, 0xAF, 0xC6, 0xFF, 0xB7, 0xAF, 0xC6, 0xFF,
    0x51, 0x3E, 0x45, 0xFF, 0x00, 0x00, 0x00, 0x00, 0x00, 0x00, 0x00, 0x00, 0x00, 0x00, 0x00, 0x00,
    0x00, 0x00, 0x00, 0x00, 0x00, 0x00, 0x00, 0x00, 0x00, 0x00, 0x00, 0x00, 0x00, 0x00, 0x00, 0x00,
    0x00, 0x00, 0x00, 0x00, 0x00, 0x00, 0x00, 0x00, 0x00, 0x00, 0x00, 0x00, 0x00, 0x00, 0x00, 0x00,
    0x00, 0x00, 0x00, 0x00, 0x00, 0x00, 0x00, 0x00, 0x00, 0x00, 0x00, 0x00, 0x00, 0x00, 0x00, 0x00,
    0x00, 0x00, 0x00, 0x00, 0x00, 0x00, 0x00, 0x00, 0x00, 0x00, 0x00, 0x00, 0x00, 0x00, 0x00, 0x00,
    0x00, 0x00, 0x00, 0x00, 0x00, 0x00, 0x00, 0x00, 0x00, 0x00, 0x00, 0x00, 0x00, 0x00, 0x00, 0x00,
    0x00, 0x00, 0x00, 0x00, 0x00, 0x00, 0x00, 0x00, 0x00, 0x00, 0x00, 0x00, 0x00, 0x00, 0x00, 0x00,
    0x00, 0x00, 0x00, 0x00, 0x00, 0x00, 0x00, 0x00, 0x00, 0x00, 0x00, 0x00, 0x00, 0x00, 0x00, 0x00,
    0x00, 0x00, 0x00, 0x00, 0x00, 0x00, 0x00, 0x00, 0x00, 0x00, 0x00, 0x00, 0x00, 0x00, 0x00, 0x00,
    0x00, 0x00, 0x00, 0x00, 0x00, 0x00, 0x00, 0x00, 0x00, 0x00, 0x00, 0x00, 0x00, 0x00, 0x00, 0x00,
    0x00, 0x00, 0x00, 0x00, 0x83, 0x72, 0x8C, 0xFF, 0x83, 0x72, 0x8C, 0xFF, 0xB7, 0xAF, 0xC6, 0xFF,
    0xB7, 0xAF, 0xC6, 0xFF, 0xB7, 0xAF, 0xC6, 0xFF, 0xB7, 0xAF, 0xC6, 0xFF, 0xAE, 0xA7, 0xA4, 0xFF,
    0xD4, 0xD9, 0xD3, 0xFF, 0xD6, 0xD9, 0xD6, 0xFF, 0xA9, 0xA0, 0x9E, 0xFF, 0xD3, 0xD7, 0xD3, 0xFF,
    0xD5, 0xD9, 0xD5, 0xFF, 0xD3, 0xD7, 0xD3, 0xFF, 0xD5, 0xD9, 0xD5, 0xFF, 0xB1, 0xA8, 0xB5, 0xFF,
    0x65, 0x52, 0x51, 0xFF, 0x65, 0x52, 0x51, 0xFF, 0xAB, 0xA3, 0xA1, 0xFF, 0xD4, 0xD7, 0xD4, 0xFF,
    0xD5, 0xD9, 0xD5, 0xFF, 0xD5, 0xD9, 0xD5, 0xFF, 0xD5, 0xD9, 0xD5, 0xFF, 0xD1, 0xD2, 0xD0, 0xFF,
    0xD8, 0xDD, 0xD9, 0xFF, 0xAB, 0xA3, 0xA1, 0xFF, 0xAB, 0xA3, 0xA1, 0xFF, 0xB7, 0xAF, 0xC6, 0xFF,
    0xB7, 0xAF, 0xC6, 0xFF, 0xB7, 0xAF, 0xC6, 0xFF, 0xB7, 0xAF, 0xC6, 0xFF, 0xB7, 0xAF, 0xC6, 0xFF,
    0x83, 0x72, 0x8C, 0xFF, 0x65, 0x52, 0x51, 0xFF, 0x00, 0x00, 0x00, 0x00, 0x00, 0x00, 0x00, 0x00,
    0x00, 0x00, 0x00, 0x00, 0x00, 0x00, 0x00, 0x00, 0x00, 0x00, 0x00, 0x00, 0x00, 0x00, 0x00, 0x00,
    0x00, 0x00, 0x00, 0x00, 0x00, 0x00, 0x00, 0x00, 0x00, 0x00, 0x00, 0x00, 0x00, 0x00, 0x00, 0x00,
    0x00, 0x00, 0x00, 0x00, 0x00, 0x00, 0x00, 0x00, 0x00, 0x00, 0x00, 0x00, 0x00, 0x00, 0x00, 0x00,
    0x00, 0x00, 0x00, 0x00, 0x00, 0x00, 0x00, 0x00, 0x00, 0x00, 0x00, 0x00, 0x00, 0x00, 0x00, 0x00,
    0x00, 0x00, 0x00, 0x00, 0x00, 0x00, 0x00, 0x00, 0x00, 0x00, 0x00, 0x00, 0x00, 0x00, 0x00, 0x00,
    0x00, 0x00, 0x00, 0x00, 0x00, 0x00, 0x00, 0x00, 0x00, 0x00, 0x00, 0x00, 0x00, 0x00, 0x00, 0x00,
    0x00, 0x00, 0x00, 0x00, 0x00, 0x00, 0x00, 0x00, 0x00, 0x00, 0x00, 0x00, 0x00, 0x00, 0x00, 0x00,
    0x00, 0x00, 0x00, 0x00, 0x00, 0x00, 0x00, 0x00, 0x00, 0x00, 0x00, 0x00, 0x00, 0x00, 0x00, 0x00,
    0x00, 0x00, 0x00, 0x00, 0x00, 0x00, 0x00, 0x00, 0x00, 0x00, 0x00, 0x00, 0x00, 0x00, 0x00, 0x00,
    0x2B, 0x1D, 0x2A, 0xFF, 0x65, 0x52, 0x51, 0xFF, 0xB7, 0xAF, 0xC6, 0xFF, 0xB7, 0xAF, 0xC6, 0xFF,
    0xB7, 0xAF, 0xC6, 0xFF, 0xB7, 0xAF, 0xC6, 0xFF, 0xB7, 0xAF, 0xC6, 0xFF, 0xAE, 0xA7, 0xA4, 0xFF,
    0xA9, 0xA0, 0x9E, 0xFF, 0xD5, 0xD9, 0xD5, 0xFF, 0xD4, 0xD9, 0xD3, 0xFF, 0xD3, 0xD7, 0xD4, 0xFF,
    0xD8, 0xDD, 0xD9, 0xFF, 0xD4, 0xD9, 0xD5, 0xFF, 0xD5, 0xD9, 0xD5, 0xFF, 0x95, 0x87, 0x84, 0xFF,
    0x65, 0x52, 0x51, 0xFF, 0x65, 0x52, 0x51, 0xFF, 0xAE, 0xA7, 0xA4, 0xFF, 0xD6, 0xD9, 0xD6, 0xFF,
    0xD6, 0xD9, 0xD6, 0xFF, 0xD5, 0xD9, 0xD5, 0xFF, 0xD5, 0xD7, 0xD5, 0xFF, 0xD5, 0xD9, 0xD5, 0xFF,
    0xD8, 0xDD, 0xD9, 0xFF, 0xA9, 0xA0, 0x9E, 0xFF, 0xAE, 0xA7, 0xA4, 0xFF, 0xB7, 0xAF, 0xC6, 0xFF,
    0xB7, 0xAF, 0xC6, 0xFF, 0xB7, 0xAF, 0xC6, 0xFF, 0xB7, 0xAF, 0xC6, 0xFF, 0xB7, 0xAF, 0xC6, 0xFF,
    0x83, 0x72, 0x8C, 0xFF, 0x51, 0x3E, 0x45, 0xFF, 0x00, 0x00, 0x00, 0x00, 0x00, 0x00, 0x00, 0x00,
    0x00, 0x00, 0x00, 0x00, 0x00, 0x00, 0x00, 0x00, 0x00, 0x00, 0x00, 0x00, 0x00, 0x00, 0x00, 0x00,
    0x00, 0x00, 0x00, 0x00, 0x00, 0x00, 0x00, 0x00, 0x00, 0x00, 0x00, 0x00, 0x00, 0x00, 0x00, 0x00,
    0x00, 0x00, 0x00, 0x00, 0x00, 0x00, 0x00, 0x00, 0x00, 0x00, 0x00, 0x00, 0x00, 0x00, 0x00, 0x00,
    0x00, 0x00, 0x00, 0x00, 0x00, 0x00, 0x00, 0x00, 0x00, 0x00, 0x00, 0x00, 0x00, 0x00, 0x00, 0x00,
    0x00, 0x00, 0x00, 0x00, 0x00, 0x00, 0x00, 0x00, 0x00, 0x00, 0x00, 0x00, 0x00, 0x00, 0x00, 0x00,
    0x00, 0x00, 0x00, 0x00, 0x00, 0x00, 0x00, 0x00, 0x00, 0x00, 0x00, 0x00, 0x00, 0x00, 0x00, 0x00,
    0x00, 0x00, 0x00, 0x00, 0x00, 0x00, 0x00, 0x00, 0x00, 0x00, 0x00, 0x00, 0x00, 0x00, 0x00, 0x00,
    0x00, 0x00, 0x00, 0x00, 0x00, 0x00, 0x00, 0x00, 0x00, 0x00, 0x00, 0x00, 0x00, 0x00, 0x00, 0x00,
    0x00, 0x00, 0x00, 0x00, 0x00, 0x00, 0x00, 0x00, 0x00, 0x00, 0x00, 0x00, 0x00, 0x00, 0x00, 0x00,
    0x2B, 0x1D, 0x2A, 0xFF, 0xB7, 0xAF, 0xC6, 0xFF, 0xB7, 0xAF, 0xC6, 0xFF, 0xB7, 0xAF, 0xC6, 0xFF,
    0xB7, 0xAF, 0xC6, 0xFF, 0xB7, 0xAF, 0xC6, 0xFF, 0xB7, 0xAF, 0xC6, 0xFF, 0x51, 0x3E, 0x45, 0xFF,
    0xAE, 0xA7, 0xA4, 0xFF, 0xD5, 0xD7, 0xD5, 0xFF, 0xD3, 0xD7, 0xD4, 0xFF, 0xAB, 0xA3, 0xA1, 0xFF,
    0xAB, 0xA3, 0xA1, 0xFF, 0xD6, 0xD9, 0xD6, 0xFF, 0xAE, 0xA5, 0xA8, 0xFF, 0x65, 0x52, 0x51, 0xFF,
    0x65, 0x52, 0x51, 0xFF, 0x65, 0x52, 0x51, 0xFF, 0xA9, 0xA0, 0x9E, 0xFF, 0xD8, 0xDD, 0xD9, 0xFF,
    0xD6, 0xD9, 0xD6, 0xFF, 0xD6, 0xD9, 0xD6, 0xFF, 0xA9, 0xA0, 0x9E, 0xFF, 0xD8, 0xDD, 0xD9, 0xFF,
    0xD8, 0xDD, 0xD9, 0xFF, 0xAB, 0xA3, 0xA1, 0xFF, 0xAE, 0xA7, 0xA4, 0xFF, 0xB7, 0xAF, 0xC6, 0xFF,
    0xB7, 0xAF, 0xC6, 0xFF, 0xB7, 0xAF, 0xC6, 0xFF, 0xB7, 0xAF, 0xC6, 0xFF, 0xB7, 0xAF, 0xC6, 0xFF,
    0x83, 0x72, 0x8C, 0xFF, 0x95, 0x87, 0x84, 0xFF, 0x00, 0x00, 0x00, 0x00, 0x00, 0x00, 0x00, 0x00,
    0x00, 0x00, 0x00, 0x00, 0x00, 0x00, 0x00, 0x00, 0x00, 0x00, 0x00, 0x00, 0x00, 0x00, 0x00, 0x00,
    0x00, 0x00, 0x00, 0x00, 0x00, 0x00, 0x00, 0x00, 0x00, 0x00, 0x00, 0x00, 0x00, 0x00, 0x00, 0x00,
    0x00, 0x00, 0x00, 0x00, 0x00, 0x00, 0x00, 0x00, 0x00, 0x00, 0x00, 0x00, 0x00, 0x00, 0x00, 0x00,
    0x00, 0x00, 0x00, 0x00, 0x00, 0x00, 0x00, 0x00, 0x00, 0x00, 0x00, 0x00, 0x00, 0x00, 0x00, 0x00,
    0x00, 0x00, 0x00, 0x00, 0x00, 0x00, 0x00, 0x00, 0x00, 0x00, 0x00, 0x00, 0x00, 0x00, 0x00, 0x00,
    0x00, 0x00, 0x00, 0x00, 0x00, 0x00, 0x00, 0x00, 0x00, 0x00, 0x00, 0x00, 0x00, 0x00, 0x00, 0x00,
    0x00, 0x00, 0x00, 0x00, 0x00, 0x00, 0x00, 0x00, 0x00, 0x00, 0x00, 0x00, 0x00, 0x00, 0x00, 0x00,
    0x00, 0x00, 0x00, 0x00, 0x00, 0x00, 0x00, 0x00, 0x00, 0x00, 0x00, 0x00, 0x00, 0x00, 0x00, 0x00,
    0x00, 0x00, 0x00, 0x00, 0x00, 0x00, 0x00, 0x00, 0x00, 0x00, 0x00, 0x00, 0x51, 0x3E, 0x45, 0xFF,
    0xD1, 0xD2, 0xD0, 0xFF, 0xB7, 0xAF, 0xC6, 0xFF, 0xB7, 0xAF, 0xC6, 0xFF, 0xB7, 0xAF, 0xC6, 0xFF,
    0xB7, 0xAF, 0xC6, 0xFF, 0xB7, 0xAF, 0xC6, 0xFF, 0xB7, 0xAF, 0xC6, 0xFF, 0x83, 0x72, 0x8C, 0xFF,
    0x65, 0x52, 0x51, 0xFF, 0xAB, 0xA3, 0xA1, 0xFF, 0xAB, 0xA3, 0xA1, 0xFF, 0xAB, 0xA3, 0xA1, 0xFF,
    0xAE, 0xA7, 0xA4, 0xFF, 0xAB, 0xA3, 0xA1, 0xFF, 0xAE, 0xA5, 0xA8, 0xFF, 0x65, 0x52, 0x51, 0xFF,
    0x65, 0x52, 0x51, 0xFF, 0x65, 0x52, 0x51, 0xFF, 0x65, 0x52, 0x51, 0xFF, 0xAE, 0xA7, 0xA4, 0xFF,
    0xAB, 0xA3, 0xA1, 0xFF, 0xAB, 0xA3, 0xA1, 0xFF, 0xAB, 0xA3, 0xA1, 0xFF, 0xAB, 0xA3, 0xA1, 0xFF,
    0xAB, 0xA3, 0xA1, 0xFF, 0x95, 0x87, 0x84, 0xFF, 0x65, 0x52, 0x51, 0xFF, 0x83, 0x72, 0x8C, 0xFF,
    0xB7, 0xAF, 0xC6, 0xFF, 0xB7, 0xAF, 0xC6, 0xFF, 0xB7, 0xAF, 0xC6, 0xFF, 0xB7, 0xAF, 0xC6, 0xFF,
    0x83, 0x72, 0x8C, 0xFF, 0x95, 0x87, 0x84, 0xFF, 0x00, 0x00, 0x00, 0x00, 0x00, 0x00, 0x00, 0x00,
    0x00, 0x00, 0x00, 0x00, 0x00, 0x00, 0x00, 0x00, 0x00, 0x00, 0x00, 0x00, 0x00, 0x00, 0x00, 0x00,
    0x00, 0x00, 0x00, 0x00, 0x00, 0x00, 0x00, 0x00, 0x00, 0x00, 0x00, 0x00, 0x00, 0x00, 0x00, 0x00,
    0x00, 0x00, 0x00, 0x00, 0x00, 0x00, 0x00, 0x00, 0x00, 0x00, 0x00, 0x00, 0x00, 0x00, 0x00, 0x00,
    0x00, 0x00, 0x00, 0x00, 0x00, 0x00, 0x00, 0x00, 0x00, 0x00, 0x00, 0x00, 0x00, 0x00, 0x00, 0x00,
    0x00, 0x00, 0x00, 0x00, 0x00, 0x00, 0x00, 0x00, 0x00, 0x00, 0x00, 0x00, 0x00, 0x00, 0x00, 0x00,
    0x00, 0x00, 0x00, 0x00, 0x00, 0x00, 0x00, 0x00, 0x00, 0x00, 0x00, 0x00, 0x00, 0x00, 0x00, 0x00,
    0x00, 0x00, 0x00, 0x00, 0x00, 0x00, 0x00, 0x00, 0x00, 0x00, 0x00, 0x00, 0x00, 0x00, 0x00, 0x00,
    0x00, 0x00, 0x00, 0x00, 0x00, 0x00, 0x00, 0x00, 0x00, 0x00, 0x00, 0x00, 0x00, 0x00, 0x00, 0x00,
    0x00, 0x00, 0x00, 0x00, 0x00, 0x00, 0x00, 0x00, 0x00, 0x00, 0x00, 0x00, 0x51, 0x3E, 0x45, 0xFF,
    0xD1, 0xD2, 0xD0, 0xFF, 0xB7, 0xAF, 0xC6, 0xFF, 0xB7, 0xAF, 0xC6, 0xFF, 0xB7, 0xAF, 0xC6, 0xFF,
    0xB7, 0xAF, 0xC6, 0xFF, 0xB7, 0xAF, 0xC6, 0xFF, 0xB7, 0xAF, 0xC6, 0xFF, 0x83, 0x72, 0x8C, 0xFF,
    0x65, 0x52, 0x51, 0xFF, 0xAE, 0xA7, 0xA4, 0xFF, 0xAE, 0xA7, 0xA4, 0xFF, 0xAE, 0xA7, 0xA4, 0xFF,
    0xAB, 0xA3, 0xA1, 0xFF, 0xAB, 0xA3, 0xA1, 0xFF, 0xAE, 0xA5, 0xA8, 0xFF, 0xD6, 0xD9, 0xD6, 0xFF,
    0xD5, 0xD9, 0xD5, 0xFF, 0xD1, 0xD2, 0xD0, 0xFF, 0x65, 0x52, 0x51, 0xFF, 0xB1, 0xA8, 0xB5, 0xFF,
    0xAE, 0xA5, 0xA8, 0xFF, 0xAB, 0xA3, 0xA1, 0xFF, 0xAE, 0xA7, 0xA4, 0xFF, 0xAB, 0xA3, 0xA1, 0xFF,
    0xAE, 0xA7, 0xA4, 0xFF, 0x95, 0x87, 0x84, 0xFF, 0x65, 0x52, 0x51, 0xFF, 0x83, 0x72, 0x8C, 0xFF,
    0xB7, 0xAF, 0xC6, 0xFF, 0xB7, 0xAF, 0xC6, 0xFF, 0x83, 0x72, 0x8C, 0xFF, 0xA8, 0x9D, 0xB2, 0xFF,
    0xAE, 0xA7, 0xA4, 0xFF, 0x95, 0x87, 0x84, 0xFF, 0x00, 0x00, 0x00, 0x00, 0x00, 0x00, 0x00, 0x00,
    0x00, 0x00, 0x00, 0x00, 0x00, 0x00, 0x00, 0x00, 0x00, 0x00, 0x00, 0x00, 0x00, 0x00, 0x00, 0x00,
    0x00, 0x00, 0x00, 0x00, 0x00, 0x00, 0x00, 0x00, 0x00, 0x00, 0x00, 0x00, 0x00, 0x00, 0x00, 0x00,
    0x00, 0x00, 0x00, 0x00, 0x00, 0x00, 0x00, 0x00, 0x00, 0x00, 0x00, 0x00, 0x00, 0x00, 0x00, 0x00,
    0x00, 0x00, 0x00, 0x00, 0x00, 0x00, 0x00, 0x00, 0x00, 0x00, 0x00, 0x00, 0x00, 0x00, 0x00, 0x00,
    0x00, 0x00, 0x00, 0x00, 0x00, 0x00, 0x00, 0x00, 0x00, 0x00, 0x00, 0x00, 0x00, 0x00, 0x00, 0x00,
    0x00, 0x00, 0x00, 0x00, 0x00, 0x00, 0x00, 0x00, 0x00, 0x00, 0x00, 0x00, 0x00, 0x00, 0x00, 0x00,
    0x00, 0x00, 0x00, 0x00, 0x00, 0x00, 0x00, 0x00, 0x00, 0x00, 0x00, 0x00, 0x00, 0x00, 0x00, 0x00,
    0x00, 0x00, 0x00, 0x00, 0x00, 0x00, 0x00, 0x00, 0x00, 0x00, 0x00, 0x00, 0x00, 0x00, 0x00, 0x00,
    0x00, 0x00, 0x00, 0x00, 0x00, 0x00, 0x00, 0x00, 0x00, 0x00, 0x00, 0x00, 0x51, 0x3E, 0x45, 0xFF,
    0xD1, 0xD2, 0xD0, 0xFF, 0xD1, 0xD2, 0xD0, 0xFF, 0x83, 0x72, 0x8C, 0xFF, 0x83, 0x72, 0x8C, 0xFF,
    0xB7, 0xAF, 0xC6, 0xFF, 0x83, 0x72, 0x8C, 0xFF, 0xA8, 0x9D, 0xB2, 0xFF, 0xA8, 0x9D, 0xB2, 0xFF,
    0x83, 0x72, 0x8C, 0xFF, 0x65, 0x52, 0x51, 0xFF, 0x65, 0x52, 0x51, 0xFF, 0xAE, 0xA5, 0xA8, 0xFF,
    0xAE, 0xA7, 0xA4, 0xFF, 0x65, 0x52, 0x51, 0xFF, 0xD4, 0xD9, 0xD5, 0xFF, 0xD3, 0xD7, 0xD3, 0xFF,
    0xD3, 0xD7, 0xD3, 0xFF, 0xD3, 0xD7, 0xD3, 0xFF, 0xD3, 0xD7, 0xD4, 0xFF, 0x65, 0x52, 0x51, 0xFF,
    0x65, 0x52, 0x51, 0xFF, 0xAE, 0xA5, 0xA8, 0xFF, 0xAB, 0xA3, 0xA1, 0xFF, 0xAE, 0xA7, 0xA4, 0xFF,
    0xB1, 0xA8, 0xB5, 0xFF, 0x65, 0x52, 0x51, 0xFF, 0xA8, 0x9D, 0xB2, 0xFF, 0xA8, 0x9D, 0xB2, 0xFF,
    0xA8, 0x9D, 0xB2, 0xFF, 0xA8, 0x9D, 0xB2, 0xFF, 0xA8, 0x9D, 0xB2, 0xFF, 0x83, 0x72, 0x8C, 0xFF,
    0xAE, 0xA7, 0xA4, 0xFF, 0x95, 0x87, 0x84, 0xFF, 0x00, 0x00, 0x00, 0x00, 0x00, 0x00, 0x00, 0x00,
    0x00, 0x00, 0x00, 0x00, 0x00, 0x00, 0x00, 0x00, 0x00, 0x00, 0x00, 0x00, 0x00, 0x00, 0x00, 0x00,
    0x00, 0x00, 0x00, 0x00, 0x00, 0x00, 0x00, 0x00, 0x00, 0x00, 0x00, 0x00, 0x00, 0x00, 0x00, 0x00,
    0x00, 0x00, 0x00, 0x00, 0x00, 0x00, 0x00, 0x00, 0x00, 0x00, 0x00, 0x00, 0x00, 0x00, 0x00, 0x00,
    0x00, 0x00, 0x00, 0x00, 0x00, 0x00, 0x00, 0x00, 0x00, 0x00, 0x00, 0x00, 0x00, 0x00, 0x00, 0x00,
    0x00, 0x00, 0x00, 0x00, 0x00, 0x00, 0x00, 0x00, 0x00, 0x00, 0x00, 0x00, 0x00, 0x00, 0x00, 0x00,
    0x00, 0x00, 0x00, 0x00, 0x00, 0x00, 0x00, 0x00, 0x00, 0x00, 0x00, 0x00, 0x00, 0x00, 0x00, 0x00,
    0x00, 0x00, 0x00, 0x00, 0x00, 0x00, 0x00, 0x00, 0x00, 0x00, 0x00, 0x00, 0x00, 0x00, 0x00, 0x00,
    0x00, 0x00, 0x00, 0x00, 0x00, 0x00, 0x00, 0x00, 0x00, 0x00, 0x00, 0x00, 0x00, 0x00, 0x00, 0x00,
    0x00, 0x00, 0x00, 0x00, 0x00, 0x00, 0x00, 0x00, 0x00, 0x00, 0x00, 0x00, 0x00, 0x00, 0x00, 0x00,
    0xA9, 0xA0, 0x9E, 0xFF, 0xAE, 0xA5, 0xA8, 0xFF, 0xAE, 0xA5, 0xA8, 0xFF, 0x83, 0x72, 0x8C, 0xFF,
    0x83, 0x72, 0x8C, 0xFF, 0xA8, 0x9D, 0xB2, 0xFF, 0x83, 0x72, 0x8C, 0xFF, 0x51, 0x3E, 0x45, 0xFF,
    0x83, 0x72, 0x8C, 0xFF, 0xD1, 0xD2, 0xD0, 0xFF, 0xD1, 0xD2, 0xD0, 0xFF, 0x65, 0x52, 0x51, 0xFF,
    0x65, 0x52, 0x51, 0xFF, 0xD6, 0xD9, 0xD6, 0xFF, 0xD3, 0xD7, 0xD3, 0xFF, 0xD3, 0xD7, 0xD3, 0xFF,
    0xD3, 0xD7, 0xD3, 0xFF, 0xD3, 0xD7, 0xD4, 0xFF, 0xD1, 0xD2, 0xD0, 0xFF, 0xD1, 0xD2, 0xD0, 0xFF,
    0xD4, 0xD7, 0xD4, 0xFF, 0x65, 0x52, 0x51, 0xFF, 0xAE, 0xA7, 0xA4, 0xFF, 0x95, 0x87, 0x84, 0xFF,
    0x95, 0x87, 0x84, 0xFF, 0xA8, 0x9D, 0xB2, 0xFF, 0xA8, 0x9D, 0xB2, 0xFF, 0xA8, 0x9D, 0xB2, 0xFF,
    0xA8, 0x9D, 0xB2, 0xFF, 0xA8, 0x9D, 0xB2, 0xFF, 0xA8, 0x9D, 0xB2, 0xFF, 0x95, 0x87, 0x84, 0xFF,
    0xAE, 0xA7, 0xA4, 0xFF, 0x51, 0x3E, 0x45, 0xFF, 0x00, 0x00, 0x00, 0x00, 0x00, 0x00, 0x00, 0x00,
    0x00, 0x00, 0x00, 0x00, 0x00, 0x00, 0x00, 0x00, 0x00, 0x00, 0x00, 0x00, 0x00, 0x00, 0x00, 0x00,
    0x00, 0x00, 0x00, 0x00, 0x00, 0x00, 0x00, 0x00, 0x00, 0x00, 0x00, 0x00, 0x00, 0x00, 0x00, 0x00,
    0x00, 0x00, 0x00, 0x00, 0x00, 0x00, 0x00, 0x00, 0x00, 0x00, 0x00, 0x00, 0x00, 0x00, 0x00, 0x00,
    0x00, 0x00, 0x00, 0x00, 0x00, 0x00, 0x00, 0x00, 0x00, 0x00, 0x00, 0x00, 0x00, 0x00, 0x00, 0x00,
    0x00, 0x00, 0x00, 0x00, 0x00, 0x00, 0x00, 0x00, 0x00, 0x00, 0x00, 0x00, 0x00, 0x00, 0x00, 0x00,
    0x00, 0x00, 0x00, 0x00, 0x00, 0x00, 0x00, 0x00, 0x00, 0x00, 0x00, 0x00, 0x00, 0x00, 0x00, 0x00,
    0x00, 0x00, 0x00, 0x00, 0x00, 0x00, 0x00, 0x00, 0x00, 0x00, 0x00, 0x00, 0x00, 0x00, 0x00, 0x00,
    0x00, 0x00, 0x00, 0x00, 0x00, 0x00, 0x00, 0x00, 0x00, 0x00, 0x00, 0x00, 0x00, 0x00, 0x00, 0x00,
    0x00, 0x00, 0x00, 0x00, 0x00, 0x00, 0x00, 0x00, 0x00, 0x00, 0x00, 0x00, 0x00, 0x00, 0x00, 0x00,
    0x2B, 0x1D, 0x2A, 0xFF, 0xAE, 0xA5, 0xA8, 0xFF, 0xAE, 0xA7, 0xA4, 0xFF, 0xAB, 0xA3, 0xA1, 0xFF,
    0x65, 0x52, 0x51, 0xFF, 0x65, 0x52, 0x51, 0xFF, 0x65, 0x52, 0x51, 0xFF, 0xD6, 0xD9, 0xD6, 0xFF,
    0xD3, 0xD7, 0xD3, 0xFF, 0xD3, 0xD7, 0xD3, 0xFF, 0xD3, 0xD7, 0xD3, 0xFF, 0xD1, 0xD2, 0xD0, 0xFF,
    0xD4, 0xD9, 0xD5, 0xFF, 0xD1, 0xD2, 0xD0, 0xFF, 0xD4, 0xD7, 0xD4, 0xFF, 0xD3, 0xD7, 0xD3, 0xFF,
    0xD4, 0xD7, 0xD4, 0xFF, 0xA9, 0xA0, 0x9E, 0xFF, 0xD6, 0xD9, 0xD6, 0xFF, 0xD1, 0xD2, 0xD0, 0xFF,
    0xD3, 0xD7, 0xD3, 0xFF, 0xB7, 0xAF, 0xC6, 0xFF, 0x65, 0x52, 0x51, 0xFF, 0xA9, 0xA0, 0x9E, 0xFF,
    0xA9, 0xA0, 0x9E, 0xFF, 0xA9, 0xA0, 0x9E, 0xFF, 0x65, 0x52, 0x51, 0xFF, 0xA8, 0x9D, 0xB2, 0xFF,
    0xA8, 0x9D, 0xB2, 0xFF, 0x83, 0x72, 0x8C, 0xFF, 0xAE, 0xA5, 0xA8, 0xFF, 0xAE, 0xA7, 0xA4, 0xFF,
    0xAE, 0xA7, 0xA4, 0xFF, 0x51, 0x3E, 0x45, 0xFF, 0x00, 0x00, 0x00, 0x00, 0x00, 0x00, 0x00, 0x00,
    0x00, 0x00, 0x00, 0x00, 0x00, 0x00, 0x00, 0x00, 0x00, 0x00, 0x00, 0x00, 0x00, 0x00, 0x00, 0x00,
    0x00, 0x00, 0x00, 0x00, 0x00, 0x00, 0x00, 0x00, 0x00, 0x00, 0x00, 0x00, 0x00, 0x00, 0x00, 0x00,
    0x00, 0x00, 0x00, 0x00, 0x00, 0x00, 0x00, 0x00, 0x00, 0x00, 0x00, 0x00, 0x00, 0x00, 0x00, 0x00,
    0x00, 0x00, 0x00, 0x00, 0x00, 0x00, 0x00, 0x00, 0x00, 0x00, 0x00, 0x00, 0x00, 0x00, 0x00, 0x00,
    0x00, 0x00, 0x00, 0x00, 0x00, 0x00, 0x00, 0x00, 0x00, 0x00, 0x00, 0x00, 0x00, 0x00, 0x00, 0x00,
    0x00, 0x00, 0x00, 0x00, 0x00, 0x00, 0x00, 0x00, 0x00, 0x00, 0x00, 0x00, 0x00, 0x00, 0x00, 0x00,
    0x00, 0x00, 0x00, 0x00, 0x00, 0x00, 0x00, 0x00, 0x00, 0x00, 0x00, 0x00, 0x00, 0x00, 0x00, 0x00,
    0x00, 0x00, 0x00, 0x00, 0x00, 0x00, 0x00, 0x00, 0x00, 0x00, 0x00, 0x00, 0x00, 0x00, 0x00, 0x00,
    0x00, 0x00, 0x00, 0x00, 0x00, 0x00, 0x00, 0x00, 0x00, 0x00, 0x00, 0x00, 0x00, 0x00, 0x00, 0x00,
    0x51, 0x3E, 0x45, 0xFF, 0x83, 0x72, 0x8C, 0xFF, 0xB1, 0xA8, 0xB5, 0xFF, 0x65, 0x52, 0x51, 0xFF,
    0x65, 0x52, 0x51, 0xFF, 0xB1, 0xA8, 0xB5, 0xFF, 0x65, 0x52, 0x51, 0xFF, 0xD3, 0xD7, 0xD3, 0xFF,
    0xD3, 0xD7, 0xD3, 0xFF, 0xD3, 0xD7, 0xD3, 0xFF, 0xD3, 0xD7, 0xD3, 0xFF, 0xD3, 0xD7, 0xD3, 0xFF,
    0xD3, 0xD7, 0xD3, 0xFF, 0xD4, 0xD7, 0xD4, 0xFF, 0xD3, 0xD7, 0xD3, 0xFF, 0xD5, 0xD7, 0xD5, 0xFF,
    0xD8, 0xDD, 0xD9, 0xFF, 0xAB, 0xA3, 0xA1, 0xFF, 0xA9, 0xA0, 0x9E, 0xFF, 0xD5, 0xD7, 0xD5, 0xFF,
    0xD3, 0xD7, 0xD3, 0xFF, 0xD1, 0xD2, 0xD0, 0xFF, 0x65, 0x52, 0x51, 0xFF, 0xA9, 0xA0, 0x9E, 0xFF,
    0xD3, 0xD7, 0xD3, 0xFF, 0xB1, 0xA8, 0xB5, 0xFF, 0x65, 0x52, 0x51, 0xFF, 0x65, 0x52, 0x51, 0xFF,
    0xA8, 0x9D, 0xB2, 0xFF, 0x83, 0x72, 0x8C, 0xFF, 0xAE, 0xA5, 0xA8, 0xFF, 0xA9, 0xA0, 0x9E, 0xFF,
    0x65, 0x52, 0x51, 0xFF, 0x00, 0x00, 0x00, 0x00, 0x00, 0x00, 0x00, 0x00, 0x00, 0x00, 0x00, 0x00,
    0x00, 0x00, 0x00, 0x00, 0x00, 0x00, 0x00, 0x00, 0x00, 0x00, 0x00, 0x00, 0x00, 0x00, 0x00, 0x00,
    0x00, 0x00, 0x00, 0x00, 0x00, 0x00, 0x00, 0x00, 0x00, 0x00, 0x00, 0x00, 0x00, 0x00, 0x00, 0x00,
    0x00, 0x00, 0x00, 0x00, 0x00, 0x00, 0x00, 0x00, 0x00, 0x00, 0x00, 0x00, 0x00, 0x00, 0x00, 0x00,
    0x00, 0x00, 0x00, 0x00, 0x00, 0x00, 0x00, 0x00, 0x00, 0x00, 0x00, 0x00, 0x00, 0x00, 0x00, 0x00,
    0x00, 0x00, 0x00, 0x00, 0x00, 0x00, 0x00, 0x00, 0x00, 0x00, 0x00, 0x00, 0x00, 0x00, 0x00, 0x00,
    0x00, 0x00, 0x00, 0x00, 0x00, 0x00, 0x00, 0x00, 0x00, 0x00, 0x00, 0x00, 0x00, 0x00, 0x00, 0x00,
    0x00, 0x00, 0x00, 0x00, 0x00, 0x00, 0x00, 0x00, 0x00, 0x00, 0x00, 0x00, 0x00, 0x00, 0x00, 0x00,
    0x00, 0x00, 0x00, 0x00, 0x00, 0x00, 0x00, 0x00, 0x00, 0x00, 0x00, 0x00, 0x00, 0x00, 0x00, 0x00,
    0x00, 0x00, 0x00, 0x00, 0x00, 0x00, 0x00, 0x00, 0x00, 0x00, 0x00, 0x00, 0x00, 0x00, 0x00, 0x00,
    0x00, 0x00, 0x00, 0x00, 0x65, 0x52, 0x51, 0xFF, 0x65, 0x52, 0x51, 0xFF, 0x95, 0x87, 0x84, 0xFF,
    0xD6, 0xD9, 0xD6, 0xFF, 0xD3, 0xD7, 0xD3, 0xFF, 0xD3, 0xD7, 0xD4, 0xFF, 0xD4, 0xD9, 0xD5, 0xFF,
    0xD3, 0xD7, 0xD3, 0xFF, 0xD3, 0xD7, 0xD3, 0xFF, 0xD4, 0xD7, 0xD4, 0xFF, 0xD4, 0xD7, 0xD4, 0xFF,
    0xD3, 0xD7, 0xD3, 0xFF, 0xD4, 0xD7, 0xD4, 0xFF, 0xD3, 0xD7, 0xD4, 0xFF, 0xD3, 0xD7, 0xD3, 0xFF,
    0xD4, 0xD9, 0xD5, 0xFF, 0xAE, 0xA7, 0xA4, 0xFF, 0xD8, 0xDD, 0xD9, 0xFF, 0xD5, 0xD7, 0xD5, 0xFF,
    0xD3, 0xD7, 0xD4, 0xFF, 0xD6, 0xD9, 0xD6, 0xFF, 0xD5, 0xD7, 0xD5, 0xFF, 0xD3, 0xD7, 0xD4, 0xFF,
    0xD3, 0xD7, 0xD3, 0xFF, 0xD3, 0xD7, 0xD3, 0xFF, 0xD3, 0xD7, 0xD4, 0xFF, 0xA9, 0xA0, 0x9E, 0xFF,
    0xA9, 0xA0, 0x9E, 0xFF, 0xB7, 0xAF, 0xC6, 0xFF, 0xAE, 0xA5, 0xA8, 0xFF, 0x65, 0x52, 0x51, 0xFF,
    0x65, 0x52, 0x51, 0xFF, 0x00, 0x00, 0x00, 0x00, 0x00, 0x00, 0x00, 0x00, 0x00, 0x00, 0x00, 0x00,
    0x00, 0x00, 0x00, 0x00, 0x00, 0x00, 0x00, 0x00, 0x00, 0x00, 0x00, 0x00, 0x00, 0x00, 0x00, 0x00,
    0x00, 0x00, 0x00, 0x00, 0x00, 0x00, 0x00, 0x00, 0x00, 0x00, 0x00, 0x00, 0x00, 0x00, 0x00, 0x00,
    0x00, 0x00, 0x00, 0x00, 0x00, 0x00, 0x00, 0x00, 0x00, 0x00, 0x00, 0x00, 0x00, 0x00, 0x00, 0x00,
    0x00, 0x00, 0x00, 0x00, 0x00, 0x00, 0x00, 0x00, 0x00, 0x00, 0x00, 0x00, 0x00, 0x00, 0x00, 0x00,
    0x00, 0x00, 0x00, 0x00, 0x00, 0x00, 0x00, 0x00, 0x00, 0x00, 0x00, 0x00, 0x00, 0x00, 0x00, 0x00,
    0x00, 0x00, 0x00, 0x00, 0x00, 0x00, 0x00, 0x00, 0x00, 0x00, 0x00, 0x00, 0x00, 0x00, 0x00, 0x00,
    0x00, 0x00, 0x00, 0x00, 0x00, 0x00, 0x00, 0x00, 0x00, 0x00, 0x00, 0x00, 0x00, 0x00, 0x00, 0x00,
    0x00, 0x00, 0x00, 0x00, 0x00, 0x00, 0x00, 0x00, 0x00, 0x00, 0x00, 0x00, 0x00, 0x00, 0x00, 0x00,
    0x00, 0x00, 0x00, 0x00, 0x00, 0x00, 0x00, 0x00, 0x00, 0x00, 0x00, 0x00, 0x51, 0x3E, 0x45, 0xFF,
    0x51, 0x3E, 0x45, 0xFF, 0x51, 0x3E, 0x45, 0xFF, 0x65, 0x52, 0x51, 0xFF, 0xB1, 0xA8, 0xB5, 0xFF,
    0xD6, 0xD9, 0xD6, 0xFF, 0xD3, 0xD7, 0xD3, 0xFF, 0xD3, 0xD7, 0xD3, 0xFF, 0xD3, 0xD7, 0xD3, 0xFF,
    0xD3, 0xD7, 0xD3, 0xFF, 0xD3, 0xD7, 0xD3, 0xFF, 0xD3, 0xD7, 0xD3, 0xFF, 0xD4, 0xD7, 0xD4, 0xFF,
    0xD4, 0xD7, 0xD4, 0xFF, 0xD4, 0xD7, 0xD4, 0xFF, 0xD4, 0xD7, 0xD4, 0xFF, 0xD3, 0xD7, 0xD4, 0xFF,
    0xD5, 0xD7, 0xD5, 0xFF, 0xD3, 0xD7, 0xD4, 0xFF, 0xD3, 0xD7, 0xD4, 0xFF, 0xD3, 0xD7, 0xD4, 0xFF,
    0xD5, 0xD7, 0xD5, 0xFF, 0xD5, 0xD7, 0xD5, 0xFF, 0xD5, 0xD7, 0xD5, 0xFF, 0xD4, 0xD7, 0xD4, 0xFF,
    0xD3, 0xD7, 0xD3, 0xFF, 0xD3, 0xD7, 0xD3, 0xFF, 0xD3, 0xD7, 0xD3, 0xFF, 0xD3, 0xD7, 0xD3, 0xFF,
    0xD3, 0xD7, 0xD3, 0xFF, 0x65, 0x52, 0x51, 0xFF, 0x65, 0x52, 0x51, 0xFF, 0x65, 0x52, 0x51, 0xFF,
    0x00, 0x00, 0x00, 0x00, 0x00, 0x00, 0x00, 0x00, 0x00, 0x00, 0x00, 0x00, 0x00, 0x00, 0x00, 0x00,
    0x00, 0x00, 0x00, 0x00, 0x00, 0x00, 0x00, 0x00, 0x00, 0x00, 0x00, 0x00, 0x00, 0x00, 0x00, 0x00,
    0x00, 0x00, 0x00, 0x00, 0x00, 0x00, 0x00, 0x00, 0x00, 0x00, 0x00, 0x00, 0x00, 0x00, 0x00, 0x00,
    0x00, 0x00, 0x00, 0x00, 0x00, 0x00, 0x00, 0x00, 0x00, 0x00, 0x00, 0x00, 0x00, 0x00, 0x00, 0x00,
    0x00, 0x00, 0x00, 0x00, 0x00, 0x00, 0x00, 0x00, 0x00, 0x00, 0x00, 0x00, 0x00, 0x00, 0x00, 0x00,
    0x00, 0x00, 0x00, 0x00, 0x00, 0x00, 0x00, 0x00, 0x00, 0x00, 0x00, 0x00, 0x00, 0x00, 0x00, 0x00,
    0x00, 0x00, 0x00, 0x00, 0x00, 0x00, 0x00, 0x00, 0x00, 0x00, 0x00, 0x00, 0x00, 0x00, 0x00, 0x00,
    0x00, 0x00, 0x00, 0x00, 0x00, 0x00, 0x00, 0x00, 0x00, 0x00, 0x00, 0x00, 0x00, 0x00, 0x00, 0x00,
    0x00, 0x00, 0x00, 0x00, 0x00, 0x00, 0x00, 0x00, 0x00, 0x00, 0x00, 0x00, 0x00, 0x00, 0x00, 0x00,
    0x00, 0x00, 0x00, 0x00, 0x00, 0x00, 0x00, 0x00, 0x65, 0x52, 0x51, 0xFF, 0xD3, 0xD7, 0xD4, 0xFF,
    0xD3, 0xD7, 0xD3, 0xFF, 0xD6, 0xD9, 0xD6, 0xFF, 0x95, 0x87, 0x84, 0xFF, 0xD6, 0xD9, 0xD6, 0xFF,
    0xD3, 0xD7, 0xD3, 0xFF, 0xD3, 0xD7, 0xD3, 0xFF, 0xD3, 0xD7, 0xD3, 0xFF, 0xD3, 0xD7, 0xD3, 0xFF,
    0xD3, 0xD7, 0xD3, 0xFF, 0xD3, 0xD7, 0xD3, 0xFF, 0xD1, 0xD2, 0xD0, 0xFF, 0xD6, 0xD9, 0xD6, 0xFF,
    0xD4, 0xD9, 0xD3, 0xFF, 0xD5, 0xD7, 0xD5, 0xFF, 0xD5, 0xD7, 0xD5, 0xFF, 0xD5, 0xD7, 0xD5, 0xFF,
    0xD5, 0xD7, 0xD5, 0xFF, 0xD4, 0xD9, 0xD5, 0xFF, 0xD3, 0xD7, 0xD4, 0xFF, 0xD4, 0xD9, 0xD5, 0xFF,
    0xD4, 0xD9, 0xD5, 0xFF, 0xD4, 0xD7, 0xD4, 0xFF, 0xD3, 0xD7, 0xD3, 0xFF, 0xD3, 0xD7, 0xD4, 0xFF,
    0xD3, 0xD7, 0xD3, 0xFF, 0xD3, 0xD7, 0xD3, 0xFF, 0xD3, 0xD7, 0xD3, 0xFF, 0xD1, 0xD2, 0xD0, 0xFF,
    0xA9, 0xA0, 0x9E, 0xFF, 0xA9, 0xA0, 0x9E, 0xFF, 0x95, 0x87, 0x84, 0xFF, 0xB7, 0xAF, 0xC6, 0xFF,
    0xB1, 0xA8, 0xB5, 0xFF, 0x51, 0x3E, 0x45, 0xFF, 0x00, 0x00, 0x00, 0x00, 0x00, 0x00, 0x00, 0x00,
    0x00, 0x00, 0x00, 0x00, 0x00, 0x00, 0x00, 0x00, 0x00, 0x00, 0x00, 0x00, 0x00, 0x00, 0x00, 0x00,
    0x00, 0x00, 0x00, 0x00, 0x00, 0x00, 0x00, 0x00, 0x00, 0x00, 0x00, 0x00, 0x00, 0x00, 0x00, 0x00,
    0x00, 0x00, 0x00, 0x00, 0x00, 0x00, 0x00, 0x00, 0x00, 0x00, 0x00, 0x00, 0x00, 0x00, 0x00, 0x00,
    0x00, 0x00, 0x00, 0x00, 0x00, 0x00, 0x00, 0x00, 0x00, 0x00, 0x00, 0x00, 0x00, 0x00, 0x00, 0x00,
    0x00, 0x00, 0x00, 0x00, 0x00, 0x00, 0x00, 0x00, 0x00, 0x00, 0x00, 0x00, 0x00, 0x00, 0x00, 0x00,
    0x00, 0x00, 0x00, 0x00, 0x00, 0x00, 0x00, 0x00, 0x00, 0x00, 0x00, 0x00, 0x00, 0x00, 0x00, 0x00,
    0x00, 0x00, 0x00, 0x00, 0x00, 0x00, 0x00, 0x00, 0x00, 0x00, 0x00, 0x00, 0x00, 0x00, 0x00, 0x00,
    0x00, 0x00, 0x00, 0x00, 0x00, 0x00, 0x00, 0x00, 0x00, 0x00, 0x00, 0x00, 0x00, 0x00, 0x00, 0x00,
    0x51, 0x3E, 0x45, 0xFF, 0x65, 0x52, 0x51, 0xFF, 0xD5, 0xD9, 0xD5, 0xFF, 0xD4, 0xD7, 0xD4, 0xFF,
    0xD3, 0xD7, 0xD4, 0xFF, 0xD3, 0xD7, 0xD3, 0xFF, 0xD6, 0xD9, 0xD6, 0xFF, 0xD6, 0xD9, 0xD6, 0xFF,
    0xD3, 0xD7, 0xD3, 0xFF, 0xD4, 0xD9, 0xD5, 0xFF, 0xD4, 0xD7, 0xD4, 0xFF, 0xD3, 0xD7, 0xD3, 0xFF,
    0xD3, 0xD7, 0xD4, 0xFF, 0xA9, 0xA0, 0x9E, 0xFF, 0xA9, 0xA0, 0x9E, 0xFF, 0xA9, 0xA0, 0x9E, 0xFF,
    0xD6, 0xD9, 0xD6, 0xFF, 0xD5, 0xD7, 0xD5, 0xFF, 0xD5, 0xD9, 0xD5, 0xFF, 0xD5, 0xD9, 0xD5, 0xFF,
    0xD4, 0xD9, 0xD5, 0xFF, 0xD4, 0xD9, 0xD5, 0xFF, 0xD4, 0xD9, 0xD5, 0xFF, 0xD4, 0xD9, 0xD5, 0xFF,
    0xD4, 0xD9, 0xD5, 0xFF, 0xD5, 0xD7, 0xD5, 0xFF, 0xD4, 0xD9, 0xD3, 0xFF, 0xD4, 0xD7, 0xD4, 0xFF,
    0xD4, 0xD9, 0xD3, 0xFF, 0xD4, 0xD7, 0xD4, 0xFF, 0xD4, 0xD7, 0xD4, 0xFF, 0xD3, 0xD7, 0xD3, 0xFF,
    0xA9, 0xA0, 0x9E, 0xFF, 0xD8, 0xDD, 0xD9, 0xFF, 0xD4, 0xD9, 0xD5, 0xFF, 0xD4, 0xD9, 0xD3, 0xFF,
    0xD3, 0xD7, 0xD3, 0xFF, 0xA9, 0xA0, 0x9E, 0xFF, 0x51, 0x3E, 0x45, 0xFF, 0x00, 0x00, 0x00, 0x00,
    0x00, 0x00, 0x00, 0x00, 0x00, 0x00, 0x00, 0x00, 0x00, 0x00, 0x00, 0x00, 0x00, 0x00, 0x00, 0x00,
    0x00, 0x00, 0x00, 0x00, 0x00, 0x00, 0x00, 0x00, 0x00, 0x00, 0x00, 0x00, 0x00, 0x00, 0x00, 0x00,
    0x00, 0x00, 0x00, 0x00, 0x00, 0x00, 0x00, 0x00, 0x00, 0x00, 0x00, 0x00, 0x00, 0x00, 0x00, 0x00,
    0x00, 0x00, 0x00, 0x00, 0x00, 0x00, 0x00, 0x00, 0x00, 0x00, 0x00, 0x00, 0x00, 0x00, 0x00, 0x00,
    0x00, 0x00, 0x00, 0x00, 0x00, 0x00, 0x00, 0x00, 0x00, 0x00, 0x00, 0x00, 0x00, 0x00, 0x00, 0x00,
    0x00, 0x00, 0x00, 0x00, 0x00, 0x00, 0x00, 0x00, 0x00, 0x00, 0x00, 0x00, 0x00, 0x00, 0x00, 0x00,
    0x00, 0x00, 0x00, 0x00, 0x00, 0x00, 0x00, 0x00, 0x00, 0x00, 0x00, 0x00, 0x00, 0x00, 0x00, 0x00,
    0x00, 0x00, 0x00, 0x00, 0x00, 0x00, 0x00, 0x00, 0x00, 0x00, 0x00, 0x00, 0x00, 0x00, 0x00, 0x00,
    0x51, 0x3E, 0x45, 0xFF, 0x65, 0x52, 0x51, 0xFF, 0xD5, 0xD9, 0xD5, 0xFF, 0xD4, 0xD9, 0xD5, 0xFF,
    0xD3, 0xD7, 0xD4, 0xFF, 0xD3, 0xD7, 0xD4, 0xFF, 0xD3, 0xD7, 0xD4, 0xFF, 0xA9, 0xA0, 0x9E, 0xFF,
    0xA9, 0xA0, 0x9E, 0xFF, 0xA9, 0xA0, 0x9E, 0xFF, 0xA9, 0xA0, 0x9E, 0xFF, 0xD3, 0xD7, 0xD4, 0xFF,
    0xD3, 0xD7, 0xD4, 0xFF, 0xD8, 0xDD, 0xD9, 0xFF, 0xD5, 0xD9, 0xD5, 0xFF, 0xD4, 0xD9, 0xD5, 0xFF,
    0xD4, 0xD9, 0xD3, 0xFF, 0xD4, 0xD9, 0xD5, 0xFF, 0xD5, 0xD9, 0xD5, 0xFF, 0xD4, 0xD9, 0xD5, 0xFF,
    0xD4, 0xD9, 0xD5, 0xFF, 0xD4, 0xD9, 0xD5, 0xFF, 0xD6, 0xD9, 0xD6, 0xFF, 0xD4, 0xD9, 0xD5, 0xFF,
    0xD5, 0xD7, 0xD5, 0xFF, 0xD4, 0xD9, 0xD3, 0xFF, 0xD5, 0xD9, 0xD5, 0xFF, 0xD4, 0xD9, 0xD3, 0xFF,
    0xD5, 0xD9, 0xD5, 0xFF, 0xD4, 0xD7, 0xD4, 0xFF, 0xD3, 0xD7, 0xD3, 0xFF, 0xA9, 0xA0, 0x9E, 0xFF,
    0xD8, 0xDD, 0xD9, 0xFF, 0xD6, 0xD9, 0xD6, 0xFF, 0xD4, 0xD7, 0xD4, 0xFF, 0xD3, 0xD7, 0xD3, 0xFF,
    0xD5, 0xD7, 0xD5, 0xFF, 0xD3, 0xD7, 0xD4, 0xFF, 0xAB, 0xA3, 0xA1, 0xFF, 0x51, 0x3E, 0x45, 0xFF,
    0x00, 0x00, 0x00, 0x00, 0x00, 0x00, 0x00, 0x00, 0x00, 0x00, 0x00, 0x00, 0x00, 0x00, 0x00, 0x00,
    0x00, 0x00, 0x00, 0x00, 0x00, 0x00, 0x00, 0x00, 0x00, 0x00, 0x00, 0x00, 0x00, 0x00, 0x00, 0x00,
    0x00, 0x00, 0x00, 0x00, 0x00, 0x00, 0x00, 0x00, 0x00, 0x00, 0x00, 0x00, 0x00, 0x00, 0x00, 0x00,
    0x00, 0x00, 0x00, 0x00, 0x00, 0x00, 0x00, 0x00, 0x00, 0x00, 0x00, 0x00, 0x00, 0x00, 0x00, 0x00,
    0x00, 0x00, 0x00, 0x00, 0x00, 0x00, 0x00, 0x00, 0x00, 0x00, 0x00, 0x00, 0x00, 0x00, 0x00, 0x00,
    0x00, 0x00, 0x00, 0x00, 0x00, 0x00, 0x00, 0x00, 0x00, 0x00, 0x00, 0x00, 0x00, 0x00, 0x00, 0x00,
    0x00, 0x00, 0x00, 0x00, 0x00, 0x00, 0x00, 0x00, 0x00, 0x00, 0x00, 0x00, 0x00, 0x00, 0x00, 0x00,
    0x00, 0x00, 0x00, 0x00, 0x00, 0x00, 0x00, 0x00, 0x00, 0x00, 0x00, 0x00, 0x00, 0x00, 0x00, 0x00,
    0x51, 0x3E, 0x45, 0xFF, 0x95, 0x87, 0x84, 0xFF, 0xD4, 0xD9, 0xD3, 0xFF, 0xD3, 0xD7, 0xD4, 0xFF,
    0xD3, 0xD7, 0xD3, 0xFF, 0xD3, 0xD7, 0xD3, 0xFF, 0xD3, 0xD7, 0xD4, 0xFF, 0xD3, 0xD7, 0xD3, 0xFF,
    0xAB, 0xA3, 0xA1, 0xFF, 0xAB, 0xA3, 0xA1, 0xFF, 0xAB, 0xA3, 0xA1, 0xFF, 0xD3, 0xD7, 0xD4, 0xFF,
    0xD3, 0xD7, 0xD4, 0xFF, 0xD3, 0xD7, 0xD3, 0xFF, 0xD4, 0xD9, 0xD5, 0xFF, 0xD4, 0xD9, 0xD5, 0xFF,
    0xD4, 0xD9, 0xD5, 0xFF, 0xD4, 0xD9, 0xD5, 0xFF, 0xD4, 0xD9, 0xD5, 0xFF, 0xD4, 0xD9, 0xD5, 0xFF,
    0xD4, 0xD9, 0xD5, 0xFF, 0xD6, 0xD9, 0xD6, 0xFF, 0xD5, 0xD9, 0xD5, 0xFF, 0xD4, 0xD9, 0xD5, 0xFF,
    0xD4, 0xD9, 0xD5, 0xFF, 0xD3, 0xD7, 0xD3, 0xFF, 0xA9, 0xA0, 0x9E, 0xFF, 0xD8, 0xDD, 0xD9, 0xFF,
    0xD3, 0xD7, 0xD3, 0xFF, 0xD5, 0xD7, 0xD5, 0xFF, 0xD6, 0xD9, 0xD6, 0xFF, 0xA9, 0xA0, 0x9E, 0xFF,
    0xD6, 0xD9, 0xD6, 0xFF, 0xD6, 0xD9, 0xD6, 0xFF, 0xD3, 0xD7, 0xD4, 0xFF, 0xD3, 0xD7, 0xD4, 0xFF,
    0xD3, 0xD7, 0xD4, 0xFF, 0xD3, 0xD7, 0xD3, 0xFF, 0xD1, 0xD2, 0xD0, 0xFF, 0x65, 0x52, 0x51, 0xFF,
    0x00, 0x00, 0x00, 0x00, 0x00, 0x00, 0x00, 0x00, 0x00, 0x00, 0x00, 0x00, 0x00, 0x00, 0x00, 0x00,
    0x00, 0x00, 0x00, 0x00, 0x00, 0x00, 0x00, 0x00, 0x00, 0x00, 0x00, 0x00, 0x00, 0x00, 0x00, 0x00,
    0x00, 0x00, 0x00, 0x00, 0x00, 0x00, 0x00, 0x00, 0x00, 0x00, 0x00, 0x00, 0x00, 0x00, 0x00, 0x00,
    0x00, 0x00, 0x00, 0x00, 0x00, 0x00, 0x00, 0x00, 0x00, 0x00, 0x00, 0x00, 0x00, 0x00, 0x00, 0x00,
    0x00, 0x00, 0x00, 0x00, 0x00, 0x00, 0x00, 0x00, 0x00, 0x00, 0x00, 0x00, 0x00, 0x00, 0x00, 0x00,
    0x00, 0x00, 0x00, 0x00, 0x00, 0x00, 0x00, 0x00, 0x00, 0x00, 0x00, 0x00, 0x00, 0x00, 0x00, 0x00,
    0x00, 0x00, 0x00, 0x00, 0x00, 0x00, 0x00, 0x00, 0x00, 0x00, 0x00, 0x00, 0x00, 0x00, 0x00, 0x00,
    0x00, 0x00, 0x00, 0x00, 0x00, 0x00, 0x00, 0x00, 0x00, 0x00, 0x00, 0x00, 0x00, 0x00, 0x00, 0x00,
    0xA9, 0xA0, 0x9E, 0xFF, 0xD3, 0xD7, 0xD3, 0xFF, 0xD3, 0xD7, 0xD3, 0xFF, 0xD3, 0xD7, 0xD3, 0xFF,
    0xD3, 0xD7, 0xD3, 0xFF, 0xD3, 0xD7, 0xD3, 0xFF, 0xD3, 0xD7, 0xD3, 0xFF, 0xD4, 0xD9, 0xD5, 0xFF,
    0xAE, 0xA5, 0xA8, 0xFF, 0xD6, 0xD9, 0xD6, 0xFF, 0xD8, 0xDD, 0xD9, 0xFF, 0xD4, 0xD7, 0xD4, 0xFF,
    0xD4, 0xD9, 0xD3, 0xFF, 0xD5, 0xD7, 0xD5, 0xFF, 0xD4, 0xD9, 0xD5, 0xFF, 0xD4, 0xD9, 0xD5, 0xFF,
    0xD4, 0xD9, 0xD5, 0xFF, 0xD5, 0xD9, 0xD5, 0xFF, 0xD5, 0xD9, 0xD5, 0xFF, 0xD5, 0xD9, 0xD5, 0xFF,
    0xD6, 0xD9, 0xD6, 0xFF, 0xD5, 0xD9, 0xD5, 0xFF, 0xD4, 0xD9, 0xD5, 0xFF, 0xD5, 0xD9, 0xD5, 0xFF,
    0xD4, 0xD9, 0xD5, 0xFF, 0xD5, 0xD9, 0xD5, 0xFF, 0xD5, 0xD9, 0xD5, 0xFF, 0xAB, 0xA3, 0xA1, 0xFF,
    0xD5, 0xD7, 0xD5, 0xFF, 0xD4, 0xD9, 0xD5, 0xFF, 0x83, 0x72, 0x8C, 0xFF, 0xD6, 0xD9, 0xD6, 0xFF,
    0xD3, 0xD7, 0xD3, 0xFF, 0xD3, 0xD7, 0xD3, 0xFF, 0xD3, 0xD7, 0xD3, 0xFF, 0xD5, 0xD7, 0xD5, 0xFF,
    0xA9, 0xA0, 0x9E, 0xFF, 0xD5, 0xD7, 0xD5, 0xFF, 0xD3, 0xD7, 0xD3, 0xFF, 0x65, 0x52, 0x51, 0xFF,
    0x00, 0x00, 0x00, 0x00, 0x00, 0x00, 0x00, 0x00, 0x00, 0x00, 0x00, 0x00, 0x00, 0x00, 0x00, 0x00,
    0x00, 0x00, 0x00, 0x00, 0x00, 0x00, 0x00, 0x00, 0x00, 0x00, 0x00, 0x00, 0x00, 0x00, 0x00, 0x00,
    0x00, 0x00, 0x00, 0x00, 0x00, 0x00, 0x00, 0x00, 0x00, 0x00, 0x00, 0x00, 0x00, 0x00, 0x00, 0x00,
    0x00, 0x00, 0x00, 0x00, 0x00, 0x00, 0x00, 0x00, 0x00, 0x00, 0x00, 0x00, 0x00, 0x00, 0x00, 0x00,
    0x00, 0x00, 0x00, 0x00, 0x00, 0x00, 0x00, 0x00, 0x00, 0x00, 0x00, 0x00, 0x00, 0x00, 0x00, 0x00,
    0x00, 0x00, 0x00, 0x00, 0x00, 0x00, 0x00, 0x00, 0x00, 0x00, 0x00, 0x00, 0x00, 0x00, 0x00, 0x00,
    0x00, 0x00, 0x00, 0x00, 0x00, 0x00, 0x00, 0x00, 0x00, 0x00, 0x00, 0x00, 0x00, 0x00, 0x00, 0x00,
    0x00, 0x00, 0x00, 0x00, 0x00, 0x00, 0x00, 0x00, 0x00, 0x00, 0x00, 0x00, 0x00, 0x00, 0x00, 0x00,
    0xA9, 0xA0, 0x9E, 0xFF, 0xD3, 0xD7, 0xD4, 0xFF, 0xD3, 0xD7, 0xD3, 0xFF, 0xD5, 0xD7, 0xD5, 0xFF,
    0xD3, 0xD7, 0xD4, 0xFF, 0xD5, 0xD9, 0xD5, 0xFF, 0xD6, 0xD9, 0xD6, 0xFF, 0xAB, 0xA3, 0xA1, 0xFF,
    0xAE, 0xA7, 0xA4, 0xFF, 0xD6, 0xD9, 0xD6, 0xFF, 0xD5, 0xD9, 0xD5, 0xFF, 0xD5, 0xD7, 0xD5, 0xFF,
    0xD5, 0xD9, 0xD5, 0xFF, 0xD5, 0xD9, 0xD5, 0xFF, 0xD5, 0xD9, 0xD5, 0xFF, 0xD4, 0xD9, 0xD5, 0xFF,
    0xD4, 0xD9, 0xD5, 0xFF, 0xD5, 0xD9, 0xD5, 0xFF, 0xD6, 0xD9, 0xD6, 0xFF, 0xD6, 0xD9, 0xD6, 0xFF,
    0xD5, 0xD9, 0xD5, 0xFF, 0xD5, 0xD9, 0xD5, 0xFF, 0xD5, 0xD9, 0xD5, 0xFF, 0xD5, 0xD9, 0xD5, 0xFF,
    0xD5, 0xD9, 0xD5, 0xFF, 0xD3, 0xD7, 0xD4, 0xFF, 0xD4, 0xD7, 0xD4, 0xFF, 0xAB, 0xA3, 0xA1, 0xFF,
    0xD4, 0xD9, 0xD3, 0xFF, 0xD5, 0xD7, 0xD5, 0xFF, 0x83, 0x72, 0x8C, 0xFF, 0xD6, 0xD9, 0xD6, 0xFF,
    0xD4, 0xD7, 0xD4, 0xFF, 0xD4, 0xD7, 0xD4, 0xFF, 0xD5, 0xD7, 0xD5, 0xFF, 0xD6, 0xD9, 0xD6, 0xFF,
    0xAB, 0xA3, 0xA1, 0xFF, 0xD3, 0xD7, 0xD3, 0xFF, 0xD5, 0xD9, 0xD5, 0xFF, 0x51, 0x3E, 0x45, 0xFF,
    0x00, 0x00, 0x00, 0x00, 0x00, 0x00, 0x00, 0x00, 0x00, 0x00, 0x00, 0x00, 0x00, 0x00, 0x00, 0x00,
    0x00, 0x00, 0x00, 0x00, 0x00, 0x00, 0x00, 0x00, 0x00, 0x00, 0x00, 0x00, 0x00, 0x00, 0x00, 0x00,
    0x00, 0x00, 0x00, 0x00, 0x00, 0x00, 0x00, 0x00, 0x00, 0x00, 0x00, 0x00, 0x00, 0x00, 0x00, 0x00,
    0x00, 0x00, 0x00, 0x00, 0x00, 0x00, 0x00, 0x00, 0x00, 0x00, 0x00, 0x00, 0x00, 0x00, 0x00, 0x00,
    0x00, 0x00, 0x00, 0x00, 0x00, 0x00, 0x00, 0x00, 0x00, 0x00, 0x00, 0x00, 0x00, 0x00, 0x00, 0x00,
    0x00, 0x00, 0x00, 0x00, 0x00, 0x00, 0x00, 0x00, 0x00, 0x00, 0x00, 0x00, 0x00, 0x00, 0x00, 0x00,
    0x00, 0x00, 0x00, 0x00, 0x00, 0x00, 0x00, 0x00, 0x00, 0x00, 0x00, 0x00, 0x00, 0x00, 0x00, 0x00,
    0x00, 0x00, 0x00, 0x00, 0x00, 0x00, 0x00, 0x00, 0x2B, 0x1D, 0x2A, 0xFF, 0xB1, 0xA8, 0xB5, 0xFF,
    0xD3, 0xD7, 0xD4, 0xFF, 0xD3, 0xD7, 0xD3, 0xFF, 0xAB, 0xA3, 0xA1, 0xFF, 0xAB, 0xA3, 0xA1, 0xFF,
    0xD8, 0xDD, 0xD9, 0xFF, 0xD4, 0xD9, 0xD3, 0xFF, 0xD5, 0xD7, 0xD5, 0xFF, 0xAE, 0xA7, 0xA4, 0xFF,
    0x65, 0x52, 0x51, 0xFF, 0xD6, 0xD9, 0xD6, 0xFF, 0xD4, 0xD7, 0xD4, 0xFF, 0xD4, 0xD7, 0xD4, 0xFF,
    0xD5, 0xD7, 0xD5, 0xFF, 0xD5, 0xD7, 0xD5, 0xFF, 0xD4, 0xD9, 0xD5, 0xFF, 0xD5, 0xD9, 0xD5, 0xFF,
    0xD6, 0xD9, 0xD6, 0xFF, 0xD6, 0xD9, 0xD6, 0xFF, 0xD6, 0xD9, 0xD6, 0xFF, 0xD6, 0xD9, 0xD6, 0xFF,
    0xD6, 0xD9, 0xD6, 0xFF, 0xD6, 0xD9, 0xD6, 0xFF, 0xD5, 0xD9, 0xD5, 0xFF, 0xD5, 0xD9, 0xD5, 0xFF,
    0xD5, 0xD9, 0xD5, 0xFF, 0xD4, 0xD9, 0xD5, 0xFF, 0xD5, 0xD7, 0xD5, 0xFF, 0xD5, 0xD7, 0xD5, 0xFF,
    0xD3, 0xD7, 0xD4, 0xFF, 0xD5, 0xD7, 0xD5, 0xFF, 0xAE, 0xA5, 0xA8, 0xFF, 0xAB, 0xA3, 0xA1, 0xFF,
    0xD4, 0xD7, 0xD4, 0xFF, 0xD3, 0xD7, 0xD3, 0xFF, 0xD3, 0xD7, 0xD3, 0xFF, 0xD8, 0xDD, 0xD9, 0xFF,
    0xAB, 0xA3, 0xA1, 0xFF, 0xD4, 0xD9, 0xD3, 0xFF, 0x95, 0x87, 0x84, 0xFF, 0xAE, 0xA5, 0xA8, 0xFF,
    0x51, 0x3E, 0x45, 0xFF, 0x00, 0x00, 0x00, 0x00, 0x00, 0x00, 0x00, 0x00, 0x00, 0x00, 0x00, 0x00,
    0x00, 0x00, 0x00, 0x00, 0x00, 0x00, 0x00, 0x00, 0x00, 0x00, 0x00, 0x00, 0x00, 0x00, 0x00, 0x00,
    0x00, 0x00, 0x00, 0x00, 0x00, 0x00, 0x00, 0x00, 0x00, 0x00, 0x00, 0x00, 0x00, 0x00, 0x00, 0x00,
    0x00, 0x00, 0x00, 0x00, 0x00, 0x00, 0x00, 0x00, 0x00, 0x00, 0x00, 0x00, 0x00, 0x00, 0x00, 0x00,
    0x00, 0x00, 0x00, 0x00, 0x00, 0x00, 0x00, 0x00, 0x00, 0x00, 0x00, 0x00, 0x00, 0x00, 0x00, 0x00,
    0x00, 0x00, 0x00, 0x00, 0x00, 0x00, 0x00, 0x00, 0x00, 0x00, 0x00, 0x00, 0x00, 0x00, 0x00, 0x00,
    0x00, 0x00, 0x00, 0x00, 0x00, 0x00, 0x00, 0x00, 0x00, 0x00, 0x00, 0x00, 0x00, 0x00, 0x00, 0x00,
    0x00, 0x00, 0x00, 0x00, 0x00, 0x00, 0x00, 0x00, 0x51, 0x3E, 0x45, 0xFF, 0xB1, 0xA8, 0xB5, 0xFF,
    0xD3, 0xD7, 0xD4, 0xFF, 0xD3, 0xD7, 0xD3, 0xFF, 0xD3, 0xD7, 0xD4, 0xFF, 0xA9, 0xA0, 0x9E, 0xFF,
    0xD4, 0xD7, 0xD4, 0xFF, 0xD6, 0xD9, 0xD6, 0xFF, 0xD5, 0xD7, 0xD5, 0xFF, 0x65, 0x52, 0x51, 0xFF,
    0xAB, 0xA3, 0xA1, 0xFF, 0xD4, 0xD7, 0xD4, 0xFF, 0xD4, 0xD7, 0xD4, 0xFF, 0xD5, 0xD7, 0xD5, 0xFF,
    0xD5, 0xD7, 0xD5, 0xFF, 0xD5, 0xD9, 0xD5, 0xFF, 0xD5, 0xD9, 0xD5, 0xFF, 0xD4, 0xD9, 0xD5, 0xFF,
    0xD5, 0xD9, 0xD5, 0xFF, 0xD6, 0xD9, 0xD6, 0xFF, 0xD6, 0xD9, 0xD6, 0xFF, 0xD6, 0xD9, 0xD6, 0xFF,
    0xD6, 0xD9, 0xD6, 0xFF, 0xD6, 0xD9, 0xD6, 0xFF, 0xD5, 0xD9, 0xD5, 0xFF, 0xD5, 0xD9, 0xD5, 0xFF,
    0xD5, 0xD9, 0xD5, 0xFF, 0xD5, 0xD7, 0xD5, 0xFF, 0xD4, 0xD7, 0xD4, 0xFF, 0xD3, 0xD7, 0xD3, 0xFF,
    0xD3, 0xD7, 0xD3, 0xFF, 0xD3, 0xD7, 0xD3, 0xFF, 0xD3, 0xD7, 0xD3, 0xFF, 0x83, 0x72, 0x8C, 0xFF,
    0xD6, 0xD9, 0xD6, 0xFF, 0xD5, 0xD9, 0xD5, 0xFF, 0xA9, 0xA0, 0x9E, 0xFF, 0xAB, 0xA3, 0xA1, 0xFF,
    0xA9, 0xA0, 0x9E, 0xFF, 0xD4, 0xD7, 0xD4, 0xFF, 0xD4, 0xD9, 0xD5, 0xFF, 0xD3, 0xD7, 0xD3, 0xFF,
    0xAE, 0xA7, 0xA4, 0xFF, 0x2B, 0x1D, 0x2A, 0xFF, 0x00, 0x00, 0x00, 0x00, 0x00, 0x00, 0x00, 0x00,
    0x00, 0x00, 0x00, 0x00, 0x00, 0x00, 0x00, 0x00, 0x00, 0x00, 0x00, 0x00, 0x00, 0x00, 0x00, 0x00,
    0x00, 0x00, 0x00, 0x00, 0x00, 0x00, 0x00, 0x00, 0x00, 0x00, 0x00, 0x00, 0x00, 0x00, 0x00, 0x00,
    0x00, 0x00, 0x00, 0x00, 0x00, 0x00, 0x00, 0x00, 0x00, 0x00, 0x00, 0x00, 0x00, 0x00, 0x00, 0x00,
    0x00, 0x00, 0x00, 0x00, 0x00, 0x00, 0x00, 0x00, 0x00, 0x00, 0x00, 0x00, 0x00, 0x00, 0x00, 0x00,
    0x00, 0x00, 0x00, 0x00, 0x00, 0x00, 0x00, 0x00, 0x00, 0x00, 0x00, 0x00, 0x00, 0x00, 0x00, 0x00,
    0x00, 0x00, 0x00, 0x00, 0x00, 0x00, 0x00, 0x00, 0x00, 0x00, 0x00, 0x00, 0x00, 0x00, 0x00, 0x00,
    0x00, 0x00, 0x00, 0x00, 0x00, 0x00, 0x00, 0x00, 0x51, 0x3E, 0x45, 0xFF, 0xA9, 0xA0, 0x9E, 0xFF,
    0xD3, 0xD7, 0xD3, 0xFF, 0xD3, 0xD7, 0xD3, 0xFF, 0xD3, 0xD7, 0xD4, 0xFF, 0xA9, 0xA0, 0x9E, 0xFF,
    0xAB, 0xA3, 0xA1, 0xFF, 0xAE, 0xA7, 0xA4, 0xFF, 0xAE, 0xA5, 0xA8, 0xFF, 0x65, 0x52, 0x51, 0xFF,
    0xAB, 0xA3, 0xA1, 0xFF, 0xD5, 0xD9, 0xD5, 0xFF, 0xD4, 0xD9, 0xD3, 0xFF, 0xD5, 0xD7, 0xD5, 0xFF,
    0xD5, 0xD7, 0xD5, 0xFF, 0xD5, 0xD7, 0xD5, 0xFF, 0xD5, 0xD9, 0xD5, 0xFF, 0xD5, 0xD9, 0xD5, 0xFF,
    0xD5, 0xD9, 0xD5, 0xFF, 0xD6, 0xD9, 0xD6, 0xFF, 0xD6, 0xD9, 0xD6, 0xFF, 0xD6, 0xD9, 0xD6, 0xFF,
    0xD6, 0xD9, 0xD6, 0xFF, 0xD6, 0xD9, 0xD6, 0xFF, 0xD6, 0xD9, 0xD6, 0xFF, 0xD5, 0xD9, 0xD5, 0xFF,
    0xD5, 0xD9, 0xD5, 0xFF, 0xD5, 0xD9, 0xD5, 0xFF, 0xD4, 0xD7, 0xD4, 0xFF, 0xD3, 0xD7, 0xD3, 0xFF,
    0xD3, 0xD7, 0xD3, 0xFF, 0xD3, 0xD7, 0xD3, 0xFF, 0xD5, 0xD9, 0xD5, 0xFF, 0x65, 0x52, 0x51, 0xFF,
    0xAB, 0xA3, 0xA1, 0xFF, 0xAB, 0xA3, 0xA1, 0xFF, 0xAB, 0xA3, 0xA1, 0xFF, 0xAE, 0xA7, 0xA4, 0xFF,
    0xD8, 0xDD, 0xD9, 0xFF, 0xD4, 0xD7, 0xD4, 0xFF, 0xD3, 0xD7, 0xD4, 0xFF, 0xD3, 0xD7, 0xD3, 0xFF,
    0xD1, 0xD2, 0xD0, 0xFF, 0x51, 0x3E, 0x45, 0xFF, 0x00, 0x00, 0x00, 0x00, 0x00, 0x00, 0x00, 0x00,
    0x00, 0x00, 0x00, 0x00, 0x00, 0x00, 0x00, 0x00, 0x00, 0x00, 0x00, 0x00, 0x00, 0x00, 0x00, 0x00,
    0x00, 0x00, 0x00, 0x00, 0x00, 0x00, 0x00, 0x00, 0x00, 0x00, 0x00, 0x00, 0x00, 0x00, 0x00, 0x00,
    0x00, 0x00, 0x00, 0x00, 0x00, 0x00, 0x00, 0x00, 0x00, 0x00, 0x00, 0x00, 0x00, 0x00, 0x00, 0x00,
    0x00, 0x00, 0x00, 0x00, 0x00, 0x00, 0x00, 0x00, 0x00, 0x00, 0x00, 0x00, 0x00, 0x00, 0x00, 0x00,
    0x00, 0x00, 0x00, 0x00, 0x00, 0x00, 0x00, 0x00, 0x00, 0x00, 0x00, 0x00, 0x00, 0x00, 0x00, 0x00,
    0x00, 0x00, 0x00, 0x00, 0x00, 0x00, 0x00, 0x00, 0x00, 0x00, 0x00, 0x00, 0x00, 0x00, 0x00, 0x00,
    0x00, 0x00, 0x00, 0x00, 0x00, 0x00, 0x00, 0x00, 0x51, 0x3E, 0x45, 0xFF, 0xAB, 0xA3, 0xA1, 0xFF,
    0xD5, 0xD9, 0xD5, 0xFF, 0xD3, 0xD7, 0xD3, 0xFF, 0xD3, 0xD7, 0xD3, 0xFF, 0xD6, 0xD9, 0xD6, 0xFF,
    0xAE, 0xA7, 0xA4, 0xFF, 0xAB, 0xA3, 0xA1, 0xFF, 0xAE, 0xA5, 0xA8, 0xFF, 0x65, 0x52, 0x51, 0xFF,
    0xAE, 0xA7, 0xA4, 0xFF, 0xD6, 0xD9, 0xD6, 0xFF, 0xD6, 0xD9, 0xD6, 0xFF, 0xD5, 0xD9, 0xD5, 0xFF,
    0xD5, 0xD9, 0xD5, 0xFF, 0xD5, 0xD9, 0xD5, 0xFF, 0xD5, 0xD9, 0xD5, 0xFF, 0xD6, 0xD9, 0xD6, 0xFF,
    0xD5, 0xD9, 0xD5, 0xFF, 0xD6, 0xD9, 0xD6, 0xFF, 0xD6, 0xD9, 0xD6, 0xFF, 0xD6, 0xD9, 0xD6, 0xFF,
    0xD4, 0xD9, 0xD5, 0xFF, 0xD6, 0xD9, 0xD6, 0xFF, 0xD6, 0xD9, 0xD6, 0xFF, 0xD5, 0xD9, 0xD5, 0xFF,
    0xD5, 0xD9, 0xD5, 0xFF, 0xD5, 0xD9, 0xD5, 0xFF, 0xD3, 0xD7, 0xD3, 0xFF, 0xD4, 0xD9, 0xD3, 0xFF,
    0xD5, 0xD9, 0xD5, 0xFF, 0xD5, 0xD7, 0xD5, 0xFF, 0xA9, 0xA0, 0x9E, 0xFF, 0x65, 0x52, 0x51, 0xFF,
    0xAE, 0xA7, 0xA4, 0xFF, 0xAB, 0xA3, 0xA1, 0xFF, 0xAE, 0xA7, 0xA4, 0xFF, 0xAE, 0xA7, 0xA4, 0xFF,
    0xAB, 0xA3, 0xA1, 0xFF, 0xD5, 0xD7, 0xD5, 0xFF, 0xD3, 0xD7, 0xD3, 0xFF, 0xD1, 0xD2, 0xD0, 0xFF,
    0xA9, 0xA0, 0x9E, 0xFF, 0x51, 0x3E, 0x45, 0xFF, 0x00, 0x00, 0x00, 0x00, 0x00, 0x00, 0x00, 0x00,
    0x00, 0x00, 0x00, 0x00, 0x00, 0x00, 0x00, 0x00, 0x00, 0x00, 0x00, 0x00, 0x00, 0x00, 0x00, 0x00,
    0x00, 0x00, 0x00, 0x00, 0x00, 0x00, 0x00, 0x00, 0x00, 0x00, 0x00, 0x00, 0x00, 0x00, 0x00, 0x00,
    0x00, 0x00, 0x00, 0x00, 0x00, 0x00, 0x00, 0x00, 0x00, 0x00, 0x00, 0x00, 0x00, 0x00, 0x00, 0x00,
    0x00, 0x00, 0x00, 0x00, 0x00, 0x00, 0x00, 0x00, 0x00, 0x00, 0x00, 0x00, 0x00, 0x00, 0x00, 0x00,
    0x00, 0x00, 0x00, 0x00, 0x00, 0x00, 0x00, 0x00, 0x00, 0x00, 0x00, 0x00, 0x00, 0x00, 0x00, 0x00,
    0x00, 0x00, 0x00, 0x00, 0x00, 0x00, 0x00, 0x00, 0x00, 0x00, 0x00, 0x00, 0x00, 0x00, 0x00, 0x00,
    0x00, 0x00, 0x00, 0x00, 0x00, 0x00, 0x00, 0x00, 0x65, 0x52, 0x51, 0xFF, 0x65, 0x52, 0x51, 0xFF,
    0xA9, 0xA0, 0x9E, 0xFF, 0xAE, 0xA5, 0xA8, 0xFF, 0xD4, 0xD9, 0xD3, 0xFF, 0xD3, 0xD7, 0xD3, 0xFF,
    0xAE, 0xA7, 0xA4, 0xFF, 0xAE, 0xA7, 0xA4, 0xFF, 0x65, 0x52, 0x51, 0xFF, 0xAE, 0xA7, 0xA4, 0xFF,
    0x65, 0x52, 0x51, 0xFF, 0xD8, 0xDD, 0xD9, 0xFF, 0xD3, 0xD7, 0xD3, 0xFF, 0xD3, 0xD7, 0xD4, 0xFF,
    0xD8, 0xDD, 0xD9, 0xFF, 0xD6, 0xD9, 0xD6, 0xFF, 0xD5, 0xD9, 0xD5, 0xFF, 0xD5, 0xD9, 0xD5, 0xFF,
    0xD5, 0xD9, 0xD5, 0xFF, 0xD6, 0xD9, 0xD6, 0xFF, 0xD6, 0xD9, 0xD6, 0xFF, 0xD6, 0xD9, 0xD6, 0xFF,
    0xD6, 0xD9, 0xD6, 0xFF, 0xD6, 0xD9, 0xD6, 0xFF, 0xD6, 0xD9, 0xD6, 0xFF, 0xD5, 0xD9, 0xD5, 0xFF,
    0xD5, 0xD9, 0xD5, 0xFF, 0xD4, 0xD9, 0xD5, 0xFF, 0xB1, 0xA8, 0xB5, 0xFF, 0xD6, 0xD9, 0xD6, 0xFF,
    0xD4, 0xD7, 0xD4, 0xFF, 0xD5, 0xD7, 0xD5, 0xFF, 0xA9, 0xA0, 0x9E, 0xFF, 0xA9, 0xA0, 0x9E, 0xFF,
    0xAB, 0xA3, 0xA1, 0xFF, 0xAE, 0xA5, 0xA8, 0xFF, 0xAE, 0xA7, 0xA4, 0xFF, 0xAE, 0xA7, 0xA4, 0xFF,
    0xD8, 0xDD, 0xD9, 0xFF, 0xD5, 0xD7, 0xD5, 0xFF, 0xD3, 0xD7, 0xD3, 0xFF, 0xD6, 0xD9, 0xD6, 0xFF,
    0xAB, 0xA3, 0xA1, 0xFF, 0x51, 0x3E, 0x45, 0xFF, 0x00, 0x00, 0x00, 0x00, 0x00, 0x00, 0x00, 0x00,
    0x00, 0x00, 0x00, 0x00, 0x00, 0x00, 0x00, 0x00, 0x00, 0x00, 0x00, 0x00, 0x00, 0x00, 0x00, 0x00,
    0x00, 0x00, 0x00, 0x00, 0x00, 0x00, 0x00, 0x00, 0x00, 0x00, 0x00, 0x00, 0x00, 0x00, 0x00, 0x00,
    0x00, 0x00, 0x00, 0x00, 0x00, 0x00, 0x00, 0x00, 0x00, 0x00, 0x00, 0x00, 0x00, 0x00, 0x00, 0x00,
    0x00, 0x00, 0x00, 0x00, 0x00, 0x00, 0x00, 0x00, 0x00, 0x00, 0x00, 0x00, 0x00, 0x00, 0x00, 0x00,
    0x00, 0x00, 0x00, 0x00, 0x00, 0x00, 0x00, 0x00, 0x00, 0x00, 0x00, 0x00, 0x00, 0x00, 0x00, 0x00,
    0x00, 0x00, 0x00, 0x00, 0x00, 0x00, 0x00, 0x00, 0x00, 0x00, 0x00, 0x00, 0x00, 0x00, 0x00, 0x00,
    0x00, 0x00, 0x00, 0x00, 0x00, 0x00, 0x00, 0x00, 0xAE, 0xA7, 0xA4, 0xFF, 0xD4, 0xD9, 0xD5, 0xFF,
    0xAB, 0xA3, 0xA1, 0xFF, 0xAB, 0xA3, 0xA1, 0xFF, 0xAE, 0xA5, 0xA8, 0xFF, 0xAB, 0xA3, 0xA1, 0xFF,
    0x65, 0x52, 0x51, 0xFF, 0x65, 0x52, 0x51, 0xFF, 0xD3, 0xD7, 0xD4, 0xFF, 0xD3, 0xD7, 0xD3, 0xFF,
    0xAE, 0xA7, 0xA4, 0xFF, 0x95, 0x87, 0x84, 0xFF, 0xAB, 0xA3, 0xA1, 0xFF, 0xD5, 0xD7, 0xD5, 0xFF,
    0xD8, 0xDD, 0xD9, 0xFF, 0xAB, 0xA3, 0xA1, 0xFF, 0xA9, 0xA0, 0x9E, 0xFF, 0xD5, 0xD9, 0xD5, 0xFF,
    0xD5, 0xD9, 0xD5, 0xFF, 0xD6, 0xD9, 0xD6, 0xFF, 0xD6, 0xD9, 0xD6, 0xFF, 0xD6, 0xD9, 0xD6, 0xFF,
    0xD6, 0xD9, 0xD6, 0xFF, 0xD6, 0xD9, 0xD6, 0xFF, 0xD6, 0xD9, 0xD6, 0xFF, 0xD5, 0xD9, 0xD5, 0xFF,
    0xD6, 0xD9, 0xD6, 0xFF, 0xD8, 0xDD, 0xD9, 0xFF, 0xA9, 0xA0, 0x9E, 0xFF, 0xD6, 0xD9, 0xD6, 0xFF,
    0xD5, 0xD9, 0xD5, 0xFF, 0xB1, 0xA8, 0xB5, 0xFF, 0xA9, 0xA0, 0x9E, 0xFF, 0xD1, 0xD2, 0xD0, 0xFF,
    0xD4, 0xD9, 0xD5, 0xFF, 0x65, 0x52, 0x51, 0xFF, 0x65, 0x52, 0x51, 0xFF, 0x83, 0x72, 0x8C, 0xFF,
    0xAE, 0xA7, 0xA4, 0xFF, 0xAE, 0xA7, 0xA4, 0xFF, 0xD8, 0xDD, 0xD9, 0xFF, 0xAB, 0xA3, 0xA1, 0xFF,
    0xA9, 0xA0, 0x9E, 0xFF, 0x51, 0x3E, 0x45, 0xFF, 0x00, 0x00, 0x00, 0x00, 0x00, 0x00, 0x00, 0x00,
    0x00, 0x00, 0x00, 0x00, 0x00, 0x00, 0x00, 0x00, 0x00, 0x00, 0x00, 0x00, 0x00, 0x00, 0x00, 0x00,
    0x00, 0x00, 0x00, 0x00, 0x00, 0x00, 0x00, 0x00, 0x00, 0x00, 0x00, 0x00, 0x00, 0x00, 0x00, 0x00,
    0x00, 0x00, 0x00, 0x00, 0x00, 0x00, 0x00, 0x00, 0x00, 0x00, 0x00, 0x00, 0x00, 0x00, 0x00, 0x00,
    0x00, 0x00, 0x00, 0x00, 0x00, 0x00, 0x00, 0x00, 0x00, 0x00, 0x00, 0x00, 0x00, 0x00, 0x00, 0x00,
    0x00, 0x00, 0x00, 0x00, 0x00, 0x00, 0x00, 0x00, 0x00, 0x00, 0x00, 0x00, 0x00, 0x00, 0x00, 0x00,
    0x00, 0x00, 0x00, 0x00, 0x00, 0x00, 0x00, 0x00, 0x00, 0x00, 0x00, 0x00, 0x00, 0x00, 0x00, 0x00,
    0x00, 0x00, 0x00, 0x00, 0x51, 0x3E, 0x45, 0xFF, 0xD3, 0xD7, 0xD3, 0xFF, 0xD3, 0xD7, 0xD3, 0xFF,
    0xAB, 0xA3, 0xA1, 0xFF, 0xAB, 0xA3, 0xA1, 0xFF, 0xAE, 0xA7, 0xA4, 0xFF, 0x83, 0x72, 0x8C, 0xFF,
    0xD6, 0xD9, 0xD6, 0xFF, 0xD5, 0xD7, 0xD5, 0xFF, 0xD3, 0xD7, 0xD4, 0xFF, 0xD3, 0xD7, 0xD3, 0xFF,
    0xD6, 0xD9, 0xD6, 0xFF, 0x65, 0x52, 0x51, 0xFF, 0xAE, 0xA7, 0xA4, 0xFF, 0xD6, 0xD9, 0xD6, 0xFF,
    0xD4, 0xD9, 0xD5, 0xFF, 0xD1, 0xD2, 0xD0, 0xFF, 0xD1, 0xD2, 0xD0, 0xFF, 0xD5, 0xD7, 0xD5, 0xFF,
    0xD5, 0xD9, 0xD5, 0xFF, 0xD6, 0xD9, 0xD6, 0xFF, 0xD6, 0xD9, 0xD6, 0xFF, 0xD6, 0xD9, 0xD6, 0xFF,
    0xD6, 0xD9, 0xD6, 0xFF, 0xD6, 0xD9, 0xD6, 0xFF, 0xD5, 0xD9, 0xD5, 0xFF, 0xD5, 0xD9, 0xD5, 0xFF,
    0xD6, 0xD9, 0xD6, 0xFF, 0xD4, 0xD7, 0xD4, 0xFF, 0xD1, 0xD2, 0xD0, 0xFF, 0xD4, 0xD7, 0xD4, 0xFF,
    0xD6, 0xD9, 0xD6, 0xFF, 0x83, 0x72, 0x8C, 0xFF, 0xB1, 0xA8, 0xB5, 0xFF, 0xD3, 0xD7, 0xD3, 0xFF,
    0xD3, 0xD7, 0xD3, 0xFF, 0xD3, 0xD7, 0xD3, 0xFF, 0xD3, 0xD7, 0xD3, 0xFF, 0xD8, 0xDD, 0xD9, 0xFF,
    0x95, 0x87, 0x84, 0xFF, 0xAE, 0xA7, 0xA4, 0xFF, 0xAE, 0xA5, 0xA8, 0xFF, 0xAE, 0xA7, 0xA4, 0xFF,
    0xAE, 0xA5, 0xA8, 0xFF, 0xAE, 0xA5, 0xA8, 0xFF, 0x51, 0x3E, 0x45, 0xFF, 0x00, 0x00, 0x00, 0x00,
    0x00, 0x00, 0x00, 0x00, 0x00, 0x00, 0x00, 0x00, 0x00, 0x00, 0x00, 0x00, 0x00, 0x00, 0x00, 0x00,
    0x00, 0x00, 0x00, 0x00, 0x00, 0x00, 0x00, 0x00, 0x00, 0x00, 0x00, 0x00, 0x00, 0x00, 0x00, 0x00,
    0x00, 0x00, 0x00, 0x00, 0x00, 0x00, 0x00, 0x00, 0x00, 0x00, 0x00, 0x00, 0x00, 0x00, 0x00, 0x00,
    0x00, 0x00, 0x00, 0x00, 0x00, 0x00, 0x00, 0x00, 0x00, 0x00, 0x00, 0x00, 0x00, 0x00, 0x00, 0x00,
    0x00, 0x00, 0x00, 0x00, 0x00, 0x00, 0x00, 0x00, 0x00, 0x00, 0x00, 0x00, 0x00, 0x00, 0x00, 0x00,
    0x00, 0x00, 0x00, 0x00, 0x00, 0x00, 0x00, 0x00, 0x00, 0x00, 0x00, 0x00, 0x00, 0x00, 0x00, 0x00,
    0x00, 0x00, 0x00, 0x00, 0x51, 0x3E, 0x45, 0xFF, 0xD3, 0xD7, 0xD3, 0xFF, 0xD6, 0xD9, 0xD6, 0xFF,
    0xAB, 0xA3, 0xA1, 0xFF, 0xAB, 0xA3, 0xA1, 0xFF, 0xAE, 0xA7, 0xA4, 0xFF, 0x83, 0x72, 0x8C, 0xFF,
    0xD4, 0xD9, 0xD5, 0xFF, 0xD3, 0xD7, 0xD3, 0xFF, 0xD3, 0xD7, 0xD3, 0xFF, 0xD4, 0xD7, 0xD4, 0xFF,
    0xD4, 0xD9, 0xD5, 0xFF, 0xD8, 0xDD, 0xD9, 0xFF, 0x83, 0x72, 0x8C, 0xFF, 0xD6, 0xD9, 0xD6, 0xFF,
    0xD5, 0xD7, 0xD5, 0xFF, 0xD5, 0xD7, 0xD5, 0xFF, 0xD5, 0xD7, 0xD5, 0xFF, 0xD5, 0xD7, 0xD5, 0xFF,
    0xD5, 0xD9, 0xD5, 0xFF, 0xD5, 0xD9, 0xD5, 0xFF, 0xD6, 0xD9, 0xD6, 0xFF, 0xD6, 0xD9, 0xD6, 0xFF,
    0xD6, 0xD9, 0xD6, 0xFF, 0xD6, 0xD9, 0xD6, 0xFF, 0xD6, 0xD9, 0xD6, 0xFF, 0xD5, 0xD9, 0xD5, 0xFF,
    0xD5, 0xD9, 0xD5, 0xFF, 0xD5, 0xD9, 0xD5, 0xFF, 0xD3, 0xD7, 0xD3, 0xFF, 0xD3, 0xD7, 0xD3, 0xFF,
    0xAE, 0xA7, 0xA4, 0xFF, 0x95, 0x87, 0x84, 0xFF, 0xD4, 0xD9, 0xD5, 0xFF, 0xD1, 0xD2, 0xD0, 0xFF,
    0xD4, 0xD9, 0xD3, 0xFF, 0xD5, 0xD9, 0xD5, 0xFF, 0xD3, 0xD7, 0xD4, 0xFF, 0xD4, 0xD9, 0xD5, 0xFF,
    0x83, 0x72, 0x8C, 0xFF, 0xAE, 0xA5, 0xA8, 0xFF, 0xAB, 0xA3, 0xA1, 0xFF, 0xAB, 0xA3, 0xA1, 0xFF,
    0xB1, 0xA8, 0xB5, 0xFF, 0xD8, 0xDD, 0xD9, 0xFF, 0x51, 0x3E, 0x45, 0xFF, 0x00, 0x00, 0x00, 0x00,
    0x00, 0x00, 0x00, 0x00, 0x00, 0x00, 0x00, 0x00, 0x00, 0x00, 0x00, 0x00, 0x00, 0x00, 0x00, 0x00,
    0x00, 0x00, 0x00, 0x00, 0x00, 0x00, 0x00, 0x00, 0x00, 0x00, 0x00, 0x00, 0x00, 0x00, 0x00, 0x00,
    0x00, 0x00, 0x00, 0x00, 0x00, 0x00, 0x00, 0x00, 0x00, 0x00, 0x00, 0x00, 0x00, 0x00, 0x00, 0x00,
    0x00, 0x00, 0x00, 0x00, 0x00, 0x00, 0x00, 0x00, 0x00, 0x00, 0x00, 0x00, 0x00, 0x00, 0x00, 0x00,
    0x00, 0x00, 0x00, 0x00, 0x00, 0x00, 0x00, 0x00, 0x00, 0x00, 0x00, 0x00, 0x00, 0x00, 0x00, 0x00,
    0x00, 0x00, 0x00, 0x00, 0x00, 0x00, 0x00, 0x00, 0x00, 0x00, 0x00, 0x00, 0x00, 0x00, 0x00, 0x00,
    0x00, 0x00, 0x00, 0x00, 0x51, 0x3E, 0x45, 0xFF, 0xD5, 0xD7, 0xD5, 0xFF, 0xD3, 0xD7, 0xD4, 0xFF,
    0xA9, 0xA0, 0x9E, 0xFF, 0xAB, 0xA3, 0xA1, 0xFF, 0xAE, 0xA7, 0xA4, 0xFF, 0xD1, 0xD2, 0xD0, 0xFF,
    0xD4, 0xD7, 0xD4, 0xFF, 0xD3, 0xD7, 0xD3, 0xFF, 0xD1, 0xD2, 0xD0, 0xFF, 0xB7, 0xAF, 0xC6, 0xFF,
    0xD1, 0xD2, 0xD0, 0xFF, 0xD6, 0xD9, 0xD6, 0xFF, 0xD1, 0xD2, 0xD0, 0xFF, 0xA9, 0xA0, 0x9E, 0xFF,
    0xA9, 0xA0, 0x9E, 0xFF, 0xD5, 0xD9, 0xD5, 0xFF, 0xD5, 0xD7, 0xD5, 0xFF, 0xD4, 0xD9, 0xD5, 0xFF,
    0xD4, 0xD9, 0xD5, 0xFF, 0xD5, 0xD9, 0xD5, 0xFF, 0xD5, 0xD9, 0xD5, 0xFF, 0xD5, 0xD9, 0xD5, 0xFF,
    0xD5, 0xD7, 0xD5, 0xFF, 0xD5, 0xD9, 0xD5, 0xFF, 0xD5, 0xD9, 0xD5, 0xFF, 0xD5, 0xD9, 0xD5, 0xFF,
    0xD4, 0xD9, 0xD5, 0xFF, 0xD4, 0xD7, 0xD4, 0xFF, 0xD4, 0xD7, 0xD4, 0xFF, 0xD4, 0xD9, 0xD3, 0xFF,
    0xAE, 0xA7, 0xA4, 0xFF, 0xD8, 0xDD, 0xD9, 0xFF, 0xD4, 0xD9, 0xD3, 0xFF, 0xAE, 0xA5, 0xA8, 0xFF,
    0xB7, 0xAF, 0xC6, 0xFF, 0xD1, 0xD2, 0xD0, 0xFF, 0xD3, 0xD7, 0xD3, 0xFF, 0xD5, 0xD9, 0xD5, 0xFF,
    0xD3, 0xD7, 0xD4, 0xFF, 0x95, 0x87, 0x84, 0xFF, 0xAE, 0xA7, 0xA4, 0xFF, 0xAE, 0xA7, 0xA4, 0xFF,
    0xD8, 0xDD, 0xD9, 0xFF, 0xD6, 0xD9, 0xD6, 0xFF, 0x51, 0x3E, 0x45, 0xFF, 0x00, 0x00, 0x00, 0x00,
    0x00, 0x00, 0x00, 0x00, 0x00, 0x00, 0x00, 0x00, 0x00, 0x00, 0x00, 0x00, 0x00, 0x00, 0x00, 0x00,
    0x00, 0x00, 0x00, 0x00, 0x00, 0x00, 0x00, 0x00, 0x00, 0x00, 0x00, 0x00, 0x00, 0x00, 0x00, 0x00,
    0x00, 0x00, 0x00, 0x00, 0x00, 0x00, 0x00, 0x00, 0x00, 0x00, 0x00, 0x00, 0x00, 0x00, 0x00, 0x00,
    0x00, 0x00, 0x00, 0x00, 0x00, 0x00, 0x00, 0x00, 0x00, 0x00, 0x00, 0x00, 0x00, 0x00, 0x00, 0x00,
    0x00, 0x00, 0x00, 0x00, 0x00, 0x00, 0x00, 0x00, 0x00, 0x00, 0x00, 0x00, 0x00, 0x00, 0x00, 0x00,
    0x00, 0x00, 0x00, 0x00, 0x00, 0x00, 0x00, 0x00, 0x00, 0x00, 0x00, 0x00, 0x00, 0x00, 0x00, 0x00,
    0x00, 0x00, 0x00, 0x00, 0x00, 0x00, 0x00, 0x00, 0xAE, 0xA7, 0xA4, 0xFF, 0xAB, 0xA3, 0xA1, 0xFF,
    0xD6, 0xD9, 0xD6, 0xFF, 0xAB, 0xA3, 0xA1, 0xFF, 0xD5, 0xD7, 0xD5, 0xFF, 0xD1, 0xD2, 0xD0, 0xFF,
    0xB7, 0xAF, 0xC6, 0xFF, 0x00, 0x00, 0x01, 0xFF, 0x2B, 0x1D, 0x2A, 0xFF, 0x2B, 0x1D, 0x2A, 0xFF,
    0x2B, 0x1D, 0x2A, 0xFF, 0x83, 0x72, 0x8C, 0xFF, 0xD8, 0xDD, 0xD9, 0xFF, 0x95, 0x87, 0x84, 0xFF,
    0xAE, 0xA7, 0xA4, 0xFF, 0xD5, 0xD9, 0xD5, 0xFF, 0xD5, 0xD9, 0xD5, 0xFF, 0xD5, 0xD9, 0xD5, 0xFF,
    0xD5, 0xD9, 0xD5, 0xFF, 0xD5, 0xD9, 0xD5, 0xFF, 0xD5, 0xD9, 0xD5, 0xFF, 0xD5, 0xD9, 0xD5, 0xFF,
    0xD5, 0xD9, 0xD5, 0xFF, 0xD5, 0xD9, 0xD5, 0xFF, 0xD5, 0xD9, 0xD5, 0xFF, 0xD5, 0xD9, 0xD5, 0xFF,
    0xD5, 0xD7, 0xD5, 0xFF, 0xD5, 0xD7, 0xD5, 0xFF, 0xD6, 0xD9, 0xD6, 0xFF, 0xAE, 0xA7, 0xA4, 0xFF,
    0x65, 0x52, 0x51, 0xFF, 0xD8, 0xDD, 0xD9, 0xFF, 0x95, 0x87, 0x84, 0xFF, 0x2B, 0x1D, 0x2A, 0xFF,
    0x2B, 0x1D, 0x2A, 0xFF, 0x2B, 0x1D, 0x2A, 0xFF, 0x00, 0x00, 0x01, 0xFF, 0xAE, 0xA5, 0xA8, 0xFF,
    0xD6, 0xD9, 0xD6, 0xFF, 0xB7, 0xAF, 0xC6, 0xFF, 0xAE, 0xA5, 0xA8, 0xFF, 0xAE, 0xA7, 0xA4, 0xFF,
    0xAE, 0xA5, 0xA8, 0xFF, 0x95, 0x87, 0x84, 0xFF, 0x00, 0x00, 0x00, 0x00, 0x00, 0x00, 0x00, 0x00,
    0x00, 0x00, 0x00, 0x00, 0x00, 0x00, 0x00, 0x00, 0x00, 0x00, 0x00, 0x00, 0x00, 0x00, 0x00, 0x00,
    0x00, 0x00, 0x00, 0x00, 0x00, 0x00, 0x00, 0x00, 0x00, 0x00, 0x00, 0x00, 0x00, 0x00, 0x00, 0x00,
    0x00, 0x00, 0x00, 0x00, 0x00, 0x00, 0x00, 0x00, 0x00, 0x00, 0x00, 0x00, 0x00, 0x00, 0x00, 0x00,
    0x00, 0x00, 0x00, 0x00, 0x00, 0x00, 0x00, 0x00, 0x00, 0x00, 0x00, 0x00, 0x00, 0x00, 0x00, 0x00,
    0x00, 0x00, 0x00, 0x00, 0x00, 0x00, 0x00, 0x00, 0x00, 0x00, 0x00, 0x00, 0x00, 0x00, 0x00, 0x00,
    0x00, 0x00, 0x00, 0x00, 0x00, 0x00, 0x00, 0x00, 0x00, 0x00, 0x00, 0x00, 0x00, 0x00, 0x00, 0x00,
    0x00, 0x00, 0x00, 0x00, 0x00, 0x00, 0x00, 0x00, 0xA9, 0xA0, 0x9E, 0xFF, 0xAE, 0xA7, 0xA4, 0xFF,
    0xAE, 0xA7, 0xA4, 0xFF, 0xAE, 0xA7, 0xA4, 0xFF, 0xD6, 0xD9, 0xD6, 0xFF, 0xD4, 0xD7, 0xD4, 0xFF,
    0x00, 0x00, 0x01, 0xFF, 0x2B, 0x1D, 0x2A, 0xFF, 0x2B, 0x1D, 0x2A, 0xFF, 0x2B, 0x1D, 0x2A, 0xFF,
    0x2B, 0x1D, 0x2A, 0xFF, 0x00, 0x00, 0x01, 0xFF, 0x95, 0x87, 0x84, 0xFF, 0xAB, 0xA3, 0xA1, 0xFF,
    0x65, 0x52, 0x51, 0xFF, 0xD6, 0xD9, 0xD6, 0xFF, 0xD4, 0xD9, 0xD5, 0xFF, 0xD4, 0xD9, 0xD3, 0xFF,
    0xD5, 0xD9, 0xD5, 0xFF, 0xD5, 0xD7, 0xD5, 0xFF, 0xD5, 0xD7, 0xD5, 0xFF, 0xD5, 0xD9, 0xD5, 0xFF,
    0xD5, 0xD9, 0xD5, 0xFF, 0xD4, 0xD9, 0xD3, 0xFF, 0xD5, 0xD9, 0xD5, 0xFF, 0xD5, 0xD7, 0xD5, 0xFF,
    0xD4, 0xD7, 0xD4, 0xFF, 0xD5, 0xD9, 0xD5, 0xFF, 0xAB, 0xA3, 0xA1, 0xFF, 0x65, 0x52, 0x51, 0xFF,
    0xA9, 0xA0, 0x9E, 0xFF, 0xAE, 0xA7, 0xA4, 0xFF, 0x00, 0x00, 0x01, 0xFF, 0x2B, 0x1D, 0x2A, 0xFF,
    0x2B, 0x1D, 0x2A, 0xFF, 0x2B, 0x1D, 0x2A, 0xFF, 0x2B, 0x1D, 0x2A, 0xFF, 0x00, 0x00, 0x01, 0xFF,
    0xD6, 0xD9, 0xD6, 0xFF, 0xD1, 0xD2, 0xD0, 0xFF, 0xAE, 0xA7, 0xA4, 0xFF, 0xAE, 0xA7, 0xA4, 0xFF,
    0xAE, 0xA7, 0xA4, 0xFF, 0x95, 0x87, 0x84, 0xFF, 0x00, 0x00, 0x00, 0x00, 0x00, 0x00, 0x00, 0x00,
    0x00, 0x00, 0x00, 0x00, 0x00, 0x00, 0x00, 0x00, 0x00, 0x00, 0x00, 0x00, 0x00, 0x00, 0x00, 0x00,
    0x00, 0x00, 0x00, 0x00, 0x00, 0x00, 0x00, 0x00, 0x00, 0x00, 0x00, 0x00, 0x00, 0x00, 0x00, 0x00,
    0x00, 0x00, 0x00, 0x00, 0x00, 0x00, 0x00, 0x00, 0x00, 0x00, 0x00, 0x00, 0x00, 0x00, 0x00, 0x00,
    0x00, 0x00, 0x00, 0x00, 0x00, 0x00, 0x00, 0x00, 0x00, 0x00, 0x00, 0x00, 0x00, 0x00, 0x00, 0x00,
    0x00, 0x00, 0x00, 0x00, 0x00, 0x00, 0x00, 0x00, 0x00, 0x00, 0x00, 0x00, 0x00, 0x00, 0x00, 0x00,
    0x00, 0x00, 0x00, 0x00, 0x00, 0x00, 0x00, 0x00, 0x00, 0x00, 0x00, 0x00, 0x00, 0x00, 0x00, 0x00,
    0x00, 0x00, 0x00, 0x00, 0x00, 0x00, 0x00, 0x00, 0x51, 0x3E, 0x45, 0xFF, 0xAE, 0xA5, 0xA8, 0xFF,
    0xAE, 0xA7, 0xA4, 0xFF, 0xAE, 0xA7, 0xA4, 0xFF, 0xD6, 0xD9, 0xD6, 0xFF, 0xD1, 0xD2, 0xD0, 0xFF,
    0x2B, 0x1D, 0x2A, 0xFF, 0xB7, 0xAF, 0xC6, 0xFF, 0xD8, 0xDD, 0xD9, 0xFF, 0x2B, 0x1D, 0x2A, 0xFF,
    0x2B, 0x1D, 0x2A, 0xFF, 0x2B, 0x1D, 0x2A, 0xFF, 0x00, 0x00, 0x01, 0xFF, 0xB1, 0xA8, 0xB5, 0xFF,
    0x65, 0x52, 0x51, 0xFF, 0xD8, 0xDD, 0xD9, 0xFF, 0xD5, 0xD9, 0xD5, 0xFF, 0xD4, 0xD9, 0xD3, 0xFF,
    0xD4, 0xD7, 0xD4, 0xFF, 0xD5, 0xD9, 0xD5, 0xFF, 0xD5, 0xD7, 0xD5, 0xFF, 0xD4, 0xD9, 0xD5, 0xFF,
    0xD5, 0xD9, 0xD5, 0xFF, 0xD5, 0xD9, 0xD5, 0xFF, 0xD5, 0xD7, 0xD5, 0xFF, 0xD4, 0xD9, 0xD3, 0xFF,
    0xD5, 0xD9, 0xD5, 0xFF, 0xD8, 0xDD, 0xD9, 0xFF, 0xAE, 0xA5, 0xA8, 0xFF, 0x65, 0x52, 0x51, 0xFF,
    0xB1, 0xA8, 0xB5, 0xFF, 0x2B, 0x1D, 0x2A, 0xFF, 0x2B, 0x1D, 0x2A, 0xFF, 0xD8, 0xDD, 0xD9, 0xFF,
    0xD8, 0xDD, 0xD9, 0xFF, 0x2B, 0x1D, 0x2A, 0xFF, 0x2B, 0x1D, 0x2A, 0xFF, 0x2B, 0x1D, 0x2A, 0xFF,
    0xD8, 0xDD, 0xD9, 0xFF, 0xD1, 0xD2, 0xD0, 0xFF, 0xAE, 0xA5, 0xA8, 0xFF, 0xAE, 0xA7, 0xA4, 0xFF,
    0xAE, 0xA5, 0xA8, 0xFF, 0x65, 0x52, 0x51, 0xFF, 0x00, 0x00, 0x00, 0x00, 0x00, 0x00, 0x00, 0x00,
    0x00, 0x00, 0x00, 0x00, 0x00, 0x00, 0x00, 0x00, 0x00, 0x00, 0x00, 0x00, 0x00, 0x00, 0x00, 0x00,
    0x00, 0x00, 0x00, 0x00, 0x00, 0x00, 0x00, 0x00, 0x00, 0x00, 0x00, 0x00, 0x00, 0x00, 0x00, 0x00,
    0x00, 0x00, 0x00, 0x00, 0x00, 0x00, 0x00, 0x00, 0x00, 0x00, 0x00, 0x00, 0x00, 0x00, 0x00, 0x00,
    0x00, 0x00, 0x00, 0x00, 0x00, 0x00, 0x00, 0x00, 0x00, 0x00, 0x00, 0x00, 0x00, 0x00, 0x00, 0x00,
    0x00, 0x00, 0x00, 0x00, 0x00, 0x00, 0x00, 0x00, 0x00, 0x00, 0x00, 0x00, 0x00, 0x00, 0x00, 0x00,
    0x00, 0x00, 0x00, 0x00, 0x00, 0x00, 0x00, 0x00, 0x00, 0x00, 0x00, 0x00, 0x00, 0x00, 0x00, 0x00,
    0x00, 0x00, 0x00, 0x00, 0x00, 0x00, 0x00, 0x00, 0x51, 0x3E, 0x45, 0xFF, 0xA9, 0xA0, 0x9E, 0xFF,
    0xAE, 0xA5, 0xA8, 0xFF, 0xAE, 0xA7, 0xA4, 0xFF, 0xD8, 0xDD, 0xD9, 0xFF, 0xD3, 0xD7, 0xD3, 0xFF,
    0x2B, 0x1D, 0x2A, 0xFF, 0x2B, 0x1D, 0x2A, 0xFF, 0xD8, 0xDD, 0xD9, 0xFF, 0x2B, 0x1D, 0x2A, 0xFF,
    0x2B, 0x1D, 0x2A, 0xFF, 0x2B, 0x1D, 0x2A, 0xFF, 0x2B, 0x1D, 0x2A, 0xFF, 0xB1, 0xA8, 0xB5, 0xFF,
    0xB1, 0xA8, 0xB5, 0xFF, 0xAE, 0xA5, 0xA8, 0xFF, 0xA9, 0xA0, 0x9E, 0xFF, 0xD6, 0xD9, 0xD6, 0xFF,
    0xD8, 0xDD, 0xD9, 0xFF, 0xA9, 0xA0, 0x9E, 0xFF, 0xD5, 0xD9, 0xD5, 0xFF, 0xD4, 0xD9, 0xD3, 0xFF,
    0xD5, 0xD9, 0xD5, 0xFF, 0xD5, 0xD9, 0xD5, 0xFF, 0xA9, 0xA0, 0x9E, 0xFF, 0xD5, 0xD7, 0xD5, 0xFF,
    0xD8, 0xDD, 0xD9, 0xFF, 0xAB, 0xA3, 0xA1, 0xFF, 0xB1, 0xA8, 0xB5, 0xFF, 0x65, 0x52, 0x51, 0xFF,
    0xB7, 0xAF, 0xC6, 0xFF, 0x2B, 0x1D, 0x2A, 0xFF, 0x2B, 0x1D, 0x2A, 0xFF, 0xD1, 0xD2, 0xD0, 0xFF,
    0x2B, 0x1D, 0x2A, 0xFF, 0x2B, 0x1D, 0x2A, 0xFF, 0x2B, 0x1D, 0x2A, 0xFF, 0x2B, 0x1D, 0x2A, 0xFF,
    0xD8, 0xDD, 0xD9, 0xFF, 0xD1, 0xD2, 0xD0, 0xFF, 0xAE, 0xA5, 0xA8, 0xFF, 0xAE, 0xA7, 0xA4, 0xFF,
    0x65, 0x52, 0x51, 0xFF, 0xA9, 0xA0, 0x9E, 0xFF, 0x00, 0x00, 0x00, 0x00, 0x00, 0x00, 0x00, 0x00,
    0x00, 0x00, 0x00, 0x00, 0x00, 0x00, 0x00, 0x00, 0x00, 0x00, 0x00, 0x00, 0x00, 0x00, 0x00, 0x00,
    0x00, 0x00, 0x00, 0x00, 0x00, 0x00, 0x00, 0x00, 0x00, 0x00, 0x00, 0x00, 0x00, 0x00, 0x00, 0x00,
    0x00, 0x00, 0x00, 0x00, 0x00, 0x00, 0x00, 0x00, 0x00, 0x00, 0x00, 0x00, 0x00, 0x00, 0x00, 0x00,
    0x00, 0x00, 0x00, 0x00, 0x00, 0x00, 0x00, 0x00, 0x00, 0x00, 0x00, 0x00, 0x00, 0x00, 0x00, 0x00,
    0x00, 0x00, 0x00, 0x00, 0x00, 0x00, 0x00, 0x00, 0x00, 0x00, 0x00, 0x00, 0x00, 0x00, 0x00, 0x00,
    0x00, 0x00, 0x00, 0x00, 0x00, 0x00, 0x00, 0x00, 0x00, 0x00, 0x00, 0x00, 0x00, 0x00, 0x00, 0x00,
    0x00, 0x00, 0x00, 0x00, 0x00, 0x00, 0x00, 0x00, 0x00, 0x00, 0x00, 0x00, 0x51, 0x3E, 0x45, 0xFF,
    0xA9, 0xA0, 0x9E, 0xFF, 0xAE, 0xA5, 0xA8, 0xFF, 0xD6, 0xD9, 0xD6, 0xFF, 0xD4, 0xD9, 0xD3, 0xFF,
    0x2B, 0x1D, 0x2A, 0xFF, 0x2B, 0x1D, 0x2A, 0xFF, 0x2B, 0x1D, 0x2A, 0xFF, 0x2B, 0x1D, 0x2A, 0xFF,
    0x2B, 0x1D, 0x2A, 0xFF, 0x2B, 0x1D, 0x2A, 0xFF, 0x2B, 0x1D, 0x2A, 0xFF, 0xD1, 0xD2, 0xD0, 0xFF,
    0xAB, 0xA3, 0xA1, 0xFF, 0x65, 0x52, 0x51, 0xFF, 0xAE, 0xA7, 0xA4, 0xFF, 0xA9, 0xA0, 0x9E, 0xFF,
    0xA9, 0xA0, 0x9E, 0xFF, 0xAB, 0xA3, 0xA1, 0xFF, 0xA9, 0xA0, 0x9E, 0xFF, 0xD4, 0xD7, 0xD4, 0xFF,
    0xD3, 0xD7, 0xD3, 0xFF, 0xAB, 0xA3, 0xA1, 0xFF, 0xAB, 0xA3, 0xA1, 0xFF, 0xA9, 0xA0, 0x9E, 0xFF,
    0xAB, 0xA3, 0xA1, 0xFF, 0xAE, 0xA7, 0xA4, 0xFF, 0x65, 0x52, 0x51, 0xFF, 0xAE, 0xA5, 0xA8, 0xFF,
    0xAE, 0xA5, 0xA8, 0xFF, 0x2B, 0x1D, 0x2A, 0xFF, 0x2B, 0x1D, 0x2A, 0xFF, 0x2B, 0x1D, 0x2A, 0xFF,
    0x2B, 0x1D, 0x2A, 0xFF, 0x2B, 0x1D, 0x2A, 0xFF, 0x2B, 0x1D, 0x2A, 0xFF, 0x2B, 0x1D, 0x2A, 0xFF,
    0xD8, 0xDD, 0xD9, 0xFF, 0xD1, 0xD2, 0xD0, 0xFF, 0xAE, 0xA5, 0xA8, 0xFF, 0xAE, 0xA7, 0xA4, 0xFF,
    0xAE, 0xA5, 0xA8, 0xFF, 0xA9, 0xA0, 0x9E, 0xFF, 0x00, 0x00, 0x00, 0x00, 0x00, 0x00, 0x00, 0x00,
    0x00, 0x00, 0x00, 0x00, 0x00, 0x00, 0x00, 0x00, 0x00, 0x00, 0x00, 0x00, 0x00, 0x00, 0x00, 0x00,
    0x00, 0x00, 0x00, 0x00, 0x00, 0x00, 0x00, 0x00, 0x00, 0x00, 0x00, 0x00, 0x00, 0x00, 0x00, 0x00,
    0x00, 0x00, 0x00, 0x00, 0x00, 0x00, 0x00, 0x00, 0x00, 0x00, 0x00, 0x00, 0x00, 0x00, 0x00, 0x00,
    0x00, 0x00, 0x00, 0x00, 0x00, 0x00, 0x00, 0x00, 0x00, 0x00, 0x00, 0x00, 0x00, 0x00, 0x00, 0x00,
    0x00, 0x00, 0x00, 0x00, 0x00, 0x00, 0x00, 0x00, 0x00, 0x00, 0x00, 0x00, 0x00, 0x00, 0x00, 0x00,
    0x00, 0x00, 0x00, 0x00, 0x00, 0x00, 0x00, 0x00, 0x00, 0x00, 0x00, 0x00, 0x00, 0x00, 0x00, 0x00,
    0x00, 0x00, 0x00, 0x00, 0x00, 0x00, 0x00, 0x00, 0x00, 0x00, 0x00, 0x00, 0x51, 0x3E, 0x45, 0xFF,
    0xAB, 0xA3, 0xA1, 0xFF, 0xAE, 0xA7, 0xA4, 0xFF, 0xD8, 0xDD, 0xD9, 0xFF, 0xD1, 0xD2, 0xD0, 0xFF,
    0x2B, 0x1D, 0x2A, 0xFF, 0x2B, 0x1D, 0x2A, 0xFF, 0x2B, 0x1D, 0x2A, 0xFF, 0x2B, 0x1D, 0x2A, 0xFF,
    0x2B, 0x1D, 0x2A, 0xFF, 0x2B, 0x1D, 0x2A, 0xFF, 0x2B, 0x1D, 0x2A, 0xFF, 0xD1, 0xD2, 0xD0, 0xFF,
    0xA9, 0xA0, 0x9E, 0xFF, 0xB1, 0xA8, 0xB5, 0xFF, 0x65, 0x52, 0x51, 0xFF, 0xAB, 0xA3, 0xA1, 0xFF,
    0xAB, 0xA3, 0xA1, 0xFF, 0xAE, 0xA7, 0xA4, 0xFF, 0xAB, 0xA3, 0xA1, 0xFF, 0xA9, 0xA0, 0x9E, 0xFF,
    0xD6, 0xD9, 0xD6, 0xFF, 0xAB, 0xA3, 0xA1, 0xFF, 0xAB, 0xA3, 0xA1, 0xFF, 0xAB, 0xA3, 0xA1, 0xFF,
    0xAB, 0xA3, 0xA1, 0xFF, 0x65, 0x52, 0x51, 0xFF, 0x65, 0x52, 0x51, 0xFF, 0xD4, 0xD9, 0xD3, 0xFF,
    0xAE, 0xA7, 0xA4, 0xFF, 0x2B, 0x1D, 0x2A, 0xFF, 0x2B, 0x1D, 0x2A, 0xFF, 0x2B, 0x1D, 0x2A, 0xFF,
    0x2B, 0x1D, 0x2A, 0xFF, 0x2B, 0x1D, 0x2A, 0xFF, 0x2B, 0x1D, 0x2A, 0xFF, 0x2B, 0x1D, 0x2A, 0xFF,
    0xD6, 0xD9, 0xD6, 0xFF, 0xD1, 0xD2, 0xD0, 0xFF, 0xAE, 0xA7, 0xA4, 0xFF, 0xAE, 0xA7, 0xA4, 0xFF,
    0xB1, 0xA8, 0xB5, 0xFF, 0x83, 0x72, 0x8C, 0xFF, 0x00, 0x00, 0x00, 0x00, 0x00, 0x00, 0x00, 0x00,
    0x00, 0x00, 0x00, 0x00, 0x00, 0x00, 0x00, 0x00, 0x00, 0x00, 0x00, 0x00, 0x00, 0x00, 0x00, 0x00,
    0x00, 0x00, 0x00, 0x00, 0x00, 0x00, 0x00, 0x00, 0x00, 0x00, 0x00, 0x00, 0x00, 0x00, 0x00, 0x00,
    0x00, 0x00, 0x00, 0x00, 0x00, 0x00, 0x00, 0x00, 0x00, 0x00, 0x00, 0x00, 0x00, 0x00, 0x00, 0x00,
    0x00, 0x00, 0x00, 0x00, 0x00, 0x00, 0x00, 0x00, 0x00, 0x00, 0x00, 0x00, 0x00, 0x00, 0x00, 0x00,
    0x00, 0x00, 0x00, 0x00, 0x00, 0x00, 0x00, 0x00, 0x00, 0x00, 0x00, 0x00, 0x00, 0x00, 0x00, 0x00,
    0x00, 0x00, 0x00, 0x00, 0x00, 0x00, 0x00, 0x00, 0x00, 0x00, 0x00, 0x00, 0x00, 0x00, 0x00, 0x00,
    0x00, 0x00, 0x00, 0x00, 0x00, 0x00, 0x00, 0x00, 0x00, 0x00, 0x00, 0x00, 0x51, 0x3E, 0x45, 0xFF,
    0xAE, 0xA7, 0xA4, 0xFF, 0xAE, 0xA7, 0xA4, 0xFF, 0xD8, 0xDD, 0xD9, 0xFF, 0xD6, 0xD9, 0xD6, 0xFF,
    0x00, 0x00, 0x01, 0xFF, 0x51, 0x3E, 0x45, 0xFF, 0x51, 0x3E, 0x45, 0xFF, 0x2B, 0x1D, 0x2A, 0xFF,
    0x2B, 0x1D, 0x2A, 0xFF, 0x51, 0x3E, 0x45, 0xFF, 0x2B, 0x1D, 0x2A, 0xFF, 0xB7, 0xAF, 0xC6, 0xFF,
    0xD3, 0xD7, 0xD3, 0xFF, 0xD3, 0xD7, 0xD3, 0xFF, 0xD8, 0xDD, 0xD9, 0xFF, 0x65, 0x52, 0x51, 0xFF,
    0xA9, 0xA0, 0x9E, 0xFF, 0xAB, 0xA3, 0xA1, 0xFF, 0xAB, 0xA3, 0xA1, 0xFF, 0xAB, 0xA3, 0xA1, 0xFF,
    0xAB, 0xA3, 0xA1, 0xFF, 0xAB, 0xA3, 0xA1, 0xFF, 0xAE, 0xA7, 0xA4, 0xFF, 0x95, 0x87, 0x84, 0xFF,
    0x95, 0x87, 0x84, 0xFF, 0xD8, 0xDD, 0xD9, 0xFF, 0xD3, 0xD7, 0xD4, 0xFF, 0xD3, 0xD7, 0xD3, 0xFF,
    0xAE, 0xA7, 0xA4, 0xFF, 0x2B, 0x1D, 0x2A, 0xFF, 0x51, 0x3E, 0x45, 0xFF, 0x2B, 0x1D, 0x2A, 0xFF,
    0x2B, 0x1D, 0x2A, 0xFF, 0x51, 0x3E, 0x45, 0xFF, 0x51, 0x3E, 0x45, 0xFF, 0x00, 0x00, 0x01, 0xFF,
    0xD8, 0xDD, 0xD9, 0xFF, 0xD5, 0xD7, 0xD5, 0xFF, 0xAE, 0xA5, 0xA8, 0xFF, 0xAE, 0xA7, 0xA4, 0xFF,
    0xA9, 0xA0, 0x9E, 0xFF, 0x51, 0x3E, 0x45, 0xFF, 0x00, 0x00, 0x00, 0x00, 0x00, 0x00, 0x00, 0x00,
    0x00, 0x00, 0x00, 0x00, 0x00, 0x00, 0x00, 0x00, 0x00, 0x00, 0x00, 0x00, 0x00, 0x00, 0x00, 0x00,
    0x00, 0x00, 0x00, 0x00, 0x00, 0x00, 0x00, 0x00, 0x00, 0x00, 0x00, 0x00, 0x00, 0x00, 0x00, 0x00,
    0x00, 0x00, 0x00, 0x00, 0x00, 0x00, 0x00, 0x00, 0x00, 0x00, 0x00, 0x00, 0x00, 0x00, 0x00, 0x00,
    0x00, 0x00, 0x00, 0x00, 0x00, 0x00, 0x00, 0x00, 0x00, 0x00, 0x00, 0x00, 0x00, 0x00, 0x00, 0x00,
    0x00, 0x00, 0x00, 0x00, 0x00, 0x00, 0x00, 0x00, 0x00, 0x00, 0x00, 0x00, 0x00, 0x00, 0x00, 0x00,
    0x00, 0x00, 0x00, 0x00, 0x00, 0x00, 0x00, 0x00, 0x00, 0x00, 0x00, 0x00, 0x00, 0x00, 0x00, 0x00,
    0x00, 0x00, 0x00, 0x00, 0x00, 0x00, 0x00, 0x00, 0x00, 0x00, 0x00, 0x00, 0x51, 0x3E, 0x45, 0xFF,
    0xAE, 0xA5, 0xA8, 0xFF, 0xAE, 0xA5, 0xA8, 0xFF, 0x95, 0x87, 0x84, 0xFF, 0xD8, 0xDD, 0xD9, 0xFF,
    0x00, 0x00, 0x01, 0xFF, 0x00, 0x00, 0x01, 0xFF, 0x51, 0x3E, 0x45, 0xFF, 0x51, 0x3E, 0x45, 0xFF,
    0x51, 0x3E, 0x45, 0xFF, 0x00, 0x00, 0x01, 0xFF, 0x65, 0x52, 0x51, 0xFF, 0xD6, 0xD9, 0xD6, 0xFF,
    0xD3, 0xD7, 0xD3, 0xFF, 0xD3, 0xD7, 0xD3, 0xFF, 0xD3, 0xD7, 0xD3, 0xFF, 0xA9, 0xA0, 0x9E, 0xFF,
    0xA9, 0xA0, 0x9E, 0xFF, 0xAE, 0xA7, 0xA4, 0xFF, 0xAB, 0xA3, 0xA1, 0xFF, 0xAB, 0xA3, 0xA1, 0xFF,
    0xAB, 0xA3, 0xA1, 0xFF, 0xAE, 0xA7, 0xA4, 0xFF, 0xAB, 0xA3, 0xA1, 0xFF, 0x95, 0x87, 0x84, 0xFF,
    0x95, 0x87, 0x84, 0xFF, 0xD5, 0xD9, 0xD5, 0xFF, 0xD3, 0xD7, 0xD3, 0xFF, 0xD3, 0xD7, 0xD3, 0xFF,
    0xD3, 0xD7, 0xD4, 0xFF, 0x51, 0x3E, 0x45, 0xFF, 0x00, 0x00, 0x01, 0xFF, 0x51, 0x3E, 0x45, 0xFF,
    0x51, 0x3E, 0x45, 0xFF, 0x51, 0x3E, 0x45, 0xFF, 0x00, 0x00, 0x01, 0xFF, 0x00, 0x00, 0x01, 0xFF,
    0xD8, 0xDD, 0xD9, 0xFF, 0x95, 0x87, 0x84, 0xFF, 0xAE, 0xA7, 0xA4, 0xFF, 0xAE, 0xA7, 0xA4, 0xFF,
    0x51, 0x3E, 0x45, 0xFF, 0x00, 0x00, 0x00, 0x00, 0x00, 0x00, 0x00, 0x00, 0x00, 0x00, 0x00, 0x00,
    0x00, 0x00, 0x00, 0x00, 0x00, 0x00, 0x00, 0x00, 0x00, 0x00, 0x00, 0x00, 0x00, 0x00, 0x00, 0x00,
    0x00, 0x00, 0x00, 0x00, 0x00, 0x00, 0x00, 0x00, 0x00, 0x00, 0x00, 0x00, 0x00, 0x00, 0x00, 0x00,
    0x00, 0x00, 0x00, 0x00, 0x00, 0x00, 0x00, 0x00, 0x00, 0x00, 0x00, 0x00, 0x00, 0x00, 0x00, 0x00,
    0x00, 0x00, 0x00, 0x00, 0x00, 0x00, 0x00, 0x00, 0x00, 0x00, 0x00, 0x00, 0x00, 0x00, 0x00, 0x00,
    0x00, 0x00, 0x00, 0x00, 0x00, 0x00, 0x00, 0x00, 0x00, 0x00, 0x00, 0x00, 0x00, 0x00, 0x00, 0x00,
    0x00, 0x00, 0x00, 0x00, 0x00, 0x00, 0x00, 0x00, 0x00, 0x00, 0x00, 0x00, 0x00, 0x00, 0x00, 0x00,
    0x00, 0x00, 0x00, 0x00, 0x00, 0x00, 0x00, 0x00, 0x00, 0x00, 0x00, 0x00, 0x00, 0x00, 0x00, 0x00,
    0x51, 0x3E, 0x45, 0xFF, 0xAE, 0xA7, 0xA4, 0xFF, 0xAE, 0xA7, 0xA4, 0xFF, 0xD8, 0xDD, 0xD9, 0xFF,
    0xD8, 0xDD, 0xD9, 0xFF, 0xD8, 0xDD, 0xD9, 0xFF, 0x51, 0x3E, 0x45, 0xFF, 0x2B, 0x1D, 0x2A, 0xFF,
    0x00, 0x00, 0x01, 0xFF, 0xAE, 0xA5, 0xA8, 0xFF, 0xAE, 0xA5, 0xA8, 0xFF, 0xD5, 0xD7, 0xD5, 0xFF,
    0xD3, 0xD7, 0xD4, 0xFF, 0xD3, 0xD7, 0xD4, 0xFF, 0xD3, 0xD7, 0xD3, 0xFF, 0xD4, 0xD9, 0xD3, 0xFF,
    0xD8, 0xDD, 0xD9, 0xFF, 0xAE, 0xA7, 0xA4, 0xFF, 0xAB, 0xA3, 0xA1, 0xFF, 0xAB, 0xA3, 0xA1, 0xFF,
    0xAE, 0xA7, 0xA4, 0xFF, 0xAB, 0xA3, 0xA1, 0xFF, 0xAB, 0xA3, 0xA1, 0xFF, 0xD6, 0xD9, 0xD6, 0xFF,
    0xD5, 0xD9, 0xD5, 0xFF, 0xD5, 0xD7, 0xD5, 0xFF, 0xD3, 0xD7, 0xD4, 0xFF, 0xD4, 0xD9, 0xD3, 0xFF,
    0xD3, 0xD7, 0xD4, 0xFF, 0xA9, 0xA0, 0x9E, 0xFF, 0xB7, 0xAF, 0xC6, 0xFF, 0x00, 0x00, 0x01, 0xFF,
    0x2B, 0x1D, 0x2A, 0xFF, 0x2B, 0x1D, 0x2A, 0xFF, 0xD8, 0xDD, 0xD9, 0xFF, 0xD1, 0xD2, 0xD0, 0xFF,
    0xD4, 0xD7, 0xD4, 0xFF, 0xAE, 0xA7, 0xA4, 0xFF, 0xAB, 0xA3, 0xA1, 0xFF, 0x51, 0x3E, 0x45, 0xFF,
    0x00, 0x00, 0x00, 0x00, 0x00, 0x00, 0x00, 0x00, 0x00, 0x00, 0x00, 0x00, 0x00, 0x00, 0x00, 0x00,
    0x00, 0x00, 0x00, 0x00, 0x00, 0x00, 0x00, 0x00, 0x00, 0x00, 0x00, 0x00, 0x00, 0x00, 0x00, 0x00,
    0x00, 0x00, 0x00, 0x00, 0x00, 0x00, 0x00, 0x00, 0x00, 0x00, 0x00, 0x00, 0x00, 0x00, 0x00, 0x00,
    0x00, 0x00, 0x00, 0x00, 0x00, 0x00, 0x00, 0x00, 0x00, 0x00, 0x00, 0x00, 0x00, 0x00, 0x00, 0x00,
    0x00, 0x00, 0x00, 0x00, 0x00, 0x00, 0x00, 0x00, 0x00, 0x00, 0x00, 0x00, 0x00, 0x00, 0x00, 0x00,
    0x00, 0x00, 0x00, 0x00, 0x00, 0x00, 0x00, 0x00, 0x00, 0x00, 0x00, 0x00, 0x00, 0x00, 0x00, 0x00,
    0x00, 0x00, 0x00, 0x00, 0x00, 0x00, 0x00, 0x00, 0x00, 0x00, 0x00, 0x00, 0x00, 0x00, 0x00, 0x00,
    0x00, 0x00, 0x00, 0x00, 0x00, 0x00, 0x00, 0x00, 0x00, 0x00, 0x00, 0x00, 0x00, 0x00, 0x00, 0x00,
    0x2B, 0x1D, 0x2A, 0xFF, 0xAE, 0xA7, 0xA4, 0xFF, 0xAE, 0xA7, 0xA4, 0xFF, 0xAB, 0xA3, 0xA1, 0xFF,
    0x95, 0x87, 0x84, 0xFF, 0xD8, 0xDD, 0xD9, 0xFF, 0xD8, 0xDD, 0xD9, 0xFF, 0xD8, 0xDD, 0xD9, 0xFF,
    0xD8, 0xDD, 0xD9, 0xFF, 0x95, 0x87, 0x84, 0xFF, 0xAE, 0xA7, 0xA4, 0xFF, 0xD5, 0xD7, 0xD5, 0xFF,
    0xD3, 0xD7, 0xD4, 0xFF, 0xD3, 0xD7, 0xD4, 0xFF, 0xD4, 0xD9, 0xD5, 0xFF, 0xD3, 0xD7, 0xD4, 0xFF,
    0xD5, 0xD7, 0xD5, 0xFF, 0x83, 0x72, 0x8C, 0xFF, 0x83, 0x72, 0x8C, 0xFF, 0xAE, 0xA5, 0xA8, 0xFF,
    0xAE, 0xA7, 0xA4, 0xFF, 0x83, 0x72, 0x8C, 0xFF, 0x83, 0x72, 0x8C, 0xFF, 0xD5, 0xD9, 0xD5, 0xFF,
    0xD4, 0xD7, 0xD4, 0xFF, 0xD3, 0xD7, 0xD4, 0xFF, 0xD4, 0xD9, 0xD3, 0xFF, 0xD4, 0xD9, 0xD5, 0xFF,
    0xD5, 0xD9, 0xD5, 0xFF, 0xA9, 0xA0, 0x9E, 0xFF, 0x95, 0x87, 0x84, 0xFF, 0xD8, 0xDD, 0xD9, 0xFF,
    0xD8, 0xDD, 0xD9, 0xFF, 0xD8, 0xDD, 0xD9, 0xFF, 0xD1, 0xD2, 0xD0, 0xFF, 0x95, 0x87, 0x84, 0xFF,
    0xAE, 0xA7, 0xA4, 0xFF, 0xAE, 0xA5, 0xA8, 0xFF, 0xAE, 0xA7, 0xA4, 0xFF, 0x51, 0x3E, 0x45, 0xFF,
    0x00, 0x00, 0x00, 0x00, 0x00, 0x00, 0x00, 0x00, 0x00, 0x00, 0x00, 0x00, 0x00, 0x00, 0x00, 0x00,
    0x00, 0x00, 0x00, 0x00, 0x00, 0x00, 0x00, 0x00, 0x00, 0x00, 0x00, 0x00, 0x00, 0x00, 0x00, 0x00,
    0x00, 0x00, 0x00, 0x00, 0x00, 0x00, 0x00, 0x00, 0x00, 0x00, 0x00, 0x00, 0x00, 0x00, 0x00, 0x00,
    0x00, 0x00, 0x00, 0x00, 0x00, 0x00, 0x00, 0x00, 0x00, 0x00, 0x00, 0x00, 0x00, 0x00, 0x00, 0x00,
    0x00, 0x00, 0x00, 0x00, 0x00, 0x00, 0x00, 0x00, 0x00, 0x00, 0x00, 0x00, 0x00, 0x00, 0x00, 0x00,
    0x00, 0x00, 0x00, 0x00, 0x00, 0x00, 0x00, 0x00, 0x00, 0x00, 0x00, 0x00, 0x00, 0x00, 0x00, 0x00,
    0x00, 0x00, 0x00, 0x00, 0x00, 0x00, 0x00, 0x00, 0x00, 0x00, 0x00, 0x00, 0x00, 0x00, 0x00, 0x00,
    0x00, 0x00, 0x00, 0x00, 0x00, 0x00, 0x00, 0x00, 0x00, 0x00, 0x00, 0x00, 0x00, 0x00, 0x00, 0x00,
    0x00, 0x00, 0x00, 0x00, 0x51, 0x3E, 0x45, 0xFF, 0xAE, 0xA7, 0xA4, 0xFF, 0xAB, 0xA3, 0xA1, 0xFF,
    0xAB, 0xA3, 0xA1, 0xFF, 0xAE, 0xA7, 0xA4, 0xFF, 0xAB, 0xA3, 0xA1, 0xFF, 0xAB, 0xA3, 0xA1, 0xFF,
    0xAE, 0xA7, 0xA4, 0xFF, 0xA9, 0xA0, 0x9E, 0xFF, 0xD6, 0xD9, 0xD6, 0xFF, 0xD4, 0xD9, 0xD3, 0xFF,
    0xD4, 0xD7, 0xD4, 0xFF, 0xD3, 0xD7, 0xD3, 0xFF, 0xD3, 0xD7, 0xD3, 0xFF, 0xD3, 0xD7, 0xD4, 0xFF,
    0xD4, 0xD9, 0xD3, 0xFF, 0xD3, 0xD7, 0xD3, 0xFF, 0xD8, 0xDD, 0xD9, 0xFF, 0x83, 0x72, 0x8C, 0xFF,
    0x83, 0x72, 0x8C, 0xFF, 0xD8, 0xDD, 0xD9, 0xFF, 0xD8, 0xDD, 0xD9, 0xFF, 0xD5, 0xD7, 0xD5, 0xFF,
    0xD3, 0xD7, 0xD4, 0xFF, 0xD3, 0xD7, 0xD4, 0xFF, 0xD3, 0xD7, 0xD4, 0xFF, 0xD3, 0xD7, 0xD4, 0xFF,
    0xD3, 0xD7, 0xD4, 0xFF, 0xD1, 0xD2, 0xD0, 0xFF, 0x95, 0x87, 0x84, 0xFF, 0xAE, 0xA7, 0xA4, 0xFF,
    0xAB, 0xA3, 0xA1, 0xFF, 0xAE, 0xA5, 0xA8, 0xFF, 0xAE, 0xA7, 0xA4, 0xFF, 0xAB, 0xA3, 0xA1, 0xFF,
    0xAB, 0xA3, 0xA1, 0xFF, 0xAE, 0xA7, 0xA4, 0xFF, 0x51, 0x3E, 0x45, 0xFF, 0x51, 0x3E, 0x45, 0xFF,
    0x51, 0x3E, 0x45, 0xFF, 0x00, 0x00, 0x00, 0x00, 0x00, 0x00, 0x00, 0x00, 0x00, 0x00, 0x00, 0x00,
    0x00, 0x00, 0x00, 0x00, 0x00, 0x00, 0x00, 0x00, 0x00, 0x00, 0x00, 0x00, 0x00, 0x00, 0x00, 0x00,
    0x00, 0x00, 0x00, 0x00, 0x00, 0x00, 0x00, 0x00, 0x00, 0x00, 0x00, 0x00, 0x00, 0x00, 0x00, 0x00,
    0x00, 0x00, 0x00, 0x00, 0x00, 0x00, 0x00, 0x00, 0x00, 0x00, 0x00, 0x00, 0x00, 0x00, 0x00, 0x00,
    0x00, 0x00, 0x00, 0x00, 0x00, 0x00, 0x00, 0x00, 0x00, 0x00, 0x00, 0x00, 0x00, 0x00, 0x00, 0x00,
    0x00, 0x00, 0x00, 0x00, 0x00, 0x00, 0x00, 0x00, 0x00, 0x00, 0x00, 0x00, 0x00, 0x00, 0x00, 0x00,
    0x00, 0x00, 0x00, 0x00, 0x00, 0x00, 0x00, 0x00, 0x00, 0x00, 0x00, 0x00, 0x00, 0x00, 0x00, 0x00,
    0x00, 0x00, 0x00, 0x00, 0x00, 0x00, 0x00, 0x00, 0x00, 0x00, 0x00, 0x00, 0x00, 0x00, 0x00, 0x00,
    0x00, 0x00, 0x00, 0x00, 0x00, 0x00, 0x00, 0x00, 0xA9, 0xA0, 0x9E, 0xFF, 0xAB, 0xA3, 0xA1, 0xFF,
    0xAB, 0xA3, 0xA1, 0xFF, 0xAB, 0xA3, 0xA1, 0xFF, 0xAB, 0xA3, 0xA1, 0xFF, 0xAB, 0xA3, 0xA1, 0xFF,
    0xAE, 0xA5, 0xA8, 0xFF, 0xA9, 0xA0, 0x9E, 0xFF, 0xD6, 0xD9, 0xD6, 0xFF, 0xD5, 0xD7, 0xD5, 0xFF,
    0xD4, 0xD9, 0xD5, 0xFF, 0xD4, 0xD9, 0xD5, 0xFF, 0xD4, 0xD7, 0xD4, 0xFF, 0xD4, 0xD7, 0xD4, 0xFF,
    0xD3, 0xD7, 0xD3, 0xFF, 0xD3, 0xD7, 0xD3, 0xFF, 0xD4, 0xD9, 0xD3, 0xFF, 0x83, 0x72, 0x8C, 0xFF,
    0x83, 0x72, 0x8C, 0xFF, 0xD6, 0xD9, 0xD6, 0xFF, 0xD3, 0xD7, 0xD4, 0xFF, 0xD4, 0xD7, 0xD4, 0xFF,
    0xD3, 0xD7, 0xD4, 0xFF, 0xD3, 0xD7, 0xD4, 0xFF, 0xD5, 0xD7, 0xD5, 0xFF, 0xD5, 0xD7, 0xD5, 0xFF,
    0xD5, 0xD9, 0xD5, 0xFF, 0xD1, 0xD2, 0xD0, 0xFF, 0x95, 0x87, 0x84, 0xFF, 0xAE, 0xA7, 0xA4, 0xFF,
    0xAE, 0xA7, 0xA4, 0xFF, 0xAE, 0xA5, 0xA8, 0xFF, 0xAE, 0xA7, 0xA4, 0xFF, 0xAE, 0xA7, 0xA4, 0xFF,
    0xAE, 0xA5, 0xA8, 0xFF, 0x51, 0x3E, 0x45, 0xFF, 0xA8, 0x9D, 0xB2, 0xFF, 0xB7, 0xAF, 0xC6, 0xFF,
    0x51, 0x3E, 0x45, 0xFF, 0x2B, 0x1D, 0x2A, 0xFF, 0x00, 0x00, 0x00, 0x00, 0x00, 0x00, 0x00, 0x00,
    0x00, 0x00, 0x00, 0x00, 0x00, 0x00, 0x00, 0x00, 0x00, 0x00, 0x00, 0x00, 0x00, 0x00, 0x00, 0x00,
    0x00, 0x00, 0x00, 0x00, 0x00, 0x00, 0x00, 0x00, 0x00, 0x00, 0x00, 0x00, 0x00, 0x00, 0x00, 0x00,
    0x00, 0x00, 0x00, 0x00, 0x00, 0x00, 0x00, 0x00, 0x00, 0x00, 0x00, 0x00, 0x00, 0x00, 0x00, 0x00,
    0x00, 0x00, 0x00, 0x00, 0x00, 0x00, 0x00, 0x00, 0x00, 0x00, 0x00, 0x00, 0x00, 0x00, 0x00, 0x00,
    0x00, 0x00, 0x00, 0x00, 0x00, 0x00, 0x00, 0x00, 0x00, 0x00, 0x00, 0x00, 0x00, 0x00, 0x00, 0x00,
    0x00, 0x00, 0x00, 0x00, 0x00, 0x00, 0x00, 0x00, 0x00, 0x00, 0x00, 0x00, 0x00, 0x00, 0x00, 0x00,
    0x00, 0x00, 0x00, 0x00, 0x00, 0x00, 0x00, 0x00, 0x00, 0x00, 0x00, 0x00, 0x00, 0x00, 0x00, 0x00,
    0x00, 0x00, 0x00, 0x00, 0x00, 0x00, 0x00, 0x00, 0x00, 0x00, 0x00, 0x00, 0x51, 0x3E, 0x45, 0xFF,
    0xAE, 0xA5, 0xA8, 0xFF, 0xAE, 0xA7, 0xA4, 0xFF, 0xAE, 0xA7, 0xA4, 0xFF, 0xAE, 0xA7, 0xA4, 0xFF,
    0xAB, 0xA3, 0xA1, 0xFF, 0x65, 0x52, 0x51, 0xFF, 0xAE, 0xA7, 0xA4, 0xFF, 0xD5, 0xD9, 0xD5, 0xFF,
    0xD5, 0xD7, 0xD5, 0xFF, 0xD4, 0xD9, 0xD5, 0xFF, 0xD5, 0xD7, 0xD5, 0xFF, 0xD3, 0xD7, 0xD3, 0xFF,
    0xD4, 0xD7, 0xD4, 0xFF, 0xD3, 0xD7, 0xD3, 0xFF, 0xD6, 0xD9, 0xD6, 0xFF, 0x83, 0x72, 0x8C, 0xFF,
    0x83, 0x72, 0x8C, 0xFF, 0xD6, 0xD9, 0xD6, 0xFF, 0xD4, 0xD7, 0xD4, 0xFF, 0xD4, 0xD7, 0xD4, 0xFF,
    0xD4, 0xD7, 0xD4, 0xFF, 0xD5, 0xD7, 0xD5, 0xFF, 0xD5, 0xD7, 0xD5, 0xFF, 0xD5, 0xD7, 0xD5, 0xFF,
    0xD6, 0xD9, 0xD6, 0xFF, 0xAE, 0xA7, 0xA4, 0xFF, 0x65, 0x52, 0x51, 0xFF, 0xAE, 0xA7, 0xA4, 0xFF,
    0xAE, 0xA7, 0xA4, 0xFF, 0xAE, 0xA7, 0xA4, 0xFF, 0xAE, 0xA7, 0xA4, 0xFF, 0xAE, 0xA7, 0xA4, 0xFF,
    0x51, 0x3E, 0x45, 0xFF, 0x51, 0x3E, 0x45, 0xFF, 0xB7, 0xAF, 0xC6, 0xFF, 0xB7, 0xAF, 0xC6, 0xFF,
    0xB7, 0xAF, 0xC6, 0xFF, 0x2B, 0x1D, 0x2A, 0xFF, 0x00, 0x00, 0x00, 0x00, 0x00, 0x00, 0x00, 0x00,
    0x00, 0x00, 0x00, 0x00, 0x00, 0x00, 0x00, 0x00, 0x00, 0x00, 0x00, 0x00, 0x00, 0x00, 0x00, 0x00,
    0x00, 0x00, 0x00, 0x00, 0x00, 0x00, 0x00, 0x00, 0x00, 0x00, 0x00, 0x00, 0x00, 0x00, 0x00, 0x00,
    0x00, 0x00, 0x00, 0x00, 0x00, 0x00, 0x00, 0x00, 0x00, 0x00, 0x00, 0x00, 0x00, 0x00, 0x00, 0x00,
    0x00, 0x00, 0x00, 0x00, 0x00, 0x00, 0x00, 0x00, 0x00, 0x00, 0x00, 0x00, 0x00, 0x00, 0x00, 0x00,
    0x00, 0x00, 0x00, 0x00, 0x00, 0x00, 0x00, 0x00, 0x00, 0x00, 0x00, 0x00, 0x00, 0x00, 0x00, 0x00,
    0x00, 0x00, 0x00, 0x00, 0x00, 0x00, 0x00, 0x00, 0x00, 0x00, 0x00, 0x00, 0x00, 0x00, 0x00, 0x00,
    0x00, 0x00, 0x00, 0x00, 0x00, 0x00, 0x00, 0x00, 0x00, 0x00, 0x00, 0x00, 0x00, 0x00, 0x00, 0x00,
    0x00, 0x00, 0x00, 0x00, 0x00, 0x00, 0x00, 0x00, 0x00, 0x00, 0x00, 0x00, 0x51, 0x3E, 0x45, 0xFF,
    0xAB, 0xA3, 0xA1, 0xFF, 0xAE, 0xA7, 0xA4, 0xFF, 0xAE, 0xA7, 0xA4, 0xFF, 0xAB, 0xA3, 0xA1, 0xFF,
    0xAB, 0xA3, 0xA1, 0xFF, 0x65, 0x52, 0x51, 0xFF, 0xAB, 0xA3, 0xA1, 0xFF, 0xD8, 0xDD, 0xD9, 0xFF,
    0xD6, 0xD9, 0xD6, 0xFF, 0xD5, 0xD7, 0xD5, 0xFF, 0xD5, 0xD7, 0xD5, 0xFF, 0xD5, 0xD7, 0xD5, 0xFF,
    0xD4, 0xD9, 0xD3, 0xFF, 0xD8, 0xDD, 0xD9, 0xFF, 0x83, 0x72, 0x8C, 0xFF, 0xD8, 0xDD, 0xD9, 0xFF,
    0xD8, 0xDD, 0xD9, 0xFF, 0x83, 0x72, 0x8C, 0xFF, 0xD8, 0xDD, 0xD9, 0xFF, 0xD4, 0xD7, 0xD4, 0xFF,
    0xD3, 0xD7, 0xD3, 0xFF, 0xD5, 0xD7, 0xD5, 0xFF, 0xD5, 0xD7, 0xD5, 0xFF, 0xD6, 0xD9, 0xD6, 0xFF,
    0xAE, 0xA5, 0xA8, 0xFF, 0x65, 0x52, 0x51, 0xFF, 0x65, 0x52, 0x51, 0xFF, 0xAE, 0xA7, 0xA4, 0xFF,
    0xAE, 0xA7, 0xA4, 0xFF, 0xAE, 0xA5, 0xA8, 0xFF, 0xAE, 0xA5, 0xA8, 0xFF, 0xA9, 0xA0, 0x9E, 0xFF,
    0x83, 0x72, 0x8C, 0xFF, 0xB7, 0xAF, 0xC6, 0xFF, 0x83, 0x72, 0x8C, 0xFF, 0xB7, 0xAF, 0xC6, 0xFF,
    0xB7, 0xAF, 0xC6, 0xFF, 0x2B, 0x1D, 0x2A, 0xFF, 0x00, 0x00, 0x00, 0x00, 0x00, 0x00, 0x00, 0x00,
    0x00, 0x00, 0x00, 0x00, 0x00, 0x00, 0x00, 0x00, 0x00, 0x00, 0x00, 0x00, 0x00, 0x00, 0x00, 0x00,
    0x00, 0x00, 0x00, 0x00, 0x00, 0x00, 0x00, 0x00, 0x00, 0x00, 0x00, 0x00, 0x00, 0x00, 0x00, 0x00,
    0x00, 0x00, 0x00, 0x00, 0x00, 0x00, 0x00, 0x00, 0x00, 0x00, 0x00, 0x00, 0x00, 0x00, 0x00, 0x00,
    0x00, 0x00, 0x00, 0x00, 0x00, 0x00, 0x00, 0x00, 0x00, 0x00, 0x00, 0x00, 0x00, 0x00, 0x00, 0x00,
    0x00, 0x00, 0x00, 0x00, 0x00, 0x00, 0x00, 0x00, 0x00, 0x00, 0x00, 0x00, 0x00, 0x00, 0x00, 0x00,
    0x00, 0x00, 0x00, 0x00, 0x00, 0x00, 0x00, 0x00, 0x00, 0x00, 0x00, 0x00, 0x00, 0x00, 0x00, 0x00,
    0x00, 0x00, 0x00, 0x00, 0x00, 0x00, 0x00, 0x00, 0x00, 0x00, 0x00, 0x00, 0x00, 0x00, 0x00, 0x00,
    0x00, 0x00, 0x00, 0x00, 0x00, 0x00, 0x00, 0x00, 0x00, 0x00, 0x00, 0x00, 0x00, 0x00, 0x00, 0x00,
    0x65, 0x52, 0x51, 0xFF, 0x51, 0x3E, 0x45, 0xFF, 0x51, 0x3E, 0x45, 0xFF, 0xAE, 0xA7, 0xA4, 0xFF,
    0xAE, 0xA7, 0xA4, 0xFF, 0xAE, 0xA7, 0xA4, 0xFF, 0x65, 0x52, 0x51, 0xFF, 0xAB, 0xA3, 0xA1, 0xFF,
    0xA9, 0xA0, 0x9E, 0xFF, 0xD8, 0xDD, 0xD9, 0xFF, 0xD4, 0xD7, 0xD4, 0xFF, 0xD4, 0xD9, 0xD3, 0xFF,
    0xD8, 0xDD, 0xD9, 0xFF, 0xD8, 0xDD, 0xD9, 0xFF, 0xAE, 0xA5, 0xA8, 0xFF, 0xA9, 0xA0, 0x9E, 0xFF,
    0xAB, 0xA3, 0xA1, 0xFF, 0xAE, 0xA5, 0xA8, 0xFF, 0xAE, 0xA7, 0xA4, 0xFF, 0xD4, 0xD9, 0xD3, 0xFF,
    0xD4, 0xD7, 0xD4, 0xFF, 0xD8, 0xDD, 0xD9, 0xFF, 0xA9, 0xA0, 0x9E, 0xFF, 0xAB, 0xA3, 0xA1, 0xFF,
    0xAE, 0xA5, 0xA8, 0xFF, 0x65, 0x52, 0x51, 0xFF, 0xAE, 0xA5, 0xA8, 0xFF, 0xAE, 0xA7, 0xA4, 0xFF,
    0xB1, 0xA8, 0xB5, 0xFF, 0x65, 0x52, 0x51, 0xFF, 0x51, 0x3E, 0x45, 0xFF, 0x51, 0x3E, 0x45, 0xFF,
    0xA8, 0x9D, 0xB2, 0xFF, 0x83, 0x72, 0x8C, 0xFF, 0xB7, 0xAF, 0xC6, 0xFF, 0xB7, 0xAF, 0xC6, 0xFF,
    0xB7, 0xAF, 0xC6, 0xFF, 0x2B, 0x1D, 0x2A, 0xFF, 0x00, 0x00, 0x00, 0x00, 0x00, 0x00, 0x00, 0x00,
    0x00, 0x00, 0x00, 0x00, 0x00, 0x00, 0x00, 0x00, 0x00, 0x00, 0x00, 0x00, 0x00, 0x00, 0x00, 0x00,
    0x00, 0x00, 0x00, 0x00, 0x00, 0x00, 0x00, 0x00, 0x00, 0x00, 0x00, 0x00, 0x00, 0x00, 0x00, 0x00,
    0x00, 0x00, 0x00, 0x00, 0x00, 0x00, 0x00, 0x00, 0x00, 0x00, 0x00, 0x00, 0x00, 0x00, 0x00, 0x00,
    0x00, 0x00, 0x00, 0x00, 0x00, 0x00, 0x00, 0x00, 0x00, 0x00, 0x00, 0x00, 0x00, 0x00, 0x00, 0x00,
    0x00, 0x00, 0x00, 0x00, 0x00, 0x00, 0x00, 0x00, 0x00, 0x00, 0x00, 0x00, 0x00, 0x00, 0x00, 0x00,
    0x00, 0x00, 0x00, 0x00, 0x00, 0x00, 0x00, 0x00, 0x00, 0x00, 0x00, 0x00, 0x00, 0x00, 0x00, 0x00,
    0x00, 0x00, 0x00, 0x00, 0x00, 0x00, 0x00, 0x00, 0x00, 0x00, 0x00, 0x00, 0x00, 0x00, 0x00, 0x00,
    0x00, 0x00, 0x00, 0x00, 0x00, 0x00, 0x00, 0x00, 0x51, 0x3E, 0x45, 0xFF, 0x51, 0x3E, 0x45, 0xFF,
    0xD6, 0xD9, 0xD6, 0xFF, 0xD3, 0xD7, 0xD4, 0xFF, 0x65, 0x52, 0x51, 0xFF, 0x51, 0x3E, 0x45, 0xFF,
    0xAE, 0xA7, 0xA4, 0xFF, 0xAE, 0xA5, 0xA8, 0xFF, 0xAB, 0xA3, 0xA1, 0xFF, 0xAE, 0xA7, 0xA4, 0xFF,
    0xAB, 0xA3, 0xA1, 0xFF, 0xAB, 0xA3, 0xA1, 0xFF, 0xA9, 0xA0, 0x9E, 0xFF, 0xA9, 0xA0, 0x9E, 0xFF,
    0xAB, 0xA3, 0xA1, 0xFF, 0xAB, 0xA3, 0xA1, 0xFF, 0xAB, 0xA3, 0xA1, 0xFF, 0xAB, 0xA3, 0xA1, 0xFF,
    0xAB, 0xA3, 0xA1, 0xFF, 0xAE, 0xA7, 0xA4, 0xFF, 0xAE, 0xA7, 0xA4, 0xFF, 0xAB, 0xA3, 0xA1, 0xFF,
    0xAB, 0xA3, 0xA1, 0xFF, 0xAB, 0xA3, 0xA1, 0xFF, 0xAE, 0xA7, 0xA4, 0xFF, 0xAE, 0xA5, 0xA8, 0xFF,
    0x65, 0x52, 0x51, 0xFF, 0xA9, 0xA0, 0x9E, 0xFF, 0xAE, 0xA7, 0xA4, 0xFF, 0xAE, 0xA5, 0xA8, 0xFF,
    0xB1, 0xA8, 0xB5, 0xFF, 0x51, 0x3E, 0x45, 0xFF, 0xA8, 0x9D, 0xB2, 0xFF, 0xB7, 0xAF, 0xC6, 0xFF,
    0x51, 0x3E, 0x45, 0xFF, 0xA8, 0x9D, 0xB2, 0xFF, 0xB7, 0xAF, 0xC6, 0xFF, 0xB7, 0xAF, 0xC6, 0xFF,
    0x83, 0x72, 0x8C, 0xFF, 0x2B, 0x1D, 0x2A, 0xFF, 0x00, 0x00, 0x00, 0x00, 0x00, 0x00, 0x00, 0x00,
    0x00, 0x00, 0x00, 0x00, 0x00, 0x00, 0x00, 0x00, 0x00, 0x00, 0x00, 0x00, 0x00, 0x00, 0x00, 0x00,
    0x00, 0x00, 0x00, 0x00, 0x00, 0x00, 0x00, 0x00, 0x00, 0x00, 0x00, 0x00, 0x00, 0x00, 0x00, 0x00,
    0x00, 0x00, 0x00, 0x00, 0x00, 0x00, 0x00, 0x00, 0x00, 0x00, 0x00, 0x00, 0x00, 0x00, 0x00, 0x00,
    0x00, 0x00, 0x00, 0x00, 0x00, 0x00, 0x00, 0x00, 0x00, 0x00, 0x00, 0x00, 0x00, 0x00, 0x00, 0x00,
    0x00, 0x00, 0x00, 0x00, 0x00, 0x00, 0x00, 0x00, 0x00, 0x00, 0x00, 0x00, 0x00, 0x00, 0x00, 0x00,
    0x00, 0x00, 0x00, 0x00, 0x00, 0x00, 0x00, 0x00, 0x00, 0x00, 0x00, 0x00, 0x00, 0x00, 0x00, 0x00,
    0x00, 0x00, 0x00, 0x00, 0x00, 0x00, 0x00, 0x00, 0x00, 0x00, 0x00, 0x00, 0x00, 0x00, 0x00, 0x00,
    0x00, 0x00, 0x00, 0x00, 0x00, 0x00, 0x00, 0x00, 0x95, 0x87, 0x84, 0xFF, 0xD3, 0xD7, 0xD3, 0xFF,
    0xD1, 0xD2, 0xD0, 0xFF, 0xD6, 0xD9, 0xD6, 0xFF, 0x51, 0x3E, 0x45, 0xFF, 0xAB, 0xA3, 0xA1, 0xFF,
    0xA9, 0xA0, 0x9E, 0xFF, 0x51, 0x3E, 0x45, 0xFF, 0x65, 0x52, 0x51, 0xFF, 0x51, 0x3E, 0x45, 0xFF,
    0xAE, 0xA5, 0xA8, 0xFF, 0xAB, 0xA3, 0xA1, 0xFF, 0xAE, 0xA7, 0xA4, 0xFF, 0xAB, 0xA3, 0xA1, 0xFF,
    0xAE, 0xA7, 0xA4, 0xFF, 0xAE, 0xA7, 0xA4, 0xFF, 0xAE, 0xA7, 0xA4, 0xFF, 0xAE, 0xA7, 0xA4, 0xFF,
    0xAE, 0xA7, 0xA4, 0xFF, 0xAE, 0xA7, 0xA4, 0xFF, 0xAE, 0xA7, 0xA4, 0xFF, 0xAE, 0xA7, 0xA4, 0xFF,
    0xAE, 0xA7, 0xA4, 0xFF, 0xAE, 0xA5, 0xA8, 0xFF, 0xAE, 0xA7, 0xA4, 0xFF, 0x65, 0x52, 0x51, 0xFF,
    0xA9, 0xA0, 0x9E, 0xFF, 0x51, 0x3E, 0x45, 0xFF, 0x83, 0x72, 0x8C, 0xFF, 0x83, 0x72, 0x8C, 0xFF,
    0xA8, 0x9D, 0xB2, 0xFF, 0x51, 0x3E, 0x45, 0xFF, 0xA8, 0x9D, 0xB2, 0xFF, 0xB7, 0xAF, 0xC6, 0xFF,
    0x51, 0x3E, 0x45, 0xFF, 0x51, 0x3E, 0x45, 0xFF, 0x51, 0x3E, 0x45, 0xFF, 0x2B, 0x1D, 0x2A, 0xFF,
    0xB7, 0xAF, 0xC6, 0xFF, 0x00, 0x00, 0x00, 0x00, 0x00, 0x00, 0x00, 0x00, 0x00, 0x00, 0x00, 0x00,
    0x00, 0x00, 0x00, 0x00, 0x00, 0x00, 0x00, 0x00, 0x00, 0x00, 0x00, 0x00, 0x00, 0x00, 0x00, 0x00,
    0x00, 0x00, 0x00, 0x00, 0x00, 0x00, 0x00, 0x00, 0x00, 0x00, 0x00, 0x00, 0x00, 0x00, 0x00, 0x00,
    0x00, 0x00, 0x00, 0x00, 0x00, 0x00, 0x00, 0x00, 0x00, 0x00, 0x00, 0x00, 0x00, 0x00, 0x00, 0x00,
    0x00, 0x00, 0x00, 0x00, 0x00, 0x00, 0x00, 0x00, 0x00, 0x00, 0x00, 0x00, 0x00, 0x00, 0x00, 0x00,
    0x00, 0x00, 0x00, 0x00, 0x00, 0x00, 0x00, 0x00, 0x00, 0x00, 0x00, 0x00, 0x00, 0x00, 0x00, 0x00,
    0x00, 0x00, 0x00, 0x00, 0x00, 0x00, 0x00, 0x00, 0x00, 0x00, 0x00, 0x00, 0x00, 0x00, 0x00, 0x00,
    0x00, 0x00, 0x00, 0x00, 0x00, 0x00, 0x00, 0x00, 0x00, 0x00, 0x00, 0x00, 0x00, 0x00, 0x00, 0x00,
    0x00, 0x00, 0x00, 0x00, 0x00, 0x00, 0x00, 0x00, 0xD1, 0xD2, 0xD0, 0xFF, 0xD4, 0xD7, 0xD4, 0xFF,
    0xD3, 0xD7, 0xD3, 0xFF, 0xD1, 0xD2, 0xD0, 0xFF, 0x51, 0x3E, 0x45, 0xFF, 0xAB, 0xA3, 0xA1, 0xFF,
    0xA9, 0xA0, 0x9E, 0xFF, 0x95, 0x87, 0x84, 0xFF, 0x95, 0x87, 0x84, 0xFF, 0x51, 0x3E, 0x45, 0xFF,
    0x65, 0x52, 0x51, 0xFF, 0xAE, 0xA7, 0xA4, 0xFF, 0xAE, 0xA7, 0xA4, 0xFF, 0xAB, 0xA3, 0xA1, 0xFF,
    0xAB, 0xA3, 0xA1, 0xFF, 0xAE, 0xA7, 0xA4, 0xFF, 0xAE, 0xA7, 0xA4, 0xFF, 0xAE, 0xA7, 0xA4, 0xFF,
    0xAE, 0xA7, 0xA4, 0xFF, 0xAE, 0xA7, 0xA4, 0xFF, 0xAE, 0xA7, 0xA4, 0xFF, 0xAE, 0xA7, 0xA4, 0xFF,
    0xAE, 0xA7, 0xA4, 0xFF, 0xAE, 0xA5, 0xA8, 0xFF, 0x83, 0x72, 0x8C, 0xFF, 0x65, 0x52, 0x51, 0xFF,
    0x51, 0x3E, 0x45, 0xFF, 0x51, 0x3E, 0x45, 0xFF, 0x83, 0x72, 0x8C, 0xFF, 0xB7, 0xAF, 0xC6, 0xFF,
    0xA8, 0x9D, 0xB2, 0xFF, 0x83, 0x72, 0x8C, 0xFF, 0x51, 0x3E, 0x45, 0xFF, 0xA8, 0x9D, 0xB2, 0xFF,
    0x51, 0x3E, 0x45, 0xFF, 0x83, 0x72, 0x8C, 0xFF, 0x51, 0x3E, 0x45, 0xFF, 0x00, 0x00, 0x00, 0x00,
    0x00, 0x00, 0x00, 0x00, 0x00, 0x00, 0x00, 0x00, 0x00, 0x00, 0x00, 0x00, 0x00, 0x00, 0x00, 0x00,
    0x00, 0x00, 0x00, 0x00, 0x00, 0x00, 0x00, 0x00, 0x00, 0x00, 0x00, 0x00, 0x00, 0x00, 0x00, 0x00,
    0x00, 0x00, 0x00, 0x00, 0x00, 0x00, 0x00, 0x00, 0x00, 0x00, 0x00, 0x00, 0x00, 0x00, 0x00, 0x00,
    0x00, 0x00, 0x00, 0x00, 0x00, 0x00, 0x00, 0x00, 0x00, 0x00, 0x00, 0x00, 0x00, 0x00, 0x00, 0x00,
    0x00, 0x00, 0x00, 0x00, 0x00, 0x00, 0x00, 0x00, 0x00, 0x00, 0x00, 0x00, 0x00, 0x00, 0x00, 0x00,
    0x00, 0x00, 0x00, 0x00, 0x00, 0x00, 0x00, 0x00, 0x00, 0x00, 0x00, 0x00, 0x00, 0x00, 0x00, 0x00,
    0x00, 0x00, 0x00, 0x00, 0x00, 0x00, 0x00, 0x00, 0x00, 0x00, 0x00, 0x00, 0x00, 0x00, 0x00, 0x00,
    0x00, 0x00, 0x00, 0x00, 0x00, 0x00, 0x00, 0x00, 0x00, 0x00, 0x00, 0x00, 0x00, 0x00, 0x00, 0x00,
    0x00, 0x00, 0x00, 0x00, 0x2B, 0x1D, 0x2A, 0xFF, 0xA9, 0xA0, 0x9E, 0xFF, 0xD3, 0xD7, 0xD4, 0xFF,
    0xA9, 0xA0, 0x9E, 0xFF, 0x51, 0x3E, 0x45, 0xFF, 0xAB, 0xA3, 0xA1, 0xFF, 0xA9, 0xA0, 0x9E, 0xFF,
    0xA9, 0xA0, 0x9E, 0xFF, 0xAB, 0xA3, 0xA1, 0xFF, 0xAE, 0xA7, 0xA4, 0xFF, 0x95, 0x87, 0x84, 0xFF,
    0x95, 0x87, 0x84, 0xFF, 0x65, 0x52, 0x51, 0xFF, 0x65, 0x52, 0x51, 0xFF, 0x65, 0x52, 0x51, 0xFF,
    0x65, 0x52, 0x51, 0xFF, 0xAE, 0xA7, 0xA4, 0xFF, 0xAE, 0xA7, 0xA4, 0xFF, 0xAE, 0xA7, 0xA4, 0xFF,
    0xAE, 0xA5, 0xA8, 0xFF, 0xAE, 0xA7, 0xA4, 0xFF, 0xAE, 0xA7, 0xA4, 0xFF, 0x65, 0x52, 0x51, 0xFF,
    0x65, 0x52, 0x51, 0xFF, 0x65, 0x52, 0x51, 0xFF, 0x95, 0x87, 0x84, 0xFF, 0x95, 0x87, 0x84, 0xFF,
    0x51, 0x3E, 0x45, 0xFF, 0xB7, 0xAF, 0xC6, 0xFF, 0xB7, 0xAF, 0xC6, 0xFF, 0x83, 0x72, 0x8C, 0xFF,
    0x83, 0x72, 0x8C, 0xFF, 0xB7, 0xAF, 0xC6, 0xFF, 0x51, 0x3E, 0x45, 0xFF, 0x51, 0x3E, 0x45, 0xFF,
    0x83, 0x72, 0x8C, 0xFF, 0x83, 0x72, 0x8C, 0xFF, 0xB7, 0xAF, 0xC6, 0xFF, 0xB7, 0xAF, 0xC6, 0xFF,
    0x51, 0x3E, 0x45, 0xFF, 0x65, 0x52, 0x51, 0xFF, 0x00, 0x00, 0x00, 0x00, 0x00, 0x00, 0x00, 0x00,
    0x00, 0x00, 0x00, 0x00, 0x00, 0x00, 0x00, 0x00, 0x00, 0x00, 0x00, 0x00, 0x00, 0x00, 0x00, 0x00,
    0x00, 0x00, 0x00, 0x00, 0x00, 0x00, 0x00, 0x00, 0x00, 0x00, 0x00, 0x00, 0x00, 0x00, 0x00, 0x00,
    0x00, 0x00, 0x00, 0x00, 0x00, 0x00, 0x00, 0x00, 0x00, 0x00, 0x00, 0x00, 0x00, 0x00, 0x00, 0x00,
    0x00, 0x00, 0x00, 0x00, 0x00, 0x00, 0x00, 0x00, 0x00, 0x00, 0x00, 0x00, 0x00, 0x00, 0x00, 0x00,
    0x00, 0x00, 0x00, 0x00, 0x00, 0x00, 0x00, 0x00, 0x00, 0x00, 0x00, 0x00, 0x00, 0x00, 0x00, 0x00,
    0x00, 0x00, 0x00, 0x00, 0x00, 0x00, 0x00, 0x00, 0x00, 0x00, 0x00, 0x00, 0x00, 0x00, 0x00, 0x00,
    0x00, 0x00, 0x00, 0x00, 0x00, 0x00, 0x00, 0x00, 0x00, 0x00, 0x00, 0x00, 0x00, 0x00, 0x00, 0x00,
    0x00, 0x00, 0x00, 0x00, 0x51, 0x3E, 0x45, 0xFF, 0xAB, 0xA3, 0xA1, 0xFF, 0xA9, 0xA0, 0x9E, 0xFF,
    0x51, 0x3E, 0x45, 0xFF, 0x51, 0x3E, 0x45, 0xFF, 0xA9, 0xA0, 0x9E, 0xFF, 0xA9, 0xA0, 0x9E, 0xFF,
    0xAB, 0xA3, 0xA1, 0xFF, 0xAB, 0xA3, 0xA1, 0xFF, 0x83, 0x72, 0x8C, 0xFF, 0x95, 0x87, 0x84, 0xFF,
    0x95, 0x87, 0x84, 0xFF, 0x95, 0x87, 0x84, 0xFF, 0x95, 0x87, 0x84, 0xFF, 0x95, 0x87, 0x84, 0xFF,
    0x95, 0x87, 0x84, 0xFF, 0x51, 0x3E, 0x45, 0xFF, 0x65, 0x52, 0x51, 0xFF, 0x65, 0x52, 0x51, 0xFF,
    0x65, 0x52, 0x51, 0xFF, 0x65, 0x52, 0x51, 0xFF, 0x65, 0x52, 0x51, 0xFF, 0x95, 0x87, 0x84, 0xFF,
    0x95, 0x87, 0x84, 0xFF, 0x95, 0x87, 0x84, 0xFF, 0x95, 0x87, 0x84, 0xFF, 0x95, 0x87, 0x84, 0xFF,
    0x51, 0x3E, 0x45, 0xFF, 0xB7, 0xAF, 0xC6, 0xFF, 0xB7, 0xAF, 0xC6, 0xFF, 0xB7, 0xAF, 0xC6, 0xFF,
    0xB7, 0xAF, 0xC6, 0xFF, 0x65, 0x52, 0x51, 0xFF, 0x51, 0x3E, 0x45, 0xFF, 0x51, 0x3E, 0x45, 0xFF,
    0xA8, 0x9D, 0xB2, 0xFF, 0xB7, 0xAF, 0xC6, 0xFF, 0x83, 0x72, 0x8C, 0xFF, 0xB7, 0xAF, 0xC6, 0xFF,
    0xB7, 0xAF, 0xC6, 0xFF, 0x65, 0x52, 0x51, 0xFF, 0x00, 0x00, 0x00, 0x00, 0x00, 0x00, 0x00, 0x00,
    0x00, 0x00, 0x00, 0x00, 0x00, 0x00, 0x00, 0x00, 0x00, 0x00, 0x00, 0x00, 0x00, 0x00, 0x00, 0x00,
    0x00, 0x00, 0x00, 0x00, 0x00, 0x00, 0x00, 0x00, 0x00, 0x00, 0x00, 0x00, 0x00, 0x00, 0x00, 0x00,
    0x00, 0x00, 0x00, 0x00, 0x00, 0x00, 0x00, 0x00, 0x00, 0x00, 0x00, 0x00, 0x00, 0x00, 0x00, 0x00,
    0x00, 0x00, 0x00, 0x00, 0x00, 0x00, 0x00, 0x00, 0x00, 0x00, 0x00, 0x00, 0x00, 0x00, 0x00, 0x00,
    0x00, 0x00, 0x00, 0x00, 0x00, 0x00, 0x00, 0x00, 0x00, 0x00, 0x00, 0x00, 0x00, 0x00, 0x00, 0x00,
    0x00, 0x00, 0x00, 0x00, 0x00, 0x00, 0x00, 0x00, 0x00, 0x00, 0x00, 0x00, 0x00, 0x00, 0x00, 0x00,
    0x00, 0x00, 0x00, 0x00, 0x00, 0x00, 0x00, 0x00, 0x00, 0x00, 0x00, 0x00, 0x00, 0x00, 0x00, 0x00,
    0x00, 0x00, 0x00, 0x00, 0x51, 0x3E, 0x45, 0xFF, 0xAB, 0xA3, 0xA1, 0xFF, 0xA9, 0xA0, 0x9E, 0xFF,
    0x51, 0x3E, 0x45, 0xFF, 0xD6, 0xD9, 0xD6, 0xFF, 0xD1, 0xD2, 0xD0, 0xFF, 0xA9, 0xA0, 0x9E, 0xFF,
    0xAB, 0xA3, 0xA1, 0xFF, 0xAB, 0xA3, 0xA1, 0xFF, 0x95, 0x87, 0x84, 0xFF, 0xAE, 0xA5, 0xA8, 0xFF,
    0xAE, 0xA5, 0xA8, 0xFF, 0x95, 0x87, 0x84, 0xFF, 0x95, 0x87, 0x84, 0xFF, 0x95, 0x87, 0x84, 0xFF,
    0x95, 0x87, 0x84, 0xFF, 0x95, 0x87, 0x84, 0xFF, 0x95, 0x87, 0x84, 0xFF, 0x95, 0x87, 0x84, 0xFF,
    0x95, 0x87, 0x84, 0xFF, 0x95, 0x87, 0x84, 0xFF, 0x95, 0x87, 0x84, 0xFF, 0x95, 0x87, 0x84, 0xFF,
    0x95, 0x87, 0x84, 0xFF, 0x95, 0x87, 0x84, 0xFF, 0x95, 0x87, 0x84, 0xFF, 0x95, 0x87, 0x84, 0xFF,
    0x95, 0x87, 0x84, 0xFF, 0x83, 0x72, 0x8C, 0xFF, 0xB7, 0xAF, 0xC6, 0xFF, 0xB7, 0xAF, 0xC6, 0xFF,
    0xB7, 0xAF, 0xC6, 0xFF, 0x51, 0x3E, 0x45, 0xFF, 0x83, 0x72, 0x8C, 0xFF, 0x83, 0x72, 0x8C, 0xFF,
    0xB7, 0xAF, 0xC6, 0xFF, 0xB7, 0xAF, 0xC6, 0xFF, 0x83, 0x72, 0x8C, 0xFF, 0xB7, 0xAF, 0xC6, 0xFF,
    0xB7, 0xAF, 0xC6, 0xFF, 0x83, 0x72, 0x8C, 0xFF, 0x00, 0x00, 0x00, 0x00, 0x00, 0x00, 0x00, 0x00,
    0x00, 0x00, 0x00, 0x00, 0x00, 0x00, 0x00, 0x00, 0x00, 0x00, 0x00, 0x00, 0x00, 0x00, 0x00, 0x00,
    0x00, 0x00, 0x00, 0x00, 0x00, 0x00, 0x00, 0x00, 0x00, 0x00, 0x00, 0x00, 0x00, 0x00, 0x00, 0x00,
    0x00, 0x00, 0x00, 0x00, 0x00, 0x00, 0x00, 0x00, 0x00, 0x00, 0x00, 0x00, 0x00, 0x00, 0x00, 0x00,
    0x00, 0x00, 0x00, 0x00, 0x00, 0x00, 0x00, 0x00, 0x00, 0x00, 0x00, 0x00, 0x00, 0x00, 0x00, 0x00,
    0x00, 0x00, 0x00, 0x00, 0x00, 0x00, 0x00, 0x00, 0x00, 0x00, 0x00, 0x00, 0x00, 0x00, 0x00, 0x00,
    0x00, 0x00, 0x00, 0x00, 0x00, 0x00, 0x00, 0x00, 0x00, 0x00, 0x00, 0x00, 0x00, 0x00, 0x00, 0x00,
    0x00, 0x00, 0x00, 0x00, 0x00, 0x00, 0x00, 0x00, 0x00, 0x00, 0x00, 0x00, 0x00, 0x00, 0x00, 0x00,
    0x00, 0x00, 0x00, 0x00, 0x51, 0x3E, 0x45, 0xFF, 0xAE, 0xA7, 0xA4, 0xFF, 0x95, 0x87, 0x84, 0xFF,
    0xD1, 0xD2, 0xD0, 0xFF, 0xD4, 0xD9, 0xD3, 0xFF, 0xD5, 0xD9, 0xD5, 0xFF, 0xD6, 0xD9, 0xD6, 0xFF,
    0xA9, 0xA0, 0x9E, 0xFF, 0xA9, 0xA0, 0x9E, 0xFF, 0xA9, 0xA0, 0x9E, 0xFF, 0xAE, 0xA5, 0xA8, 0xFF,
    0xAE, 0xA7, 0xA4, 0xFF, 0xB1, 0xA8, 0xB5, 0xFF, 0x95, 0x87, 0x84, 0xFF, 0xAE, 0xA5, 0xA8, 0xFF,
    0xAE, 0xA5, 0xA8, 0xFF, 0x95, 0x87, 0x84, 0xFF, 0x95, 0x87, 0x84, 0xFF, 0x95, 0x87, 0x84, 0xFF,
    0x95, 0x87, 0x84, 0xFF, 0x95, 0x87, 0x84, 0xFF, 0x95, 0x87, 0x84, 0xFF, 0x95, 0x87, 0x84, 0xFF,
    0x95, 0x87, 0x84, 0xFF, 0xAE, 0xA7, 0xA4, 0xFF, 0x95, 0x87, 0x84, 0xFF, 0x95, 0x87, 0x84, 0xFF,
    0x95, 0x87, 0x84, 0xFF, 0x51, 0x3E, 0x45, 0xFF, 0x83, 0x72, 0x8C, 0xFF, 0xA8, 0x9D, 0xB2, 0xFF,
    0x83, 0x72, 0x8C, 0xFF, 0xB1, 0xA8, 0xB5, 0xFF, 0x83, 0x72, 0x8C, 0xFF, 0x83, 0x72, 0x8C, 0xFF,
    0x51, 0x3E, 0x45, 0xFF, 0xA8, 0x9D, 0xB2, 0xFF, 0xB7, 0xAF, 0xC6, 0xFF, 0xB7, 0xAF, 0xC6, 0xFF,
    0xB7, 0xAF, 0xC6, 0xFF, 0xB7, 0xAF, 0xC6, 0xFF, 0x51, 0x3E, 0x45, 0xFF, 0x00, 0x00, 0x00, 0x00,
    0x00, 0x00, 0x00, 0x00, 0x00, 0x00, 0x00, 0x00, 0x00, 0x00, 0x00, 0x00, 0x00, 0x00, 0x00, 0x00,
    0x00, 0x00, 0x00, 0x00, 0x00, 0x00, 0x00, 0x00, 0x00, 0x00, 0x00, 0x00, 0x00, 0x00, 0x00, 0x00,
    0x00, 0x00, 0x00, 0x00, 0x00, 0x00, 0x00, 0x00, 0x00, 0x00, 0x00, 0x00, 0x00, 0x00, 0x00, 0x00,
    0x00, 0x00, 0x00, 0x00, 0x00, 0x00, 0x00, 0x00, 0x00, 0x00, 0x00, 0x00, 0x00, 0x00, 0x00, 0x00,
    0x00, 0x00, 0x00, 0x00, 0x00, 0x00, 0x00, 0x00, 0x00, 0x00, 0x00, 0x00, 0x00, 0x00, 0x00, 0x00,
    0x00, 0x00, 0x00, 0x00, 0x00, 0x00, 0x00, 0x00, 0x00, 0x00, 0x00, 0x00, 0x00, 0x00, 0x00, 0x00,
    0x00, 0x00, 0x00, 0x00, 0x00, 0x00, 0x00, 0x00, 0x00, 0x00, 0x00, 0x00, 0x00, 0x00, 0x00, 0x00,
    0x00, 0x00, 0x00, 0x00, 0x00, 0x00, 0x00, 0x00, 0x65, 0x52, 0x51, 0xFF, 0x65, 0x52, 0x51, 0xFF,
    0xD6, 0xD9, 0xD6, 0xFF, 0xD4, 0xD9, 0xD3, 0xFF, 0xD4, 0xD7, 0xD4, 0xFF, 0xD3, 0xD7, 0xD3, 0xFF,
    0xA9, 0xA0, 0x9E, 0xFF, 0xA9, 0xA0, 0x9E, 0xFF, 0xA9, 0xA0, 0x9E, 0xFF, 0xAE, 0xA7, 0xA4, 0xFF,
    0xAE, 0xA7, 0xA4, 0xFF, 0xAE, 0xA5, 0xA8, 0xFF, 0x83, 0x72, 0x8C, 0xFF, 0xAE, 0xA5, 0xA8, 0xFF,
    0xAE, 0xA7, 0xA4, 0xFF, 0xAE, 0xA7, 0xA4, 0xFF, 0x83, 0x72, 0x8C, 0xFF, 0xAE, 0xA7, 0xA4, 0xFF,
    0xAE, 0xA7, 0xA4, 0xFF, 0x83, 0x72, 0x8C, 0xFF, 0xAE, 0xA7, 0xA4, 0xFF, 0xAE, 0xA7, 0xA4, 0xFF,
    0xAE, 0xA7, 0xA4, 0xFF, 0xAB, 0xA3, 0xA1, 0xFF, 0x95, 0x87, 0x84, 0xFF, 0x83, 0x72, 0x8C, 0xFF,
    0x95, 0x87, 0x84, 0xFF, 0x95, 0x87, 0x84, 0xFF, 0x51, 0x3E, 0x45, 0xFF, 0x51, 0x3E, 0x45, 0xFF,
    0x51, 0x3E, 0x45, 0xFF, 0xAB, 0xA3, 0xA1, 0xFF, 0xAE, 0xA5, 0xA8, 0xFF, 0x65, 0x52, 0x51, 0xFF,
    0x83, 0x72, 0x8C, 0xFF, 0x51, 0x3E, 0x45, 0xFF, 0xB7, 0xAF, 0xC6, 0xFF, 0xB7, 0xAF, 0xC6, 0xFF,
    0xB7, 0xAF, 0xC6, 0xFF, 0x83, 0x72, 0x8C, 0xFF, 0x00, 0x00, 0x00, 0x00, 0x00, 0x00, 0x00, 0x00,
    0x00, 0x00, 0x00, 0x00, 0x00, 0x00, 0x00, 0x00, 0x00, 0x00, 0x00, 0x00, 0x00, 0x00, 0x00, 0x00,
    0x00, 0x00, 0x00, 0x00, 0x00, 0x00, 0x00, 0x00, 0x00, 0x00, 0x00, 0x00, 0x00, 0x00, 0x00, 0x00,
    0x00, 0x00, 0x00, 0x00, 0x00, 0x00, 0x00, 0x00, 0x00, 0x00, 0x00, 0x00, 0x00, 0x00, 0x00, 0x00,
    0x00, 0x00, 0x00, 0x00, 0x00, 0x00, 0x00, 0x00, 0x00, 0x00, 0x00, 0x00, 0x00, 0x00, 0x00, 0x00,
    0x00, 0x00, 0x00, 0x00, 0x00, 0x00, 0x00, 0x00, 0x00, 0x00, 0x00, 0x00, 0x00, 0x00, 0x00, 0x00,
    0x00, 0x00, 0x00, 0x00, 0x00, 0x00, 0x00, 0x00, 0x00, 0x00, 0x00, 0x00, 0x00, 0x00, 0x00, 0x00,
    0x00, 0x00, 0x00, 0x00, 0x00, 0x00, 0x00, 0x00, 0x00, 0x00, 0x00, 0x00, 0x00, 0x00, 0x00, 0x00,
    0x00, 0x00, 0x00, 0x00, 0x00, 0x00, 0x00, 0x00, 0x51, 0x3E, 0x45, 0xFF, 0x95, 0x87, 0x84, 0xFF,
    0xD6, 0xD9, 0xD6, 0xFF, 0xD6, 0xD9, 0xD6, 0xFF, 0xD3, 0xD7, 0xD4, 0xFF, 0xD3, 0xD7, 0xD3, 0xFF,
    0xD3, 0xD7, 0xD3, 0xFF, 0xA9, 0xA0, 0x9E, 0xFF, 0xAB, 0xA3, 0xA1, 0xFF, 0x65, 0x52, 0x51, 0xFF,
    0x65, 0x52, 0x51, 0xFF, 0x95, 0x87, 0x84, 0xFF, 0x95, 0x87, 0x84, 0xFF, 0xAE, 0xA5, 0xA8, 0xFF,
    0xAE, 0xA5, 0xA8, 0xFF, 0xAE, 0xA5, 0xA8, 0xFF, 0xAE, 0xA7, 0xA4, 0xFF, 0xAE, 0xA7, 0xA4, 0xFF,
    0xAE, 0xA7, 0xA4, 0xFF, 0xAE, 0xA7, 0xA4, 0xFF, 0xAE, 0xA7, 0xA4, 0xFF, 0xAE, 0xA7, 0xA4, 0xFF,
    0xAE, 0xA7, 0xA4, 0xFF, 0xAE, 0xA7, 0xA4, 0xFF, 0x95, 0x87, 0x84, 0xFF, 0x95, 0x87, 0x84, 0xFF,
    0xAE, 0xA5, 0xA8, 0xFF, 0xAB, 0xA3, 0xA1, 0xFF, 0xAB, 0xA3, 0xA1, 0xFF, 0xAB, 0xA3, 0xA1, 0xFF,
    0xAB, 0xA3, 0xA1, 0xFF, 0xAB, 0xA3, 0xA1, 0xFF, 0xAE, 0xA7, 0xA4, 0xFF, 0xA9, 0xA0, 0x9E, 0xFF,
    0x65, 0x52, 0x51, 0xFF, 0x65, 0x52, 0x51, 0xFF, 0x51, 0x3E, 0x45, 0xFF, 0xB7, 0xAF, 0xC6, 0xFF,
    0xB7, 0xAF, 0xC6, 0xFF, 0x2B, 0x1D, 0x2A, 0xFF, 0x00, 0x00, 0x00, 0x00, 0x00, 0x00, 0x00, 0x00,
    0x00, 0x00, 0x00, 0x00, 0x00, 0x00, 0x00, 0x00, 0x00, 0x00, 0x00, 0x00, 0x00, 0x00, 0x00, 0x00,
    0x00, 0x00, 0x00, 0x00, 0x00, 0x00, 0x00, 0x00, 0x00, 0x00, 0x00, 0x00, 0x00, 0x00, 0x00, 0x00,
    0x00, 0x00, 0x00, 0x00, 0x00, 0x00, 0x00, 0x00, 0x00, 0x00, 0x00, 0x00, 0x00, 0x00, 0x00, 0x00,
    0x00, 0x00, 0x00, 0x00, 0x00, 0x00, 0x00, 0x00, 0x00, 0x00, 0x00, 0x00, 0x00, 0x00, 0x00, 0x00,
    0x00, 0x00, 0x00, 0x00, 0x00, 0x00, 0x00, 0x00, 0x00, 0x00, 0x00, 0x00, 0x00, 0x00, 0x00, 0x00,
    0x00, 0x00, 0x00, 0x00, 0x00, 0x00, 0x00, 0x00, 0x00, 0x00, 0x00, 0x00, 0x00, 0x00, 0x00, 0x00,
    0x00, 0x00, 0x00, 0x00, 0x00, 0x00, 0x00, 0x00, 0x00, 0x00, 0x00, 0x00, 0x00, 0x00, 0x00, 0x00,
    0x00, 0x00, 0x00, 0x00, 0x00, 0x00, 0x00, 0x00, 0x65, 0x52, 0x51, 0xFF, 0xB1, 0xA8, 0xB5, 0xFF,
    0xD1, 0xD2, 0xD0, 0xFF, 0xD3, 0xD7, 0xD4, 0xFF, 0xD3, 0xD7, 0xD3, 0xFF, 0xD3, 0xD7, 0xD3, 0xFF,
    0xD1, 0xD2, 0xD0, 0xFF, 0xA9, 0xA0, 0x9E, 0xFF, 0xAB, 0xA3, 0xA1, 0xFF, 0x65, 0x52, 0x51, 0xFF,
    0x65, 0x52, 0x51, 0xFF, 0x95, 0x87, 0x84, 0xFF, 0x95, 0x87, 0x84, 0xFF, 0xAE, 0xA7, 0xA4, 0xFF,
    0xAE, 0xA7, 0xA4, 0xFF, 0xAE, 0xA5, 0xA8, 0xFF, 0xAE, 0xA7, 0xA4, 0xFF, 0xAE, 0xA7, 0xA4, 0xFF,
    0xAE, 0xA7, 0xA4, 0xFF, 0xAE, 0xA7, 0xA4, 0xFF, 0xAE, 0xA7, 0xA4, 0xFF, 0xAE, 0xA7, 0xA4, 0xFF,
    0xAE, 0xA5, 0xA8, 0xFF, 0x95, 0x87, 0x84, 0xFF, 0x65, 0x52, 0x51, 0xFF, 0x95, 0x87, 0x84, 0xFF,
    0xAE, 0xA7, 0xA4, 0xFF, 0xAE, 0xA7, 0xA4, 0xFF, 0xAB, 0xA3, 0xA1, 0xFF, 0xAE, 0xA5, 0xA8, 0xFF,
    0xAE, 0xA7, 0xA4, 0xFF, 0xAE, 0xA7, 0xA4, 0xFF, 0xAE, 0xA7, 0xA4, 0xFF, 0xAE, 0xA7, 0xA4, 0xFF,
    0x65, 0x52, 0x51, 0xFF, 0x65, 0x52, 0x51, 0xFF, 0x51, 0x3E, 0x45, 0xFF, 0xB7, 0xAF, 0xC6, 0xFF,
    0xB7, 0xAF, 0xC6, 0xFF, 0x51, 0x3E, 0x45, 0xFF, 0x00, 0x00, 0x00, 0x00, 0x00, 0x00, 0x00, 0x00,
    0x00, 0x00, 0x00, 0x00, 0x00, 0x00, 0x00, 0x00, 0x00, 0x00, 0x00, 0x00, 0x00, 0x00, 0x00, 0x00,
    0x00, 0x00, 0x00, 0x00, 0x00, 0x00, 0x00, 0x00, 0x00, 0x00, 0x00, 0x00, 0x00, 0x00, 0x00, 0x00,
    0x00, 0x00, 0x00, 0x00, 0x00, 0x00, 0x00, 0x00, 0x00, 0x00, 0x00, 0x00, 0x00, 0x00, 0x00, 0x00,
    0x00, 0x00, 0x00, 0x00, 0x00, 0x00, 0x00, 0x00, 0x00, 0x00, 0x00, 0x00, 0x00, 0x00, 0x00, 0x00,
    0x00, 0x00, 0x00, 0x00, 0x00, 0x00, 0x00, 0x00, 0x00, 0x00, 0x00, 0x00, 0x00, 0x00, 0x00, 0x00,
    0x00, 0x00, 0x00, 0x00, 0x00, 0x00, 0x00, 0x00, 0x00, 0x00, 0x00, 0x00, 0x00, 0x00, 0x00, 0x00,
    0x00, 0x00, 0x00, 0x00, 0x00, 0x00, 0x00, 0x00, 0x00, 0x00, 0x00, 0x00, 0x00, 0x00, 0x00, 0x00,
    0x00, 0x00, 0x00, 0x00, 0x00, 0x00, 0x00, 0x00, 0xD4, 0xD7, 0xD4, 0xFF, 0xD3, 0xD7, 0xD3, 0xFF,
    0xD3, 0xD7, 0xD4, 0xFF, 0xD3, 0xD7, 0xD3, 0xFF, 0xD3, 0xD7, 0xD3, 0xFF, 0xD3, 0xD7, 0xD3, 0xFF,
    0xD3, 0xD7, 0xD3, 0xFF, 0xD3, 0xD7, 0xD3, 0xFF, 0xD5, 0xD7, 0xD5, 0xFF, 0xAB, 0xA3, 0xA1, 0xFF,
    0xAB, 0xA3, 0xA1, 0xFF, 0x65, 0x52, 0x51, 0xFF, 0x95, 0x87, 0x84, 0xFF, 0x95, 0x87, 0x84, 0xFF,
    0x95, 0x87, 0x84, 0xFF, 0xB1, 0xA8, 0xB5, 0xFF, 0xAE, 0xA5, 0xA8, 0xFF, 0xAE, 0xA5, 0xA8, 0xFF,
    0xAE, 0xA7, 0xA4, 0xFF, 0xAE, 0xA5, 0xA8, 0xFF, 0x95, 0x87, 0x84, 0xFF, 0x95, 0x87, 0x84, 0xFF,
    0x95, 0x87, 0x84, 0xFF, 0x95, 0x87, 0x84, 0xFF, 0x65, 0x52, 0x51, 0xFF, 0x95, 0x87, 0x84, 0xFF,
    0xAE, 0xA5, 0xA8, 0xFF, 0xAB, 0xA3, 0xA1, 0xFF, 0xD4, 0xD9, 0xD5, 0xFF, 0xD4, 0xD9, 0xD5, 0xFF,
    0xD4, 0xD9, 0xD3, 0xFF, 0xD5, 0xD7, 0xD5, 0xFF, 0xD6, 0xD9, 0xD6, 0xFF, 0xAB, 0xA3, 0xA1, 0xFF,
    0xAE, 0xA7, 0xA4, 0xFF, 0x65, 0x52, 0x51, 0xFF, 0x51, 0x3E, 0x45, 0xFF, 0x51, 0x3E, 0x45, 0xFF,
    0xB7, 0xAF, 0xC6, 0xFF, 0x51, 0x3E, 0x45, 0xFF, 0x00, 0x00, 0x00, 0x00, 0x00, 0x00, 0x00, 0x00,
    0x00, 0x00, 0x00, 0x00, 0x00, 0x00, 0x00, 0x00, 0x00, 0x00, 0x00, 0x00, 0x00, 0x00, 0x00, 0x00,
    0x00, 0x00, 0x00, 0x00, 0x00, 0x00, 0x00, 0x00, 0x00, 0x00, 0x00, 0x00, 0x00, 0x00, 0x00, 0x00,
    0x00, 0x00, 0x00, 0x00, 0x00, 0x00, 0x00, 0x00, 0x00, 0x00, 0x00, 0x00, 0x00, 0x00, 0x00, 0x00,
    0x00, 0x00, 0x00, 0x00, 0x00, 0x00, 0x00, 0x00, 0x00, 0x00, 0x00, 0x00, 0x00, 0x00, 0x00, 0x00,
    0x00, 0x00, 0x00, 0x00, 0x00, 0x00, 0x00, 0x00, 0x00, 0x00, 0x00, 0x00, 0x00, 0x00, 0x00, 0x00,
    0x00, 0x00, 0x00, 0x00, 0x00, 0x00, 0x00, 0x00, 0x00, 0x00, 0x00, 0x00, 0x00, 0x00, 0x00, 0x00,
    0x00, 0x00, 0x00, 0x00, 0x00, 0x00, 0x00, 0x00, 0x00, 0x00, 0x00, 0x00, 0x00, 0x00, 0x00, 0x00,
    0x00, 0x00, 0x00, 0x00, 0x51, 0x3E, 0x45, 0xFF, 0xD5, 0xD9, 0xD5, 0xFF, 0xD3, 0xD7, 0xD4, 0xFF,
    0xD3, 0xD7, 0xD3, 0xFF, 0xD3, 0xD7, 0xD3, 0xFF, 0xD3, 0xD7, 0xD3, 0xFF, 0xD3, 0xD7, 0xD3, 0xFF,
    0xD3, 0xD7, 0xD3, 0xFF, 0xD3, 0xD7, 0xD3, 0xFF, 0xD1, 0xD2, 0xD0, 0xFF, 0xA9, 0xA0, 0x9E, 0xFF,
    0xA9, 0xA0, 0x9E, 0xFF, 0xAB, 0xA3, 0xA1, 0xFF, 0x51, 0x3E, 0x45, 0xFF, 0x95, 0x87, 0x84, 0xFF,
    0x95, 0x87, 0x84, 0xFF, 0x95, 0x87, 0x84, 0xFF, 0x95, 0x87, 0x84, 0xFF, 0xAE, 0xA5, 0xA8, 0xFF,
    0xAE, 0xA7, 0xA4, 0xFF, 0x95, 0x87, 0x84, 0xFF, 0x95, 0x87, 0x84, 0xFF, 0x95, 0x87, 0x84, 0xFF,
    0x95, 0x87, 0x84, 0xFF, 0x51, 0x3E, 0x45, 0xFF, 0x95, 0x87, 0x84, 0xFF, 0xAE, 0xA5, 0xA8, 0xFF,
    0xAE, 0xA7, 0xA4, 0xFF, 0xD8, 0xDD, 0xD9, 0xFF, 0xD4, 0xD9, 0xD5, 0xFF, 0xD5, 0xD7, 0xD5, 0xFF,
    0xD4, 0xD7, 0xD4, 0xFF, 0xD3, 0xD7, 0xD4, 0xFF, 0xD3, 0xD7, 0xD4, 0xFF, 0xA9, 0xA0, 0x9E, 0xFF,
    0xA9, 0xA0, 0x9E, 0xFF, 0x95, 0x87, 0x84, 0xFF, 0x00, 0x00, 0x00, 0x00, 0x51, 0x3E, 0x45, 0xFF,
    0x51, 0x3E, 0x45, 0xFF, 0x00, 0x00, 0x00, 0x00, 0x00, 0x00, 0x00, 0x00, 0x00, 0x00, 0x00, 0x00,
    0x00, 0x00, 0x00, 0x00, 0x00, 0x00, 0x00, 0x00, 0x00, 0x00, 0x00, 0x00, 0x00, 0x00, 0x00, 0x00,
    0x00, 0x00, 0x00, 0x00, 0x00, 0x00, 0x00, 0x00, 0x00, 0x00, 0x00, 0x00, 0x00, 0x00, 0x00, 0x00,
    0x00, 0x00, 0x00, 0x00, 0x00, 0x00, 0x00, 0x00, 0x00, 0x00, 0x00, 0x00, 0x00, 0x00, 0x00, 0x00,
    0x00, 0x00, 0x00, 0x00, 0x00, 0x00, 0x00, 0x00, 0x00, 0x00, 0x00, 0x00, 0x00, 0x00, 0x00, 0x00,
    0x00, 0x00, 0x00, 0x00, 0x00, 0x00, 0x00, 0x00, 0x00, 0x00, 0x00, 0x00, 0x00, 0x00, 0x00, 0x00,
    0x00, 0x00, 0x00, 0x00, 0x00, 0x00, 0x00, 0x00, 0x00, 0x00, 0x00, 0x00, 0x00, 0x00, 0x00, 0x00,
    0x00, 0x00, 0x00, 0x00, 0x00, 0x00, 0x00, 0x00, 0x00, 0x00, 0x00, 0x00, 0x00, 0x00, 0x00, 0x00,
    0x51, 0x3E, 0x45, 0xFF, 0x95, 0x87, 0x84, 0xFF, 0xD6, 0xD9, 0xD6, 0xFF, 0xD3, 0xD7, 0xD3, 0xFF,
    0xD3, 0xD7, 0xD3, 0xFF, 0xD3, 0xD7, 0xD3, 0xFF, 0xD3, 0xD7, 0xD3, 0xFF, 0xD3, 0xD7, 0xD3, 0xFF,
    0xD4, 0xD7, 0xD4, 0xFF, 0xD3, 0xD7, 0xD3, 0xFF, 0xD3, 0xD7, 0xD3, 0xFF, 0xAB, 0xA3, 0xA1, 0xFF,
    0xA9, 0xA0, 0x9E, 0xFF, 0xAB, 0xA3, 0xA1, 0xFF, 0xAE, 0xA7, 0xA4, 0xFF, 0x95, 0x87, 0x84, 0xFF,
    0x95, 0x87, 0x84, 0xFF, 0x95, 0x87, 0x84, 0xFF, 0x95, 0x87, 0x84, 0xFF, 0x95, 0x87, 0x84, 0xFF,
    0x95, 0x87, 0x84, 0xFF, 0x95, 0x87, 0x84, 0xFF, 0x95, 0x87, 0x84, 0xFF, 0x95, 0x87, 0x84, 0xFF,
    0x95, 0x87, 0x84, 0xFF, 0x65, 0x52, 0x51, 0xFF, 0xAE, 0xA7, 0xA4, 0xFF, 0xAB, 0xA3, 0xA1, 0xFF,
    0xAB, 0xA3, 0xA1, 0xFF, 0xD6, 0xD9, 0xD6, 0xFF, 0xD3, 0xD7, 0xD3, 0xFF, 0xD4, 0xD7, 0xD4, 0xFF,
    0xD5, 0xD7, 0xD5, 0xFF, 0xD5, 0xD7, 0xD5, 0xFF, 0xD3, 0xD7, 0xD3, 0xFF, 0xD3, 0xD7, 0xD4, 0xFF,
    0xD5, 0xD7, 0xD5, 0xFF, 0xA9, 0xA0, 0x9E, 0xFF, 0x51, 0x3E, 0x45, 0xFF, 0x00, 0x00, 0x00, 0x00,
    0x00, 0x00, 0x00, 0x00, 0x00, 0x00, 0x00, 0x00, 0x00, 0x00, 0x00, 0x00, 0x00, 0x00, 0x00, 0x00,
    0x00, 0x00, 0x00, 0x00, 0x00, 0x00, 0x00, 0x00, 0x00, 0x00, 0x00, 0x00, 0x00, 0x00, 0x00, 0x00,
    0x00, 0x00, 0x00, 0x00, 0x00, 0x00, 0x00, 0x00, 0x00, 0x00, 0x00, 0x00, 0x00, 0x00, 0x00, 0x00,
    0x00, 0x00, 0x00, 0x00, 0x00, 0x00, 0x00, 0x00, 0x00, 0x00, 0x00, 0x00, 0x00, 0x00, 0x00, 0x00,
    0x00, 0x00, 0x00, 0x00, 0x00, 0x00, 0x00, 0x00, 0x00, 0x00, 0x00, 0x00, 0x00, 0x00, 0x00, 0x00,
    0x00, 0x00, 0x00, 0x00, 0x00, 0x00, 0x00, 0x00, 0x00, 0x00, 0x00, 0x00, 0x00, 0x00, 0x00, 0x00,
    0x00, 0x00, 0x00, 0x00, 0x00, 0x00, 0x00, 0x00, 0x00, 0x00, 0x00, 0x00, 0x00, 0x00, 0x00, 0x00,
    0x00, 0x00, 0x00, 0x00, 0x00, 0x00, 0x00, 0x00, 0x00, 0x00, 0x00, 0x00, 0x00, 0x00, 0x00, 0x00,
    0x51, 0x3E, 0x45, 0xFF, 0xD6, 0xD9, 0xD6, 0xFF, 0xD3, 0xD7, 0xD3, 0xFF, 0xD3, 0xD7, 0xD3, 0xFF,
    0xD3, 0xD7, 0xD3, 0xFF, 0xD4, 0xD7, 0xD4, 0xFF, 0xD3, 0xD7, 0xD3, 0xFF, 0xD4, 0xD7, 0xD4, 0xFF,
    0xD4, 0xD7, 0xD4, 0xFF, 0xD3, 0xD7, 0xD3, 0xFF, 0xD4, 0xD7, 0xD4, 0xFF, 0xA9, 0xA0, 0x9E, 0xFF,
    0xAB, 0xA3, 0xA1, 0xFF, 0xAB, 0xA3, 0xA1, 0xFF, 0xAE, 0xA7, 0xA4, 0xFF, 0x95, 0x87, 0x84, 0xFF,
    0x95, 0x87, 0x84, 0xFF, 0x95, 0x87, 0x84, 0xFF, 0x95, 0x87, 0x84, 0xFF, 0x95, 0x87, 0x84, 0xFF,
    0x95, 0x87, 0x84, 0xFF, 0x95, 0x87, 0x84, 0xFF, 0x95, 0x87, 0x84, 0xFF, 0x95, 0x87, 0x84, 0xFF,
    0x95, 0x87, 0x84, 0xFF, 0xAE, 0xA5, 0xA8, 0xFF, 0xAE, 0xA7, 0xA4, 0xFF, 0xAB, 0xA3, 0xA1, 0xFF,
    0xD6, 0xD9, 0xD6, 0xFF, 0xD4, 0xD9, 0xD5, 0xFF, 0xD5, 0xD7, 0xD5, 0xFF, 0xD4, 0xD7, 0xD4, 0xFF,
    0xD5, 0xD7, 0xD5, 0xFF, 0xD4, 0xD7, 0xD4, 0xFF, 0xD3, 0xD7, 0xD4, 0xFF, 0xD3, 0xD7, 0xD3, 0xFF,
    0xD3, 0xD7, 0xD4, 0xFF, 0xD4, 0xD7, 0xD4, 0xFF, 0x51, 0x3E, 0x45, 0xFF, 0x00, 0x00, 0x00, 0x00,
    0x00, 0x00, 0x00, 0x00, 0x00, 0x00, 0x00, 0x00, 0x00, 0x00, 0x00, 0x00, 0x00, 0x00, 0x00, 0x00,
    0x00, 0x00, 0x00, 0x00, 0x00, 0x00, 0x00, 0x00, 0x00, 0x00, 0x00, 0x00, 0x00, 0x00, 0x00, 0x00,
    0x00, 0x00, 0x00, 0x00, 0x00, 0x00, 0x00, 0x00, 0x00, 0x00, 0x00, 0x00, 0x00, 0x00, 0x00, 0x00,
    0x00, 0x00, 0x00, 0x00, 0x00, 0x00, 0x00, 0x00, 0x00, 0x00, 0x00, 0x00, 0x00, 0x00, 0x00, 0x00,
    0x00, 0x00, 0x00, 0x00, 0x00, 0x00, 0x00, 0x00, 0x00, 0x00, 0x00, 0x00, 0x00, 0x00, 0x00, 0x00,
    0x00, 0x00, 0x00, 0x00, 0x00, 0x00, 0x00, 0x00, 0x00, 0x00, 0x00, 0x00, 0x00, 0x00, 0x00, 0x00,
    0x00, 0x00, 0x00, 0x00, 0x00, 0x00, 0x00, 0x00, 0x00, 0x00, 0x00, 0x00, 0x00, 0x00, 0x00, 0x00,
    0x00, 0x00, 0x00, 0x00, 0x00, 0x00, 0x00, 0x00, 0x00, 0x00, 0x00, 0x00, 0x00, 0x00, 0x00, 0x00,
    0x51, 0x3E, 0x45, 0xFF, 0xD5, 0xD7, 0xD5, 0xFF, 0xD3, 0xD7, 0xD3, 0xFF, 0xD4, 0xD9, 0xD5, 0xFF,
    0xA9, 0xA0, 0x9E, 0xFF, 0xA9, 0xA0, 0x9E, 0xFF, 0xA9, 0xA0, 0x9E, 0xFF, 0xA9, 0xA0, 0x9E, 0xFF,
    0xD3, 0xD7, 0xD4, 0xFF, 0xD3, 0xD7, 0xD3, 0xFF, 0xD4, 0xD7, 0xD4, 0xFF, 0xD5, 0xD7, 0xD5, 0xFF,
    0xAB, 0xA3, 0xA1, 0xFF, 0xA9, 0xA0, 0x9E, 0xFF, 0xAE, 0xA5, 0xA8, 0xFF, 0x65, 0x52, 0x51, 0xFF,
    0x65, 0x52, 0x51, 0xFF, 0x95, 0x87, 0x84, 0xFF, 0x95, 0x87, 0x84, 0xFF, 0x95, 0x87, 0x84, 0xFF,
    0x95, 0x87, 0x84, 0xFF, 0x95, 0x87, 0x84, 0xFF, 0x95, 0x87, 0x84, 0xFF, 0x95, 0x87, 0x84, 0xFF,
    0x65, 0x52, 0x51, 0xFF, 0xAE, 0xA7, 0xA4, 0xFF, 0xAB, 0xA3, 0xA1, 0xFF, 0xD8, 0xDD, 0xD9, 0xFF,
    0xD6, 0xD9, 0xD6, 0xFF, 0xD5, 0xD7, 0xD5, 0xFF, 0xD4, 0xD9, 0xD5, 0xFF, 0xD5, 0xD7, 0xD5, 0xFF,
    0xD4, 0xD9, 0xD5, 0xFF, 0xD5, 0xD9, 0xD5, 0xFF, 0xD5, 0xD7, 0xD5, 0xFF, 0xD3, 0xD7, 0xD3, 0xFF,
    0xD3, 0xD7, 0xD3, 0xFF, 0xD1, 0xD2, 0xD0, 0xFF, 0xAE, 0xA7, 0xA4, 0xFF, 0x51, 0x3E, 0x45, 0xFF,
    0x00, 0x00, 0x00, 0x00, 0x00, 0x00, 0x00, 0x00, 0x00, 0x00, 0x00, 0x00, 0x00, 0x00, 0x00, 0x00,
    0x00, 0x00, 0x00, 0x00, 0x00, 0x00, 0x00, 0x00, 0x00, 0x00, 0x00, 0x00, 0x00, 0x00, 0x00, 0x00,
    0x00, 0x00, 0x00, 0x00, 0x00, 0x00, 0x00, 0x00, 0x00, 0x00, 0x00, 0x00, 0x00, 0x00, 0x00, 0x00,
    0x00, 0x00, 0x00, 0x00, 0x00, 0x00, 0x00, 0x00, 0x00, 0x00, 0x00, 0x00, 0x00, 0x00, 0x00, 0x00,
    0x00, 0x00, 0x00, 0x00, 0x00, 0x00, 0x00, 0x00, 0x00, 0x00, 0x00, 0x00, 0x00, 0x00, 0x00, 0x00,
    0x00, 0x00, 0x00, 0x00, 0x00, 0x00, 0x00, 0x00, 0x00, 0x00, 0x00, 0x00, 0x00, 0x00, 0x00, 0x00,
    0x00, 0x00, 0x00, 0x00, 0x00, 0x00, 0x00, 0x00, 0x00, 0x00, 0x00, 0x00, 0x00, 0x00, 0x00, 0x00,
    0x00, 0x00, 0x00, 0x00, 0x00, 0x00, 0x00, 0x00, 0x00, 0x00, 0x00, 0x00, 0x00, 0x00, 0x00, 0x00,
    0x51, 0x3E, 0x45, 0xFF, 0xD3, 0xD7, 0xD3, 0xFF, 0xD3, 0xD7, 0xD3, 0xFF, 0xD8, 0xDD, 0xD9, 0xFF,
    0xAE, 0xA7, 0xA4, 0xFF, 0xAE, 0xA7, 0xA4, 0xFF, 0xAB, 0xA3, 0xA1, 0xFF, 0xAB, 0xA3, 0xA1, 0xFF,
    0xAE, 0xA7, 0xA4, 0xFF, 0xD6, 0xD9, 0xD6, 0xFF, 0xD5, 0xD9, 0xD5, 0xFF, 0xD6, 0xD9, 0xD6, 0xFF,
    0xAB, 0xA3, 0xA1, 0xFF, 0xAB, 0xA3, 0xA1, 0xFF, 0xB1, 0xA8, 0xB5, 0xFF, 0x51, 0x3E, 0x45, 0xFF,
    0x51, 0x3E, 0x45, 0xFF, 0x95, 0x87, 0x84, 0xFF, 0x95, 0x87, 0x84, 0xFF, 0x95, 0x87, 0x84, 0xFF,
    0x95, 0x87, 0x84, 0xFF, 0x95, 0x87, 0x84, 0xFF, 0x95, 0x87, 0x84, 0xFF, 0x51, 0x3E, 0x45, 0xFF,
    0x51, 0x3E, 0x45, 0xFF, 0xAE, 0xA7, 0xA4, 0xFF, 0xAE, 0xA7, 0xA4, 0xFF, 0xD8, 0xDD, 0xD9, 0xFF,
    0xD6, 0xD9, 0xD6, 0xFF, 0xD5, 0xD7, 0xD5, 0xFF, 0xD5, 0xD9, 0xD5, 0xFF, 0xD6, 0xD9, 0xD6, 0xFF,
    0xD8, 0xDD, 0xD9, 0xFF, 0xA9, 0xA0, 0x9E, 0xFF, 0xA9, 0xA0, 0x9E, 0xFF, 0xD5, 0xD9, 0xD5, 0xFF,
    0xD4, 0xD7, 0xD4, 0xFF, 0xD1, 0xD2, 0xD0, 0xFF, 0xAE, 0xA7, 0xA4, 0xFF, 0x51, 0x3E, 0x45, 0xFF,
    0x00, 0x00, 0x00, 0x00, 0x00, 0x00, 0x00, 0x00, 0x00, 0x00, 0x00, 0x00, 0x00, 0x00, 0x00, 0x00,
    0x00, 0x00, 0x00, 0x00, 0x00, 0x00, 0x00, 0x00, 0x00, 0x00, 0x00, 0x00, 0x00, 0x00, 0x00, 0x00,
    0x00, 0x00, 0x00, 0x00, 0x00, 0x00, 0x00, 0x00, 0x00, 0x00, 0x00, 0x00, 0x00, 0x00, 0x00, 0x00,
    0x00, 0x00, 0x00, 0x00, 0x00, 0x00, 0x00, 0x00, 0x00, 0x00, 0x00, 0x00, 0x00, 0x00, 0x00, 0x00,
    0x00, 0x00, 0x00, 0x00, 0x00, 0x00, 0x00, 0x00, 0x00, 0x00, 0x00, 0x00, 0x00, 0x00, 0x00, 0x00,
    0x00, 0x00, 0x00, 0x00, 0x00, 0x00, 0x00, 0x00, 0x00, 0x00, 0x00, 0x00, 0x00, 0x00, 0x00, 0x00,
    0x00, 0x00, 0x00, 0x00, 0x00, 0x00, 0x00, 0x00, 0x00, 0x00, 0x00, 0x00, 0x00, 0x00, 0x00, 0x00,
    0x00, 0x00, 0x00, 0x00, 0x00, 0x00, 0x00, 0x00, 0x00, 0x00, 0x00, 0x00, 0x00, 0x00, 0x00, 0x00,
    0x51, 0x3E, 0x45, 0xFF, 0xD4, 0xD9, 0xD3, 0xFF, 0xD6, 0xD9, 0xD6, 0xFF, 0xAB, 0xA3, 0xA1, 0xFF,
    0xAE, 0xA5, 0xA8, 0xFF, 0xAE, 0xA7, 0xA4, 0xFF, 0xAE, 0xA7, 0xA4, 0xFF, 0xAE, 0xA7, 0xA4, 0xFF,
    0xAE, 0xA7, 0xA4, 0xFF, 0xA9, 0xA0, 0x9E, 0xFF, 0xD8, 0xDD, 0xD9, 0xFF, 0xAB, 0xA3, 0xA1, 0xFF,
    0xAB, 0xA3, 0xA1, 0xFF, 0xAE, 0xA7, 0xA4, 0xFF, 0x65, 0x52, 0x51, 0xFF, 0x00, 0x00, 0x00, 0x00,
    0x00, 0x00, 0x00, 0x00, 0x51, 0x3E, 0x45, 0xFF, 0x65, 0x52, 0x51, 0xFF, 0x65, 0x52, 0x51, 0xFF,
    0x51, 0x3E, 0x45, 0xFF, 0x51, 0x3E, 0x45, 0xFF, 0x51, 0x3E, 0x45, 0xFF, 0x00, 0x00, 0x00, 0x00,
    0x00, 0x00, 0x00, 0x00, 0xAE, 0xA7, 0xA4, 0xFF, 0xAE, 0xA7, 0xA4, 0xFF, 0xAE, 0xA7, 0xA4, 0xFF,
    0xD5, 0xD7, 0xD5, 0xFF, 0xD8, 0xDD, 0xD9, 0xFF, 0xA9, 0xA0, 0x9E, 0xFF, 0xAE, 0xA7, 0xA4, 0xFF,
    0xAE, 0xA7, 0xA4, 0xFF, 0xAE, 0xA7, 0xA4, 0xFF, 0xAB, 0xA3, 0xA1, 0xFF, 0xAB, 0xA3, 0xA1, 0xFF,
    0xD8, 0xDD, 0xD9, 0xFF, 0xAB, 0xA3, 0xA1, 0xFF, 0xAE, 0xA7, 0xA4, 0xFF, 0x51, 0x3E, 0x45, 0xFF,
    0x00, 0x00, 0x00, 0x00, 0x00, 0x00, 0x00, 0x00, 0x00, 0x00, 0x00, 0x00, 0x00, 0x00, 0x00, 0x00,
    0x00, 0x00, 0x00, 0x00, 0x00, 0x00, 0x00, 0x00, 0x00, 0x00, 0x00, 0x00, 0x00, 0x00, 0x00, 0x00,
    0x00, 0x00, 0x00, 0x00, 0x00, 0x00, 0x00, 0x00, 0x00, 0x00, 0x00, 0x00, 0x00, 0x00, 0x00, 0x00,
    0x00, 0x00, 0x00, 0x00, 0x00, 0x00, 0x00, 0x00, 0x00, 0x00, 0x00, 0x00, 0x00, 0x00, 0x00, 0x00,
    0x00, 0x00, 0x00, 0x00, 0x00, 0x00, 0x00, 0x00, 0x00, 0x00, 0x00, 0x00, 0x00, 0x00, 0x00, 0x00,
    0x00, 0x00, 0x00, 0x00, 0x00, 0x00, 0x00, 0x00, 0x00, 0x00, 0x00, 0x00, 0x00, 0x00, 0x00, 0x00,
    0x00, 0x00, 0x00, 0x00, 0x00, 0x00, 0x00, 0x00, 0x00, 0x00, 0x00, 0x00, 0x00, 0x00, 0x00, 0x00,
    0x00, 0x00, 0x00, 0x00, 0x00, 0x00, 0x00, 0x00, 0x00, 0x00, 0x00, 0x00, 0x00, 0x00, 0x00, 0x00,
    0x51, 0x3E, 0x45, 0xFF, 0xD8, 0xDD, 0xD9, 0xFF, 0xAE, 0xA7, 0xA4, 0xFF, 0xAE, 0xA7, 0xA4, 0xFF,
    0xAE, 0xA7, 0xA4, 0xFF, 0xAE, 0xA7, 0xA4, 0xFF, 0xAE, 0xA7, 0xA4, 0xFF, 0xAE, 0xA7, 0xA4, 0xFF,
    0xAE, 0xA7, 0xA4, 0xFF, 0xAE, 0xA7, 0xA4, 0xFF, 0xB1, 0xA8, 0xB5, 0xFF, 0xAB, 0xA3, 0xA1, 0xFF,
    0xAB, 0xA3, 0xA1, 0xFF, 0xAE, 0xA7, 0xA4, 0xFF, 0x51, 0x3E, 0x45, 0xFF, 0x00, 0x00, 0x00, 0x00,
    0x00, 0x00, 0x00, 0x00, 0x00, 0x00, 0x00, 0x00, 0x00, 0x00, 0x00, 0x00, 0x00, 0x00, 0x00, 0x00,
    0x00, 0x00, 0x00, 0x00, 0x00, 0x00, 0x00, 0x00, 0x00, 0x00, 0x00, 0x00, 0x00, 0x00, 0x00, 0x00,
    0x00, 0x00, 0x00, 0x00, 0xAE, 0xA7, 0xA4, 0xFF, 0xAE, 0xA7, 0xA4, 0xFF, 0xAE, 0xA7, 0xA4, 0xFF,
    0xD8, 0xDD, 0xD9, 0xFF, 0xAB, 0xA3, 0xA1, 0xFF, 0xAB, 0xA3, 0xA1, 0xFF, 0xAE, 0xA7, 0xA4, 0xFF,
    0xAE, 0xA7, 0xA4, 0xFF, 0xAE, 0xA7, 0xA4, 0xFF, 0xAE, 0xA7, 0xA4, 0xFF, 0xAB, 0xA3, 0xA1, 0xFF,
    0xAB, 0xA3, 0xA1, 0xFF, 0xAE, 0xA7, 0xA4, 0xFF, 0xAB, 0xA3, 0xA1, 0xFF, 0x51, 0x3E, 0x45, 0xFF,
    0x00, 0x00, 0x00, 0x00, 0x00, 0x00, 0x00, 0x00, 0x00, 0x00, 0x00, 0x00, 0x00, 0x00, 0x00, 0x00,
    0x00, 0x00, 0x00, 0x00, 0x00, 0x00, 0x00, 0x00, 0x00, 0x00, 0x00, 0x00, 0x00, 0x00, 0x00, 0x00,
    0x00, 0x00, 0x00, 0x00, 0x00, 0x00, 0x00, 0x00, 0x00, 0x00, 0x00, 0x00, 0x00, 0x00, 0x00, 0x00,
    0x00, 0x00, 0x00, 0x00, 0x00, 0x00, 0x00, 0x00, 0x00, 0x00, 0x00, 0x00, 0x00, 0x00, 0x00, 0x00,
    0x00, 0x00, 0x00, 0x00, 0x00, 0x00, 0x00, 0x00, 0x00, 0x00, 0x00, 0x00, 0x00, 0x00, 0x00, 0x00,
    0x00, 0x00, 0x00, 0x00, 0x00, 0x00, 0x00, 0x00, 0x00, 0x00, 0x00, 0x00, 0x00, 0x00, 0x00, 0x00,
    0x00, 0x00, 0x00, 0x00, 0x00, 0x00, 0x00, 0x00, 0x00, 0x00, 0x00, 0x00, 0x00, 0x00, 0x00, 0x00,
    0x00, 0x00, 0x00, 0x00, 0x00, 0x00, 0x00, 0x00, 0x00, 0x00, 0x00, 0x00, 0x00, 0x00, 0x00, 0x00,
    0x51, 0x3E, 0x45, 0xFF, 0xAE, 0xA5, 0xA8, 0xFF, 0xAE, 0xA7, 0xA4, 0xFF, 0xAE, 0xA7, 0xA4, 0xFF,
    0xAE, 0xA7, 0xA4, 0xFF, 0xAE, 0xA7, 0xA4, 0xFF, 0xAE, 0xA7, 0xA4, 0xFF, 0xAE, 0xA7, 0xA4, 0xFF,
    0xAE, 0xA7, 0xA4, 0xFF, 0xAE, 0xA7, 0xA4, 0xFF, 0xAE, 0xA7, 0xA4, 0xFF, 0xAE, 0xA7, 0xA4, 0xFF,
    0xAB, 0xA3, 0xA1, 0xFF, 0x65, 0x52, 0x51, 0xFF, 0x51, 0x3E, 0x45, 0xFF, 0x00, 0x00, 0x00, 0x00,
    0x00, 0x00, 0x00, 0x00, 0x00, 0x00, 0x00, 0x00, 0x00, 0x00, 0x00, 0x00, 0x00, 0x00, 0x00, 0x00,
    0x00, 0x00, 0x00, 0x00, 0x00, 0x00, 0x00, 0x00, 0x00, 0x00, 0x00, 0x00, 0x00, 0x00, 0x00, 0x00,
    0x00, 0x00, 0x00, 0x00, 0xB1, 0xA8, 0xB5, 0xFF, 0xAE, 0xA5, 0xA8, 0xFF, 0xAE, 0xA7, 0xA4, 0xFF,
    0xAB, 0xA3, 0xA1, 0xFF, 0xAE, 0xA7, 0xA4, 0xFF, 0xAE, 0xA7, 0xA4, 0xFF, 0xAE, 0xA7, 0xA4, 0xFF,
    0xAE, 0xA7, 0xA4, 0xFF, 0xAE, 0xA7, 0xA4, 0xFF, 0xAE, 0xA7, 0xA4, 0xFF, 0xAE, 0xA7, 0xA4, 0xFF,
    0xAB, 0xA3, 0xA1, 0xFF, 0xAB, 0xA3, 0xA1, 0xFF, 0xAE, 0xA5, 0xA8, 0xFF, 0x51, 0x3E, 0x45, 0xFF,
    0x00, 0x00, 0x00, 0x00, 0x00, 0x00, 0x00, 0x00, 0x00, 0x00, 0x00, 0x00, 0x00, 0x00, 0x00, 0x00,
    0x00, 0x00, 0x00, 0x00, 0x00, 0x00, 0x00, 0x00, 0x00, 0x00, 0x00, 0x00, 0x00, 0x00, 0x00, 0x00,
    0x00, 0x00, 0x00, 0x00, 0x00, 0x00, 0x00, 0x00, 0x00, 0x00, 0x00, 0x00, 0x00, 0x00, 0x00, 0x00,
    0x00, 0x00, 0x00, 0x00, 0x00, 0x00, 0x00, 0x00, 0x00, 0x00, 0x00, 0x00, 0x00, 0x00, 0x00, 0x00,
    0x00, 0x00, 0x00, 0x00, 0x00, 0x00, 0x00, 0x00, 0x00, 0x00, 0x00, 0x00, 0x00, 0x00, 0x00, 0x00,
    0x00, 0x00, 0x00, 0x00, 0x00, 0x00, 0x00, 0x00, 0x00, 0x00, 0x00, 0x00, 0x00, 0x00, 0x00, 0x00,
    0x00, 0x00, 0x00, 0x00, 0x00, 0x00, 0x00, 0x00, 0x00, 0x00, 0x00, 0x00, 0x00, 0x00, 0x00, 0x00,
    0x00, 0x00, 0x00, 0x00, 0x00, 0x00, 0x00, 0x00, 0x00, 0x00, 0x00, 0x00, 0x00, 0x00, 0x00, 0x00,
    0x00, 0x00, 0x00, 0x00, 0x51, 0x3E, 0x45, 0xFF, 0xAE, 0xA5, 0xA8, 0xFF, 0xAB, 0xA3, 0xA1, 0xFF,
    0xAE, 0xA5, 0xA8, 0xFF, 0xAE, 0xA7, 0xA4, 0xFF, 0xAE, 0xA7, 0xA4, 0xFF, 0xAE, 0xA7, 0xA4, 0xFF,
    0xAE, 0xA5, 0xA8, 0xFF, 0xAE, 0xA7, 0xA4, 0xFF, 0xAE, 0xA7, 0xA4, 0xFF, 0xAE, 0xA7, 0xA4, 0xFF,
    0xAE, 0xA5, 0xA8, 0xFF, 0x51, 0x3E, 0x45, 0xFF, 0x00, 0x00, 0x00, 0x00, 0x00, 0x00, 0x00, 0x00,
    0x00, 0x00, 0x00, 0x00, 0x00, 0x00, 0x00, 0x00, 0x00, 0x00, 0x00, 0x00, 0x00, 0x00, 0x00, 0x00,
    0x00, 0x00, 0x00, 0x00, 0x00, 0x00, 0x00, 0x00, 0x00, 0x00, 0x00, 0x00, 0x00, 0x00, 0x00, 0x00,
    0x00, 0x00, 0x00, 0x00, 0x51, 0x3E, 0x45, 0xFF, 0xAE, 0xA7, 0xA4, 0xFF, 0xAE, 0xA7, 0xA4, 0xFF,
    0xAE, 0xA5, 0xA8, 0xFF, 0xAE, 0xA7, 0xA4, 0xFF, 0xAE, 0xA7, 0xA4, 0xFF, 0xAE, 0xA7, 0xA4, 0xFF,
    0xAE, 0xA7, 0xA4, 0xFF, 0xAE, 0xA5, 0xA8, 0xFF, 0xAE, 0xA7, 0xA4, 0xFF, 0xAE, 0xA7, 0xA4, 0xFF,
    0xA9, 0xA0, 0x9E, 0xFF, 0xAB, 0xA3, 0xA1, 0xFF, 0x51, 0x3E, 0x45, 0xFF, 0x00, 0x00, 0x00, 0x00,
    0x00, 0x00, 0x00, 0x00, 0x00, 0x00, 0x00, 0x00, 0x00, 0x00, 0x00, 0x00, 0x00, 0x00, 0x00, 0x00,
    0x00, 0x00, 0x00, 0x00, 0x00, 0x00, 0x00, 0x00, 0x00, 0x00, 0x00, 0x00, 0x00, 0x00, 0x00, 0x00,
    0x00, 0x00, 0x00, 0x00, 0x00, 0x00, 0x00, 0x00, 0x00, 0x00, 0x00, 0x00, 0x00, 0x00, 0x00, 0x00,
    0x00, 0x00, 0x00, 0x00, 0x00, 0x00, 0x00, 0x00, 0x00, 0x00, 0x00, 0x00, 0x00, 0x00, 0x00, 0x00,
    0x00, 0x00, 0x00, 0x00, 0x00, 0x00, 0x00, 0x00, 0x00, 0x00, 0x00, 0x00, 0x00, 0x00, 0x00, 0x00,
    0x00, 0x00, 0x00, 0x00, 0x00, 0x00, 0x00, 0x00, 0x00, 0x00, 0x00, 0x00, 0x00, 0x00, 0x00, 0x00,
    0x00, 0x00, 0x00, 0x00, 0x00, 0x00, 0x00, 0x00, 0x00, 0x00, 0x00, 0x00, 0x00, 0x00, 0x00, 0x00,
    0x00, 0x00, 0x00, 0x00, 0x00, 0x00, 0x00, 0x00, 0x00, 0x00, 0x00, 0x00, 0x00, 0x00, 0x00, 0x00,
    0x00, 0x00, 0x00, 0x00, 0x51, 0x3E, 0x45, 0xFF, 0xAE, 0xA7, 0xA4, 0xFF, 0xAE, 0xA7, 0xA4, 0xFF,
    0xAE, 0xA7, 0xA4, 0xFF, 0xAE, 0xA7, 0xA4, 0xFF, 0xAE, 0xA7, 0xA4, 0xFF, 0xAE, 0xA7, 0xA4, 0xFF,
    0xAE, 0xA7, 0xA4, 0xFF, 0xAE, 0xA7, 0xA4, 0xFF, 0xAE, 0xA5, 0xA8, 0xFF, 0x95, 0x87, 0x84, 0xFF,
    0x95, 0x87, 0x84, 0xFF, 0x00, 0x00, 0x00, 0x00, 0x00, 0x00, 0x00, 0x00, 0x00, 0x00, 0x00, 0x00,
    0x00, 0x00, 0x00, 0x00, 0x00, 0x00, 0x00, 0x00, 0x00, 0x00, 0x00, 0x00, 0x00, 0x00, 0x00, 0x00,
    0x00, 0x00, 0x00, 0x00, 0x00, 0x00, 0x00, 0x00, 0x00, 0x00, 0x00, 0x00, 0x00, 0x00, 0x00, 0x00,
    0x00, 0x00, 0x00, 0x00, 0x00, 0x00, 0x00, 0x00, 0x51, 0x3E, 0x45, 0xFF, 0xAE, 0xA7, 0xA4, 0xFF,
    0xAE, 0xA7, 0xA4, 0xFF, 0xAE, 0xA7, 0xA4, 0xFF, 0xAE, 0xA7, 0xA4, 0xFF, 0xAE, 0xA7, 0xA4, 0xFF,
    0xAE, 0xA7, 0xA4, 0xFF, 0xAE, 0xA7, 0xA4, 0xFF, 0xAE, 0xA7, 0xA4, 0xFF, 0xAE, 0xA7, 0xA4, 0xFF,
    0xAB, 0xA3, 0xA1, 0xFF, 0xAB, 0xA3, 0xA1, 0xFF, 0x51, 0x3E, 0x45, 0xFF, 0x00, 0x00, 0x00, 0x00,
    0x00, 0x00, 0x00, 0x00, 0x00, 0x00, 0x00, 0x00, 0x00, 0x00, 0x00, 0x00, 0x00, 0x00, 0x00, 0x00,
    0x00, 0x00, 0x00, 0x00, 0x00, 0x00, 0x00, 0x00, 0x00, 0x00, 0x00, 0x00, 0x00, 0x00, 0x00, 0x00,
    0x00, 0x00, 0x00, 0x00, 0x00, 0x00, 0x00, 0x00, 0x00, 0x00, 0x00, 0x00, 0x00, 0x00, 0x00, 0x00,
    0x00, 0x00, 0x00, 0x00, 0x00, 0x00, 0x00, 0x00, 0x00, 0x00, 0x00, 0x00, 0x00, 0x00, 0x00, 0x00,
    0x00, 0x00, 0x00, 0x00, 0x00, 0x00, 0x00, 0x00, 0x00, 0x00, 0x00, 0x00, 0x00, 0x00, 0x00, 0x00,
    0x00, 0x00, 0x00, 0x00, 0x00, 0x00, 0x00, 0x00, 0x00, 0x00, 0x00, 0x00, 0x00, 0x00, 0x00, 0x00,
    0x00, 0x00, 0x00, 0x00, 0x00, 0x00, 0x00, 0x00, 0x00, 0x00, 0x00, 0x00, 0x00, 0x00, 0x00, 0x00,
    0x00, 0x00, 0x00, 0x00, 0x00, 0x00, 0x00, 0x00, 0x00, 0x00, 0x00, 0x00, 0x00, 0x00, 0x00, 0x00,
    0x00, 0x00, 0x00, 0x00, 0x00, 0x00, 0x00, 0x00, 0x65, 0x52, 0x51, 0xFF, 0xB1, 0xA8, 0xB5, 0xFF,
    0xAE, 0xA7, 0xA4, 0xFF, 0xAE, 0xA7, 0xA4, 0xFF, 0xAE, 0xA7, 0xA4, 0xFF, 0xAE, 0xA5, 0xA8, 0xFF,
    0xAE, 0xA7, 0xA4, 0xFF, 0xAE, 0xA7, 0xA4, 0xFF, 0xAE, 0xA7, 0xA4, 0xFF, 0x51, 0x3E, 0x45, 0xFF,
    0x51, 0x3E, 0x45, 0xFF, 0x00, 0x00, 0x00, 0x00, 0x00, 0x00, 0x00, 0x00, 0x00, 0x00, 0x00, 0x00,
    0x00, 0x00, 0x00, 0x00, 0x00, 0x00, 0x00, 0x00, 0x00, 0x00, 0x00, 0x00, 0x00, 0x00, 0x00, 0x00,
    0x00, 0x00, 0x00, 0x00, 0x00, 0x00, 0x00, 0x00, 0x00, 0x00, 0x00, 0x00, 0x00, 0x00, 0x00, 0x00,
    0x00, 0x00, 0x00, 0x00, 0x00, 0x00, 0x00, 0x00, 0x51, 0x3E, 0x45, 0xFF, 0xAE, 0xA7, 0xA4, 0xFF,
    0xAE, 0xA7, 0xA4, 0xFF, 0xAE, 0xA7, 0xA4, 0xFF, 0xAE, 0xA7, 0xA4, 0xFF, 0xAE, 0xA7, 0xA4, 0xFF,
    0xAE, 0xA7, 0xA4, 0xFF, 0xAE, 0xA7, 0xA4, 0xFF, 0xAE, 0xA7, 0xA4, 0xFF, 0xAE, 0xA7, 0xA4, 0xFF,
    0xB1, 0xA8, 0xB5, 0xFF, 0x51, 0x3E, 0x45, 0xFF, 0x00, 0x00, 0x00, 0x00, 0x00, 0x00, 0x00, 0x00,
    0x00, 0x00, 0x00, 0x00, 0x00, 0x00, 0x00, 0x00, 0x00, 0x00, 0x00, 0x00, 0x00, 0x00, 0x00, 0x00,
    0x00, 0x00, 0x00, 0x00, 0x00, 0x00, 0x00, 0x00, 0x00, 0x00, 0x00, 0x00, 0x00, 0x00, 0x00, 0x00,
    0x00, 0x00, 0x00, 0x00, 0x00, 0x00, 0x00, 0x00, 0x00, 0x00, 0x00, 0x00, 0x00, 0x00, 0x00, 0x00,
    0x00, 0x00, 0x00, 0x00, 0x00, 0x00, 0x00, 0x00, 0x00, 0x00, 0x00, 0x00, 0x00, 0x00, 0x00, 0x00,
};

const lv_image_dsc_t rabbit_front = {
    .header.magic = LV_IMAGE_HEADER_MAGIC,
    .header.cf = LV_COLOR_FORMAT_ARGB8888,
    .header.w = 72,
    .header.h = 72,
    .header.stride = 288,
    .data_size = sizeof(rabbit_front_map),
    .data = rabbit_front_map,
};

static const uint8_t rabbit_back_map[] = {
    0x00, 0x00, 0x00, 0x00, 0x00, 0x00, 0x00, 0x00, 0x00, 0x00, 0x00, 0x00, 0x00, 0x00, 0x00, 0x00,
    0x00, 0x00, 0x00, 0x00, 0x00, 0x00, 0x00, 0x00, 0x00, 0x00, 0x00, 0x00, 0x00, 0x00, 0x00, 0x00,
    0x00, 0x00, 0x00, 0x00, 0x00, 0x00, 0x00, 0x00, 0x00, 0x00, 0x00, 0x00, 0x00, 0x00, 0x00, 0x00,
    0x00, 0x00, 0x00, 0x00, 0x00, 0x00, 0x00, 0x00, 0x00, 0x00, 0x00, 0x00, 0x00, 0x00, 0x00, 0x00,
    0x00, 0x00, 0x00, 0x00, 0x00, 0x00, 0x00, 0x00, 0x5E, 0x51, 0x4E, 0xFF, 0x5E, 0x51, 0x4E, 0xFF,
    0x00, 0x00, 0x00, 0x00, 0x00, 0x00, 0x00, 0x00, 0x00, 0x00, 0x00, 0x00, 0x00, 0x00, 0x00, 0x00,
    0x00, 0x00, 0x00, 0x00, 0x00, 0x00, 0x00, 0x00, 0x00, 0x00, 0x00, 0x00, 0x00, 0x00, 0x00, 0x00,
    0x00, 0x00, 0x00, 0x00, 0x00, 0x00, 0x00, 0x00, 0x00, 0x00, 0x00, 0x00, 0x00, 0x00, 0x00, 0x00,
    0x00, 0x00, 0x00, 0x00, 0x00, 0x00, 0x00, 0x00, 0x00, 0x00, 0x00, 0x00, 0x00, 0x00, 0x00, 0x00,
    0x00, 0x00, 0x00, 0x00, 0x00, 0x00, 0x00, 0x00, 0x00, 0x00, 0x00, 0x00, 0x00, 0x00, 0x00, 0x00,
    0x00, 0x00, 0x00, 0x00, 0x00, 0x00, 0x00, 0x00, 0x00, 0x00, 0x00, 0x00, 0x00, 0x00, 0x00, 0x00,
    0x00, 0x00, 0x00, 0x00, 0x00, 0x00, 0x00, 0x00, 0x00, 0x00, 0x00, 0x00, 0x00, 0x00, 0x00, 0x00,
    0x00, 0x00, 0x00, 0x00, 0x00, 0x00, 0x00, 0x00, 0x00, 0x00, 0x00, 0x00, 0x00, 0x00, 0x00, 0x00,
    0x5E, 0x51, 0x4E, 0xFF, 0x5E, 0x51, 0x4E, 0xFF, 0x00, 0x00, 0x00, 0x00, 0x00, 0x00, 0x00, 0x00,
    0x00, 0x00, 0x00, 0x00, 0x00, 0x00, 0x00, 0x00, 0x00, 0x00, 0x00, 0x00, 0x00, 0x00, 0x00, 0x00,
    0x00, 0x00, 0x00, 0x00, 0x00, 0x00, 0x00, 0x00, 0x00, 0x00, 0x00, 0x00, 0x00, 0x00, 0x00, 0x00,
    0x00, 0x00, 0x00, 0x00, 0x00, 0x00, 0x00, 0x00, 0x00, 0x00, 0x00, 0x00, 0x00, 0x00, 0x00, 0x00,
    0x00, 0x00, 0x00, 0x00, 0x00, 0x00, 0x00, 0x00, 0x00, 0x00, 0x00, 0x00, 0x00, 0x00, 0x00, 0x00,
    0x00, 0x00, 0x00, 0x00, 0x00, 0x00, 0x00, 0x00, 0x00, 0x00, 0x00, 0x00, 0x00, 0x00, 0x00, 0x00,
    0x00, 0x00, 0x00, 0x00, 0x00, 0x00, 0x00, 0x00, 0x00, 0x00, 0x00, 0x00, 0x00, 0x00, 0x00, 0x00,
    0x00, 0x00, 0x00, 0x00, 0x00, 0x00, 0x00, 0x00, 0x00, 0x00, 0x00, 0x00, 0x00, 0x00, 0x00, 0x00,
    0x00, 0x00, 0x00, 0x00, 0x00, 0x00, 0x00, 0x00, 0x00, 0x00, 0x00, 0x00, 0x00, 0x00, 0x00, 0x00,
    0x00, 0x00, 0x00, 0x00, 0x5E, 0x51, 0x4E, 0xFF, 0xD1, 0xD3, 0xCA, 0xFF, 0xD0, 0xD1, 0xCC, 0xFF,
    0x5E, 0x51, 0x4E, 0xFF, 0x5E, 0x51, 0x4E, 0xFF, 0x00, 0x00, 0x00, 0x00, 0x00, 0x00, 0x00, 0x00,
    0x00, 0x00, 0x00, 0x00, 0x00, 0x00, 0x00, 0x00, 0x00, 0x00, 0x00, 0x00, 0x00, 0x00, 0x00, 0x00,
    0x00, 0x00, 0x00, 0x00, 0x00, 0x00, 0x00, 0x00, 0x00, 0x00, 0x00, 0x00, 0x00, 0x00, 0x00, 0x00,
    0x00, 0x00, 0x00, 0x00, 0x00, 0x00, 0x00, 0x00, 0x00, 0x00, 0x00, 0x00, 0x00, 0x00, 0x00, 0x00,
    0x00, 0x00, 0x00, 0x00, 0x00, 0x00, 0x00, 0x00, 0x00, 0x00, 0x00, 0x00, 0x00, 0x00, 0x00, 0x00,
    0x00, 0x00, 0x00, 0x00, 0x00, 0x00, 0x00, 0x00, 0x00, 0x00, 0x00, 0x00, 0x00, 0x00, 0x00, 0x00,
    0x00, 0x00, 0x00, 0x00, 0x00, 0x00, 0x00, 0x00, 0x00, 0x00, 0x00, 0x00, 0x00, 0x00, 0x00, 0x00,
    0x00, 0x00, 0x00, 0x00, 0x00, 0x00, 0x00, 0x00, 0x00, 0x00, 0x00, 0x00, 0x5E, 0x51, 0x4E, 0xFF,
    0xCF, 0xD1, 0xC9, 0xFF, 0xD1, 0xD3, 0xCA, 0xFF, 0x5E, 0x51, 0x4E, 0xFF, 0x00, 0x00, 0x00, 0x00,
    0x00, 0x00, 0x00, 0x00, 0x00, 0x00, 0x00, 0x00, 0x00, 0x00, 0x00, 0x00, 0x00, 0x00, 0x00, 0x00,
    0x00, 0x00, 0x00, 0x00, 0x00, 0x00, 0x00, 0x00, 0x00, 0x00, 0x00, 0x00, 0x00, 0x00, 0x00, 0x00,
    0x00, 0x00, 0x00, 0x00, 0x00, 0x00, 0x00, 0x00, 0x00, 0x00, 0x00, 0x00, 0x00, 0x00, 0x00, 0x00,
    0x00, 0x00, 0x00, 0x00, 0x00, 0x00, 0x00, 0x00, 0x00, 0x00, 0x00, 0x00, 0x00, 0x00, 0x00, 0x00,
    0x00, 0x00, 0x00, 0x00, 0x00, 0x00, 0x00, 0x00, 0x00, 0x00, 0x00, 0x00, 0x00, 0x00, 0x00, 0x00,
    0x00, 0x00, 0x00, 0x00, 0x00, 0x00, 0x00, 0x00, 0x00, 0x00, 0x00, 0x00, 0x00, 0x00, 0x00, 0x00,
    0x00, 0x00, 0x00, 0x00, 0x00, 0x00, 0x00, 0x00, 0x00, 0x00, 0x00, 0x00, 0x00, 0x00, 0x00, 0x00,
    0x00, 0x00, 0x00, 0x00, 0x00, 0x00, 0x00, 0x00, 0x00, 0x00, 0x00, 0x00, 0x00, 0x00, 0x00, 0x00,
    0x5E, 0x51, 0x4E, 0xFF, 0xA3, 0x9F, 0x9A, 0xFF, 0xD2, 0xD3, 0xCD, 0xFF, 0xD0, 0xD1, 0xCC, 0xFF,
    0xD0, 0xD1, 0xCC, 0xFF, 0xCC, 0xCE, 0xC7, 0xFF, 0x5E, 0x51, 0x4E, 0xFF, 0x00, 0x00, 0x00, 0x00,
    0x00, 0x00, 0x00, 0x00, 0x00, 0x00, 0x00, 0x00, 0x00, 0x00, 0x00, 0x00, 0x00, 0x00, 0x00, 0x00,
    0x00, 0x00, 0x00, 0x00, 0x00, 0x00, 0x00, 0x00, 0x00, 0x00, 0x00, 0x00, 0x00, 0x00, 0x00, 0x00,
    0x00, 0x00, 0x00, 0x00, 0x00, 0x00, 0x00, 0x00, 0x00, 0x00, 0x00, 0x00, 0x00, 0x00, 0x00, 0x00,
    0x00, 0x00, 0x00, 0x00, 0x00, 0x00, 0x00, 0x00, 0x00, 0x00, 0x00, 0x00, 0x00, 0x00, 0x00, 0x00,
    0x00, 0x00, 0x00, 0x00, 0x00, 0x00, 0x00, 0x00, 0x00, 0x00, 0x00, 0x00, 0x00, 0x00, 0x00, 0x00,
    0x00, 0x00, 0x00, 0x00, 0x00, 0x00, 0x00, 0x00, 0x00, 0x00, 0x00, 0x00, 0x00, 0x00, 0x00, 0x00,
    0x00, 0x00, 0x00, 0x00, 0x5E, 0x51, 0x4E, 0xFF, 0x5E, 0x51, 0x4E, 0xFF, 0xD2, 0xD3, 0xCD, 0xFF,
    0xCF, 0xD1, 0xC9, 0xFF, 0xD1, 0xD3, 0xCA, 0xFF, 0xA2, 0x9E, 0x97, 0xFF, 0x5E, 0x51, 0x4E, 0xFF,
    0x00, 0x00, 0x00, 0x00, 0x00, 0x00, 0x00, 0x00, 0x00, 0x00, 0x00, 0x00, 0x00, 0x00, 0x00, 0x00,
    0x00, 0x00, 0x00, 0x00, 0x00, 0x00, 0x00, 0x00, 0x00, 0x00, 0x00, 0x00, 0x00, 0x00, 0x00, 0x00,
    0x00, 0x00, 0x00, 0x00, 0x00, 0x00, 0x00, 0x00, 0x00, 0x00, 0x00, 0x00, 0x00, 0x00, 0x00, 0x00,
    0x00, 0x00, 0x00, 0x00, 0x00, 0x00, 0x00, 0x00, 0x00, 0x00, 0x00, 0x00, 0x00, 0x00, 0x00, 0x00,
    0x00, 0x00, 0x00, 0x00, 0x00, 0x00, 0x00, 0x00, 0x00, 0x00, 0x00, 0x00, 0x00, 0x00, 0x00, 0x00,
    0x00, 0x00, 0x00, 0x00, 0x00, 0x00, 0x00, 0x00, 0x00, 0x00, 0x00, 0x00, 0x00, 0x00, 0x00, 0x00,
    0x00, 0x00, 0x00, 0x00, 0x00, 0x00, 0x00, 0x00, 0x00, 0x00, 0x00, 0x00, 0x00, 0x00, 0x00, 0x00,
    0x00, 0x00, 0x00, 0x00, 0x00, 0x00, 0x00, 0x00, 0x00, 0x00, 0x00, 0x00, 0x00, 0x00, 0x00, 0x00,
    0x5E, 0x51, 0x4E, 0xFF, 0xD2, 0xD3, 0xCD, 0xFF, 0xD1, 0xD3, 0xCA, 0xFF, 0xD1, 0xD3, 0xCA, 0xFF,
    0xD0, 0xD1, 0xCC, 0xFF, 0xD1, 0xD3, 0xCA, 0xFF, 0xD4, 0xD7, 0xCF, 0xFF, 0x5E, 0x51, 0x4E, 0xFF,
    0x00, 0x00, 0x00, 0x00, 0x00, 0x00, 0x00, 0x00, 0x00, 0x00, 0x00, 0x00, 0x00, 0x00, 0x00, 0x00,
    0x00, 0x00, 0x00, 0x00, 0x00, 0x00, 0x00, 0x00, 0x00, 0x00, 0x00, 0x00, 0x00, 0x00, 0x00, 0x00,
    0x00, 0x00, 0x00, 0x00, 0x00, 0x00, 0x00, 0x00, 0x00, 0x00, 0x00, 0x00, 0x00, 0x00, 0x00, 0x00,
    0x00, 0x00, 0x00, 0x00, 0x00, 0x00, 0x00, 0x00, 0x00, 0x00, 0x00, 0x00, 0x00, 0x00, 0x00, 0x00,
    0x00, 0x00, 0x00, 0x00, 0x00, 0x00, 0x00, 0x00, 0x00, 0x00, 0x00, 0x00, 0x00, 0x00, 0x00, 0x00,
    0x00, 0x00, 0x00, 0x00, 0x00, 0x00, 0x00, 0x00, 0x00, 0x00, 0x00, 0x00, 0x00, 0x00, 0x00, 0x00,
    0x5E, 0x51, 0x4E, 0xFF, 0xD3, 0xD5, 0xCE, 0xFF, 0xD2, 0xD3, 0xCD, 0xFF, 0xD1, 0xD3, 0xCA, 0xFF,
    0xCF, 0xD1, 0xC9, 0xFF, 0xD1, 0xD3, 0xCA, 0xFF, 0xBD, 0xBD, 0xB8, 0xFF, 0x5E, 0x51, 0x4E, 0xFF,
    0x00, 0x00, 0x00, 0x00, 0x00, 0x00, 0x00, 0x00, 0x00, 0x00, 0x00, 0x00, 0x00, 0x00, 0x00, 0x00,
    0x00, 0x00, 0x00, 0x00, 0x00, 0x00, 0x00, 0x00, 0x00, 0x00, 0x00, 0x00, 0x00, 0x00, 0x00, 0x00,
    0x00, 0x00, 0x00, 0x00, 0x00, 0x00, 0x00, 0x00, 0x00, 0x00, 0x00, 0x00, 0x00, 0x00, 0x00, 0x00,
    0x00, 0x00, 0x00, 0x00, 0x00, 0x00, 0x00, 0x00, 0x00, 0x00, 0x00, 0x00, 0x00, 0x00, 0x00, 0x00,
    0x00, 0x00, 0x00, 0x00, 0x00, 0x00, 0x00, 0x00, 0x00, 0x00, 0x00, 0x00, 0x00, 0x00, 0x00, 0x00,
    0x00, 0x00, 0x00, 0x00, 0x00, 0x00, 0x00, 0x00, 0x00, 0x00, 0x00, 0x00, 0x00, 0x00, 0x00, 0x00,
    0x00, 0x00, 0x00, 0x00, 0x00, 0x00, 0x00, 0x00, 0x00, 0x00, 0x00, 0x00, 0x00, 0x00, 0x00, 0x00,
    0x00, 0x00, 0x00, 0x00, 0x00, 0x00, 0x00, 0x00, 0x00, 0x00, 0x00, 0x00, 0x5E, 0x51, 0x4E, 0xFF,
    0xA9, 0xA5, 0xA7, 0xFF, 0xD2, 0xD3, 0xCD, 0xFF, 0xD1, 0xD3, 0xCA, 0xFF, 0xD2, 0xD4, 0xCD, 0xFF,
    0xD2, 0xD3, 0xCD, 0xFF, 0xD1, 0xD3, 0xCA, 0xFF, 0xD1, 0xD3, 0xCA, 0xFF, 0xCF, 0xD1, 0xC9, 0xFF,
    0x5E, 0x51, 0x4E, 0xFF, 0x00, 0x00, 0x00, 0x00, 0x00, 0x00, 0x00, 0x00, 0x00, 0x00, 0x00, 0x00,
    0x00, 0x00, 0x00, 0x00, 0x00, 0x00, 0x00, 0x00, 0x00, 0x00, 0x00, 0x00, 0x00, 0x00, 0x00, 0x00,
    0x00, 0x00, 0x00, 0x00, 0x00, 0x00, 0x00, 0x00, 0x00, 0x00, 0x00, 0x00, 0x00, 0x00, 0x00, 0x00,
    0x00, 0x00, 0x00, 0x00, 0x00, 0x00, 0x00, 0x00, 0x00, 0x00, 0x00, 0x00, 0x00, 0x00, 0x00, 0x00,
    0x00, 0x00, 0x00, 0x00, 0x00, 0x00, 0x00, 0x00, 0x00, 0x00, 0x00, 0x00, 0x00, 0x00, 0x00, 0x00,
    0x00, 0x00, 0x00, 0x00, 0x00, 0x00, 0x00, 0x00, 0x5E, 0x51, 0x4E, 0xFF, 0x5E, 0x51, 0x4E, 0xFF,
    0xD2, 0xD4, 0xCD, 0xFF, 0xCC, 0xCE, 0xC7, 0xFF, 0xD1, 0xD3, 0xCA, 0xFF, 0xD1, 0xD3, 0xCA, 0xFF,
    0xD1, 0xD3, 0xCA, 0xFF, 0xD1, 0xD3, 0xCA, 0xFF, 0xD3, 0xD5, 0xCE, 0xFF, 0xA2, 0x9E, 0x97, 0xFF,
    0x5E, 0x51, 0x4E, 0xFF, 0x00, 0x00, 0x00, 0x00, 0x00, 0x00, 0x00, 0x00, 0x00, 0x00, 0x00, 0x00,
    0x00, 0x00, 0x00, 0x00, 0x00, 0x00, 0x00, 0x00, 0x00, 0x00, 0x00, 0x00, 0x00, 0x00, 0x00, 0x00,
    0x00, 0x00, 0x00, 0x00, 0x00, 0x00, 0x00, 0x00, 0x00, 0x00, 0x00, 0x00, 0x00, 0x00, 0x00, 0x00,
    0x00, 0x00, 0x00, 0x00, 0x00, 0x00, 0x00, 0x00, 0x00, 0x00, 0x00, 0x00, 0x00, 0x00, 0x00, 0x00,
    0x00, 0x00, 0x00, 0x00, 0x00, 0x00, 0x00, 0x00, 0x00, 0x00, 0x00, 0x00, 0x00, 0x00, 0x00, 0x00,
    0x00, 0x00, 0x00, 0x00, 0x00, 0x00, 0x00, 0x00, 0x00, 0x00, 0x00, 0x00, 0x00, 0x00, 0x00, 0x00,
    0x00, 0x00, 0x00, 0x00, 0x00, 0x00, 0x00, 0x00, 0x00, 0x00, 0x00, 0x00, 0x00, 0x00, 0x00, 0x00,
    0x00, 0x00, 0x00, 0x00, 0x00, 0x00, 0x00, 0x00, 0x00, 0x00, 0x00, 0x00, 0x5E, 0x51, 0x4E, 0xFF,
    0xA9, 0xA5, 0xA7, 0xFF, 0xD1, 0xD3, 0xCA, 0xFF, 0xD3, 0xD5, 0xCE, 0xFF, 0xD1, 0xD3, 0xCA, 0xFF,
    0xD1, 0xD3, 0xCA, 0xFF, 0xD1, 0xD3, 0xCA, 0xFF, 0xD1, 0xD3, 0xCA, 0xFF, 0xD2, 0xD3, 0xCD, 0xFF,
    0xD0, 0xD1, 0xCC, 0xFF, 0x5E, 0x51, 0x4E, 0xFF, 0x5E, 0x51, 0x4E, 0xFF, 0x00, 0x00, 0x00, 0x00,
    0x00, 0x00, 0x00, 0x00, 0x00, 0x00, 0x00, 0x00, 0x00, 0x00, 0x00, 0x00, 0x00, 0x00, 0x00, 0x00,
    0x00, 0x00, 0x00, 0x00, 0x00, 0x00, 0x00, 0x00, 0x00, 0x00, 0x00, 0x00, 0x00, 0x00, 0x00, 0x00,
    0x00, 0x00, 0x00, 0x00, 0x00, 0x00, 0x00, 0x00, 0x00, 0x00, 0x00, 0x00, 0x00, 0x00, 0x00, 0x00,
    0x00, 0x00, 0x00, 0x00, 0x00, 0x00, 0x00, 0x00, 0x00, 0x00, 0x00, 0x00, 0x00, 0x00, 0x00, 0x00,
    0x00, 0x00, 0x00, 0x00, 0x5E, 0x51, 0x4E, 0xFF, 0xD3, 0xD5, 0xCE, 0xFF, 0xD3, 0xD5, 0xCE, 0xFF,
    0xD0, 0xD1, 0xCC, 0xFF, 0xD1, 0xD3, 0xCA, 0xFF, 0xD1, 0xD3, 0xCA, 0xFF, 0xD1, 0xD3, 0xCA, 0xFF,
    0xD1, 0xD3, 0xCA, 0xFF, 0xD0, 0xD1, 0xCC, 0xFF, 0xD2, 0xD4, 0xCD, 0xFF, 0xA9, 0xA5, 0xA7, 0xFF,
    0x5E, 0x51, 0x4E, 0xFF, 0x00, 0x00, 0x00, 0x00, 0x00, 0x00, 0x00, 0x00, 0x00, 0x00, 0x00, 0x00,
    0x00, 0x00, 0x00, 0x00, 0x00, 0x00, 0x00, 0x00, 0x00, 0x00, 0x00, 0x00, 0x00, 0x00, 0x00, 0x00,
    0x00, 0x00, 0x00, 0x00, 0x00, 0x00, 0x00, 0x00, 0x00, 0x00, 0x00, 0x00, 0x00, 0x00, 0x00, 0x00,
    0x00, 0x00, 0x00, 0x00, 0x00, 0x00, 0x00, 0x00, 0x00, 0x00, 0x00, 0x00, 0x00, 0x00, 0x00, 0x00,
    0x00, 0x00, 0x00, 0x00, 0x00, 0x00, 0x00, 0x00, 0x00, 0x00, 0x00, 0x00, 0x00, 0x00, 0x00, 0x00,
    0x00, 0x00, 0x00, 0x00, 0x00, 0x00, 0x00, 0x00, 0x00, 0x00, 0x00, 0x00, 0x00, 0x00, 0x00, 0x00,
    0x00, 0x00, 0x00, 0x00, 0x00, 0x00, 0x00, 0x00, 0x00, 0x00, 0x00, 0x00, 0x00, 0x00, 0x00, 0x00,
    0x00, 0x00, 0x00, 0x00, 0x00, 0x00, 0x00, 0x00, 0x00, 0x00, 0x00, 0x00, 0x5E, 0x51, 0x4E, 0xFF,
    0xA9, 0xA5, 0xA7, 0xFF, 0xD4, 0xD7, 0xCF, 0xFF, 0xD1, 0xD3, 0xCA, 0xFF, 0xD1, 0xD3, 0xCA, 0xFF,
    0xD1, 0xD3, 0xCA, 0xFF, 0xD1, 0xD3, 0xCA, 0xFF, 0xD2, 0xD4, 0xCD, 0xFF, 0xD2, 0xD3, 0xCD, 0xFF,
    0xD2, 0xD3, 0xCD, 0xFF, 0xD0, 0xD1, 0xCC, 0xFF, 0xD0, 0xD1, 0xCC, 0xFF, 0x5E, 0x51, 0x4E, 0xFF,
    0x00, 0x00, 0x00, 0x00, 0x00, 0x00, 0x00, 0x00, 0x00, 0x00, 0x00, 0x00, 0x00, 0x00, 0x00, 0x00,
    0x00, 0x00, 0x00, 0x00, 0x00, 0x00, 0x00, 0x00, 0x00, 0x00, 0x00, 0x00, 0x00, 0x00, 0x00, 0x00,
    0x00, 0x00, 0x00, 0x00, 0x00, 0x00, 0x00, 0x00, 0x00, 0x00, 0x00, 0x00, 0x00, 0x00, 0x00, 0x00,
    0x00, 0x00, 0x00, 0x00, 0x00, 0x00, 0x00, 0x00, 0x00, 0x00, 0x00, 0x00, 0x00, 0x00, 0x00, 0x00,
    0x5E, 0x51, 0x4E, 0xFF, 0xD3, 0xD5, 0xCE, 0xFF, 0xD0, 0xD1, 0xCC, 0xFF, 0xD2, 0xD3, 0xCD, 0xFF,
    0xD0, 0xD1, 0xCC, 0xFF, 0xCF, 0xD1, 0xC9, 0xFF, 0xCF, 0xD1, 0xC9, 0xFF, 0xD1, 0xD3, 0xCA, 0xFF,
    0xD1, 0xD3, 0xCA, 0xFF, 0xD1, 0xD3, 0xCA, 0xFF, 0xD0, 0xD1, 0xCC, 0xFF, 0xA7, 0xA3, 0x9D, 0xFF,
    0x5E, 0x51, 0x4E, 0xFF, 0x00, 0x00, 0x00, 0x00, 0x00, 0x00, 0x00, 0x00, 0x00, 0x00, 0x00, 0x00,
    0x00, 0x00, 0x00, 0x00, 0x00, 0x00, 0x00, 0x00, 0x00, 0x00, 0x00, 0x00, 0x00, 0x00, 0x00, 0x00,
    0x00, 0x00, 0x00, 0x00, 0x00, 0x00, 0x00, 0x00, 0x00, 0x00, 0x00, 0x00, 0x00, 0x00, 0x00, 0x00,
    0x00, 0x00, 0x00, 0x00, 0x00, 0x00, 0x00, 0x00, 0x00, 0x00, 0x00, 0x00, 0x00, 0x00, 0x00, 0x00,
    0x00, 0x00, 0x00, 0x00, 0x00, 0x00, 0x00, 0x00, 0x00, 0x00, 0x00, 0x00, 0x00, 0x00, 0x00, 0x00,
    0x00, 0x00, 0x00, 0x00, 0x00, 0x00, 0x00, 0x00, 0x00, 0x00, 0x00, 0x00, 0x00, 0x00, 0x00, 0x00,
    0x00, 0x00, 0x00, 0x00, 0x00, 0x00, 0x00, 0x00, 0x00, 0x00, 0x00, 0x00, 0x00, 0x00, 0x00, 0x00,
    0x00, 0x00, 0x00, 0x00, 0x00, 0x00, 0x00, 0x00, 0x00, 0x00, 0x00, 0x00, 0x5E, 0x51, 0x4E, 0xFF,
    0xA7, 0xA3, 0x9D, 0xFF, 0xD3, 0xD5, 0xCE, 0xFF, 0xD1, 0xD3, 0xCA, 0xFF, 0xD1, 0xD3, 0xCA, 0xFF,
    0xD1, 0xD3, 0xCA, 0xFF, 0xD1, 0xD3, 0xCA, 0xFF, 0xCF, 0xD1, 0xC9, 0xFF, 0xD1, 0xD3, 0xCA, 0xFF,
    0xD0, 0xD1, 0xCC, 0xFF, 0xCF, 0xD1, 0xC9, 0xFF, 0xD0, 0xD1, 0xCC, 0xFF, 0xCF, 0xD1, 0xC9, 0xFF,
    0x5E, 0x51, 0x4E, 0xFF, 0x00, 0x00, 0x00, 0x00, 0x00, 0x00, 0x00, 0x00, 0x00, 0x00, 0x00, 0x00,
    0x00, 0x00, 0x00, 0x00, 0x00, 0x00, 0x00, 0x00, 0x00, 0x00, 0x00, 0x00, 0x00, 0x00, 0x00, 0x00,
    0x00, 0x00, 0x00, 0x00, 0x00, 0x00, 0x00, 0x00, 0x00, 0x00, 0x00, 0x00, 0x00, 0x00, 0x00, 0x00,
    0x00, 0x00, 0x00, 0x00, 0x00, 0x00, 0x00, 0x00, 0x00, 0x00, 0x00, 0x00, 0x5E, 0x51, 0x4E, 0xFF,
    0xD3, 0xD5, 0xCE, 0xFF, 0xD1, 0xD3, 0xCA, 0xFF, 0xCF, 0xD1, 0xC9, 0xFF, 0xD0, 0xD1, 0xCC, 0xFF,
    0xD0, 0xD1, 0xCC, 0xFF, 0xCF, 0xD1, 0xC9, 0xFF, 0xCF, 0xD1, 0xC9, 0xFF, 0xCF, 0xD1, 0xC9, 0xFF,
    0xD1, 0xD3, 0xCA, 0xFF, 0xD1, 0xD3, 0xCA, 0xFF, 0xD2, 0xD3, 0xCD, 0xFF, 0xA7, 0xA3, 0x9D, 0xFF,
    0x5E, 0x51, 0x4E, 0xFF, 0x00, 0x00, 0x00, 0x00, 0x00, 0x00, 0x00, 0x00, 0x00, 0x00, 0x00, 0x00,
    0x00, 0x00, 0x00, 0x00, 0x00, 0x00, 0x00, 0x00, 0x00, 0x00, 0x00, 0x00, 0x00, 0x00, 0x00, 0x00,
    0x00, 0x00, 0x00, 0x00, 0x00, 0x00, 0x00, 0x00, 0x00, 0x00, 0x00, 0x00, 0x00, 0x00, 0x00, 0x00,
    0x00, 0x00, 0x00, 0x00, 0x00, 0x00, 0x00, 0x00, 0x00, 0x00, 0x00, 0x00, 0x00, 0x00, 0x00, 0x00,
    0x00, 0x00, 0x00, 0x00, 0x00, 0x00, 0x00, 0x00, 0x00, 0x00, 0x00, 0x00, 0x00, 0x00, 0x00, 0x00,
    0x00, 0x00, 0x00, 0x00, 0x00, 0x00, 0x00, 0x00, 0x00, 0x00, 0x00, 0x00, 0x00, 0x00, 0x00, 0x00,
    0x00, 0x00, 0x00, 0x00, 0x00, 0x00, 0x00, 0x00, 0x00, 0x00, 0x00, 0x00, 0x00, 0x00, 0x00, 0x00,
    0x00, 0x00, 0x00, 0x00, 0x00, 0x00, 0x00, 0x00, 0x00, 0x00, 0x00, 0x00, 0x5E, 0x51, 0x4E, 0xFF,
    0xA3, 0x9F, 0x9A, 0xFF, 0xA2, 0x9E, 0x97, 0xFF, 0xD1, 0xD3, 0xCA, 0xFF, 0xCF, 0xD1, 0xC9, 0xFF,
    0xCE, 0xCF, 0xC9, 0xFF, 0xCF, 0xD1, 0xC9, 0xFF, 0xCF, 0xD1, 0xC9, 0xFF, 0xD1, 0xD3, 0xCA, 0xFF,
    0xD1, 0xD3, 0xCA, 0xFF, 0xD1, 0xD3, 0xCA, 0xFF, 0xCF, 0xD1, 0xC9, 0xFF, 0xD0, 0xD1, 0xCC, 0xFF,
    0xA7, 0xA3, 0x9D, 0xFF, 0x00, 0x00, 0x00, 0x00, 0x00, 0x00, 0x00, 0x00, 0x00, 0x00, 0x00, 0x00,
    0x00, 0x00, 0x00, 0x00, 0x00, 0x00, 0x00, 0x00, 0x00, 0x00, 0x00, 0x00, 0x00, 0x00, 0x00, 0x00,
    0x00, 0x00, 0x00, 0x00, 0x00, 0x00, 0x00, 0x00, 0x00, 0x00, 0x00, 0x00, 0x00, 0x00, 0x00, 0x00,
    0x00, 0x00, 0x00, 0x00, 0x00, 0x00, 0x00, 0x00, 0x5E, 0x51, 0x4E, 0xFF, 0xD3, 0xD5, 0xCE, 0xFF,
    0xD1, 0xD3, 0xCA, 0xFF, 0xD1, 0xD3, 0xCA, 0xFF, 0xD0, 0xD1, 0xCC, 0xFF, 0xCF, 0xD1, 0xC9, 0xFF,
    0xD0, 0xD1, 0xCC, 0xFF, 0xCF, 0xD1, 0xC9, 0xFF, 0xD0, 0xD1, 0xCC, 0xFF, 0xCE, 0xCF, 0xC9, 0xFF,
    0xD1, 0xD3, 0xCA, 0xFF, 0xD1, 0xD3, 0xCA, 0xFF, 0xA3, 0x9F, 0x9A, 0xFF, 0xA7, 0xA3, 0x9D, 0xFF,
    0x5E, 0x51, 0x4E, 0xFF, 0x00, 0x00, 0x00, 0x00, 0x00, 0x00, 0x00, 0x00, 0x00, 0x00, 0x00, 0x00,
    0x00, 0x00, 0x00, 0x00, 0x00, 0x00, 0x00, 0x00, 0x00, 0x00, 0x00, 0x00, 0x00, 0x00, 0x00, 0x00,
    0x00, 0x00, 0x00, 0x00, 0x00, 0x00, 0x00, 0x00, 0x00, 0x00, 0x00, 0x00, 0x00, 0x00, 0x00, 0x00,
    0x00, 0x00, 0x00, 0x00, 0x00, 0x00, 0x00, 0x00, 0x00, 0x00, 0x00, 0x00, 0x00, 0x00, 0x00, 0x00,
    0x00, 0x00, 0x00, 0x00, 0x00, 0x00, 0x00, 0x00, 0x00, 0x00, 0x00, 0x00, 0x00, 0x00, 0x00, 0x00,
    0x00, 0x00, 0x00, 0x00, 0x00, 0x00, 0x00, 0x00, 0x00, 0x00, 0x00, 0x00, 0x00, 0x00, 0x00, 0x00,
    0x00, 0x00, 0x00, 0x00, 0x00, 0x00, 0x00, 0x00, 0x00, 0x00, 0x00, 0x00, 0x00, 0x00, 0x00, 0x00,
    0x00, 0x00, 0x00, 0x00, 0x00, 0x00, 0x00, 0x00, 0x00, 0x00, 0x00, 0x00, 0x5E, 0x51, 0x4E, 0xFF,
    0xA7, 0xA3, 0x9D, 0xFF, 0xA7, 0xA3, 0x9D, 0xFF, 0xD0, 0xD1, 0xCC, 0xFF, 0xCF, 0xD1, 0xC9, 0xFF,
    0xCE, 0xCF, 0xC9, 0xFF, 0xCC, 0xCE, 0xC7, 0xFF, 0xCC, 0xCE, 0xC7, 0xFF, 0xD0, 0xD1, 0xCC, 0xFF,
    0xD0, 0xD1, 0xCC, 0xFF, 0xCF, 0xD1, 0xC9, 0xFF, 0xCF, 0xD1, 0xC9, 0xFF, 0xCF, 0xD1, 0xC9, 0xFF,
    0xCA, 0xCB, 0xC6, 0xFF, 0x5E, 0x51, 0x4E, 0xFF, 0x00, 0x00, 0x00, 0x00, 0x00, 0x00, 0x00, 0x00,
    0x00, 0x00, 0x00, 0x00, 0x00, 0x00, 0x00, 0x00, 0x00, 0x00, 0x00, 0x00, 0x00, 0x00, 0x00, 0x00,
    0x00, 0x00, 0x00, 0x00, 0x00, 0x00, 0x00, 0x00, 0x00, 0x00, 0x00, 0x00, 0x00, 0x00, 0x00, 0x00,
    0x00, 0x00, 0x00, 0x00, 0x00, 0x00, 0x00, 0x00, 0x9D, 0x99, 0x93, 0xFF, 0xD1, 0xD3, 0xCA, 0xFF,
    0xCE, 0xCF, 0xC9, 0xFF, 0xCF, 0xD1, 0xC9, 0xFF, 0xCF, 0xD1, 0xC9, 0xFF, 0xCE, 0xCF, 0xC9, 0xFF,
    0xCC, 0xCE, 0xC7, 0xFF, 0xCA, 0xCB, 0xC6, 0xFF, 0xCA, 0xCB, 0xC6, 0xFF, 0xCC, 0xCE, 0xC7, 0xFF,
    0xCF, 0xD1, 0xC9, 0xFF, 0xCA, 0xCB, 0xC6, 0xFF, 0xA3, 0x9F, 0x9A, 0xFF, 0xA7, 0xA3, 0x9D, 0xFF,
    0x5E, 0x51, 0x4E, 0xFF, 0x00, 0x00, 0x00, 0x00, 0x00, 0x00, 0x00, 0x00, 0x00, 0x00, 0x00, 0x00,
    0x00, 0x00, 0x00, 0x00, 0x00, 0x00, 0x00, 0x00, 0x00, 0x00, 0x00, 0x00, 0x00, 0x00, 0x00, 0x00,
    0x00, 0x00, 0x00, 0x00, 0x00, 0x00, 0x00, 0x00, 0x00, 0x00, 0x00, 0x00, 0x00, 0x00, 0x00, 0x00,
    0x00, 0x00, 0x00, 0x00, 0x00, 0x00, 0x00, 0x00, 0x00, 0x00, 0x00, 0x00, 0x00, 0x00, 0x00, 0x00,
    0x00, 0x00, 0x00, 0x00, 0x00, 0x00, 0x00, 0x00, 0x00, 0x00, 0x00, 0x00, 0x00, 0x00, 0x00, 0x00,
    0x00, 0x00, 0x00, 0x00, 0x00, 0x00, 0x00, 0x00, 0x00, 0x00, 0x00, 0x00, 0x00, 0x00, 0x00, 0x00,
    0x00, 0x00, 0x00, 0x00, 0x00, 0x00, 0x00, 0x00, 0x00, 0x00, 0x00, 0x00, 0x00, 0x00, 0x00, 0x00,
    0x00, 0x00, 0x00, 0x00, 0x00, 0x00, 0x00, 0x00, 0x00, 0x00, 0x00, 0x00, 0x5E, 0x51, 0x4E, 0xFF,
    0xA7, 0xA3, 0x9D, 0xFF, 0xA7, 0xA3, 0x9D, 0xFF, 0xA7, 0xA3, 0x9D, 0xFF, 0xCC, 0xCE, 0xC7, 0xFF,
    0xCE, 0xCF, 0xC9, 0xFF, 0xCD, 0xCD, 0xC9, 0xFF, 0xCD, 0xCD, 0xC9, 0xFF, 0xCC, 0xCE, 0xC7, 0xFF,
    0xCC, 0xCE, 0xC7, 0xFF, 0xCD, 0xCD, 0xC9, 0xFF, 0xCF, 0xD1, 0xC9, 0xFF, 0xCF, 0xD1, 0xC9, 0xFF,
    0xD0, 0xD1, 0xCC, 0xFF, 0x9F, 0x9B, 0x96, 0xFF, 0x5E, 0x51, 0x4E, 0xFF, 0x00, 0x00, 0x00, 0x00,
    0x00, 0x00, 0x00, 0x00, 0x00, 0x00, 0x00, 0x00, 0x00, 0x00, 0x00, 0x00, 0x00, 0x00, 0x00, 0x00,
    0x00, 0x00, 0x00, 0x00, 0x00, 0x00, 0x00, 0x00, 0x00, 0x00, 0x00, 0x00, 0x00, 0x00, 0x00, 0x00,
    0x00, 0x00, 0x00, 0x00, 0x5E, 0x51, 0x4E, 0xFF, 0xCC, 0xCE, 0xC7, 0xFF, 0xD1, 0xD3, 0xCA, 0xFF,
    0xCD, 0xCD, 0xC9, 0xFF, 0xCC, 0xCE, 0xC7, 0xFF, 0xCC, 0xCE, 0xC7, 0xFF, 0xCC, 0xCE, 0xC7, 0xFF,
    0xCD, 0xCD, 0xC9, 0xFF, 0xCB, 0xCE, 0xC5, 0xFF, 0xCC, 0xCE, 0xC7, 0xFF, 0xCA, 0xCB, 0xC6, 0xFF,
    0xCB, 0xCE, 0xC5, 0xFF, 0x9F, 0x9B, 0x96, 0xFF, 0xA7, 0xA3, 0x9D, 0xFF, 0xA7, 0xA3, 0x9D, 0xFF,
    0x5E, 0x51, 0x4E, 0xFF, 0x00, 0x00, 0x00, 0x00, 0x00, 0x00, 0x00, 0x00, 0x00, 0x00, 0x00, 0x00,
    0x00, 0x00, 0x00, 0x00, 0x00, 0x00, 0x00, 0x00, 0x00, 0x00, 0x00, 0x00, 0x00, 0x00, 0x00, 0x00,
    0x00, 0x00, 0x00, 0x00, 0x00, 0x00, 0x00, 0x00, 0x00, 0x00, 0x00, 0x00, 0x00, 0x00, 0x00, 0x00,
    0x00, 0x00, 0x00, 0x00, 0x00, 0x00, 0x00, 0x00, 0x00, 0x00, 0x00, 0x00, 0x00, 0x00, 0x00, 0x00,
    0x00, 0x00, 0x00, 0x00, 0x00, 0x00, 0x00, 0x00, 0x00, 0x00, 0x00, 0x00, 0x00, 0x00, 0x00, 0x00,
    0x00, 0x00, 0x00, 0x00, 0x00, 0x00, 0x00, 0x00, 0x00, 0x00, 0x00, 0x00, 0x00, 0x00, 0x00, 0x00,
    0x00, 0x00, 0x00, 0x00, 0x00, 0x00, 0x00, 0x00, 0x00, 0x00, 0x00, 0x00, 0x00, 0x00, 0x00, 0x00,
    0x00, 0x00, 0x00, 0x00, 0x00, 0x00, 0x00, 0x00, 0x00, 0x00, 0x00, 0x00, 0x5E, 0x51, 0x4E, 0xFF,
    0xA9, 0xA5, 0xA7, 0xFF, 0xA7, 0xA3, 0x9D, 0xFF, 0xA7, 0xA3, 0x9D, 0xFF, 0xCC, 0xCE, 0xC7, 0xFF,
    0xCC, 0xCE, 0xC7, 0xFF, 0xCC, 0xCE, 0xC7, 0xFF, 0xCD, 0xCD, 0xC9, 0xFF, 0xCC, 0xCE, 0xC7, 0xFF,
    0xCC, 0xCE, 0xC7, 0xFF, 0xCE, 0xCF, 0xC9, 0xFF, 0xCC, 0xCE, 0xC7, 0xFF, 0xCC, 0xCE, 0xC7, 0xFF,
    0xCC, 0xCE, 0xC7, 0xFF, 0xA7, 0xA3, 0x9D, 0xFF, 0x5E, 0x51, 0x4E, 0xFF, 0x00, 0x00, 0x00, 0x00,
    0x00, 0x00, 0x00, 0x00, 0x00, 0x00, 0x00, 0x00, 0x00, 0x00, 0x00, 0x00, 0x00, 0x00, 0x00, 0x00,
    0x00, 0x00, 0x00, 0x00, 0x00, 0x00, 0x00, 0x00, 0x00, 0x00, 0x00, 0x00, 0x00, 0x00, 0x00, 0x00,
    0x00, 0x00, 0x00, 0x00, 0x5E, 0x51, 0x4E, 0xFF, 0xCE, 0xCF, 0xC9, 0xFF, 0xD0, 0xD1, 0xCC, 0xFF,
    0xCF, 0xD1, 0xC9, 0xFF, 0xCD, 0xCD, 0xC9, 0xFF, 0xCA, 0xCB, 0xC6, 0xFF, 0xCC, 0xCE, 0xC7, 0xFF,
    0xCB, 0xCE, 0xC5, 0xFF, 0xCB, 0xCE, 0xC5, 0xFF, 0xCC, 0xCE, 0xC7, 0xFF, 0xCA, 0xCB, 0xC6, 0xFF,
    0xCE, 0xCF, 0xC9, 0xFF, 0x9F, 0x9B, 0x96, 0xFF, 0xA7, 0xA3, 0x9D, 0xFF, 0xA9, 0xA5, 0xA7, 0xFF,
    0x5E, 0x51, 0x4E, 0xFF, 0x00, 0x00, 0x00, 0x00, 0x00, 0x00, 0x00, 0x00, 0x00, 0x00, 0x00, 0x00,
    0x00, 0x00, 0x00, 0x00, 0x00, 0x00, 0x00, 0x00, 0x00, 0x00, 0x00, 0x00, 0x00, 0x00, 0x00, 0x00,
    0x00, 0x00, 0x00, 0x00, 0x00, 0x00, 0x00, 0x00, 0x00, 0x00, 0x00, 0x00, 0x00, 0x00, 0x00, 0x00,
    0x00, 0x00, 0x00, 0x00, 0x00, 0x00, 0x00, 0x00, 0x00, 0x00, 0x00, 0x00, 0x00, 0x00, 0x00, 0x00,
    0x00, 0x00, 0x00, 0x00, 0x00, 0x00, 0x00, 0x00, 0x00, 0x00, 0x00, 0x00, 0x00, 0x00, 0x00, 0x00,
    0x00, 0x00, 0x00, 0x00, 0x00, 0x00, 0x00, 0x00, 0x00, 0x00, 0x00, 0x00, 0x00, 0x00, 0x00, 0x00,
    0x00, 0x00, 0x00, 0x00, 0x00, 0x00, 0x00, 0x00, 0x00, 0x00, 0x00, 0x00, 0x00, 0x00, 0x00, 0x00,
    0x00, 0x00, 0x00, 0x00, 0x00, 0x00, 0x00, 0x00, 0x00, 0x00, 0x00, 0x00, 0x00, 0x00, 0x00, 0x00,
    0x5E, 0x51, 0x4E, 0xFF, 0xA7, 0xA3, 0x9D, 0xFF, 0xA7, 0xA3, 0x9D, 0xFF, 0xCC, 0xCE, 0xC7, 0xFF,
    0xCC, 0xCE, 0xC7, 0xFF, 0xCC, 0xCE, 0xC7, 0xFF, 0xCC, 0xCE, 0xC7, 0xFF, 0xCD, 0xCD, 0xC9, 0xFF,
    0xCD, 0xCD, 0xC9, 0xFF, 0xCC, 0xCE, 0xC7, 0xFF, 0xCD, 0xCD, 0xC9, 0xFF, 0xCC, 0xCE, 0xC7, 0xFF,
    0xCC, 0xCE, 0xC7, 0xFF, 0xCE, 0xCF, 0xC9, 0xFF, 0x9F, 0x9B, 0x96, 0xFF, 0x5E, 0x51, 0x4E, 0xFF,
    0x00, 0x00, 0x00, 0x00, 0x00, 0x00, 0x00, 0x00, 0x00, 0x00, 0x00, 0x00, 0x00, 0x00, 0x00, 0x00,
    0x00, 0x00, 0x00, 0x00, 0x00, 0x00, 0x00, 0x00, 0x00, 0x00, 0x00, 0x00, 0x00, 0x00, 0x00, 0x00,
    0x5E, 0x51, 0x4E, 0xFF, 0xA3, 0x9F, 0x9A, 0xFF, 0xD2, 0xD4, 0xCD, 0xFF, 0xCF, 0xD1, 0xC9, 0xFF,
    0xCC, 0xCE, 0xC7, 0xFF, 0xCB, 0xCE, 0xC5, 0xFF, 0xCB, 0xCE, 0xC5, 0xFF, 0xCC, 0xCE, 0xC7, 0xFF,
    0xCC, 0xCE, 0xC7, 0xFF, 0xCA, 0xCB, 0xC6, 0xFF, 0xCA, 0xCB, 0xC6, 0xFF, 0xCA, 0xCB, 0xC6, 0xFF,
    0xCD, 0xCD, 0xC9, 0xFF, 0x9F, 0x9B, 0x96, 0xFF, 0xA7, 0xA3, 0x9D, 0xFF, 0x5E, 0x51, 0x4E, 0xFF,
    0x00, 0x00, 0x00, 0x00, 0x00, 0x00, 0x00, 0x00, 0x00, 0x00, 0x00, 0x00, 0x00, 0x00, 0x00, 0x00,
    0x00, 0x00, 0x00, 0x00, 0x00, 0x00, 0x00, 0x00, 0x00, 0x00, 0x00, 0x00, 0x00, 0x00, 0x00, 0x00,
    0x00, 0x00, 0x00, 0x00, 0x00, 0x00, 0x00, 0x00, 0x00, 0x00, 0x00, 0x00, 0x00, 0x00, 0x00, 0x00,
    0x00, 0x00, 0x00, 0x00, 0x00, 0x00, 0x00, 0x00, 0x00, 0x00, 0x00, 0x00, 0x00, 0x00, 0x00, 0x00,
    0x00, 0x00, 0x00, 0x00, 0x00, 0x00, 0x00, 0x00, 0x00, 0x00, 0x00, 0x00, 0x00, 0x00, 0x00, 0x00,
    0x00, 0x00, 0x00, 0x00, 0x00, 0x00, 0x00, 0x00, 0x00, 0x00, 0x00, 0x00, 0x00, 0x00, 0x00, 0x00,
    0x00, 0x00, 0x00, 0x00, 0x00, 0x00, 0x00, 0x00, 0x00, 0x00, 0x00, 0x00, 0x00, 0x00, 0x00, 0x00,
    0x00, 0x00, 0x00, 0x00, 0x00, 0x00, 0x00, 0x00, 0x00, 0x00, 0x00, 0x00, 0x00, 0x00, 0x00, 0x00,
    0x5E, 0x51, 0x4E, 0xFF, 0xA7, 0xA3, 0x9D, 0xFF, 0xA7, 0xA3, 0x9D, 0xFF, 0xCE, 0xCF, 0xC9, 0xFF,
    0xCE, 0xCF, 0xC9, 0xFF, 0xCC, 0xCE, 0xC7, 0xFF, 0xCC, 0xCE, 0xC7, 0xFF, 0xCC, 0xCE, 0xC7, 0xFF,
    0xCC, 0xCE, 0xC7, 0xFF, 0xCD, 0xCD, 0xC9, 0xFF, 0xCB, 0xCE, 0xC5, 0xFF, 0xCB, 0xCE, 0xC5, 0xFF,
    0xCA, 0xCB, 0xC6, 0xFF, 0xCC, 0xCE, 0xC7, 0xFF, 0xA7, 0xA3, 0x9D, 0xFF, 0x5E, 0x51, 0x4E, 0xFF,
    0x00, 0x00, 0x00, 0x00, 0x00, 0x00, 0x00, 0x00, 0x00, 0x00, 0x00, 0x00, 0x00, 0x00, 0x00, 0x00,
    0x00, 0x00, 0x00, 0x00, 0x00, 0x00, 0x00, 0x00, 0x00, 0x00, 0x00, 0x00, 0x00, 0x00, 0x00, 0x00,
    0x5E, 0x51, 0x4E, 0xFF, 0xA7, 0xA3, 0x9D, 0xFF, 0xD1, 0xD3, 0xCA, 0xFF, 0xCF, 0xD1, 0xC9, 0xFF,
    0xCC, 0xCE, 0xC7, 0xFF, 0xCC, 0xCE, 0xC7, 0xFF, 0xCC, 0xCE, 0xC7, 0xFF, 0xCC, 0xCE, 0xC7, 0xFF,
    0xCC, 0xCE, 0xC7, 0xFF, 0xCC, 0xCE, 0xC7, 0xFF, 0xCC, 0xCE, 0xC7, 0xFF, 0xCA, 0xCB, 0xC6, 0xFF,
    0xCA, 0xCB, 0xC6, 0xFF, 0xA2, 0x9E, 0x97, 0xFF, 0xA7, 0xA3, 0x9D, 0xFF, 0x5E, 0x51, 0x4E, 0xFF,
    0x00, 0x00, 0x00, 0x00, 0x00, 0x00, 0x00, 0x00, 0x00, 0x00, 0x00, 0x00, 0x00, 0x00, 0x00, 0x00,
    0x00, 0x00, 0x00, 0x00, 0x00, 0x00, 0x00, 0x00, 0x00, 0x00, 0x00, 0x00, 0x00, 0x00, 0x00, 0x00,
    0x00, 0x00, 0x00, 0x00, 0x00, 0x00, 0x00, 0x00, 0x00, 0x00, 0x00, 0x00, 0x00, 0x00, 0x00, 0x00,
    0x00, 0x00, 0x00, 0x00, 0x00, 0x00, 0x00, 0x00, 0x00, 0x00, 0x00, 0x00, 0x00, 0x00, 0x00, 0x00,
    0x00, 0x00, 0x00, 0x00, 0x00, 0x00, 0x00, 0x00, 0x00, 0x00, 0x00, 0x00, 0x00, 0x00, 0x00, 0x00,
    0x00, 0x00, 0x00, 0x00, 0x00, 0x00, 0x00, 0x00, 0x00, 0x00, 0x00, 0x00, 0x00, 0x00, 0x00, 0x00,
    0x00, 0x00, 0x00, 0x00, 0x00, 0x00, 0x00, 0x00, 0x00, 0x00, 0x00, 0x00, 0x00, 0x00, 0x00, 0x00,
    0x00, 0x00, 0x00, 0x00, 0x00, 0x00, 0x00, 0x00, 0x00, 0x00, 0x00, 0x00, 0x00, 0x00, 0x00, 0x00,
    0x00, 0x00, 0x00, 0x00, 0x5E, 0x51, 0x4E, 0xFF, 0xA7, 0xA3, 0x9D, 0xFF, 0xCC, 0xCE, 0xC7, 0xFF,
    0xCE, 0xCF, 0xC9, 0xFF, 0xCC, 0xCE, 0xC7, 0xFF, 0xCC, 0xCE, 0xC7, 0xFF, 0xCC, 0xCE, 0xC7, 0xFF,
    0xCC, 0xCE, 0xC7, 0xFF, 0xCD, 0xCD, 0xC9, 0xFF, 0xCC, 0xCE, 0xC7, 0xFF, 0xCB, 0xCE, 0xC5, 0xFF,
    0xCB, 0xCE, 0xC5, 0xFF, 0xCB, 0xCE, 0xC5, 0xFF, 0x9F, 0x9B, 0x96, 0xFF, 0x5E, 0x51, 0x4E, 0xFF,
    0x00, 0x00, 0x00, 0x00, 0x00, 0x00, 0x00, 0x00, 0x00, 0x00, 0x00, 0x00, 0x00, 0x00, 0x00, 0x00,
    0x00, 0x00, 0x00, 0x00, 0x00, 0x00, 0x00, 0x00, 0x00, 0x00, 0x00, 0x00, 0x00, 0x00, 0x00, 0x00,
    0x5E, 0x51, 0x4E, 0xFF, 0xA2, 0x9E, 0x97, 0xFF, 0xD0, 0xD1, 0xCC, 0xFF, 0xCF, 0xD1, 0xC9, 0xFF,
    0xCB, 0xCE, 0xC5, 0xFF, 0xCE, 0xCF, 0xC9, 0xFF, 0xCD, 0xCD, 0xC9, 0xFF, 0xCC, 0xCE, 0xC7, 0xFF,
    0xCD, 0xCD, 0xC9, 0xFF, 0xCC, 0xCE, 0xC7, 0xFF, 0xCD, 0xCD, 0xC9, 0xFF, 0xCA, 0xCB, 0xC6, 0xFF,
    0xA9, 0xA5, 0xA7, 0xFF, 0xA3, 0x9F, 0x9A, 0xFF, 0x5E, 0x51, 0x4E, 0xFF, 0x00, 0x00, 0x00, 0x00,
    0x00, 0x00, 0x00, 0x00, 0x00, 0x00, 0x00, 0x00, 0x00, 0x00, 0x00, 0x00, 0x00, 0x00, 0x00, 0x00,
    0x00, 0x00, 0x00, 0x00, 0x00, 0x00, 0x00, 0x00, 0x00, 0x00, 0x00, 0x00, 0x00, 0x00, 0x00, 0x00,
    0x00, 0x00, 0x00, 0x00, 0x00, 0x00, 0x00, 0x00, 0x00, 0x00, 0x00, 0x00, 0x00, 0x00, 0x00, 0x00,
    0x00, 0x00, 0x00, 0x00, 0x00, 0x00, 0x00, 0x00, 0x00, 0x00, 0x00, 0x00, 0x00, 0x00, 0x00, 0x00,
    0x00, 0x00, 0x00, 0x00, 0x00, 0x00, 0x00, 0x00, 0x00, 0x00, 0x00, 0x00, 0x00, 0x00, 0x00, 0x00,
    0x00, 0x00, 0x00, 0x00, 0x00, 0x00, 0x00, 0x00, 0x00, 0x00, 0x00, 0x00, 0x00, 0x00, 0x00, 0x00,
    0x00, 0x00, 0x00, 0x00, 0x00, 0x00, 0x00, 0x00, 0x00, 0x00, 0x00, 0x00, 0x00, 0x00, 0x00, 0x00,
    0x00, 0x00, 0x00, 0x00, 0x00, 0x00, 0x00, 0x00, 0x00, 0x00, 0x00, 0x00, 0x00, 0x00, 0x00, 0x00,
    0x00, 0x00, 0x00, 0x00, 0x5E, 0x51, 0x4E, 0xFF, 0xA7, 0xA3, 0x9D, 0xFF, 0xA3, 0x9F, 0x9A, 0xFF,
    0xCE, 0xCF, 0xC9, 0xFF, 0xCB, 0xCE, 0xC5, 0xFF, 0xCC, 0xCE, 0xC7, 0xFF, 0xCC, 0xCE, 0xC7, 0xFF,
    0xCC, 0xCE, 0xC7, 0xFF, 0xCC, 0xCE, 0xC7, 0xFF, 0xCC, 0xCE, 0xC7, 0xFF, 0xCB, 0xCE, 0xC5, 0xFF,
    0xCA, 0xCB, 0xC6, 0xFF, 0xCB, 0xCE, 0xC5, 0xFF, 0xCF, 0xD1, 0xC9, 0xFF, 0x5E, 0x51, 0x4E, 0xFF,
    0x00, 0x00, 0x00, 0x00, 0x00, 0x00, 0x00, 0x00, 0x00, 0x00, 0x00, 0x00, 0x00, 0x00, 0x00, 0x00,
    0x00, 0x00, 0x00, 0x00, 0x00, 0x00, 0x00, 0x00, 0x00, 0x00, 0x00, 0x00, 0x00, 0x00, 0x00, 0x00,
    0x5E, 0x51, 0x4E, 0xFF, 0xD2, 0xD3, 0xCD, 0xFF, 0xCF, 0xD1, 0xC9, 0xFF, 0xCF, 0xD1, 0xC9, 0xFF,
    0xCD, 0xCD, 0xC9, 0xFF, 0xCC, 0xCE, 0xC7, 0xFF, 0xCC, 0xCE, 0xC7, 0xFF, 0xCD, 0xCD, 0xC9, 0xFF,
    0xCB, 0xCE, 0xC5, 0xFF, 0xCC, 0xCE, 0xC7, 0xFF, 0xCD, 0xCD, 0xC9, 0xFF, 0xCC, 0xCE, 0xC7, 0xFF,
    0xA3, 0x9F, 0x9A, 0xFF, 0xA3, 0x9F, 0x9A, 0xFF, 0x5E, 0x51, 0x4E, 0xFF, 0x00, 0x00, 0x00, 0x00,
    0x00, 0x00, 0x00, 0x00, 0x00, 0x00, 0x00, 0x00, 0x00, 0x00, 0x00, 0x00, 0x00, 0x00, 0x00, 0x00,
    0x00, 0x00, 0x00, 0x00, 0x00, 0x00, 0x00, 0x00, 0x00, 0x00, 0x00, 0x00, 0x00, 0x00, 0x00, 0x00,
    0x00, 0x00, 0x00, 0x00, 0x00, 0x00, 0x00, 0x00, 0x00, 0x00, 0x00, 0x00, 0x00, 0x00, 0x00, 0x00,
    0x00, 0x00, 0x00, 0x00, 0x00, 0x00, 0x00, 0x00, 0x00, 0x00, 0x00, 0x00, 0x00, 0x00, 0x00, 0x00,
    0x00, 0x00, 0x00, 0x00, 0x00, 0x00, 0x00, 0x00, 0x00, 0x00, 0x00, 0x00, 0x00, 0x00, 0x00, 0x00,
    0x00, 0x00, 0x00, 0x00, 0x00, 0x00, 0x00, 0x00, 0x00, 0x00, 0x00, 0x00, 0x00, 0x00, 0x00, 0x00,
    0x00, 0x00, 0x00, 0x00, 0x00, 0x00, 0x00, 0x00, 0x00, 0x00, 0x00, 0x00, 0x00, 0x00, 0x00, 0x00,
    0x00, 0x00, 0x00, 0x00, 0x00, 0x00, 0x00, 0x00, 0x00, 0x00, 0x00, 0x00, 0x00, 0x00, 0x00, 0x00,
    0x00, 0x00, 0x00, 0x00, 0x5E, 0x51, 0x4E, 0xFF, 0xA7, 0xA3, 0x9D, 0xFF, 0xA2, 0x9E, 0x97, 0xFF,
    0xCC, 0xCE, 0xC7, 0xFF, 0xCA, 0xCB, 0xC6, 0xFF, 0xCB, 0xCE, 0xC5, 0xFF, 0xCC, 0xCE, 0xC7, 0xFF,
    0xCB, 0xCE, 0xC5, 0xFF, 0xCB, 0xCE, 0xC5, 0xFF, 0xCA, 0xCB, 0xC6, 0xFF, 0xCA, 0xCB, 0xC6, 0xFF,
    0xCA, 0xCB, 0xC6, 0xFF, 0xCB, 0xCE, 0xC5, 0xFF, 0xCF, 0xD1, 0xC9, 0xFF, 0x5E, 0x51, 0x4E, 0xFF,
    0x00, 0x00, 0x00, 0x00, 0x00, 0x00, 0x00, 0x00, 0x00, 0x00, 0x00, 0x00, 0x00, 0x00, 0x00, 0x00,
    0x00, 0x00, 0x00, 0x00, 0x00, 0x00, 0x00, 0x00, 0x00, 0x00, 0x00, 0x00, 0x00, 0x00, 0x00, 0x00,
    0x5E, 0x51, 0x4E, 0xFF, 0xCE, 0xCF, 0xC9, 0xFF, 0xCF, 0xD1, 0xC9, 0xFF, 0xCB, 0xCE, 0xC5, 0xFF,
    0xCD, 0xCD, 0xC9, 0xFF, 0xCC, 0xCE, 0xC7, 0xFF, 0xCD, 0xCD, 0xC9, 0xFF, 0xCD, 0xCD, 0xC9, 0xFF,
    0xCE, 0xCF, 0xC9, 0xFF, 0xCE, 0xCF, 0xC9, 0xFF, 0xCC, 0xCE, 0xC7, 0xFF, 0xCE, 0xCF, 0xC9, 0xFF,
    0xA3, 0x9F, 0x9A, 0xFF, 0xA3, 0x9F, 0x9A, 0xFF, 0x5E, 0x51, 0x4E, 0xFF, 0x00, 0x00, 0x00, 0x00,
    0x00, 0x00, 0x00, 0x00, 0x00, 0x00, 0x00, 0x00, 0x00, 0x00, 0x00, 0x00, 0x00, 0x00, 0x00, 0x00,
    0x00, 0x00, 0x00, 0x00, 0x00, 0x00, 0x00, 0x00, 0x00, 0x00, 0x00, 0x00, 0x00, 0x00, 0x00, 0x00,
    0x00, 0x00, 0x00, 0x00, 0x00, 0x00, 0x00, 0x00, 0x00, 0x00, 0x00, 0x00, 0x00, 0x00, 0x00, 0x00,
    0x00, 0x00, 0x00, 0x00, 0x00, 0x00, 0x00, 0x00, 0x00, 0x00, 0x00, 0x00, 0x00, 0x00, 0x00, 0x00,
    0x00, 0x00, 0x00, 0x00, 0x00, 0x00, 0x00, 0x00, 0x00, 0x00, 0x00, 0x00, 0x00, 0x00, 0x00, 0x00,
    0x00, 0x00, 0x00, 0x00, 0x00, 0x00, 0x00, 0x00, 0x00, 0x00, 0x00, 0x00, 0x00, 0x00, 0x00, 0x00,
    0x00, 0x00, 0x00, 0x00, 0x00, 0x00, 0x00, 0x00, 0x00, 0x00, 0x00, 0x00, 0x00, 0x00, 0x00, 0x00,
    0x00, 0x00, 0x00, 0x00, 0x00, 0x00, 0x00, 0x00, 0x00, 0x00, 0x00, 0x00, 0x00, 0x00, 0x00, 0x00,
    0x00, 0x00, 0x00, 0x00, 0x00, 0x00, 0x00, 0x00, 0x5E, 0x51, 0x4E, 0xFF, 0xA2, 0x9E, 0x97, 0xFF,
    0x9F, 0x9B, 0x96, 0xFF, 0xCB, 0xCE, 0xC5, 0xFF, 0xCC, 0xCE, 0xC7, 0xFF, 0xCC, 0xCE, 0xC7, 0xFF,
    0xCB, 0xCE, 0xC5, 0xFF, 0xCB, 0xCE, 0xC5, 0xFF, 0xCB, 0xCE, 0xC5, 0xFF, 0xCA, 0xCB, 0xC6, 0xFF,
    0xCD, 0xCD, 0xC9, 0xFF, 0xCB, 0xCE, 0xC5, 0xFF, 0xCB, 0xCE, 0xC5, 0xFF, 0xCE, 0xCF, 0xC9, 0xFF,
    0x5E, 0x51, 0x4E, 0xFF, 0x00, 0x00, 0x00, 0x00, 0x00, 0x00, 0x00, 0x00, 0x00, 0x00, 0x00, 0x00,
    0x00, 0x00, 0x00, 0x00, 0x00, 0x00, 0x00, 0x00, 0x00, 0x00, 0x00, 0x00, 0x5E, 0x51, 0x4E, 0xFF,
    0xCD, 0xCD, 0xC9, 0xFF, 0xCE, 0xCF, 0xC9, 0xFF, 0xCE, 0xCF, 0xC9, 0xFF, 0xCB, 0xCE, 0xC5, 0xFF,
    0xCC, 0xCE, 0xC7, 0xFF, 0xCC, 0xCE, 0xC7, 0xFF, 0xCC, 0xCE, 0xC7, 0xFF, 0xCC, 0xCE, 0xC7, 0xFF,
    0xCC, 0xCE, 0xC7, 0xFF, 0x9D, 0x99, 0x93, 0xFF, 0xCF, 0xD1, 0xC9, 0xFF, 0xA3, 0x9F, 0x9A, 0xFF,
    0xA3, 0x9F, 0x9A, 0xFF, 0x5E, 0x51, 0x4E, 0xFF, 0x00, 0x00, 0x00, 0x00, 0x00, 0x00, 0x00, 0x00,
    0x00, 0x00, 0x00, 0x00, 0x00, 0x00, 0x00, 0x00, 0x00, 0x00, 0x00, 0x00, 0x00, 0x00, 0x00, 0x00,
    0x00, 0x00, 0x00, 0x00, 0x00, 0x00, 0x00, 0x00, 0x00, 0x00, 0x00, 0x00, 0x00, 0x00, 0x00, 0x00,
    0x00, 0x00, 0x00, 0x00, 0x00, 0x00, 0x00, 0x00, 0x00, 0x00, 0x00, 0x00, 0x00, 0x00, 0x00, 0x00,
    0x00, 0x00, 0x00, 0x00, 0x00, 0x00, 0x00, 0x00, 0x00, 0x00, 0x00, 0x00, 0x00, 0x00, 0x00, 0x00,
    0x00, 0x00, 0x00, 0x00, 0x00, 0x00, 0x00, 0x00, 0x00, 0x00, 0x00, 0x00, 0x00, 0x00, 0x00, 0x00,
    0x00, 0x00, 0x00, 0x00, 0x00, 0x00, 0x00, 0x00, 0x00, 0x00, 0x00, 0x00, 0x00, 0x00, 0x00, 0x00,
    0x00, 0x00, 0x00, 0x00, 0x00, 0x00, 0x00, 0x00, 0x00, 0x00, 0x00, 0x00, 0x00, 0x00, 0x00, 0x00,
    0x00, 0x00, 0x00, 0x00, 0x00, 0x00, 0x00, 0x00, 0x00, 0x00, 0x00, 0x00, 0x00, 0x00, 0x00, 0x00,
    0x00, 0x00, 0x00, 0x00, 0x00, 0x00, 0x00, 0x00, 0x7D, 0x74, 0x79, 0xFF, 0x5E, 0x51, 0x4E, 0xFF,
    0xA2, 0x9E, 0x97, 0xFF, 0xA9, 0xA5, 0xA7, 0xFF, 0xCE, 0xCF, 0xC9, 0xFF, 0xA9, 0xA5, 0xA7, 0xFF,
    0xCA, 0xCB, 0xC6, 0xFF, 0xCB, 0xCE, 0xC5, 0xFF, 0xCA, 0xCB, 0xC6, 0xFF, 0xCA, 0xCB, 0xC6, 0xFF,
    0xCA, 0xCB, 0xC6, 0xFF, 0xCA, 0xCB, 0xC6, 0xFF, 0xCA, 0xCB, 0xC6, 0xFF, 0x9F, 0x9B, 0x96, 0xFF,
    0x5E, 0x51, 0x4E, 0xFF, 0x00, 0x00, 0x00, 0x00, 0x00, 0x00, 0x00, 0x00, 0x00, 0x00, 0x00, 0x00,
    0x00, 0x00, 0x00, 0x00, 0x00, 0x00, 0x00, 0x00, 0x00, 0x00, 0x00, 0x00, 0x5E, 0x51, 0x4E, 0xFF,
    0x9F, 0x9B, 0x96, 0xFF, 0xCE, 0xCF, 0xC9, 0xFF, 0xA9, 0xA5, 0xA7, 0xFF, 0xCC, 0xCE, 0xC7, 0xFF,
    0xCE, 0xCF, 0xC9, 0xFF, 0xCC, 0xCE, 0xC7, 0xFF, 0xCC, 0xCE, 0xC7, 0xFF, 0xCB, 0xCE, 0xC5, 0xFF,
    0x9D, 0x99, 0x93, 0xFF, 0xA9, 0xA5, 0xA7, 0xFF, 0xA9, 0xA5, 0xA7, 0xFF, 0xA3, 0x9F, 0x9A, 0xFF,
    0x7D, 0x74, 0x79, 0xFF, 0x5E, 0x51, 0x4E, 0xFF, 0x00, 0x00, 0x00, 0x00, 0x00, 0x00, 0x00, 0x00,
    0x00, 0x00, 0x00, 0x00, 0x00, 0x00, 0x00, 0x00, 0x00, 0x00, 0x00, 0x00, 0x00, 0x00, 0x00, 0x00,
    0x00, 0x00, 0x00, 0x00, 0x00, 0x00, 0x00, 0x00, 0x00, 0x00, 0x00, 0x00, 0x00, 0x00, 0x00, 0x00,
    0x00, 0x00, 0x00, 0x00, 0x00, 0x00, 0x00, 0x00, 0x00, 0x00, 0x00, 0x00, 0x00, 0x00, 0x00, 0x00,
    0x00, 0x00, 0x00, 0x00, 0x00, 0x00, 0x00, 0x00, 0x00, 0x00, 0x00, 0x00, 0x00, 0x00, 0x00, 0x00,
    0x00, 0x00, 0x00, 0x00, 0x00, 0x00, 0x00, 0x00, 0x00, 0x00, 0x00, 0x00, 0x00, 0x00, 0x00, 0x00,
    0x00, 0x00, 0x00, 0x00, 0x00, 0x00, 0x00, 0x00, 0x00, 0x00, 0x00, 0x00, 0x00, 0x00, 0x00, 0x00,
    0x00, 0x00, 0x00, 0x00, 0x00, 0x00, 0x00, 0x00, 0x00, 0x00, 0x00, 0x00, 0x00, 0x00, 0x00, 0x00,
    0x00, 0x00, 0x00, 0x00, 0x00, 0x00, 0x00, 0x00, 0x00, 0x00, 0x00, 0x00, 0x00, 0x00, 0x00, 0x00,
    0x00, 0x00, 0x00, 0x00, 0x00, 0x00, 0x00, 0x00, 0x00, 0x00, 0x00, 0x00, 0x5E, 0x51, 0x4E, 0xFF,
    0xA3, 0x9F, 0x9A, 0xFF, 0x9F, 0x9B, 0x96, 0xFF, 0x9D, 0x99, 0x93, 0xFF, 0xCE, 0xCF, 0xC9, 0xFF,
    0x9D, 0x99, 0x93, 0xFF, 0xCB, 0xCE, 0xC5, 0xFF, 0xCC, 0xCE, 0xC7, 0xFF, 0xCC, 0xCE, 0xC7, 0xFF,
    0xBD, 0xBD, 0xB8, 0xFF, 0xCE, 0xCF, 0xC9, 0xFF, 0xCF, 0xD1, 0xC9, 0xFF, 0x9F, 0x9B, 0x96, 0xFF,
    0x5E, 0x51, 0x4E, 0xFF, 0x00, 0x00, 0x00, 0x00, 0x00, 0x00, 0x00, 0x00, 0x00, 0x00, 0x00, 0x00,
    0x00, 0x00, 0x00, 0x00, 0x00, 0x00, 0x00, 0x00, 0x00, 0x00, 0x00, 0x00, 0x5E, 0x51, 0x4E, 0xFF,
    0xA2, 0x9E, 0x97, 0xFF, 0xCC, 0xCE, 0xC7, 0xFF, 0xBD, 0xBD, 0xB8, 0xFF, 0xCE, 0xCF, 0xC9, 0xFF,
    0xCC, 0xCE, 0xC7, 0xFF, 0xCC, 0xCE, 0xC7, 0xFF, 0xCA, 0xCB, 0xC6, 0xFF, 0x9D, 0x99, 0x93, 0xFF,
    0x9F, 0x9B, 0x96, 0xFF, 0xCA, 0xCB, 0xC6, 0xFF, 0xA3, 0x9F, 0x9A, 0xFF, 0xA7, 0xA3, 0x9D, 0xFF,
    0x5E, 0x51, 0x4E, 0xFF, 0x00, 0x00, 0x00, 0x00, 0x00, 0x00, 0x00, 0x00, 0x00, 0x00, 0x00, 0x00,
    0x00, 0x00, 0x00, 0x00, 0x00, 0x00, 0x00, 0x00, 0x00, 0x00, 0x00, 0x00, 0x00, 0x00, 0x00, 0x00,
    0x00, 0x00, 0x00, 0x00, 0x00, 0x00, 0x00, 0x00, 0x00, 0x00, 0x00, 0x00, 0x00, 0x00, 0x00, 0x00,
    0x00, 0x00, 0x00, 0x00, 0x00, 0x00, 0x00, 0x00, 0x00, 0x00, 0x00, 0x00, 0x00, 0x00, 0x00, 0x00,
    0x00, 0x00, 0x00, 0x00, 0x00, 0x00, 0x00, 0x00, 0x00, 0x00, 0x00, 0x00, 0x00, 0x00, 0x00, 0x00,
    0x00, 0x00, 0x00, 0x00, 0x00, 0x00, 0x00, 0x00, 0x00, 0x00, 0x00, 0x00, 0x00, 0x00, 0x00, 0x00,
    0x00, 0x00, 0x00, 0x00, 0x00, 0x00, 0x00, 0x00, 0x00, 0x00, 0x00, 0x00, 0x00, 0x00, 0x00, 0x00,
    0x00, 0x00, 0x00, 0x00, 0x00, 0x00, 0x00, 0x00, 0x00, 0x00, 0x00, 0x00, 0x00, 0x00, 0x00, 0x00,
    0x00, 0x00, 0x00, 0x00, 0x00, 0x00, 0x00, 0x00, 0x00, 0x00, 0x00, 0x00, 0x00, 0x00, 0x00, 0x00,
    0x00, 0x00, 0x00, 0x00, 0x00, 0x00, 0x00, 0x00, 0x00, 0x00, 0x00, 0x00, 0x00, 0x00, 0x00, 0x00,
    0x5E, 0x51, 0x4E, 0xFF, 0xA3, 0x9F, 0x9A, 0xFF, 0xA2, 0x9E, 0x97, 0xFF, 0x9D, 0x99, 0x93, 0xFF,
    0xD0, 0xD1, 0xCC, 0xFF, 0xCA, 0xCB, 0xC6, 0xFF, 0xCB, 0xCE, 0xC5, 0xFF, 0xCC, 0xCE, 0xC7, 0xFF,
    0xCB, 0xCE, 0xC5, 0xFF, 0x9D, 0x99, 0x93, 0xFF, 0x9F, 0x9B, 0x96, 0xFF, 0xA3, 0x9F, 0x9A, 0xFF,
    0x5E, 0x51, 0x4E, 0xFF, 0x00, 0x00, 0x00, 0x00, 0x00, 0x00, 0x00, 0x00, 0x00, 0x00, 0x00, 0x00,
    0x00, 0x00, 0x00, 0x00, 0x00, 0x00, 0x00, 0x00, 0x00, 0x00, 0x00, 0x00, 0x5E, 0x51, 0x4E, 0xFF,
    0xA3, 0x9F, 0x9A, 0xFF, 0xA2, 0x9E, 0x97, 0xFF, 0x9F, 0x9B, 0x96, 0xFF, 0xCB, 0xCE, 0xC5, 0xFF,
    0xCA, 0xCB, 0xC6, 0xFF, 0xCC, 0xCE, 0xC7, 0xFF, 0xCC, 0xCE, 0xC7, 0xFF, 0x9D, 0x99, 0x93, 0xFF,
    0xCA, 0xCB, 0xC6, 0xFF, 0x9F, 0x9B, 0x96, 0xFF, 0xA7, 0xA3, 0x9D, 0xFF, 0x9D, 0x99, 0x93, 0xFF,
    0x00, 0x00, 0x00, 0x00, 0x00, 0x00, 0x00, 0x00, 0x00, 0x00, 0x00, 0x00, 0x00, 0x00, 0x00, 0x00,
    0x00, 0x00, 0x00, 0x00, 0x00, 0x00, 0x00, 0x00, 0x00, 0x00, 0x00, 0x00, 0x00, 0x00, 0x00, 0x00,
    0x00, 0x00, 0x00, 0x00, 0x00, 0x00, 0x00, 0x00, 0x00, 0x00, 0x00, 0x00, 0x00, 0x00, 0x00, 0x00,
    0x00, 0x00, 0x00, 0x00, 0x00, 0x00, 0x00, 0x00, 0x00, 0x00, 0x00, 0x00, 0x00, 0x00, 0x00, 0x00,
    0x00, 0x00, 0x00, 0x00, 0x00, 0x00, 0x00, 0x00, 0x00, 0x00, 0x00, 0x00, 0x00, 0x00, 0x00, 0x00,
    0x00, 0x00, 0x00, 0x00, 0x00, 0x00, 0x00, 0x00, 0x00, 0x00, 0x00, 0x00, 0x00, 0x00, 0x00, 0x00,
    0x00, 0x00, 0x00, 0x00, 0x00, 0x00, 0x00, 0x00, 0x00, 0x00, 0x00, 0x00, 0x00, 0x00, 0x00, 0x00,
    0x00, 0x00, 0x00, 0x00, 0x00, 0x00, 0x00, 0x00, 0x00, 0x00, 0x00, 0x00, 0x00, 0x00, 0x00, 0x00,
    0x00, 0x00, 0x00, 0x00, 0x00, 0x00, 0x00, 0x00, 0x00, 0x00, 0x00, 0x00, 0x00, 0x00, 0x00, 0x00,
    0x00, 0x00, 0x00, 0x00, 0x00, 0x00, 0x00, 0x00, 0x00, 0x00, 0x00, 0x00, 0x00, 0x00, 0x00, 0x00,
    0x5E, 0x51, 0x4E, 0xFF, 0x9D, 0x99, 0x93, 0xFF, 0xA2, 0x9E, 0x97, 0xFF, 0x9F, 0x9B, 0x96, 0xFF,
    0x9D, 0x99, 0x93, 0xFF, 0x9D, 0x99, 0x93, 0xFF, 0x9D, 0x99, 0x93, 0xFF, 0xCA, 0xCB, 0xC6, 0xFF,
    0x9D, 0x99, 0x93, 0xFF, 0x9F, 0x9B, 0x96, 0xFF, 0x9F, 0x9B, 0x96, 0xFF, 0xA3, 0x9F, 0x9A, 0xFF,
    0x5E, 0x51, 0x4E, 0xFF, 0x00, 0x00, 0x00, 0x00, 0x5E, 0x51, 0x4E, 0xFF, 0x5E, 0x51, 0x4E, 0xFF,
    0x5E, 0x51, 0x4E, 0xFF, 0x5E, 0x51, 0x4E, 0xFF, 0x00, 0x00, 0x00, 0x00, 0x5E, 0x51, 0x4E, 0xFF,
    0xA2, 0x9E, 0x97, 0xFF, 0x9F, 0x9B, 0x96, 0xFF, 0xA2, 0x9E, 0x97, 0xFF, 0xCA, 0xCB, 0xC6, 0xFF,
    0xCC, 0xCE, 0xC7, 0xFF, 0x9D, 0x99, 0x93, 0xFF, 0x9D, 0x99, 0x93, 0xFF, 0x9D, 0x99, 0x93, 0xFF,
    0x9F, 0x9B, 0x96, 0xFF, 0xA3, 0x9F, 0x9A, 0xFF, 0xA7, 0xA3, 0x9D, 0xFF, 0x5E, 0x51, 0x4E, 0xFF,
    0x00, 0x00, 0x00, 0x00, 0x00, 0x00, 0x00, 0x00, 0x00, 0x00, 0x00, 0x00, 0x00, 0x00, 0x00, 0x00,
    0x00, 0x00, 0x00, 0x00, 0x00, 0x00, 0x00, 0x00, 0x00, 0x00, 0x00, 0x00, 0x00, 0x00, 0x00, 0x00,
    0x00, 0x00, 0x00, 0x00, 0x00, 0x00, 0x00, 0x00, 0x00, 0x00, 0x00, 0x00, 0x00, 0x00, 0x00, 0x00,
    0x00, 0x00, 0x00, 0x00, 0x00, 0x00, 0x00, 0x00, 0x00, 0x00, 0x00, 0x00, 0x00, 0x00, 0x00, 0x00,
    0x00, 0x00, 0x00, 0x00, 0x00, 0x00, 0x00, 0x00, 0x00, 0x00, 0x00, 0x00, 0x00, 0x00, 0x00, 0x00,
    0x00, 0x00, 0x00, 0x00, 0x00, 0x00, 0x00, 0x00, 0x00, 0x00, 0x00, 0x00, 0x00, 0x00, 0x00, 0x00,
    0x00, 0x00, 0x00, 0x00, 0x00, 0x00, 0x00, 0x00, 0x00, 0x00, 0x00, 0x00, 0x00, 0x00, 0x00, 0x00,
    0x00, 0x00, 0x00, 0x00, 0x00, 0x00, 0x00, 0x00, 0x00, 0x00, 0x00, 0x00, 0x00, 0x00, 0x00, 0x00,
    0x00, 0x00, 0x00, 0x00, 0x00, 0x00, 0x00, 0x00, 0x00, 0x00, 0x00, 0x00, 0x00, 0x00, 0x00, 0x00,
    0x00, 0x00, 0x00, 0x00, 0x00, 0x00, 0x00, 0x00, 0x00, 0x00, 0x00, 0x00, 0x00, 0x00, 0x00, 0x00,
    0x00, 0x00, 0x00, 0x00, 0x5E, 0x51, 0x4E, 0xFF, 0xA3, 0x9F, 0x9A, 0xFF, 0x9F, 0x9B, 0x96, 0xFF,
    0x9D, 0x99, 0x93, 0xFF, 0x9F, 0x9B, 0x96, 0xFF, 0x9D, 0x99, 0x93, 0xFF, 0xA3, 0x9F, 0x9A, 0xFF,
    0x9D, 0x99, 0x93, 0xFF, 0x9F, 0x9B, 0x96, 0xFF, 0xA2, 0x9E, 0x97, 0xFF, 0xA2, 0x9E, 0x97, 0xFF,
    0x5E, 0x51, 0x4E, 0xFF, 0x5E, 0x51, 0x4E, 0xFF, 0xD2, 0xD3, 0xCD, 0xFF, 0xD1, 0xD3, 0xCA, 0xFF,
    0xD0, 0xD1, 0xCC, 0xFF, 0xA2, 0x9E, 0x97, 0xFF, 0x5E, 0x51, 0x4E, 0xFF, 0x5E, 0x51, 0x4E, 0xFF,
    0xA2, 0x9E, 0x97, 0xFF, 0x9F, 0x9B, 0x96, 0xFF, 0x9F, 0x9B, 0x96, 0xFF, 0x9F, 0x9B, 0x96, 0xFF,
    0x9F, 0x9B, 0x96, 0xFF, 0x9F, 0x9B, 0x96, 0xFF, 0x9F, 0x9B, 0x96, 0xFF, 0x9F, 0x9B, 0x96, 0xFF,
    0x9D, 0x99, 0x93, 0xFF, 0x9F, 0x9B, 0x96, 0xFF, 0x5E, 0x51, 0x4E, 0xFF, 0x00, 0x00, 0x00, 0x00,
    0x00, 0x00, 0x00, 0x00, 0x00, 0x00, 0x00, 0x00, 0x00, 0x00, 0x00, 0x00, 0x00, 0x00, 0x00, 0x00,
    0x00, 0x00, 0x00, 0x00, 0x00, 0x00, 0x00, 0x00, 0x00, 0x00, 0x00, 0x00, 0x00, 0x00, 0x00, 0x00,
    0x00, 0x00, 0x00, 0x00, 0x00, 0x00, 0x00, 0x00, 0x00, 0x00, 0x00, 0x00, 0x00, 0x00, 0x00, 0x00,
    0x00, 0x00, 0x00, 0x00, 0x00, 0x00, 0x00, 0x00, 0x00, 0x00, 0x00, 0x00, 0x00, 0x00, 0x00, 0x00,
    0x00, 0x00, 0x00, 0x00, 0x00, 0x00, 0x00, 0x00, 0x00, 0x00, 0x00, 0x00, 0x00, 0x00, 0x00, 0x00,
    0x00, 0x00, 0x00, 0x00, 0x00, 0x00, 0x00, 0x00, 0x00, 0x00, 0x00, 0x00, 0x00, 0x00, 0x00, 0x00,
    0x00, 0x00, 0x00, 0x00, 0x00, 0x00, 0x00, 0x00, 0x00, 0x00, 0x00, 0x00, 0x00, 0x00, 0x00, 0x00,
    0x00, 0x00, 0x00, 0x00, 0x00, 0x00, 0x00, 0x00, 0x00, 0x00, 0x00, 0x00, 0x00, 0x00, 0x00, 0x00,
    0x00, 0x00, 0x00, 0x00, 0x00, 0x00, 0x00, 0x00, 0x00, 0x00, 0x00, 0x00, 0x00, 0x00, 0x00, 0x00,
    0x00, 0x00, 0x00, 0x00, 0x00, 0x00, 0x00, 0x00, 0x00, 0x00, 0x00, 0x00, 0x00, 0x00, 0x00, 0x00,
    0x00, 0x00, 0x00, 0x00, 0x00, 0x00, 0x00, 0x00, 0x5E, 0x51, 0x4E, 0xFF, 0xA2, 0x9E, 0x97, 0xFF,
    0x9F, 0x9B, 0x96, 0xFF, 0x9F, 0x9B, 0x96, 0xFF, 0x9F, 0x9B, 0x96, 0xFF, 0x9F, 0x9B, 0x96, 0xFF,
    0x9F, 0x9B, 0x96, 0xFF, 0x9F, 0x9B, 0x96, 0xFF, 0x9F, 0x9B, 0x96, 0xFF, 0x9F, 0x9B, 0x96, 0xFF,
    0x9D, 0x99, 0x93, 0xFF, 0xA7, 0xA3, 0x9D, 0xFF, 0xD2, 0xD3, 0xCD, 0xFF, 0xD0, 0xD1, 0xCC, 0xFF,
    0xCF, 0xD1, 0xC9, 0xFF, 0xCF, 0xD1, 0xC9, 0xFF, 0xA7, 0xA3, 0x9D, 0xFF, 0x7D, 0x74, 0x79, 0xFF,
    0x9F, 0x9B, 0x96, 0xFF, 0x9F, 0x9B, 0x96, 0xFF, 0xA2, 0x9E, 0x97, 0xFF, 0xA2, 0x9E, 0x97, 0xFF,
    0xA2, 0x9E, 0x97, 0xFF, 0x9F, 0x9B, 0x96, 0xFF, 0x9F, 0x9B, 0x96, 0xFF, 0x9F, 0x9B, 0x96, 0xFF,
    0xA2, 0x9E, 0x97, 0xFF, 0x5E, 0x51, 0x4E, 0xFF, 0x00, 0x00, 0x00, 0x00, 0x00, 0x00, 0x00, 0x00,
    0x00, 0x00, 0x00, 0x00, 0x00, 0x00, 0x00, 0x00, 0x00, 0x00, 0x00, 0x00, 0x00, 0x00, 0x00, 0x00,
    0x00, 0x00, 0x00, 0x00, 0x00, 0x00, 0x00, 0x00, 0x00, 0x00, 0x00, 0x00, 0x00, 0x00, 0x00, 0x00,
    0x00, 0x00, 0x00, 0x00, 0x00, 0x00, 0x00, 0x00, 0x00, 0x00, 0x00, 0x00, 0x00, 0x00, 0x00, 0x00,
    0x00, 0x00, 0x00, 0x00, 0x00, 0x00, 0x00, 0x00, 0x00, 0x00, 0x00, 0x00, 0x00, 0x00, 0x00, 0x00,
    0x00, 0x00, 0x00, 0x00, 0x00, 0x00, 0x00, 0x00, 0x00, 0x00, 0x00, 0x00, 0x00, 0x00, 0x00, 0x00,
    0x00, 0x00, 0x00, 0x00, 0x00, 0x00, 0x00, 0x00, 0x00, 0x00, 0x00, 0x00, 0x00, 0x00, 0x00, 0x00,
    0x00, 0x00, 0x00, 0x00, 0x00, 0x00, 0x00, 0x00, 0x00, 0x00, 0x00, 0x00, 0x00, 0x00, 0x00, 0x00,
    0x00, 0x00, 0x00, 0x00, 0x00, 0x00, 0x00, 0x00, 0x00, 0x00, 0x00, 0x00, 0x00, 0x00, 0x00, 0x00,
    0x00, 0x00, 0x00, 0x00, 0x00, 0x00, 0x00, 0x00, 0x00, 0x00, 0x00, 0x00, 0x00, 0x00, 0x00, 0x00,
    0x00, 0x00, 0x00, 0x00, 0x00, 0x00, 0x00, 0x00, 0x00, 0x00, 0x00, 0x00, 0x00, 0x00, 0x00, 0x00,
    0x00, 0x00, 0x00, 0x00, 0x00, 0x00, 0x00, 0x00, 0x00, 0x00, 0x00, 0x00, 0x5E, 0x51, 0x4E, 0xFF,
    0x9D, 0x99, 0x93, 0xFF, 0x9F, 0x9B, 0x96, 0xFF, 0x9F, 0x9B, 0x96, 0xFF, 0xA3, 0x9F, 0x9A, 0xFF,
    0xA2, 0x9E, 0x97, 0xFF, 0x9F, 0x9B, 0x96, 0xFF, 0xA9, 0xA5, 0xA7, 0xFF, 0xA9, 0xA5, 0xA7, 0xFF,
    0xCF, 0xD1, 0xC9, 0xFF, 0xCA, 0xCB, 0xC6, 0xFF, 0xD3, 0xD5, 0xCE, 0xFF, 0xD2, 0xD4, 0xCD, 0xFF,
    0xD2, 0xD3, 0xCD, 0xFF, 0xBD, 0xBD, 0xB8, 0xFF, 0xCA, 0xCB, 0xC6, 0xFF, 0xD2, 0xD4, 0xCD, 0xFF,
    0xA7, 0xA3, 0x9D, 0xFF, 0xA9, 0xA5, 0xA7, 0xFF, 0x9F, 0x9B, 0x96, 0xFF, 0xA3, 0x9F, 0x9A, 0xFF,
    0xA2, 0x9E, 0x97, 0xFF, 0x9F, 0x9B, 0x96, 0xFF, 0x9F, 0x9B, 0x96, 0xFF, 0x9F, 0x9B, 0x96, 0xFF,
    0x5E, 0x51, 0x4E, 0xFF, 0x00, 0x00, 0x00, 0x00, 0x00, 0x00, 0x00, 0x00, 0x00, 0x00, 0x00, 0x00,
    0x00, 0x00, 0x00, 0x00, 0x00, 0x00, 0x00, 0x00, 0x00, 0x00, 0x00, 0x00, 0x00, 0x00, 0x00, 0x00,
    0x00, 0x00, 0x00, 0x00, 0x00, 0x00, 0x00, 0x00, 0x00, 0x00, 0x00, 0x00, 0x00, 0x00, 0x00, 0x00,
    0x00, 0x00, 0x00, 0x00, 0x00, 0x00, 0x00, 0x00, 0x00, 0x00, 0x00, 0x00, 0x00, 0x00, 0x00, 0x00,
    0x00, 0x00, 0x00, 0x00, 0x00, 0x00, 0x00, 0x00, 0x00, 0x00, 0x00, 0x00, 0x00, 0x00, 0x00, 0x00,
    0x00, 0x00, 0x00, 0x00, 0x00, 0x00, 0x00, 0x00, 0x00, 0x00, 0x00, 0x00, 0x00, 0x00, 0x00, 0x00,
    0x00, 0x00, 0x00, 0x00, 0x00, 0x00, 0x00, 0x00, 0x00, 0x00, 0x00, 0x00, 0x00, 0x00, 0x00, 0x00,
    0x00, 0x00, 0x00, 0x00, 0x00, 0x00, 0x00, 0x00, 0x00, 0x00, 0x00, 0x00, 0x00, 0x00, 0x00, 0x00,
    0x00, 0x00, 0x00, 0x00, 0x00, 0x00, 0x00, 0x00, 0x00, 0x00, 0x00, 0x00, 0x00, 0x00, 0x00, 0x00,
    0x00, 0x00, 0x00, 0x00, 0x00, 0x00, 0x00, 0x00, 0x00, 0x00, 0x00, 0x00, 0x00, 0x00, 0x00, 0x00,
    0x00, 0x00, 0x00, 0x00, 0x00, 0x00, 0x00, 0x00, 0x00, 0x00, 0x00, 0x00, 0x00, 0x00, 0x00, 0x00,
    0x00, 0x00, 0x00, 0x00, 0x00, 0x00, 0x00, 0x00, 0x00, 0x00, 0x00, 0x00, 0x00, 0x00, 0x00, 0x00,
    0x00, 0x00, 0x00, 0x00, 0x5E, 0x51, 0x4E, 0xFF, 0x7D, 0x74, 0x79, 0xFF, 0xA2, 0x9E, 0x97, 0xFF,
    0xA2, 0x9E, 0x97, 0xFF, 0xCD, 0xCD, 0xC9, 0xFF, 0xD2, 0xD4, 0xCD, 0xFF, 0xD2, 0xD3, 0xCD, 0xFF,
    0xD0, 0xD1, 0xCC, 0xFF, 0xD4, 0xD7, 0xCF, 0xFF, 0xD2, 0xD3, 0xCD, 0xFF, 0xD2, 0xD3, 0xCD, 0xFF,
    0xD2, 0xD4, 0xCD, 0xFF, 0xD3, 0xD5, 0xCE, 0xFF, 0xD3, 0xD5, 0xCE, 0xFF, 0xD2, 0xD4, 0xCD, 0xFF,
    0xD1, 0xD3, 0xCA, 0xFF, 0xCE, 0xCF, 0xC9, 0xFF, 0xA9, 0xA5, 0xA7, 0xFF, 0xA2, 0x9E, 0x97, 0xFF,
    0xA2, 0x9E, 0x97, 0xFF, 0x7D, 0x74, 0x79, 0xFF, 0x5E, 0x51, 0x4E, 0xFF, 0x00, 0x00, 0x00, 0x00,
    0x00, 0x00, 0x00, 0x00, 0x00, 0x00, 0x00, 0x00, 0x00, 0x00, 0x00, 0x00, 0x00, 0x00, 0x00, 0x00,
    0x00, 0x00, 0x00, 0x00, 0x00, 0x00, 0x00, 0x00, 0x00, 0x00, 0x00, 0x00, 0x00, 0x00, 0x00, 0x00,
    0x00, 0x00, 0x00, 0x00, 0x00, 0x00, 0x00, 0x00, 0x00, 0x00, 0x00, 0x00, 0x00, 0x00, 0x00, 0x00,
    0x00, 0x00, 0x00, 0x00, 0x00, 0x00, 0x00, 0x00, 0x00, 0x00, 0x00, 0x00, 0x00, 0x00, 0x00, 0x00,
    0x00, 0x00, 0x00, 0x00, 0x00, 0x00, 0x00, 0x00, 0x00, 0x00, 0x00, 0x00, 0x00, 0x00, 0x00, 0x00,
    0x00, 0x00, 0x00, 0x00, 0x00, 0x00, 0x00, 0x00, 0x00, 0x00, 0x00, 0x00, 0x00, 0x00, 0x00, 0x00,
    0x00, 0x00, 0x00, 0x00, 0x00, 0x00, 0x00, 0x00, 0x00, 0x00, 0x00, 0x00, 0x00, 0x00, 0x00, 0x00,
    0x00, 0x00, 0x00, 0x00, 0x00, 0x00, 0x00, 0x00, 0x00, 0x00, 0x00, 0x00, 0x00, 0x00, 0x00, 0x00,
    0x00, 0x00, 0x00, 0x00, 0x00, 0x00, 0x00, 0x00, 0x00, 0x00, 0x00, 0x00, 0x00, 0x00, 0x00, 0x00,
    0x00, 0x00, 0x00, 0x00, 0x00, 0x00, 0x00, 0x00, 0x00, 0x00, 0x00, 0x00, 0x00, 0x00, 0x00, 0x00,
    0x00, 0x00, 0x00, 0x00, 0x00, 0x00, 0x00, 0x00, 0x00, 0x00, 0x00, 0x00, 0x00, 0x00, 0x00, 0x00,
    0x00, 0x00, 0x00, 0x00, 0x00, 0x00, 0x00, 0x00, 0x00, 0x00, 0x00, 0x00, 0x00, 0x00, 0x00, 0x00,
    0x00, 0x00, 0x00, 0x00, 0x5E, 0x51, 0x4E, 0xFF, 0x9D, 0x99, 0x93, 0xFF, 0x9F, 0x9B, 0x96, 0xFF,
    0xD0, 0xD1, 0xCC, 0xFF, 0xD2, 0xD3, 0xCD, 0xFF, 0xD2, 0xD3, 0xCD, 0xFF, 0xD2, 0xD3, 0xCD, 0xFF,
    0xD3, 0xD5, 0xCE, 0xFF, 0xD3, 0xD5, 0xCE, 0xFF, 0xD3, 0xD5, 0xCE, 0xFF, 0xD2, 0xD3, 0xCD, 0xFF,
    0xD2, 0xD3, 0xCD, 0xFF, 0xD2, 0xD3, 0xCD, 0xFF, 0xD3, 0xD5, 0xCE, 0xFF, 0xD2, 0xD4, 0xCD, 0xFF,
    0xD2, 0xD3, 0xCD, 0xFF, 0xD2, 0xD3, 0xCD, 0xFF, 0xD0, 0xD1, 0xCC, 0xFF, 0xD0, 0xD1, 0xCC, 0xFF,
    0xA3, 0x9F, 0x9A, 0xFF, 0x7D, 0x74, 0x79, 0xFF, 0x5E, 0x51, 0x4E, 0xFF, 0x00, 0x00, 0x00, 0x00,
    0x00, 0x00, 0x00, 0x00, 0x00, 0x00, 0x00, 0x00, 0x00, 0x00, 0x00, 0x00, 0x00, 0x00, 0x00, 0x00,
    0x00, 0x00, 0x00, 0x00, 0x00, 0x00, 0x00, 0x00, 0x00, 0x00, 0x00, 0x00, 0x00, 0x00, 0x00, 0x00,
    0x00, 0x00, 0x00, 0x00, 0x00, 0x00, 0x00, 0x00, 0x00, 0x00, 0x00, 0x00, 0x00, 0x00, 0x00, 0x00,
    0x00, 0x00, 0x00, 0x00, 0x00, 0x00, 0x00, 0x00, 0x00, 0x00, 0x00, 0x00, 0x00, 0x00, 0x00, 0x00,
    0x00, 0x00, 0x00, 0x00, 0x00, 0x00, 0x00, 0x00, 0x00, 0x00, 0x00, 0x00, 0x00, 0x00, 0x00, 0x00,
    0x00, 0x00, 0x00, 0x00, 0x00, 0x00, 0x00, 0x00, 0x00, 0x00, 0x00, 0x00, 0x00, 0x00, 0x00, 0x00,
    0x00, 0x00, 0x00, 0x00, 0x00, 0x00, 0x00, 0x00, 0x00, 0x00, 0x00, 0x00, 0x00, 0x00, 0x00, 0x00,
    0x00, 0x00, 0x00, 0x00, 0x00, 0x00, 0x00, 0x00, 0x00, 0x00, 0x00, 0x00, 0x00, 0x00, 0x00, 0x00,
    0x00, 0x00, 0x00, 0x00, 0x00, 0x00, 0x00, 0x00, 0x00, 0x00, 0x00, 0x00, 0x00, 0x00, 0x00, 0x00,
    0x00, 0x00, 0x00, 0x00, 0x00, 0x00, 0x00, 0x00, 0x00, 0x00, 0x00, 0x00, 0x00, 0x00, 0x00, 0x00,
    0x00, 0x00, 0x00, 0x00, 0x00, 0x00, 0x00, 0x00, 0x00, 0x00, 0x00, 0x00, 0x00, 0x00, 0x00, 0x00,
    0x00, 0x00, 0x00, 0x00, 0x00, 0x00, 0x00, 0x00, 0x00, 0x00, 0x00, 0x00, 0x00, 0x00, 0x00, 0x00,
    0x5E, 0x51, 0x4E, 0xFF, 0x9D, 0x99, 0x93, 0xFF, 0xD3, 0xD5, 0xCE, 0xFF, 0xD1, 0xD3, 0xCA, 0xFF,
    0xD1, 0xD3, 0xCA, 0xFF, 0xD2, 0xD3, 0xCD, 0xFF, 0xD2, 0xD3, 0xCD, 0xFF, 0xD2, 0xD4, 0xCD, 0xFF,
    0xD3, 0xD5, 0xCE, 0xFF, 0xD3, 0xD5, 0xCE, 0xFF, 0xD3, 0xD5, 0xCE, 0xFF, 0xD3, 0xD5, 0xCE, 0xFF,
    0xD3, 0xD5, 0xCE, 0xFF, 0xD3, 0xD5, 0xCE, 0xFF, 0xD3, 0xD5, 0xCE, 0xFF, 0xD3, 0xD5, 0xCE, 0xFF,
    0xD3, 0xD5, 0xCE, 0xFF, 0xD2, 0xD3, 0xCD, 0xFF, 0xD2, 0xD3, 0xCD, 0xFF, 0xD0, 0xD1, 0xCC, 0xFF,
    0xD2, 0xD4, 0xCD, 0xFF, 0xA2, 0x9E, 0x97, 0xFF, 0xA7, 0xA3, 0x9D, 0xFF, 0x5E, 0x51, 0x4E, 0xFF,
    0x00, 0x00, 0x00, 0x00, 0x00, 0x00, 0x00, 0x00, 0x00, 0x00, 0x00, 0x00, 0x00, 0x00, 0x00, 0x00,
    0x00, 0x00, 0x00, 0x00, 0x00, 0x00, 0x00, 0x00, 0x00, 0x00, 0x00, 0x00, 0x00, 0x00, 0x00, 0x00,
    0x00, 0x00, 0x00, 0x00, 0x00, 0x00, 0x00, 0x00, 0x00, 0x00, 0x00, 0x00, 0x00, 0x00, 0x00, 0x00,
    0x00, 0x00, 0x00, 0x00, 0x00, 0x00, 0x00, 0x00, 0x00, 0x00, 0x00, 0x00, 0x00, 0x00, 0x00, 0x00,
    0x00, 0x00, 0x00, 0x00, 0x00, 0x00, 0x00, 0x00, 0x00, 0x00, 0x00, 0x00, 0x00, 0x00, 0x00, 0x00,
    0x00, 0x00, 0x00, 0x00, 0x00, 0x00, 0x00, 0x00, 0x00, 0x00, 0x00, 0x00, 0x00, 0x00, 0x00, 0x00,
    0x00, 0x00, 0x00, 0x00, 0x00, 0x00, 0x00, 0x00, 0x00, 0x00, 0x00, 0x00, 0x00, 0x00, 0x00, 0x00,
    0x00, 0x00, 0x00, 0x00, 0x00, 0x00, 0x00, 0x00, 0x00, 0x00, 0x00, 0x00, 0x00, 0x00, 0x00, 0x00,
    0x00, 0x00, 0x00, 0x00, 0x00, 0x00, 0x00, 0x00, 0x00, 0x00, 0x00, 0x00, 0x00, 0x00, 0x00, 0x00,
    0x00, 0x00, 0x00, 0x00, 0x00, 0x00, 0x00, 0x00, 0x00, 0x00, 0x00, 0x00, 0x00, 0x00, 0x00, 0x00,
    0x00, 0x00, 0x00, 0x00, 0x00, 0x00, 0x00, 0x00, 0x00, 0x00, 0x00, 0x00, 0x00, 0x00, 0x00, 0x00,
    0x00, 0x00, 0x00, 0x00, 0x00, 0x00, 0x00, 0x00, 0x00, 0x00, 0x00, 0x00, 0x5E, 0x51, 0x4E, 0xFF,
    0xA9, 0xA5, 0xA7, 0xFF, 0xD1, 0xD3, 0xCA, 0xFF, 0xD1, 0xD3, 0xCA, 0xFF, 0xD1, 0xD3, 0xCA, 0xFF,
    0xD2, 0xD3, 0xCD, 0xFF, 0xD2, 0xD3, 0xCD, 0xFF, 0xD2, 0xD4, 0xCD, 0xFF, 0xD3, 0xD5, 0xCE, 0xFF,
    0xD3, 0xD5, 0xCE, 0xFF, 0xD3, 0xD5, 0xCE, 0xFF, 0xD4, 0xD7, 0xCF, 0xFF, 0xD4, 0xD7, 0xCF, 0xFF,
    0xD3, 0xD5, 0xCE, 0xFF, 0xD3, 0xD5, 0xCE, 0xFF, 0xD3, 0xD5, 0xCE, 0xFF, 0xD3, 0xD5, 0xCE, 0xFF,
    0xD3, 0xD5, 0xCE, 0xFF, 0xD3, 0xD5, 0xCE, 0xFF, 0xD3, 0xD5, 0xCE, 0xFF, 0xD2, 0xD3, 0xCD, 0xFF,
    0xD2, 0xD3, 0xCD, 0xFF, 0xD1, 0xD3, 0xCA, 0xFF, 0xD1, 0xD3, 0xCA, 0xFF, 0xA2, 0x9E, 0x97, 0xFF,
    0x5E, 0x51, 0x4E, 0xFF, 0x00, 0x00, 0x00, 0x00, 0x00, 0x00, 0x00, 0x00, 0x00, 0x00, 0x00, 0x00,
    0x00, 0x00, 0x00, 0x00, 0x00, 0x00, 0x00, 0x00, 0x00, 0x00, 0x00, 0x00, 0x00, 0x00, 0x00, 0x00,
    0x00, 0x00, 0x00, 0x00, 0x00, 0x00, 0x00, 0x00, 0x00, 0x00, 0x00, 0x00, 0x00, 0x00, 0x00, 0x00,
    0x00, 0x00, 0x00, 0x00, 0x00, 0x00, 0x00, 0x00, 0x00, 0x00, 0x00, 0x00, 0x00, 0x00, 0x00, 0x00,
    0x00, 0x00, 0x00, 0x00, 0x00, 0x00, 0x00, 0x00, 0x00, 0x00, 0x00, 0x00, 0x00, 0x00, 0x00, 0x00,
    0x00, 0x00, 0x00, 0x00, 0x00, 0x00, 0x00, 0x00, 0x00, 0x00, 0x00, 0x00, 0x00, 0x00, 0x00, 0x00,
    0x00, 0x00, 0x00, 0x00, 0x00, 0x00, 0x00, 0x00, 0x00, 0x00, 0x00, 0x00, 0x00, 0x00, 0x00, 0x00,
    0x00, 0x00, 0x00, 0x00, 0x00, 0x00, 0x00, 0x00, 0x00, 0x00, 0x00, 0x00, 0x00, 0x00, 0x00, 0x00,
    0x00, 0x00, 0x00, 0x00, 0x00, 0x00, 0x00, 0x00, 0x00, 0x00, 0x00, 0x00, 0x00, 0x00, 0x00, 0x00,
    0x00, 0x00, 0x00, 0x00, 0x00, 0x00, 0x00, 0x00, 0x00, 0x00, 0x00, 0x00, 0x00, 0x00, 0x00, 0x00,
    0x00, 0x00, 0x00, 0x00, 0x00, 0x00, 0x00, 0x00, 0x00, 0x00, 0x00, 0x00, 0x00, 0x00, 0x00, 0x00,
    0x00, 0x00, 0x00, 0x00, 0x00, 0x00, 0x00, 0x00, 0x4D, 0x3D, 0x59, 0xFF, 0xA9, 0xA5, 0xA7, 0xFF,
    0xCE, 0xCF, 0xC9, 0xFF, 0xD0, 0xD1, 0xCC, 0xFF, 0xD1, 0xD3, 0xCA, 0xFF, 0xD1, 0xD3, 0xCA, 0xFF,
    0xD2, 0xD4, 0xCD, 0xFF, 0xD2, 0xD4, 0xCD, 0xFF, 0xD3, 0xD5, 0xCE, 0xFF, 0xD3, 0xD5, 0xCE, 0xFF,
    0xD3, 0xD5, 0xCE, 0xFF, 0xD4, 0xD7, 0xCF, 0xFF, 0xD4, 0xD7, 0xCF, 0xFF, 0xD4, 0xD7, 0xCF, 0xFF,
    0xD4, 0xD7, 0xCF, 0xFF, 0xD4, 0xD7, 0xCF, 0xFF, 0xD3, 0xD5, 0xCE, 0xFF, 0xD3, 0xD5, 0xCE, 0xFF,
    0xD3, 0xD5, 0xCE, 0xFF, 0xD3, 0xD5, 0xCE, 0xFF, 0xD2, 0xD4, 0xCD, 0xFF, 0xD2, 0xD3, 0xCD, 0xFF,
    0xD2, 0xD3, 0xCD, 0xFF, 0xD1, 0xD3, 0xCA, 0xFF, 0xD0, 0xD1, 0xCC, 0xFF, 0xD0, 0xD1, 0xCC, 0xFF,
    0xA7, 0xA3, 0x9D, 0xFF, 0x4D, 0x3D, 0x59, 0xFF, 0x00, 0x00, 0x00, 0x00, 0x00, 0x00, 0x00, 0x00,
    0x00, 0x00, 0x00, 0x00, 0x00, 0x00, 0x00, 0x00, 0x00, 0x00, 0x00, 0x00, 0x00, 0x00, 0x00, 0x00,
    0x00, 0x00, 0x00, 0x00, 0x00, 0x00, 0x00, 0x00, 0x00, 0x00, 0x00, 0x00, 0x00, 0x00, 0x00, 0x00,
    0x00, 0x00, 0x00, 0x00, 0x00, 0x00, 0x00, 0x00, 0x00, 0x00, 0x00, 0x00, 0x00, 0x00, 0x00, 0x00,
    0x00, 0x00, 0x00, 0x00, 0x00, 0x00, 0x00, 0x00, 0x00, 0x00, 0x00, 0x00, 0x00, 0x00, 0x00, 0x00,
    0x00, 0x00, 0x00, 0x00, 0x00, 0x00, 0x00, 0x00, 0x00, 0x00, 0x00, 0x00, 0x00, 0x00, 0x00, 0x00,
    0x00, 0x00, 0x00, 0x00, 0x00, 0x00, 0x00, 0x00, 0x00, 0x00, 0x00, 0x00, 0x00, 0x00, 0x00, 0x00,
    0x00, 0x00, 0x00, 0x00, 0x00, 0x00, 0x00, 0x00, 0x00, 0x00, 0x00, 0x00, 0x00, 0x00, 0x00, 0x00,
    0x00, 0x00, 0x00, 0x00, 0x00, 0x00, 0x00, 0x00, 0x00, 0x00, 0x00, 0x00, 0x00, 0x00, 0x00, 0x00,
    0x00, 0x00, 0x00, 0x00, 0x00, 0x00, 0x00, 0x00, 0x00, 0x00, 0x00, 0x00, 0x00, 0x00, 0x00, 0x00,
    0x00, 0x00, 0x00, 0x00, 0x00, 0x00, 0x00, 0x00, 0x00, 0x00, 0x00, 0x00, 0x00, 0x00, 0x00, 0x00,
    0x00, 0x00, 0x00, 0x00, 0x00, 0x00, 0x00, 0x00, 0x5E, 0x51, 0x4E, 0xFF, 0xA9, 0xA5, 0xA7, 0xFF,
    0xD4, 0xD7, 0xCF, 0xFF, 0xA7, 0xA3, 0x9D, 0xFF, 0xD1, 0xD3, 0xCA, 0xFF, 0xD2, 0xD4, 0xCD, 0xFF,
    0xD2, 0xD4, 0xCD, 0xFF, 0xD2, 0xD4, 0xCD, 0xFF, 0xD3, 0xD5, 0xCE, 0xFF, 0xD3, 0xD5, 0xCE, 0xFF,
    0xD4, 0xD7, 0xCF, 0xFF, 0xD4, 0xD7, 0xCF, 0xFF, 0xD3, 0xD5, 0xCE, 0xFF, 0xD4, 0xD7, 0xCF, 0xFF,
    0xD3, 0xD5, 0xCE, 0xFF, 0xD4, 0xD7, 0xCF, 0xFF, 0xD3, 0xD5, 0xCE, 0xFF, 0xD3, 0xD5, 0xCE, 0xFF,
    0xD3, 0xD5, 0xCE, 0xFF, 0xD3, 0xD5, 0xCE, 0xFF, 0xD2, 0xD4, 0xCD, 0xFF, 0xD2, 0xD4, 0xCD, 0xFF,
    0xD3, 0xD5, 0xCE, 0xFF, 0xD2, 0xD3, 0xCD, 0xFF, 0xA2, 0x9E, 0x97, 0xFF, 0xD0, 0xD1, 0xCC, 0xFF,
    0xA7, 0xA3, 0x9D, 0xFF, 0x5E, 0x51, 0x4E, 0xFF, 0x00, 0x00, 0x00, 0x00, 0x00, 0x00, 0x00, 0x00,
    0x00, 0x00, 0x00, 0x00, 0x00, 0x00, 0x00, 0x00, 0x00, 0x00, 0x00, 0x00, 0x00, 0x00, 0x00, 0x00,
    0x00, 0x00, 0x00, 0x00, 0x00, 0x00, 0x00, 0x00, 0x00, 0x00, 0x00, 0x00, 0x00, 0x00, 0x00, 0x00,
    0x00, 0x00, 0x00, 0x00, 0x00, 0x00, 0x00, 0x00, 0x00, 0x00, 0x00, 0x00, 0x00, 0x00, 0x00, 0x00,
    0x00, 0x00, 0x00, 0x00, 0x00, 0x00, 0x00, 0x00, 0x00, 0x00, 0x00, 0x00, 0x00, 0x00, 0x00, 0x00,
    0x00, 0x00, 0x00, 0x00, 0x00, 0x00, 0x00, 0x00, 0x00, 0x00, 0x00, 0x00, 0x00, 0x00, 0x00, 0x00,
    0x00, 0x00, 0x00, 0x00, 0x00, 0x00, 0x00, 0x00, 0x00, 0x00, 0x00, 0x00, 0x00, 0x00, 0x00, 0x00,
    0x00, 0x00, 0x00, 0x00, 0x00, 0x00, 0x00, 0x00, 0x00, 0x00, 0x00, 0x00, 0x00, 0x00, 0x00, 0x00,
    0x00, 0x00, 0x00, 0x00, 0x00, 0x00, 0x00, 0x00, 0x00, 0x00, 0x00, 0x00, 0x00, 0x00, 0x00, 0x00,
    0x00, 0x00, 0x00, 0x00, 0x00, 0x00, 0x00, 0x00, 0x00, 0x00, 0x00, 0x00, 0x00, 0x00, 0x00, 0x00,
    0x00, 0x00, 0x00, 0x00, 0x00, 0x00, 0x00, 0x00, 0x00, 0x00, 0x00, 0x00, 0x00, 0x00, 0x00, 0x00,
    0x00, 0x00, 0x00, 0x00, 0x00, 0x00, 0x00, 0x00, 0x5E, 0x51, 0x4E, 0xFF, 0xA9, 0xA5, 0xA7, 0xFF,
    0xA9, 0xA5, 0xA7, 0xFF, 0xD2, 0xD3, 0xCD, 0xFF, 0xD0, 0xD1, 0xCC, 0xFF, 0xD2, 0xD4, 0xCD, 0xFF,
    0xD2, 0xD4, 0xCD, 0xFF, 0xD3, 0xD5, 0xCE, 0xFF, 0xD3, 0xD5, 0xCE, 0xFF, 0xD3, 0xD5, 0xCE, 0xFF,
    0xD3, 0xD5, 0xCE, 0xFF, 0xD4, 0xD7, 0xCF, 0xFF, 0xD3, 0xD5, 0xCE, 0xFF, 0xD3, 0xD5, 0xCE, 0xFF,
    0xD3, 0xD5, 0xCE, 0xFF, 0xD3, 0xD5, 0xCE, 0xFF, 0xD3, 0xD5, 0xCE, 0xFF, 0xD3, 0xD5, 0xCE, 0xFF,
    0xD3, 0xD5, 0xCE, 0xFF, 0xD3, 0xD5, 0xCE, 0xFF, 0xD3, 0xD5, 0xCE, 0xFF, 0xD2, 0xD4, 0xCD, 0xFF,
    0xD2, 0xD4, 0xCD, 0xFF, 0xCF, 0xD1, 0xC9, 0xFF, 0xCF, 0xD1, 0xC9, 0xFF, 0xA7, 0xA3, 0x9D, 0xFF,
    0xA7, 0xA3, 0x9D, 0xFF, 0x5E, 0x51, 0x4E, 0xFF, 0x00, 0x00, 0x00, 0x00, 0x00, 0x00, 0x00, 0x00,
    0x00, 0x00, 0x00, 0x00, 0x00, 0x00, 0x00, 0x00, 0x00, 0x00, 0x00, 0x00, 0x00, 0x00, 0x00, 0x00,
    0x00, 0x00, 0x00, 0x00, 0x00, 0x00, 0x00, 0x00, 0x00, 0x00, 0x00, 0x00, 0x00, 0x00, 0x00, 0x00,
    0x00, 0x00, 0x00, 0x00, 0x00, 0x00, 0x00, 0x00, 0x00, 0x00, 0x00, 0x00, 0x00, 0x00, 0x00, 0x00,
    0x00, 0x00, 0x00, 0x00, 0x00, 0x00, 0x00, 0x00, 0x00, 0x00, 0x00, 0x00, 0x00, 0x00, 0x00, 0x00,
    0x00, 0x00, 0x00, 0x00, 0x00, 0x00, 0x00, 0x00, 0x00, 0x00, 0x00, 0x00, 0x00, 0x00, 0x00, 0x00,
    0x00, 0x00, 0x00, 0x00, 0x00, 0x00, 0x00, 0x00, 0x00, 0x00, 0x00, 0x00, 0x00, 0x00, 0x00, 0x00,
    0x00, 0x00, 0x00, 0x00, 0x00, 0x00, 0x00, 0x00, 0x00, 0x00, 0x00, 0x00, 0x00, 0x00, 0x00, 0x00,
    0x00, 0x00, 0x00, 0x00, 0x00, 0x00, 0x00, 0x00, 0x00, 0x00, 0x00, 0x00, 0x00, 0x00, 0x00, 0x00,
    0x00, 0x00, 0x00, 0x00, 0x00, 0x00, 0x00, 0x00, 0x00, 0x00, 0x00, 0x00, 0x00, 0x00, 0x00, 0x00,
    0x00, 0x00, 0x00, 0x00, 0x00, 0x00, 0x00, 0x00, 0x00, 0x00, 0x00, 0x00, 0x00, 0x00, 0x00, 0x00,
    0x00, 0x00, 0x00, 0x00, 0x5E, 0x51, 0x4E, 0xFF, 0xA9, 0xA5, 0xA7, 0xFF, 0xD2, 0xD3, 0xCD, 0xFF,
    0xD2, 0xD3, 0xCD, 0xFF, 0xD0, 0xD1, 0xCC, 0xFF, 0xBD, 0xBD, 0xB8, 0xFF, 0xD1, 0xD3, 0xCA, 0xFF,
    0xD2, 0xD4, 0xCD, 0xFF, 0xD3, 0xD5, 0xCE, 0xFF, 0xD3, 0xD5, 0xCE, 0xFF, 0xD3, 0xD5, 0xCE, 0xFF,
    0xD3, 0xD5, 0xCE, 0xFF, 0xD3, 0xD5, 0xCE, 0xFF, 0xD4, 0xD7, 0xCF, 0xFF, 0xD4, 0xD7, 0xCF, 0xFF,
    0xD3, 0xD5, 0xCE, 0xFF, 0xD3, 0xD5, 0xCE, 0xFF, 0xD3, 0xD5, 0xCE, 0xFF, 0xD3, 0xD5, 0xCE, 0xFF,
    0xD3, 0xD5, 0xCE, 0xFF, 0xD3, 0xD5, 0xCE, 0xFF, 0xD3, 0xD5, 0xCE, 0xFF, 0xD2, 0xD4, 0xCD, 0xFF,
    0xD2, 0xD3, 0xCD, 0xFF, 0xBD, 0xBD, 0xB8, 0xFF, 0xCF, 0xD1, 0xC9, 0xFF, 0xCF, 0xD1, 0xC9, 0xFF,
    0xA7, 0xA3, 0x9D, 0xFF, 0xA7, 0xA3, 0x9D, 0xFF, 0x5E, 0x51, 0x4E, 0xFF, 0x00, 0x00, 0x00, 0x00,
    0x00, 0x00, 0x00, 0x00, 0x00, 0x00, 0x00, 0x00, 0x00, 0x00, 0x00, 0x00, 0x00, 0x00, 0x00, 0x00,
    0x00, 0x00, 0x00, 0x00, 0x00, 0x00, 0x00, 0x00, 0x00, 0x00, 0x00, 0x00, 0x00, 0x00, 0x00, 0x00,
    0x00, 0x00, 0x00, 0x00, 0x00, 0x00, 0x00, 0x00, 0x00, 0x00, 0x00, 0x00, 0x00, 0x00, 0x00, 0x00,
    0x00, 0x00, 0x00, 0x00, 0x00, 0x00, 0x00, 0x00, 0x00, 0x00, 0x00, 0x00, 0x00, 0x00, 0x00, 0x00,
    0x00, 0x00, 0x00, 0x00, 0x00, 0x00, 0x00, 0x00, 0x00, 0x00, 0x00, 0x00, 0x00, 0x00, 0x00, 0x00,
    0x00, 0x00, 0x00, 0x00, 0x00, 0x00, 0x00, 0x00, 0x00, 0x00, 0x00, 0x00, 0x00, 0x00, 0x00, 0x00,
    0x00, 0x00, 0x00, 0x00, 0x00, 0x00, 0x00, 0x00, 0x00, 0x00, 0x00, 0x00, 0x00, 0x00, 0x00, 0x00,
    0x00, 0x00, 0x00, 0x00, 0x00, 0x00, 0x00, 0x00, 0x00, 0x00, 0x00, 0x00, 0x00, 0x00, 0x00, 0x00,
    0x00, 0x00, 0x00, 0x00, 0x00, 0x00, 0x00, 0x00, 0x00, 0x00, 0x00, 0x00, 0x00, 0x00, 0x00, 0x00,
    0x00, 0x00, 0x00, 0x00, 0x00, 0x00, 0x00, 0x00, 0x00, 0x00, 0x00, 0x00, 0x00, 0x00, 0x00, 0x00,
    0x00, 0x00, 0x00, 0x00, 0x5E, 0x51, 0x4E, 0xFF, 0xA9, 0xA5, 0xA7, 0xFF, 0xBD, 0xBD, 0xB8, 0xFF,
    0xD2, 0xD3, 0xCD, 0xFF, 0xD0, 0xD1, 0xCC, 0xFF, 0xD1, 0xD3, 0xCA, 0xFF, 0xD2, 0xD3, 0xCD, 0xFF,
    0xD1, 0xD3, 0xCA, 0xFF, 0xD1, 0xD3, 0xCA, 0xFF, 0xD2, 0xD3, 0xCD, 0xFF, 0xD2, 0xD3, 0xCD, 0xFF,
    0xD3, 0xD5, 0xCE, 0xFF, 0xD3, 0xD5, 0xCE, 0xFF, 0xD4, 0xD7, 0xCF, 0xFF, 0xD3, 0xD5, 0xCE, 0xFF,
    0xD3, 0xD5, 0xCE, 0xFF, 0xD3, 0xD5, 0xCE, 0xFF, 0xD3, 0xD5, 0xCE, 0xFF, 0xD3, 0xD5, 0xCE, 0xFF,
    0xD3, 0xD5, 0xCE, 0xFF, 0xD3, 0xD5, 0xCE, 0xFF, 0xD3, 0xD5, 0xCE, 0xFF, 0xD2, 0xD3, 0xCD, 0xFF,
    0xD0, 0xD1, 0xCC, 0xFF, 0xD0, 0xD1, 0xCC, 0xFF, 0xCF, 0xD1, 0xC9, 0xFF, 0xD1, 0xD3, 0xCA, 0xFF,
    0xA7, 0xA3, 0x9D, 0xFF, 0xA7, 0xA3, 0x9D, 0xFF, 0x5E, 0x51, 0x4E, 0xFF, 0x00, 0x00, 0x00, 0x00,
    0x00, 0x00, 0x00, 0x00, 0x00, 0x00, 0x00, 0x00, 0x00, 0x00, 0x00, 0x00, 0x00, 0x00, 0x00, 0x00,
    0x00, 0x00, 0x00, 0x00, 0x00, 0x00, 0x00, 0x00, 0x00, 0x00, 0x00, 0x00, 0x00, 0x00, 0x00, 0x00,
    0x00, 0x00, 0x00, 0x00, 0x00, 0x00, 0x00, 0x00, 0x00, 0x00, 0x00, 0x00, 0x00, 0x00, 0x00, 0x00,
    0x00, 0x00, 0x00, 0x00, 0x00, 0x00, 0x00, 0x00, 0x00, 0x00, 0x00, 0x00, 0x00, 0x00, 0x00, 0x00,
    0x00, 0x00, 0x00, 0x00, 0x00, 0x00, 0x00, 0x00, 0x00, 0x00, 0x00, 0x00, 0x00, 0x00, 0x00, 0x00,
    0x00, 0x00, 0x00, 0x00, 0x00, 0x00, 0x00, 0x00, 0x00, 0x00, 0x00, 0x00, 0x00, 0x00, 0x00, 0x00,
    0x00, 0x00, 0x00, 0x00, 0x00, 0x00, 0x00, 0x00, 0x00, 0x00, 0x00, 0x00, 0x00, 0x00, 0x00, 0x00,
    0x00, 0x00, 0x00, 0x00, 0x00, 0x00, 0x00, 0x00, 0x00, 0x00, 0x00, 0x00, 0x00, 0x00, 0x00, 0x00,
    0x00, 0x00, 0x00, 0x00, 0x00, 0x00, 0x00, 0x00, 0x00, 0x00, 0x00, 0x00, 0x00, 0x00, 0x00, 0x00,
    0x00, 0x00, 0x00, 0x00, 0x00, 0x00, 0x00, 0x00, 0x00, 0x00, 0x00, 0x00, 0x00, 0x00, 0x00, 0x00,
    0x00, 0x00, 0x00, 0x00, 0x5E, 0x51, 0x4E, 0xFF, 0xA7, 0xA3, 0x9D, 0xFF, 0xA7, 0xA3, 0x9D, 0xFF,
    0xA7, 0xA3, 0x9D, 0xFF, 0xD2, 0xD3, 0xCD, 0xFF, 0xD0, 0xD1, 0xCC, 0xFF, 0xD2, 0xD3, 0xCD, 0xFF,
    0xA7, 0xA3, 0x9D, 0xFF, 0xD0, 0xD1, 0xCC, 0xFF, 0xD3, 0xD5, 0xCE, 0xFF, 0xD3, 0xD5, 0xCE, 0xFF,
    0xD3, 0xD5, 0xCE, 0xFF, 0xD3, 0xD5, 0xCE, 0xFF, 0xD3, 0xD5, 0xCE, 0xFF, 0xD4, 0xD7, 0xCF, 0xFF,
    0xD3, 0xD5, 0xCE, 0xFF, 0xD3, 0xD5, 0xCE, 0xFF, 0xD3, 0xD5, 0xCE, 0xFF, 0xD4, 0xD7, 0xCF, 0xFF,
    0xD4, 0xD7, 0xCF, 0xFF, 0xD4, 0xD7, 0xCF, 0xFF, 0x9F, 0x9B, 0x96, 0xFF, 0xA7, 0xA3, 0x9D, 0xFF,
    0xCF, 0xD1, 0xC9, 0xFF, 0xCE, 0xCF, 0xC9, 0xFF, 0xD0, 0xD1, 0xCC, 0xFF, 0xA2, 0x9E, 0x97, 0xFF,
    0xA3, 0x9F, 0x9A, 0xFF, 0xA7, 0xA3, 0x9D, 0xFF, 0x5E, 0x51, 0x4E, 0xFF, 0x00, 0x00, 0x00, 0x00,
    0x00, 0x00, 0x00, 0x00, 0x00, 0x00, 0x00, 0x00, 0x00, 0x00, 0x00, 0x00, 0x00, 0x00, 0x00, 0x00,
    0x00, 0x00, 0x00, 0x00, 0x00, 0x00, 0x00, 0x00, 0x00, 0x00, 0x00, 0x00, 0x00, 0x00, 0x00, 0x00,
    0x00, 0x00, 0x00, 0x00, 0x00, 0x00, 0x00, 0x00, 0x00, 0x00, 0x00, 0x00, 0x00, 0x00, 0x00, 0x00,
    0x00, 0x00, 0x00, 0x00, 0x00, 0x00, 0x00, 0x00, 0x00, 0x00, 0x00, 0x00, 0x00, 0x00, 0x00, 0x00,
    0x00, 0x00, 0x00, 0x00, 0x00, 0x00, 0x00, 0x00, 0x00, 0x00, 0x00, 0x00, 0x00, 0x00, 0x00, 0x00,
    0x00, 0x00, 0x00, 0x00, 0x00, 0x00, 0x00, 0x00, 0x00, 0x00, 0x00, 0x00, 0x00, 0x00, 0x00, 0x00,
    0x00, 0x00, 0x00, 0x00, 0x00, 0x00, 0x00, 0x00, 0x00, 0x00, 0x00, 0x00, 0x00, 0x00, 0x00, 0x00,
    0x00, 0x00, 0x00, 0x00, 0x00, 0x00, 0x00, 0x00, 0x00, 0x00, 0x00, 0x00, 0x00, 0x00, 0x00, 0x00,
    0x00, 0x00, 0x00, 0x00, 0x00, 0x00, 0x00, 0x00, 0x00, 0x00, 0x00, 0x00, 0x00, 0x00, 0x00, 0x00,
    0x00, 0x00, 0x00, 0x00, 0x00, 0x00, 0x00, 0x00, 0x00, 0x00, 0x00, 0x00, 0x00, 0x00, 0x00, 0x00,
    0x5E, 0x51, 0x4E, 0xFF, 0xA7, 0xA3, 0x9D, 0xFF, 0xA9, 0xA5, 0xA7, 0xFF, 0xA9, 0xA5, 0xA7, 0xFF,
    0xD2, 0xD3, 0xCD, 0xFF, 0xD2, 0xD4, 0xCD, 0xFF, 0xD0, 0xD1, 0xCC, 0xFF, 0xA9, 0xA5, 0xA7, 0xFF,
    0xD4, 0xD7, 0xCF, 0xFF, 0xD2, 0xD3, 0xCD, 0xFF, 0xD1, 0xD3, 0xCA, 0xFF, 0xD3, 0xD5, 0xCE, 0xFF,
    0xD3, 0xD5, 0xCE, 0xFF, 0xD3, 0xD5, 0xCE, 0xFF, 0xD3, 0xD5, 0xCE, 0xFF, 0xD4, 0xD7, 0xCF, 0xFF,
    0xD3, 0xD5, 0xCE, 0xFF, 0xD3, 0xD5, 0xCE, 0xFF, 0xD3, 0xD5, 0xCE, 0xFF, 0xD3, 0xD5, 0xCE, 0xFF,
    0xD4, 0xD7, 0xCF, 0xFF, 0xD3, 0xD5, 0xCE, 0xFF, 0xD4, 0xD7, 0xCF, 0xFF, 0xD2, 0xD4, 0xCD, 0xFF,
    0xA2, 0x9E, 0x97, 0xFF, 0xD0, 0xD1, 0xCC, 0xFF, 0xCE, 0xCF, 0xC9, 0xFF, 0xBD, 0xBD, 0xB8, 0xFF,
    0xA7, 0xA3, 0x9D, 0xFF, 0xA7, 0xA3, 0x9D, 0xFF, 0xA9, 0xA5, 0xA7, 0xFF, 0x5E, 0x51, 0x4E, 0xFF,
    0x00, 0x00, 0x00, 0x00, 0x00, 0x00, 0x00, 0x00, 0x00, 0x00, 0x00, 0x00, 0x00, 0x00, 0x00, 0x00,
    0x00, 0x00, 0x00, 0x00, 0x00, 0x00, 0x00, 0x00, 0x00, 0x00, 0x00, 0x00, 0x00, 0x00, 0x00, 0x00,
    0x00, 0x00, 0x00, 0x00, 0x00, 0x00, 0x00, 0x00, 0x00, 0x00, 0x00, 0x00, 0x00, 0x00, 0x00, 0x00,
    0x00, 0x00, 0x00, 0x00, 0x00, 0x00, 0x00, 0x00, 0x00, 0x00, 0x00, 0x00, 0x00, 0x00, 0x00, 0x00,
    0x00, 0x00, 0x00, 0x00, 0x00, 0x00, 0x00, 0x00, 0x00, 0x00, 0x00, 0x00, 0x00, 0x00, 0x00, 0x00,
    0x00, 0x00, 0x00, 0x00, 0x00, 0x00, 0x00, 0x00, 0x00, 0x00, 0x00, 0x00, 0x00, 0x00, 0x00, 0x00,
    0x00, 0x00, 0x00, 0x00, 0x00, 0x00, 0x00, 0x00, 0x00, 0x00, 0x00, 0x00, 0x00, 0x00, 0x00, 0x00,
    0x00, 0x00, 0x00, 0x00, 0x00, 0x00, 0x00, 0x00, 0x00, 0x00, 0x00, 0x00, 0x00, 0x00, 0x00, 0x00,
    0x00, 0x00, 0x00, 0x00, 0x00, 0x00, 0x00, 0x00, 0x00, 0x00, 0x00, 0x00, 0x00, 0x00, 0x00, 0x00,
    0x00, 0x00, 0x00, 0x00, 0x00, 0x00, 0x00, 0x00, 0x00, 0x00, 0x00, 0x00, 0x00, 0x00, 0x00, 0x00,
    0x5E, 0x51, 0x4E, 0xFF, 0xA9, 0xA5, 0xA7, 0xFF, 0xA7, 0xA3, 0x9D, 0xFF, 0xD4, 0xD7, 0xCF, 0xFF,
    0xD2, 0xD4, 0xCD, 0xFF, 0xD1, 0xD3, 0xCA, 0xFF, 0xD1, 0xD3, 0xCA, 0xFF, 0xD0, 0xD1, 0xCC, 0xFF,
    0xD2, 0xD3, 0xCD, 0xFF, 0xD2, 0xD3, 0xCD, 0xFF, 0xD2, 0xD4, 0xCD, 0xFF, 0xD3, 0xD5, 0xCE, 0xFF,
    0xD3, 0xD5, 0xCE, 0xFF, 0xD3, 0xD5, 0xCE, 0xFF, 0xD3, 0xD5, 0xCE, 0xFF, 0xD3, 0xD5, 0xCE, 0xFF,
    0xD3, 0xD5, 0xCE, 0xFF, 0xD3, 0xD5, 0xCE, 0xFF, 0xD3, 0xD5, 0xCE, 0xFF, 0xD3, 0xD5, 0xCE, 0xFF,
    0xD2, 0xD3, 0xCD, 0xFF, 0xD3, 0xD5, 0xCE, 0xFF, 0xD2, 0xD4, 0xCD, 0xFF, 0xD2, 0xD3, 0xCD, 0xFF,
    0xD0, 0xD1, 0xCC, 0xFF, 0xD0, 0xD1, 0xCC, 0xFF, 0xD1, 0xD3, 0xCA, 0xFF, 0xD0, 0xD1, 0xCC, 0xFF,
    0xD2, 0xD4, 0xCD, 0xFF, 0xA7, 0xA3, 0x9D, 0xFF, 0xA7, 0xA3, 0x9D, 0xFF, 0x5E, 0x51, 0x4E, 0xFF,
    0x00, 0x00, 0x00, 0x00, 0x00, 0x00, 0x00, 0x00, 0x00, 0x00, 0x00, 0x00, 0x00, 0x00, 0x00, 0x00,
    0x00, 0x00, 0x00, 0x00, 0x00, 0x00, 0x00, 0x00, 0x00, 0x00, 0x00, 0x00, 0x00, 0x00, 0x00, 0x00,
    0x00, 0x00, 0x00, 0x00, 0x00, 0x00, 0x00, 0x00, 0x00, 0x00, 0x00, 0x00, 0x00, 0x00, 0x00, 0x00,
    0x00, 0x00, 0x00, 0x00, 0x00, 0x00, 0x00, 0x00, 0x00, 0x00, 0x00, 0x00, 0x00, 0x00, 0x00, 0x00,
    0x00, 0x00, 0x00, 0x00, 0x00, 0x00, 0x00, 0x00, 0x00, 0x00, 0x00, 0x00, 0x00, 0x00, 0x00, 0x00,
    0x00, 0x00, 0x00, 0x00, 0x00, 0x00, 0x00, 0x00, 0x00, 0x00, 0x00, 0x00, 0x00, 0x00, 0x00, 0x00,
    0x00, 0x00, 0x00, 0x00, 0x00, 0x00, 0x00, 0x00, 0x00, 0x00, 0x00, 0x00, 0x00, 0x00, 0x00, 0x00,
    0x00, 0x00, 0x00, 0x00, 0x00, 0x00, 0x00, 0x00, 0x00, 0x00, 0x00, 0x00, 0x00, 0x00, 0x00, 0x00,
    0x00, 0x00, 0x00, 0x00, 0x00, 0x00, 0x00, 0x00, 0x00, 0x00, 0x00, 0x00, 0x00, 0x00, 0x00, 0x00,
    0x00, 0x00, 0x00, 0x00, 0x00, 0x00, 0x00, 0x00, 0x00, 0x00, 0x00, 0x00, 0x00, 0x00, 0x00, 0x00,
    0x5E, 0x51, 0x4E, 0xFF, 0xA9, 0xA5, 0xA7, 0xFF, 0xA7, 0xA3, 0x9D, 0xFF, 0xD4, 0xD7, 0xCF, 0xFF,
    0xCE, 0xCF, 0xC9, 0xFF, 0xD0, 0xD1, 0xCC, 0xFF, 0xD2, 0xD3, 0xCD, 0xFF, 0xD2, 0xD3, 0xCD, 0xFF,
    0xD2, 0xD3, 0xCD, 0xFF, 0xD2, 0xD4, 0xCD, 0xFF, 0xD2, 0xD3, 0xCD, 0xFF, 0xD2, 0xD4, 0xCD, 0xFF,
    0xD3, 0xD5, 0xCE, 0xFF, 0xD3, 0xD5, 0xCE, 0xFF, 0xD3, 0xD5, 0xCE, 0xFF, 0xD4, 0xD7, 0xCF, 0xFF,
    0xD3, 0xD5, 0xCE, 0xFF, 0xD4, 0xD7, 0xCF, 0xFF, 0xD3, 0xD5, 0xCE, 0xFF, 0xD3, 0xD5, 0xCE, 0xFF,
    0xD3, 0xD5, 0xCE, 0xFF, 0xD3, 0xD5, 0xCE, 0xFF, 0xD3, 0xD5, 0xCE, 0xFF, 0xD2, 0xD3, 0xCD, 0xFF,
    0xD1, 0xD3, 0xCA, 0xFF, 0xD0, 0xD1, 0xCC, 0xFF, 0xD0, 0xD1, 0xCC, 0xFF, 0xCF, 0xD1, 0xC9, 0xFF,
    0xD2, 0xD4, 0xCD, 0xFF, 0xA7, 0xA3, 0x9D, 0xFF, 0xA7, 0xA3, 0x9D, 0xFF, 0x5E, 0x51, 0x4E, 0xFF,
    0x00, 0x00, 0x00, 0x00, 0x00, 0x00, 0x00, 0x00, 0x00, 0x00, 0x00, 0x00, 0x00, 0x00, 0x00, 0x00,
    0x00, 0x00, 0x00, 0x00, 0x00, 0x00, 0x00, 0x00, 0x00, 0x00, 0x00, 0x00, 0x00, 0x00, 0x00, 0x00,
    0x00, 0x00, 0x00, 0x00, 0x00, 0x00, 0x00, 0x00, 0x00, 0x00, 0x00, 0x00, 0x00, 0x00, 0x00, 0x00,
    0x00, 0x00, 0x00, 0x00, 0x00, 0x00, 0x00, 0x00, 0x00, 0x00, 0x00, 0x00, 0x00, 0x00, 0x00, 0x00,
    0x00, 0x00, 0x00, 0x00, 0x00, 0x00, 0x00, 0x00, 0x00, 0x00, 0x00, 0x00, 0x00, 0x00, 0x00, 0x00,
    0x00, 0x00, 0x00, 0x00, 0x00, 0x00, 0x00, 0x00, 0x00, 0x00, 0x00, 0x00, 0x00, 0x00, 0x00, 0x00,
    0x00, 0x00, 0x00, 0x00, 0x00, 0x00, 0x00, 0x00, 0x00, 0x00, 0x00, 0x00, 0x00, 0x00, 0x00, 0x00,
    0x00, 0x00, 0x00, 0x00, 0x00, 0x00, 0x00, 0x00, 0x00, 0x00, 0x00, 0x00, 0x00, 0x00, 0x00, 0x00,
    0x00, 0x00, 0x00, 0x00, 0x00, 0x00, 0x00, 0x00, 0x00, 0x00, 0x00, 0x00, 0x00, 0x00, 0x00, 0x00,
    0x00, 0x00, 0x00, 0x00, 0x00, 0x00, 0x00, 0x00, 0x00, 0x00, 0x00, 0x00, 0x00, 0x00, 0x00, 0x00,
    0x5E, 0x51, 0x4E, 0xFF, 0xA9, 0xA5, 0xA7, 0xFF, 0xA9, 0xA5, 0xA7, 0xFF, 0xA9, 0xA5, 0xA7, 0xFF,
    0xA7, 0xA3, 0x9D, 0xFF, 0xD3, 0xD5, 0xCE, 0xFF, 0xA7, 0xA3, 0x9D, 0xFF, 0xD2, 0xD3, 0xCD, 0xFF,
    0xD2, 0xD4, 0xCD, 0xFF, 0xD1, 0xD3, 0xCA, 0xFF, 0xD2, 0xD3, 0xCD, 0xFF, 0xD4, 0xD7, 0xCF, 0xFF,
    0xA7, 0xA3, 0x9D, 0xFF, 0xD3, 0xD5, 0xCE, 0xFF, 0xD3, 0xD5, 0xCE, 0xFF, 0xD3, 0xD5, 0xCE, 0xFF,
    0xD3, 0xD5, 0xCE, 0xFF, 0xD4, 0xD7, 0xCF, 0xFF, 0xD3, 0xD5, 0xCE, 0xFF, 0xA7, 0xA3, 0x9D, 0xFF,
    0xD3, 0xD5, 0xCE, 0xFF, 0xD1, 0xD3, 0xCA, 0xFF, 0xD2, 0xD3, 0xCD, 0xFF, 0xD2, 0xD3, 0xCD, 0xFF,
    0xD1, 0xD3, 0xCA, 0xFF, 0xA3, 0x9F, 0x9A, 0xFF, 0xD2, 0xD3, 0xCD, 0xFF, 0xA7, 0xA3, 0x9D, 0xFF,
    0xA7, 0xA3, 0x9D, 0xFF, 0xA9, 0xA5, 0xA7, 0xFF, 0xA9, 0xA5, 0xA7, 0xFF, 0x5E, 0x51, 0x4E, 0xFF,
    0x00, 0x00, 0x00, 0x00, 0x00, 0x00, 0x00, 0x00, 0x00, 0x00, 0x00, 0x00, 0x00, 0x00, 0x00, 0x00,
    0x00, 0x00, 0x00, 0x00, 0x00, 0x00, 0x00, 0x00, 0x00, 0x00, 0x00, 0x00, 0x00, 0x00, 0x00, 0x00,
    0x00, 0x00, 0x00, 0x00, 0x00, 0x00, 0x00, 0x00, 0x00, 0x00, 0x00, 0x00, 0x00, 0x00, 0x00, 0x00,
    0x00, 0x00, 0x00, 0x00, 0x00, 0x00, 0x00, 0x00, 0x00, 0x00, 0x00, 0x00, 0x00, 0x00, 0x00, 0x00,
    0x00, 0x00, 0x00, 0x00, 0x00, 0x00, 0x00, 0x00, 0x00, 0x00, 0x00, 0x00, 0x00, 0x00, 0x00, 0x00,
    0x00, 0x00, 0x00, 0x00, 0x00, 0x00, 0x00, 0x00, 0x00, 0x00, 0x00, 0x00, 0x00, 0x00, 0x00, 0x00,
    0x00, 0x00, 0x00, 0x00, 0x00, 0x00, 0x00, 0x00, 0x00, 0x00, 0x00, 0x00, 0x00, 0x00, 0x00, 0x00,
    0x00, 0x00, 0x00, 0x00, 0x00, 0x00, 0x00, 0x00, 0x00, 0x00, 0x00, 0x00, 0x00, 0x00, 0x00, 0x00,
    0x00, 0x00, 0x00, 0x00, 0x00, 0x00, 0x00, 0x00, 0x00, 0x00, 0x00, 0x00, 0x00, 0x00, 0x00, 0x00,
    0x00, 0x00, 0x00, 0x00, 0x00, 0x00, 0x00, 0x00, 0x00, 0x00, 0x00, 0x00, 0x00, 0x00, 0x00, 0x00,
    0x00, 0x00, 0x00, 0x00, 0x5E, 0x51, 0x4E, 0xFF, 0x9D, 0x99, 0x93, 0xFF, 0xA7, 0xA3, 0x9D, 0xFF,
    0xD2, 0xD4, 0xCD, 0xFF, 0xBD, 0xBD, 0xB8, 0xFF, 0xA9, 0xA5, 0xA7, 0xFF, 0xD2, 0xD3, 0xCD, 0xFF,
    0xD1, 0xD3, 0xCA, 0xFF, 0xD0, 0xD1, 0xCC, 0xFF, 0xD3, 0xD5, 0xCE, 0xFF, 0xCE, 0xCF, 0xC9, 0xFF,
    0xA9, 0xA5, 0xA7, 0xFF, 0xD2, 0xD4, 0xCD, 0xFF, 0xD3, 0xD5, 0xCE, 0xFF, 0xD2, 0xD4, 0xCD, 0xFF,
    0xD3, 0xD5, 0xCE, 0xFF, 0xD2, 0xD3, 0xCD, 0xFF, 0xD3, 0xD5, 0xCE, 0xFF, 0xA9, 0xA5, 0xA7, 0xFF,
    0xCE, 0xCF, 0xC9, 0xFF, 0xD1, 0xD3, 0xCA, 0xFF, 0xD0, 0xD1, 0xCC, 0xFF, 0xD1, 0xD3, 0xCA, 0xFF,
    0xD0, 0xD1, 0xCC, 0xFF, 0xA7, 0xA3, 0x9D, 0xFF, 0xCA, 0xCB, 0xC6, 0xFF, 0xD0, 0xD1, 0xCC, 0xFF,
    0xA7, 0xA3, 0x9D, 0xFF, 0x9D, 0x99, 0x93, 0xFF, 0x5E, 0x51, 0x4E, 0xFF, 0x00, 0x00, 0x00, 0x00,
    0x00, 0x00, 0x00, 0x00, 0x00, 0x00, 0x00, 0x00, 0x00, 0x00, 0x00, 0x00, 0x00, 0x00, 0x00, 0x00,
    0x00, 0x00, 0x00, 0x00, 0x00, 0x00, 0x00, 0x00, 0x00, 0x00, 0x00, 0x00, 0x00, 0x00, 0x00, 0x00,
    0x00, 0x00, 0x00, 0x00, 0x00, 0x00, 0x00, 0x00, 0x00, 0x00, 0x00, 0x00, 0x00, 0x00, 0x00, 0x00,
    0x00, 0x00, 0x00, 0x00, 0x00, 0x00, 0x00, 0x00, 0x00, 0x00, 0x00, 0x00, 0x00, 0x00, 0x00, 0x00,
    0x00, 0x00, 0x00, 0x00, 0x00, 0x00, 0x00, 0x00, 0x00, 0x00, 0x00, 0x00, 0x00, 0x00, 0x00, 0x00,
    0x00, 0x00, 0x00, 0x00, 0x00, 0x00, 0x00, 0x00, 0x00, 0x00, 0x00, 0x00, 0x00, 0x00, 0x00, 0x00,
    0x00, 0x00, 0x00, 0x00, 0x00, 0x00, 0x00, 0x00, 0x00, 0x00, 0x00, 0x00, 0x00, 0x00, 0x00, 0x00,
    0x00, 0x00, 0x00, 0x00, 0x00, 0x00, 0x00, 0x00, 0x00, 0x00, 0x00, 0x00, 0x00, 0x00, 0x00, 0x00,
    0x00, 0x00, 0x00, 0x00, 0x00, 0x00, 0x00, 0x00, 0x00, 0x00, 0x00, 0x00, 0x00, 0x00, 0x00, 0x00,
    0x00, 0x00, 0x00, 0x00, 0x00, 0x00, 0x00, 0x00, 0x00, 0x00, 0x00, 0x00, 0x00, 0x00, 0x00, 0x00,
    0x00, 0x00, 0x00, 0x00, 0x5E, 0x51, 0x4E, 0xFF, 0xA7, 0xA3, 0x9D, 0xFF, 0xA7, 0xA3, 0x9D, 0xFF,
    0xA9, 0xA5, 0xA7, 0xFF, 0xCC, 0xCE, 0xC7, 0xFF, 0xCE, 0xCF, 0xC9, 0xFF, 0xCD, 0xCD, 0xC9, 0xFF,
    0xA9, 0xA5, 0xA7, 0xFF, 0xD2, 0xD3, 0xCD, 0xFF, 0xCF, 0xD1, 0xC9, 0xFF, 0xD2, 0xD4, 0xCD, 0xFF,
    0xD4, 0xD7, 0xCF, 0xFF, 0x9D, 0x99, 0x93, 0xFF, 0xD0, 0xD1, 0xCC, 0xFF, 0xD3, 0xD5, 0xCE, 0xFF,
    0xD2, 0xD3, 0xCD, 0xFF, 0xA2, 0x9E, 0x97, 0xFF, 0xA3, 0x9F, 0x9A, 0xFF, 0xD4, 0xD7, 0xCF, 0xFF,
    0xCE, 0xCF, 0xC9, 0xFF, 0xCE, 0xCF, 0xC9, 0xFF, 0xCE, 0xCF, 0xC9, 0xFF, 0xA9, 0xA5, 0xA7, 0xFF,
    0xCC, 0xCE, 0xC7, 0xFF, 0xCA, 0xCB, 0xC6, 0xFF, 0xCA, 0xCB, 0xC6, 0xFF, 0xA3, 0x9F, 0x9A, 0xFF,
    0xA3, 0x9F, 0x9A, 0xFF, 0xA7, 0xA3, 0x9D, 0xFF, 0x5E, 0x51, 0x4E, 0xFF, 0x00, 0x00, 0x00, 0x00,
    0x00, 0x00, 0x00, 0x00, 0x00, 0x00, 0x00, 0x00, 0x00, 0x00, 0x00, 0x00, 0x00, 0x00, 0x00, 0x00,
    0x00, 0x00, 0x00, 0x00, 0x00, 0x00, 0x00, 0x00, 0x00, 0x00, 0x00, 0x00, 0x00, 0x00, 0x00, 0x00,
    0x00, 0x00, 0x00, 0x00, 0x00, 0x00, 0x00, 0x00, 0x00, 0x00, 0x00, 0x00, 0x00, 0x00, 0x00, 0x00,
    0x00, 0x00, 0x00, 0x00, 0x00, 0x00, 0x00, 0x00, 0x00, 0x00, 0x00, 0x00, 0x00, 0x00, 0x00, 0x00,
    0x00, 0x00, 0x00, 0x00, 0x00, 0x00, 0x00, 0x00, 0x00, 0x00, 0x00, 0x00, 0x00, 0x00, 0x00, 0x00,
    0x00, 0x00, 0x00, 0x00, 0x00, 0x00, 0x00, 0x00, 0x00, 0x00, 0x00, 0x00, 0x00, 0x00, 0x00, 0x00,
    0x00, 0x00, 0x00, 0x00, 0x00, 0x00, 0x00, 0x00, 0x00, 0x00, 0x00, 0x00, 0x00, 0x00, 0x00, 0x00,
    0x00, 0x00, 0x00, 0x00, 0x00, 0x00, 0x00, 0x00, 0x00, 0x00, 0x00, 0x00, 0x00, 0x00, 0x00, 0x00,
    0x00, 0x00, 0x00, 0x00, 0x00, 0x00, 0x00, 0x00, 0x00, 0x00, 0x00, 0x00, 0x00, 0x00, 0x00, 0x00,
    0x00, 0x00, 0x00, 0x00, 0x00, 0x00, 0x00, 0x00, 0x00, 0x00, 0x00, 0x00, 0x00, 0x00, 0x00, 0x00,
    0x00, 0x00, 0x00, 0x00, 0x5E, 0x51, 0x4E, 0xFF, 0xA7, 0xA3, 0x9D, 0xFF, 0xA3, 0x9F, 0x9A, 0xFF,
    0x9F, 0x9B, 0x96, 0xFF, 0xCA, 0xCB, 0xC6, 0xFF, 0xCB, 0xCE, 0xC5, 0xFF, 0xCC, 0xCE, 0xC7, 0xFF,
    0xA9, 0xA5, 0xA7, 0xFF, 0xCA, 0xCB, 0xC6, 0xFF, 0xCD, 0xCD, 0xC9, 0xFF, 0xD0, 0xD1, 0xCC, 0xFF,
    0xA3, 0x9F, 0x9A, 0xFF, 0xA3, 0x9F, 0x9A, 0xFF, 0xA2, 0x9E, 0x97, 0xFF, 0x9F, 0x9B, 0x96, 0xFF,
    0x9F, 0x9B, 0x96, 0xFF, 0xA2, 0x9E, 0x97, 0xFF, 0xA2, 0x9E, 0x97, 0xFF, 0xA2, 0x9E, 0x97, 0xFF,
    0xD1, 0xD3, 0xCA, 0xFF, 0xCE, 0xCF, 0xC9, 0xFF, 0xA9, 0xA5, 0xA7, 0xFF, 0xCD, 0xCD, 0xC9, 0xFF,
    0xCA, 0xCB, 0xC6, 0xFF, 0xCA, 0xCB, 0xC6, 0xFF, 0xCA, 0xCB, 0xC6, 0xFF, 0xA2, 0x9E, 0x97, 0xFF,
    0xA3, 0x9F, 0x9A, 0xFF, 0xA3, 0x9F, 0x9A, 0xFF, 0x5E, 0x51, 0x4E, 0xFF, 0x00, 0x00, 0x00, 0x00,
    0x00, 0x00, 0x00, 0x00, 0x00, 0x00, 0x00, 0x00, 0x00, 0x00, 0x00, 0x00, 0x00, 0x00, 0x00, 0x00,
    0x00, 0x00, 0x00, 0x00, 0x00, 0x00, 0x00, 0x00, 0x00, 0x00, 0x00, 0x00, 0x00, 0x00, 0x00, 0x00,
    0x00, 0x00, 0x00, 0x00, 0x00, 0x00, 0x00, 0x00, 0x00, 0x00, 0x00, 0x00, 0x00, 0x00, 0x00, 0x00,
    0x00, 0x00, 0x00, 0x00, 0x00, 0x00, 0x00, 0x00, 0x00, 0x00, 0x00, 0x00, 0x00, 0x00, 0x00, 0x00,
    0x00, 0x00, 0x00, 0x00, 0x00, 0x00, 0x00, 0x00, 0x00, 0x00, 0x00, 0x00, 0x00, 0x00, 0x00, 0x00,
    0x00, 0x00, 0x00, 0x00, 0x00, 0x00, 0x00, 0x00, 0x00, 0x00, 0x00, 0x00, 0x00, 0x00, 0x00, 0x00,
    0x00, 0x00, 0x00, 0x00, 0x00, 0x00, 0x00, 0x00, 0x00, 0x00, 0x00, 0x00, 0x00, 0x00, 0x00, 0x00,
    0x00, 0x00, 0x00, 0x00, 0x00, 0x00, 0x00, 0x00, 0x00, 0x00, 0x00, 0x00, 0x00, 0x00, 0x00, 0x00,
    0x00, 0x00, 0x00, 0x00, 0x00, 0x00, 0x00, 0x00, 0x00, 0x00, 0x00, 0x00, 0x00, 0x00, 0x00, 0x00,
    0x00, 0x00, 0x00, 0x00, 0x00, 0x00, 0x00, 0x00, 0x4D, 0x3D, 0x59, 0xFF, 0x4D, 0x3D, 0x59, 0xFF,
    0x4D, 0x3D, 0x59, 0xFF, 0x4D, 0x3D, 0x59, 0xFF, 0x5E, 0x51, 0x4E, 0xFF, 0xA3, 0x9F, 0x9A, 0xFF,
    0x9F, 0x9B, 0x96, 0xFF, 0x9D, 0x99, 0x93, 0xFF, 0xCA, 0xCB, 0xC6, 0xFF, 0x9D, 0x99, 0x93, 0xFF,
    0xA9, 0xA5, 0xA7, 0xFF, 0x9F, 0x9B, 0x96, 0xFF, 0xCE, 0xCF, 0xC9, 0xFF, 0x9F, 0x9B, 0x96, 0xFF,
    0xA2, 0x9E, 0x97, 0xFF, 0xA3, 0x9F, 0x9A, 0xFF, 0xA2, 0x9E, 0x97, 0xFF, 0xA3, 0x9F, 0x9A, 0xFF,
    0xA2, 0x9E, 0x97, 0xFF, 0xA2, 0x9E, 0x97, 0xFF, 0xA3, 0x9F, 0x9A, 0xFF, 0xA2, 0x9E, 0x97, 0xFF,
    0x9D, 0x99, 0x93, 0xFF, 0xCA, 0xCB, 0xC6, 0xFF, 0x9F, 0x9B, 0x96, 0xFF, 0xBD, 0xBD, 0xB8, 0xFF,
    0x9D, 0x99, 0x93, 0xFF, 0xCA, 0xCB, 0xC6, 0xFF, 0x9F, 0x9B, 0x96, 0xFF, 0xA2, 0x9E, 0x97, 0xFF,
    0xA2, 0x9E, 0x97, 0xFF, 0x5E, 0x51, 0x4E, 0xFF, 0x00, 0x00, 0x00, 0x00, 0x00, 0x00, 0x00, 0x00,
    0x00, 0x00, 0x00, 0x00, 0x00, 0x00, 0x00, 0x00, 0x00, 0x00, 0x00, 0x00, 0x00, 0x00, 0x00, 0x00,
    0x00, 0x00, 0x00, 0x00, 0x00, 0x00, 0x00, 0x00, 0x00, 0x00, 0x00, 0x00, 0x00, 0x00, 0x00, 0x00,
    0x00, 0x00, 0x00, 0x00, 0x00, 0x00, 0x00, 0x00, 0x00, 0x00, 0x00, 0x00, 0x00, 0x00, 0x00, 0x00,
    0x00, 0x00, 0x00, 0x00, 0x00, 0x00, 0x00, 0x00, 0x00, 0x00, 0x00, 0x00, 0x00, 0x00, 0x00, 0x00,
    0x00, 0x00, 0x00, 0x00, 0x00, 0x00, 0x00, 0x00, 0x00, 0x00, 0x00, 0x00, 0x00, 0x00, 0x00, 0x00,
    0x00, 0x00, 0x00, 0x00, 0x00, 0x00, 0x00, 0x00, 0x00, 0x00, 0x00, 0x00, 0x00, 0x00, 0x00, 0x00,
    0x00, 0x00, 0x00, 0x00, 0x00, 0x00, 0x00, 0x00, 0x00, 0x00, 0x00, 0x00, 0x00, 0x00, 0x00, 0x00,
    0x00, 0x00, 0x00, 0x00, 0x00, 0x00, 0x00, 0x00, 0x00, 0x00, 0x00, 0x00, 0x00, 0x00, 0x00, 0x00,
    0x00, 0x00, 0x00, 0x00, 0x00, 0x00, 0x00, 0x00, 0x00, 0x00, 0x00, 0x00, 0x00, 0x00, 0x00, 0x00,
    0x00, 0x00, 0x00, 0x00, 0x4D, 0x3D, 0x59, 0xFF, 0x8E, 0x86, 0xBC, 0xFF, 0x8E, 0x86, 0xBC, 0xFF,
    0x8E, 0x86, 0xBC, 0xFF, 0x8E, 0x86, 0xBC, 0xFF, 0x4D, 0x3D, 0x59, 0xFF, 0x5E, 0x51, 0x4E, 0xFF,
    0xA3, 0x9F, 0x9A, 0xFF, 0x9D, 0x99, 0x93, 0xFF, 0x9D, 0x99, 0x93, 0xFF, 0x9D, 0x99, 0x93, 0xFF,
    0xA2, 0x9E, 0x97, 0xFF, 0xA2, 0x9E, 0x97, 0xFF, 0x9F, 0x9B, 0x96, 0xFF, 0xA2, 0x9E, 0x97, 0xFF,
    0xA2, 0x9E, 0x97, 0xFF, 0x9F, 0x9B, 0x96, 0xFF, 0x9F, 0x9B, 0x96, 0xFF, 0xA2, 0x9E, 0x97, 0xFF,
    0x9F, 0x9B, 0x96, 0xFF, 0xA2, 0x9E, 0x97, 0xFF, 0xA2, 0x9E, 0x97, 0xFF, 0xA2, 0x9E, 0x97, 0xFF,
    0xA3, 0x9F, 0x9A, 0xFF, 0xA2, 0x9E, 0x97, 0xFF, 0xA3, 0x9F, 0x9A, 0xFF, 0x9F, 0x9B, 0x96, 0xFF,
    0xCA, 0xCB, 0xC6, 0xFF, 0x9D, 0x99, 0x93, 0xFF, 0x9F, 0x9B, 0x96, 0xFF, 0x9F, 0x9B, 0x96, 0xFF,
    0x9D, 0x99, 0x93, 0xFF, 0x5E, 0x51, 0x4E, 0xFF, 0x00, 0x00, 0x00, 0x00, 0x00, 0x00, 0x00, 0x00,
    0x00, 0x00, 0x00, 0x00, 0x00, 0x00, 0x00, 0x00, 0x00, 0x00, 0x00, 0x00, 0x00, 0x00, 0x00, 0x00,
    0x00, 0x00, 0x00, 0x00, 0x00, 0x00, 0x00, 0x00, 0x00, 0x00, 0x00, 0x00, 0x00, 0x00, 0x00, 0x00,
    0x00, 0x00, 0x00, 0x00, 0x00, 0x00, 0x00, 0x00, 0x00, 0x00, 0x00, 0x00, 0x00, 0x00, 0x00, 0x00,
    0x00, 0x00, 0x00, 0x00, 0x00, 0x00, 0x00, 0x00, 0x00, 0x00, 0x00, 0x00, 0x00, 0x00, 0x00, 0x00,
    0x00, 0x00, 0x00, 0x00, 0x00, 0x00, 0x00, 0x00, 0x00, 0x00, 0x00, 0x00, 0x00, 0x00, 0x00, 0x00,
    0x00, 0x00, 0x00, 0x00, 0x00, 0x00, 0x00, 0x00, 0x00, 0x00, 0x00, 0x00, 0x00, 0x00, 0x00, 0x00,
    0x00, 0x00, 0x00, 0x00, 0x00, 0x00, 0x00, 0x00, 0x00, 0x00, 0x00, 0x00, 0x00, 0x00, 0x00, 0x00,
    0x00, 0x00, 0x00, 0x00, 0x00, 0x00, 0x00, 0x00, 0x00, 0x00, 0x00, 0x00, 0x00, 0x00, 0x00, 0x00,
    0x00, 0x00, 0x00, 0x00, 0x00, 0x00, 0x00, 0x00, 0x00, 0x00, 0x00, 0x00, 0x00, 0x00, 0x00, 0x00,
    0x4D, 0x3D, 0x59, 0xFF, 0x8E, 0x86, 0xBC, 0xFF, 0x8E, 0x86, 0xBC, 0xFF, 0x8E, 0x86, 0xBC, 0xFF,
    0x8E, 0x86, 0xBC, 0xFF, 0x8E, 0x86, 0xBC, 0xFF, 0x8E, 0x86, 0xBC, 0xFF, 0x4D, 0x3D, 0x59, 0xFF,
    0x5E, 0x51, 0x4E, 0xFF, 0x9F, 0x9B, 0x96, 0xFF, 0x9D, 0x99, 0x93, 0xFF, 0x9D, 0x99, 0x93, 0xFF,
    0xA7, 0xA3, 0x9D, 0xFF, 0x9D, 0x99, 0x93, 0xFF, 0xA2, 0x9E, 0x97, 0xFF, 0x9F, 0x9B, 0x96, 0xFF,
    0xA2, 0x9E, 0x97, 0xFF, 0x4D, 0x3D, 0x59, 0xFF, 0x4D, 0x3D, 0x59, 0xFF, 0x4D, 0x3D, 0x59, 0xFF,
    0x4D, 0x3D, 0x59, 0xFF, 0xA3, 0x9F, 0x9A, 0xFF, 0x9D, 0x99, 0x93, 0xFF, 0x9F, 0x9B, 0x96, 0xFF,
    0xA2, 0x9E, 0x97, 0xFF, 0xA2, 0x9E, 0x97, 0xFF, 0x9F, 0x9B, 0x96, 0xFF, 0xA3, 0x9F, 0x9A, 0xFF,
    0x9F, 0x9B, 0x96, 0xFF, 0x9F, 0x9B, 0x96, 0xFF, 0x9F, 0x9B, 0x96, 0xFF, 0xA3, 0x9F, 0x9A, 0xFF,
    0x5E, 0x51, 0x4E, 0xFF, 0x00, 0x00, 0x00, 0x00, 0x00, 0x00, 0x00, 0x00, 0x00, 0x00, 0x00, 0x00,
    0x00, 0x00, 0x00, 0x00, 0x00, 0x00, 0x00, 0x00, 0x00, 0x00, 0x00, 0x00, 0x00, 0x00, 0x00, 0x00,
    0x00, 0x00, 0x00, 0x00, 0x00, 0x00, 0x00, 0x00, 0x00, 0x00, 0x00, 0x00, 0x00, 0x00, 0x00, 0x00,
    0x00, 0x00, 0x00, 0x00, 0x00, 0x00, 0x00, 0x00, 0x00, 0x00, 0x00, 0x00, 0x00, 0x00, 0x00, 0x00,
    0x00, 0x00, 0x00, 0x00, 0x00, 0x00, 0x00, 0x00, 0x00, 0x00, 0x00, 0x00, 0x00, 0x00, 0x00, 0x00,
    0x00, 0x00, 0x00, 0x00, 0x00, 0x00, 0x00, 0x00, 0x00, 0x00, 0x00, 0x00, 0x00, 0x00, 0x00, 0x00,
    0x00, 0x00, 0x00, 0x00, 0x00, 0x00, 0x00, 0x00, 0x00, 0x00, 0x00, 0x00, 0x00, 0x00, 0x00, 0x00,
    0x00, 0x00, 0x00, 0x00, 0x00, 0x00, 0x00, 0x00, 0x00, 0x00, 0x00, 0x00, 0x00, 0x00, 0x00, 0x00,
    0x00, 0x00, 0x00, 0x00, 0x00, 0x00, 0x00, 0x00, 0x00, 0x00, 0x00, 0x00, 0x00, 0x00, 0x00, 0x00,
    0x00, 0x00, 0x00, 0x00, 0x00, 0x00, 0x00, 0x00, 0x00, 0x00, 0x00, 0x00, 0x00, 0x00, 0x00, 0x00,
    0x4D, 0x3D, 0x59, 0xFF, 0x8E, 0x86, 0xBC, 0xFF, 0x8E, 0x86, 0xBC, 0xFF, 0x8E, 0x86, 0xBC, 0xFF,
    0x8E, 0x86, 0xBC, 0xFF, 0x8E, 0x86, 0xBC, 0xFF, 0x8E, 0x86, 0xBC, 0xFF, 0x8E, 0x86, 0xBC, 0xFF,
    0x4D, 0x3D, 0x59, 0xFF, 0x4D, 0x3D, 0x59, 0xFF, 0x4D, 0x3D, 0x59, 0xFF, 0x4D, 0x3D, 0x59, 0xFF,
    0x5E, 0x51, 0x4E, 0xFF, 0xA2, 0x9E, 0x97, 0xFF, 0x4D, 0x3D, 0x59, 0xFF, 0x4D, 0x3D, 0x59, 0xFF,
    0x4D, 0x3D, 0x59, 0xFF, 0x8E, 0x86, 0xBC, 0xFF, 0x8E, 0x86, 0xBC, 0xFF, 0x8E, 0x86, 0xBC, 0xFF,
    0x8E, 0x86, 0xBC, 0xFF, 0x4D, 0x3D, 0x59, 0xFF, 0xA2, 0x9E, 0x97, 0xFF, 0xA2, 0x9E, 0x97, 0xFF,
    0x9F, 0x9B, 0x96, 0xFF, 0x9D, 0x99, 0x93, 0xFF, 0xBD, 0xBD, 0xB8, 0xFF, 0x9F, 0x9B, 0x96, 0xFF,
    0x9F, 0x9B, 0x96, 0xFF, 0xA2, 0x9E, 0x97, 0xFF, 0x9D, 0x99, 0x93, 0xFF, 0x5E, 0x51, 0x4E, 0xFF,
    0x00, 0x00, 0x00, 0x00, 0x00, 0x00, 0x00, 0x00, 0x00, 0x00, 0x00, 0x00, 0x00, 0x00, 0x00, 0x00,
    0x00, 0x00, 0x00, 0x00, 0x00, 0x00, 0x00, 0x00, 0x00, 0x00, 0x00, 0x00, 0x00, 0x00, 0x00, 0x00,
    0x00, 0x00, 0x00, 0x00, 0x00, 0x00, 0x00, 0x00, 0x00, 0x00, 0x00, 0x00, 0x00, 0x00, 0x00, 0x00,
    0x00, 0x00, 0x00, 0x00, 0x00, 0x00, 0x00, 0x00, 0x00, 0x00, 0x00, 0x00, 0x00, 0x00, 0x00, 0x00,
    0x00, 0x00, 0x00, 0x00, 0x00, 0x00, 0x00, 0x00, 0x00, 0x00, 0x00, 0x00, 0x00, 0x00, 0x00, 0x00,
    0x00, 0x00, 0x00, 0x00, 0x00, 0x00, 0x00, 0x00, 0x00, 0x00, 0x00, 0x00, 0x00, 0x00, 0x00, 0x00,
    0x00, 0x00, 0x00, 0x00, 0x00, 0x00, 0x00, 0x00, 0x00, 0x00, 0x00, 0x00, 0x00, 0x00, 0x00, 0x00,
    0x00, 0x00, 0x00, 0x00, 0x00, 0x00, 0x00, 0x00, 0x00, 0x00, 0x00, 0x00, 0x00, 0x00, 0x00, 0x00,
    0x00, 0x00, 0x00, 0x00, 0x00, 0x00, 0x00, 0x00, 0x00, 0x00, 0x00, 0x00, 0x00, 0x00, 0x00, 0x00,
    0x00, 0x00, 0x00, 0x00, 0x00, 0x00, 0x00, 0x00, 0x00, 0x00, 0x00, 0x00, 0x00, 0x00, 0x00, 0x00,
    0x4D, 0x3D, 0x59, 0xFF, 0x8E, 0x86, 0xBC, 0xFF, 0x8E, 0x86, 0xBC, 0xFF, 0x8E, 0x86, 0xBC, 0xFF,
    0x4D, 0x3D, 0x59, 0xFF, 0x4D, 0x3D, 0x59, 0xFF, 0x4D, 0x3D, 0x59, 0xFF, 0x8E, 0x86, 0xBC, 0xFF,
    0x7D, 0x74, 0x79, 0xFF, 0x4D, 0x3D, 0x59, 0xFF, 0x8E, 0x86, 0xBC, 0xFF, 0x8E, 0x86, 0xBC, 0xFF,
    0x4D, 0x3D, 0x59, 0xFF, 0x4D, 0x3D, 0x59, 0xFF, 0x7D, 0x74, 0x79, 0xFF, 0x8E, 0x86, 0xBC, 0xFF,
    0x8E, 0x86, 0xBC, 0xFF, 0x8E, 0x86, 0xBC, 0xFF, 0x8E, 0x86, 0xBC, 0xFF, 0x8E, 0x86, 0xBC, 0xFF,
    0x8E, 0x86, 0xBC, 0xFF, 0x8E, 0x86, 0xBC, 0xFF, 0x4D, 0x3D, 0x59, 0xFF, 0xA2, 0x9E, 0x97, 0xFF,
    0x9D, 0x99, 0x93, 0xFF, 0x9D, 0x99, 0x93, 0xFF, 0x9D, 0x99, 0x93, 0xFF, 0x9D, 0x99, 0x93, 0xFF,
    0x5E, 0x51, 0x4E, 0xFF, 0x4D, 0x3D, 0x59, 0xFF, 0x5E, 0x51, 0x4E, 0xFF, 0x00, 0x00, 0x00, 0x00,
    0x00, 0x00, 0x00, 0x00, 0x00, 0x00, 0x00, 0x00, 0x00, 0x00, 0x00, 0x00, 0x00, 0x00, 0x00, 0x00,
    0x00, 0x00, 0x00, 0x00, 0x00, 0x00, 0x00, 0x00, 0x00, 0x00, 0x00, 0x00, 0x00, 0x00, 0x00, 0x00,
    0x00, 0x00, 0x00, 0x00, 0x00, 0x00, 0x00, 0x00, 0x00, 0x00, 0x00, 0x00, 0x00, 0x00, 0x00, 0x00,
    0x00, 0x00, 0x00, 0x00, 0x00, 0x00, 0x00, 0x00, 0x00, 0x00, 0x00, 0x00, 0x00, 0x00, 0x00, 0x00,
    0x00, 0x00, 0x00, 0x00, 0x00, 0x00, 0x00, 0x00, 0x00, 0x00, 0x00, 0x00, 0x00, 0x00, 0x00, 0x00,
    0x00, 0x00, 0x00, 0x00, 0x00, 0x00, 0x00, 0x00, 0x00, 0x00, 0x00, 0x00, 0x00, 0x00, 0x00, 0x00,
    0x00, 0x00, 0x00, 0x00, 0x00, 0x00, 0x00, 0x00, 0x00, 0x00, 0x00, 0x00, 0x00, 0x00, 0x00, 0x00,
    0x00, 0x00, 0x00, 0x00, 0x00, 0x00, 0x00, 0x00, 0x00, 0x00, 0x00, 0x00, 0x00, 0x00, 0x00, 0x00,
    0x00, 0x00, 0x00, 0x00, 0x00, 0x00, 0x00, 0x00, 0x00, 0x00, 0x00, 0x00, 0x00, 0x00, 0x00, 0x00,
    0x00, 0x00, 0x00, 0x00, 0x00, 0x00, 0x00, 0x00, 0x00, 0x00, 0x00, 0x00, 0x00, 0x00, 0x00, 0x00,
    0x4D, 0x3D, 0x59, 0xFF, 0x8E, 0x86, 0xBC, 0xFF, 0x8E, 0x86, 0xBC, 0xFF, 0x8E, 0x86, 0xBC, 0xFF,
    0x8E, 0x86, 0xBC, 0xFF, 0x8E, 0x86, 0xBC, 0xFF, 0x8E, 0x86, 0xBC, 0xFF, 0x4D, 0x3D, 0x59, 0xFF,
    0x4D, 0x3D, 0x59, 0xFF, 0x8E, 0x86, 0xBC, 0xFF, 0x8E, 0x86, 0xBC, 0xFF, 0x8E, 0x86, 0xBC, 0xFF,
    0x4D, 0x3D, 0x59, 0xFF, 0x8E, 0x86, 0xBC, 0xFF, 0x8E, 0x86, 0xBC, 0xFF, 0x7D, 0x74, 0x79, 0xFF,
    0x8E, 0x86, 0xBC, 0xFF, 0x8E, 0x86, 0xBC, 0xFF, 0x8E, 0x86, 0xBC, 0xFF, 0x8E, 0x86, 0xBC, 0xFF,
    0x8E, 0x86, 0xBC, 0xFF, 0x8E, 0x86, 0xBC, 0xFF, 0x4D, 0x3D, 0x59, 0xFF, 0x4D, 0x3D, 0x59, 0xFF,
    0x4D, 0x3D, 0x59, 0xFF, 0x4D, 0x3D, 0x59, 0xFF, 0x4D, 0x3D, 0x59, 0xFF, 0x4D, 0x3D, 0x59, 0xFF,
    0x8E, 0x86, 0xBC, 0xFF, 0x8E, 0x86, 0xBC, 0xFF, 0x4D, 0x3D, 0x59, 0xFF, 0x00, 0x00, 0x00, 0x00,
    0x00, 0x00, 0x00, 0x00, 0x00, 0x00, 0x00, 0x00, 0x00, 0x00, 0x00, 0x00, 0x00, 0x00, 0x00, 0x00,
    0x00, 0x00, 0x00, 0x00, 0x00, 0x00, 0x00, 0x00, 0x00, 0x00, 0x00, 0x00, 0x00, 0x00, 0x00, 0x00,
    0x00, 0x00, 0x00, 0x00, 0x00, 0x00, 0x00, 0x00, 0x00, 0x00, 0x00, 0x00, 0x00, 0x00, 0x00, 0x00,
    0x00, 0x00, 0x00, 0x00, 0x00, 0x00, 0x00, 0x00, 0x00, 0x00, 0x00, 0x00, 0x00, 0x00, 0x00, 0x00,
    0x00, 0x00, 0x00, 0x00, 0x00, 0x00, 0x00, 0x00, 0x00, 0x00, 0x00, 0x00, 0x00, 0x00, 0x00, 0x00,
    0x00, 0x00, 0x00, 0x00, 0x00, 0x00, 0x00, 0x00, 0x00, 0x00, 0x00, 0x00, 0x00, 0x00, 0x00, 0x00,
    0x00, 0x00, 0x00, 0x00, 0x00, 0x00, 0x00, 0x00, 0x00, 0x00, 0x00, 0x00, 0x00, 0x00, 0x00, 0x00,
    0x00, 0x00, 0x00, 0x00, 0x00, 0x00, 0x00, 0x00, 0x00, 0x00, 0x00, 0x00, 0x00, 0x00, 0x00, 0x00,
    0x00, 0x00, 0x00, 0x00, 0x00, 0x00, 0x00, 0x00, 0x00, 0x00, 0x00, 0x00, 0x00, 0x00, 0x00, 0x00,
    0x00, 0x00, 0x00, 0x00, 0x00, 0x00, 0x00, 0x00, 0x00, 0x00, 0x00, 0x00, 0x00, 0x00, 0x00, 0x00,
    0x4D, 0x3D, 0x59, 0xFF, 0x8E, 0x86, 0xBC, 0xFF, 0x8E, 0x86, 0xBC, 0xFF, 0x8E, 0x86, 0xBC, 0xFF,
    0x8E, 0x86, 0xBC, 0xFF, 0x8E, 0x86, 0xBC, 0xFF, 0x8E, 0x86, 0xBC, 0xFF, 0x8E, 0x86, 0xBC, 0xFF,
    0x4D, 0x3D, 0x59, 0xFF, 0x8E, 0x86, 0xBC, 0xFF, 0x7D, 0x74, 0x79, 0xFF, 0x8E, 0x86, 0xBC, 0xFF,
    0x4D, 0x3D, 0x59, 0xFF, 0x4D, 0x3D, 0x59, 0xFF, 0x7D, 0x74, 0x79, 0xFF, 0x8E, 0x86, 0xBC, 0xFF,
    0x8E, 0x86, 0xBC, 0xFF, 0x8E, 0x86, 0xBC, 0xFF, 0x4D, 0x3D, 0x59, 0xFF, 0x8E, 0x86, 0xBC, 0xFF,
    0x8E, 0x86, 0xBC, 0xFF, 0x7D, 0x74, 0x79, 0xFF, 0x4D, 0x3D, 0x59, 0xFF, 0x8E, 0x86, 0xBC, 0xFF,
    0x8E, 0x86, 0xBC, 0xFF, 0x8E, 0x86, 0xBC, 0xFF, 0x8E, 0x86, 0xBC, 0xFF, 0x8E, 0x86, 0xBC, 0xFF,
    0x7D, 0x74, 0x79, 0xFF, 0x7D, 0x74, 0x79, 0xFF, 0x4D, 0x3D, 0x59, 0xFF, 0x00, 0x00, 0x00, 0x00,
    0x00, 0x00, 0x00, 0x00, 0x00, 0x00, 0x00, 0x00, 0x00, 0x00, 0x00, 0x00, 0x00, 0x00, 0x00, 0x00,
    0x00, 0x00, 0x00, 0x00, 0x00, 0x00, 0x00, 0x00, 0x00, 0x00, 0x00, 0x00, 0x00, 0x00, 0x00, 0x00,
    0x00, 0x00, 0x00, 0x00, 0x00, 0x00, 0x00, 0x00, 0x00, 0x00, 0x00, 0x00, 0x00, 0x00, 0x00, 0x00,
    0x00, 0x00, 0x00, 0x00, 0x00, 0x00, 0x00, 0x00, 0x00, 0x00, 0x00, 0x00, 0x00, 0x00, 0x00, 0x00,
    0x00, 0x00, 0x00, 0x00, 0x00, 0x00, 0x00, 0x00, 0x00, 0x00, 0x00, 0x00, 0x00, 0x00, 0x00, 0x00,
    0x00, 0x00, 0x00, 0x00, 0x00, 0x00, 0x00, 0x00, 0x00, 0x00, 0x00, 0x00, 0x00, 0x00, 0x00, 0x00,
    0x00, 0x00, 0x00, 0x00, 0x00, 0x00, 0x00, 0x00, 0x00, 0x00, 0x00, 0x00, 0x00, 0x00, 0x00, 0x00,
    0x00, 0x00, 0x00, 0x00, 0x00, 0x00, 0x00, 0x00, 0x00, 0x00, 0x00, 0x00, 0x00, 0x00, 0x00, 0x00,
    0x00, 0x00, 0x00, 0x00, 0x00, 0x00, 0x00, 0x00, 0x00, 0x00, 0x00, 0x00, 0x00, 0x00, 0x00, 0x00,
    0x00, 0x00, 0x00, 0x00, 0x00, 0x00, 0x00, 0x00, 0x00, 0x00, 0x00, 0x00, 0x00, 0x00, 0x00, 0x00,
    0x4D, 0x3D, 0x59, 0xFF, 0x8E, 0x86, 0xBC, 0xFF, 0x8E, 0x86, 0xBC, 0xFF, 0x8E, 0x86, 0xBC, 0xFF,
    0x8E, 0x86, 0xBC, 0xFF, 0x8E, 0x86, 0xBC, 0xFF, 0x4D, 0x3D, 0x59, 0xFF, 0x4D, 0x3D, 0x59, 0xFF,
    0x4D, 0x3D, 0x59, 0xFF, 0x4D, 0x3D, 0x59, 0xFF, 0x7D, 0x74, 0x79, 0xFF, 0x7D, 0x74, 0x79, 0xFF,
    0x7D, 0x74, 0x79, 0xFF, 0x8E, 0x86, 0xBC, 0xFF, 0x8E, 0x86, 0xBC, 0xFF, 0x8E, 0x86, 0xBC, 0xFF,
    0x8E, 0x86, 0xBC, 0xFF, 0x7D, 0x74, 0x79, 0xFF, 0x8E, 0x86, 0xBC, 0xFF, 0x8E, 0x86, 0xBC, 0xFF,
    0x8E, 0x86, 0xBC, 0xFF, 0x7D, 0x74, 0x79, 0xFF, 0x4D, 0x3D, 0x59, 0xFF, 0x4D, 0x3D, 0x59, 0xFF,
    0x4D, 0x3D, 0x59, 0xFF, 0x4D, 0x3D, 0x59, 0xFF, 0x4D, 0x3D, 0x59, 0xFF, 0x7D, 0x74, 0x79, 0xFF,
    0x9F, 0x9B, 0x96, 0xFF, 0x9F, 0x9B, 0x96, 0xFF, 0x5E, 0x51, 0x4E, 0xFF, 0x00, 0x00, 0x00, 0x00,
    0x00, 0x00, 0x00, 0x00, 0x00, 0x00, 0x00, 0x00, 0x00, 0x00, 0x00, 0x00, 0x00, 0x00, 0x00, 0x00,
    0x00, 0x00, 0x00, 0x00, 0x00, 0x00, 0x00, 0x00, 0x00, 0x00, 0x00, 0x00, 0x00, 0x00, 0x00, 0x00,
    0x00, 0x00, 0x00, 0x00, 0x00, 0x00, 0x00, 0x00, 0x00, 0x00, 0x00, 0x00, 0x00, 0x00, 0x00, 0x00,
    0x00, 0x00, 0x00, 0x00, 0x00, 0x00, 0x00, 0x00, 0x00, 0x00, 0x00, 0x00, 0x00, 0x00, 0x00, 0x00,
    0x00, 0x00, 0x00, 0x00, 0x00, 0x00, 0x00, 0x00, 0x00, 0x00, 0x00, 0x00, 0x00, 0x00, 0x00, 0x00,
    0x00, 0x00, 0x00, 0x00, 0x00, 0x00, 0x00, 0x00, 0x00, 0x00, 0x00, 0x00, 0x00, 0x00, 0x00, 0x00,
    0x00, 0x00, 0x00, 0x00, 0x00, 0x00, 0x00, 0x00, 0x00, 0x00, 0x00, 0x00, 0x00, 0x00, 0x00, 0x00,
    0x00, 0x00, 0x00, 0x00, 0x00, 0x00, 0x00, 0x00, 0x00, 0x00, 0x00, 0x00, 0x00, 0x00, 0x00, 0x00,
    0x00, 0x00, 0x00, 0x00, 0x00, 0x00, 0x00, 0x00, 0x00, 0x00, 0x00, 0x00, 0x00, 0x00, 0x00, 0x00,
    0x00, 0x00, 0x00, 0x00, 0x00, 0x00, 0x00, 0x00, 0x00, 0x00, 0x00, 0x00, 0x00, 0x00, 0x00, 0x00,
    0x00, 0x00, 0x00, 0x00, 0x4D, 0x3D, 0x59, 0xFF, 0x7D, 0x74, 0x79, 0xFF, 0x8E, 0x86, 0xBC, 0xFF,
    0x4D, 0x3D, 0x59, 0xFF, 0x4D, 0x3D, 0x59, 0xFF, 0x8E, 0x86, 0xBC, 0xFF, 0x8E, 0x86, 0xBC, 0xFF,
    0x4D, 0x3D, 0x59, 0xFF, 0x4D, 0x3D, 0x59, 0xFF, 0x4D, 0x3D, 0x59, 0xFF, 0x4D, 0x3D, 0x59, 0xFF,
    0x4D, 0x3D, 0x59, 0xFF, 0x8E, 0x86, 0xBC, 0xFF, 0x7D, 0x74, 0x79, 0xFF, 0x8E, 0x86, 0xBC, 0xFF,
    0x8E, 0x86, 0xBC, 0xFF, 0x8E, 0x86, 0xBC, 0xFF, 0x8E, 0x86, 0xBC, 0xFF, 0x8E, 0x86, 0xBC, 0xFF,
    0x7D, 0x74, 0x79, 0xFF, 0x8E, 0x86, 0xBC, 0xFF, 0x4D, 0x3D, 0x59, 0xFF, 0xA2, 0x9E, 0x97, 0xFF,
    0x9D, 0x99, 0x93, 0xFF, 0x9F, 0x9B, 0x96, 0xFF, 0x9D, 0x99, 0x93, 0xFF, 0x9F, 0x9B, 0x96, 0xFF,
    0x9D, 0x99, 0x93, 0xFF, 0x9D, 0x99, 0x93, 0xFF, 0x9F, 0x9B, 0x96, 0xFF, 0x5E, 0x51, 0x4E, 0xFF,
    0x00, 0x00, 0x00, 0x00, 0x00, 0x00, 0x00, 0x00, 0x00, 0x00, 0x00, 0x00, 0x00, 0x00, 0x00, 0x00,
    0x00, 0x00, 0x00, 0x00, 0x00, 0x00, 0x00, 0x00, 0x00, 0x00, 0x00, 0x00, 0x00, 0x00, 0x00, 0x00,
    0x00, 0x00, 0x00, 0x00, 0x00, 0x00, 0x00, 0x00, 0x00, 0x00, 0x00, 0x00, 0x00, 0x00, 0x00, 0x00,
    0x00, 0x00, 0x00, 0x00, 0x00, 0x00, 0x00, 0x00, 0x00, 0x00, 0x00, 0x00, 0x00, 0x00, 0x00, 0x00,
    0x00, 0x00, 0x00, 0x00, 0x00, 0x00, 0x00, 0x00, 0x00, 0x00, 0x00, 0x00, 0x00, 0x00, 0x00, 0x00,
    0x00, 0x00, 0x00, 0x00, 0x00, 0x00, 0x00, 0x00, 0x00, 0x00, 0x00, 0x00, 0x00, 0x00, 0x00, 0x00,
    0x00, 0x00, 0x00, 0x00, 0x00, 0x00, 0x00, 0x00, 0x00, 0x00, 0x00, 0x00, 0x00, 0x00, 0x00, 0x00,
    0x00, 0x00, 0x00, 0x00, 0x00, 0x00, 0x00, 0x00, 0x00, 0x00, 0x00, 0x00, 0x00, 0x00, 0x00, 0x00,
    0x00, 0x00, 0x00, 0x00, 0x00, 0x00, 0x00, 0x00, 0x00, 0x00, 0x00, 0x00, 0x00, 0x00, 0x00, 0x00,
    0x00, 0x00, 0x00, 0x00, 0x00, 0x00, 0x00, 0x00, 0x00, 0x00, 0x00, 0x00, 0x00, 0x00, 0x00, 0x00,
    0x00, 0x00, 0x00, 0x00, 0x00, 0x00, 0x00, 0x00, 0x4D, 0x3D, 0x59, 0xFF, 0x4D, 0x3D, 0x59, 0xFF,
    0x4D, 0x3D, 0x59, 0xFF, 0x8E, 0x86, 0xBC, 0xFF, 0x8E, 0x86, 0xBC, 0xFF, 0x8E, 0x86, 0xBC, 0xFF,
    0x8E, 0x86, 0xBC, 0xFF, 0x4D, 0x3D, 0x59, 0xFF, 0xA2, 0x9E, 0x97, 0xFF, 0x4D, 0x3D, 0x59, 0xFF,
    0x8E, 0x86, 0xBC, 0xFF, 0x4D, 0x3D, 0x59, 0xFF, 0x4D, 0x3D, 0x59, 0xFF, 0x4D, 0x3D, 0x59, 0xFF,
    0x8E, 0x86, 0xBC, 0xFF, 0x8E, 0x86, 0xBC, 0xFF, 0x8E, 0x86, 0xBC, 0xFF, 0x8E, 0x86, 0xBC, 0xFF,
    0x7D, 0x74, 0x79, 0xFF, 0x8E, 0x86, 0xBC, 0xFF, 0x4D, 0x3D, 0x59, 0xFF, 0x9F, 0x9B, 0x96, 0xFF,
    0x9D, 0x99, 0x93, 0xFF, 0xD1, 0xD3, 0xCA, 0xFF, 0x9D, 0x99, 0x93, 0xFF, 0xA2, 0x9E, 0x97, 0xFF,
    0xBD, 0xBD, 0xB8, 0xFF, 0x9D, 0x99, 0x93, 0xFF, 0x9D, 0x99, 0x93, 0xFF, 0x5E, 0x51, 0x4E, 0xFF,
    0x00, 0x00, 0x00, 0x00, 0x00, 0x00, 0x00, 0x00, 0x00, 0x00, 0x00, 0x00, 0x00, 0x00, 0x00, 0x00,
    0x00, 0x00, 0x00, 0x00, 0x00, 0x00, 0x00, 0x00, 0x00, 0x00, 0x00, 0x00, 0x00, 0x00, 0x00, 0x00,
    0x00, 0x00, 0x00, 0x00, 0x00, 0x00, 0x00, 0x00, 0x00, 0x00, 0x00, 0x00, 0x00, 0x00, 0x00, 0x00,
    0x00, 0x00, 0x00, 0x00, 0x00, 0x00, 0x00, 0x00, 0x00, 0x00, 0x00, 0x00, 0x00, 0x00, 0x00, 0x00,
    0x00, 0x00, 0x00, 0x00, 0x00, 0x00, 0x00, 0x00, 0x00, 0x00, 0x00, 0x00, 0x00, 0x00, 0x00, 0x00,
    0x00, 0x00, 0x00, 0x00, 0x00, 0x00, 0x00, 0x00, 0x00, 0x00, 0x00, 0x00, 0x00, 0x00, 0x00, 0x00,
    0x00, 0x00, 0x00, 0x00, 0x00, 0x00, 0x00, 0x00, 0x00, 0x00, 0x00, 0x00, 0x00, 0x00, 0x00, 0x00,
    0x00, 0x00, 0x00, 0x00, 0x00, 0x00, 0x00, 0x00, 0x00, 0x00, 0x00, 0x00, 0x00, 0x00, 0x00, 0x00,
    0x00, 0x00, 0x00, 0x00, 0x00, 0x00, 0x00, 0x00, 0x00, 0x00, 0x00, 0x00, 0x00, 0x00, 0x00, 0x00,
    0x00, 0x00, 0x00, 0x00, 0x00, 0x00, 0x00, 0x00, 0x00, 0x00, 0x00, 0x00, 0x00, 0x00, 0x00, 0x00,
    0x00, 0x00, 0x00, 0x00, 0x00, 0x00, 0x00, 0x00, 0x00, 0x00, 0x00, 0x00, 0x00, 0x00, 0x00, 0x00,
    0x7D, 0x74, 0x79, 0xFF, 0x8E, 0x86, 0xBC, 0xFF, 0x7D, 0x74, 0x79, 0xFF, 0x8E, 0x86, 0xBC, 0xFF,
    0x4D, 0x3D, 0x59, 0xFF, 0x9D, 0x99, 0x93, 0xFF, 0x9F, 0x9B, 0x96, 0xFF, 0x4D, 0x3D, 0x59, 0xFF,
    0x8E, 0x86, 0xBC, 0xFF, 0x8E, 0x86, 0xBC, 0xFF, 0x4D, 0x3D, 0x59, 0xFF, 0x4D, 0x3D, 0x59, 0xFF,
    0x4D, 0x3D, 0x59, 0xFF, 0x8E, 0x86, 0xBC, 0xFF, 0x8E, 0x86, 0xBC, 0xFF, 0x8E, 0x86, 0xBC, 0xFF,
    0x8E, 0x86, 0xBC, 0xFF, 0x4D, 0x3D, 0x59, 0xFF, 0x9D, 0x99, 0x93, 0xFF, 0x9D, 0x99, 0x93, 0xFF,
    0xCE, 0xCF, 0xC9, 0xFF, 0xCA, 0xCB, 0xC6, 0xFF, 0xCC, 0xCE, 0xC7, 0xFF, 0xCA, 0xCB, 0xC6, 0xFF,
    0xCA, 0xCB, 0xC6, 0xFF, 0x9D, 0x99, 0x93, 0xFF, 0x9D, 0x99, 0x93, 0xFF, 0x9D, 0x99, 0x93, 0xFF,
    0x5E, 0x51, 0x4E, 0xFF, 0x00, 0x00, 0x00, 0x00, 0x00, 0x00, 0x00, 0x00, 0x00, 0x00, 0x00, 0x00,
    0x00, 0x00, 0x00, 0x00, 0x00, 0x00, 0x00, 0x00, 0x00, 0x00, 0x00, 0x00, 0x00, 0x00, 0x00, 0x00,
    0x00, 0x00, 0x00, 0x00, 0x00, 0x00, 0x00, 0x00, 0x00, 0x00, 0x00, 0x00, 0x00, 0x00, 0x00, 0x00,
    0x00, 0x00, 0x00, 0x00, 0x00, 0x00, 0x00, 0x00, 0x00, 0x00, 0x00, 0x00, 0x00, 0x00, 0x00, 0x00,
    0x00, 0x00, 0x00, 0x00, 0x00, 0x00, 0x00, 0x00, 0x00, 0x00, 0x00, 0x00, 0x00, 0x00, 0x00, 0x00,
    0x00, 0x00, 0x00, 0x00, 0x00, 0x00, 0x00, 0x00, 0x00, 0x00, 0x00, 0x00, 0x00, 0x00, 0x00, 0x00,
    0x00, 0x00, 0x00, 0x00, 0x00, 0x00, 0x00, 0x00, 0x00, 0x00, 0x00, 0x00, 0x00, 0x00, 0x00, 0x00,
    0x00, 0x00, 0x00, 0x00, 0x00, 0x00, 0x00, 0x00, 0x00, 0x00, 0x00, 0x00, 0x00, 0x00, 0x00, 0x00,
    0x00, 0x00, 0x00, 0x00, 0x00, 0x00, 0x00, 0x00, 0x00, 0x00, 0x00, 0x00, 0x00, 0x00, 0x00, 0x00,
    0x00, 0x00, 0x00, 0x00, 0x00, 0x00, 0x00, 0x00, 0x00, 0x00, 0x00, 0x00, 0x00, 0x00, 0x00, 0x00,
    0x00, 0x00, 0x00, 0x00, 0x00, 0x00, 0x00, 0x00, 0x00, 0x00, 0x00, 0x00, 0x4D, 0x3D, 0x59, 0xFF,
    0x8E, 0x86, 0xBC, 0xFF, 0x8E, 0x86, 0xBC, 0xFF, 0x8E, 0x86, 0xBC, 0xFF, 0x8E, 0x86, 0xBC, 0xFF,
    0x4D, 0x3D, 0x59, 0xFF, 0x9D, 0x99, 0x93, 0xFF, 0xA2, 0x9E, 0x97, 0xFF, 0x4D, 0x3D, 0x59, 0xFF,
    0x8E, 0x86, 0xBC, 0xFF, 0x8E, 0x86, 0xBC, 0xFF, 0x4D, 0x3D, 0x59, 0xFF, 0x9D, 0x99, 0x93, 0xFF,
    0x4D, 0x3D, 0x59, 0xFF, 0x7D, 0x74, 0x79, 0xFF, 0x7D, 0x74, 0x79, 0xFF, 0x7D, 0x74, 0x79, 0xFF,
    0x4D, 0x3D, 0x59, 0xFF, 0x9F, 0x9B, 0x96, 0xFF, 0x9D, 0x99, 0x93, 0xFF, 0xCF, 0xD1, 0xC9, 0xFF,
    0xCB, 0xCE, 0xC5, 0xFF, 0xCA, 0xCB, 0xC6, 0xFF, 0xCA, 0xCB, 0xC6, 0xFF, 0xCB, 0xCE, 0xC5, 0xFF,
    0xCA, 0xCB, 0xC6, 0xFF, 0xCC, 0xCE, 0xC7, 0xFF, 0x9D, 0x99, 0x93, 0xFF, 0xBD, 0xBD, 0xB8, 0xFF,
    0xA2, 0x9E, 0x97, 0xFF, 0x5E, 0x51, 0x4E, 0xFF, 0x00, 0x00, 0x00, 0x00, 0x00, 0x00, 0x00, 0x00,
    0x00, 0x00, 0x00, 0x00, 0x00, 0x00, 0x00, 0x00, 0x00, 0x00, 0x00, 0x00, 0x00, 0x00, 0x00, 0x00,
    0x00, 0x00, 0x00, 0x00, 0x00, 0x00, 0x00, 0x00, 0x00, 0x00, 0x00, 0x00, 0x00, 0x00, 0x00, 0x00,
    0x00, 0x00, 0x00, 0x00, 0x00, 0x00, 0x00, 0x00, 0x00, 0x00, 0x00, 0x00, 0x00, 0x00, 0x00, 0x00,
    0x00, 0x00, 0x00, 0x00, 0x00, 0x00, 0x00, 0x00, 0x00, 0x00, 0x00, 0x00, 0x00, 0x00, 0x00, 0x00,
    0x00, 0x00, 0x00, 0x00, 0x00, 0x00, 0x00, 0x00, 0x00, 0x00, 0x00, 0x00, 0x00, 0x00, 0x00, 0x00,
    0x00, 0x00, 0x00, 0x00, 0x00, 0x00, 0x00, 0x00, 0x00, 0x00, 0x00, 0x00, 0x00, 0x00, 0x00, 0x00,
    0x00, 0x00, 0x00, 0x00, 0x00, 0x00, 0x00, 0x00, 0x00, 0x00, 0x00, 0x00, 0x00, 0x00, 0x00, 0x00,
    0x00, 0x00, 0x00, 0x00, 0x00, 0x00, 0x00, 0x00, 0x00, 0x00, 0x00, 0x00, 0x00, 0x00, 0x00, 0x00,
    0x00, 0x00, 0x00, 0x00, 0x00, 0x00, 0x00, 0x00, 0x00, 0x00, 0x00, 0x00, 0x00, 0x00, 0x00, 0x00,
    0x00, 0x00, 0x00, 0x00, 0x00, 0x00, 0x00, 0x00, 0x4D, 0x3D, 0x59, 0xFF, 0x8E, 0x86, 0xBC, 0xFF,
    0x8E, 0x86, 0xBC, 0xFF, 0x8E, 0x86, 0xBC, 0xFF, 0x8E, 0x86, 0xBC, 0xFF, 0x4D, 0x3D, 0x59, 0xFF,
    0x9D, 0x99, 0x93, 0xFF, 0xCC, 0xCE, 0xC7, 0xFF, 0x9F, 0x9B, 0x96, 0xFF, 0x4D, 0x3D, 0x59, 0xFF,
    0x8E, 0x86, 0xBC, 0xFF, 0x8E, 0x86, 0xBC, 0xFF, 0x8E, 0x86, 0xBC, 0xFF, 0x4D, 0x3D, 0x59, 0xFF,
    0xA2, 0x9E, 0x97, 0xFF, 0x7D, 0x74, 0x79, 0xFF, 0x7D, 0x74, 0x79, 0xFF, 0x7D, 0x74, 0x79, 0xFF,
    0x9F, 0x9B, 0x96, 0xFF, 0x9D, 0x99, 0x93, 0xFF, 0xCC, 0xCE, 0xC7, 0xFF, 0x9F, 0x9B, 0x96, 0xFF,
    0xA7, 0xA3, 0x9D, 0xFF, 0xCB, 0xCE, 0xC5, 0xFF, 0xCC, 0xCE, 0xC7, 0xFF, 0xCC, 0xCE, 0xC7, 0xFF,
    0xCB, 0xCE, 0xC5, 0xFF, 0xCA, 0xCB, 0xC6, 0xFF, 0xCB, 0xCE, 0xC5, 0xFF, 0xA7, 0xA3, 0x9D, 0xFF,
    0x9D, 0x99, 0x93, 0xFF, 0x9D, 0x99, 0x93, 0xFF, 0x5E, 0x51, 0x4E, 0xFF, 0x00, 0x00, 0x00, 0x00,
    0x00, 0x00, 0x00, 0x00, 0x00, 0x00, 0x00, 0x00, 0x00, 0x00, 0x00, 0x00, 0x00, 0x00, 0x00, 0x00,
    0x00, 0x00, 0x00, 0x00, 0x00, 0x00, 0x00, 0x00, 0x00, 0x00, 0x00, 0x00, 0x00, 0x00, 0x00, 0x00,
    0x00, 0x00, 0x00, 0x00, 0x00, 0x00, 0x00, 0x00, 0x00, 0x00, 0x00, 0x00, 0x00, 0x00, 0x00, 0x00,
    0x00, 0x00, 0x00, 0x00, 0x00, 0x00, 0x00, 0x00, 0x00, 0x00, 0x00, 0x00, 0x00, 0x00, 0x00, 0x00,
    0x00, 0x00, 0x00, 0x00, 0x00, 0x00, 0x00, 0x00, 0x00, 0x00, 0x00, 0x00, 0x00, 0x00, 0x00, 0x00,
    0x00, 0x00, 0x00, 0x00, 0x00, 0x00, 0x00, 0x00, 0x00, 0x00, 0x00, 0x00, 0x00, 0x00, 0x00, 0x00,
    0x00, 0x00, 0x00, 0x00, 0x00, 0x00, 0x00, 0x00, 0x00, 0x00, 0x00, 0x00, 0x00, 0x00, 0x00, 0x00,
    0x00, 0x00, 0x00, 0x00, 0x00, 0x00, 0x00, 0x00, 0x00, 0x00, 0x00, 0x00, 0x00, 0x00, 0x00, 0x00,
    0x00, 0x00, 0x00, 0x00, 0x00, 0x00, 0x00, 0x00, 0x00, 0x00, 0x00, 0x00, 0x00, 0x00, 0x00, 0x00,
    0xA9, 0xA5, 0xA7, 0xFF, 0x4D, 0x3D, 0x59, 0xFF, 0x8E, 0x86, 0xBC, 0xFF, 0x8E, 0x86, 0xBC, 0xFF,
    0x8E, 0x86, 0xBC, 0xFF, 0x8E, 0x86, 0xBC, 0xFF, 0x4D, 0x3D, 0x59, 0xFF, 0x9D, 0x99, 0x93, 0xFF,
    0x9D, 0x99, 0x93, 0xFF, 0xCA, 0xCB, 0xC6, 0xFF, 0x9D, 0x99, 0x93, 0xFF, 0x9D, 0x99, 0x93, 0xFF,
    0x8E, 0x86, 0xBC, 0xFF, 0x8E, 0x86, 0xBC, 0xFF, 0x8E, 0x86, 0xBC, 0xFF, 0x8E, 0x86, 0xBC, 0xFF,
    0x4D, 0x3D, 0x59, 0xFF, 0x9F, 0x9B, 0x96, 0xFF, 0x9D, 0x99, 0x93, 0xFF, 0x9D, 0x99, 0x93, 0xFF,
    0x9D, 0x99, 0x93, 0xFF, 0xCD, 0xCD, 0xC9, 0xFF, 0xCB, 0xCE, 0xC5, 0xFF, 0xA3, 0x9F, 0x9A, 0xFF,
    0x9D, 0x99, 0x93, 0xFF, 0xCB, 0xCE, 0xC5, 0xFF, 0xCC, 0xCE, 0xC7, 0xFF, 0xCB, 0xCE, 0xC5, 0xFF,
    0xCC, 0xCE, 0xC7, 0xFF, 0xCB, 0xCE, 0xC5, 0xFF, 0xCB, 0xCE, 0xC5, 0xFF, 0xCA, 0xCB, 0xC6, 0xFF,
    0xCA, 0xCB, 0xC6, 0xFF, 0x9D, 0x99, 0x93, 0xFF, 0x5E, 0x51, 0x4E, 0xFF, 0x00, 0x00, 0x00, 0x00,
    0x00, 0x00, 0x00, 0x00, 0x00, 0x00, 0x00, 0x00, 0x00, 0x00, 0x00, 0x00, 0x00, 0x00, 0x00, 0x00,
    0x00, 0x00, 0x00, 0x00, 0x00, 0x00, 0x00, 0x00, 0x00, 0x00, 0x00, 0x00, 0x00, 0x00, 0x00, 0x00,
    0x00, 0x00, 0x00, 0x00, 0x00, 0x00, 0x00, 0x00, 0x00, 0x00, 0x00, 0x00, 0x00, 0x00, 0x00, 0x00,
    0x00, 0x00, 0x00, 0x00, 0x00, 0x00, 0x00, 0x00, 0x00, 0x00, 0x00, 0x00, 0x00, 0x00, 0x00, 0x00,
    0x00, 0x00, 0x00, 0x00, 0x00, 0x00, 0x00, 0x00, 0x00, 0x00, 0x00, 0x00, 0x00, 0x00, 0x00, 0x00,
    0x00, 0x00, 0x00, 0x00, 0x00, 0x00, 0x00, 0x00, 0x00, 0x00, 0x00, 0x00, 0x00, 0x00, 0x00, 0x00,
    0x00, 0x00, 0x00, 0x00, 0x00, 0x00, 0x00, 0x00, 0x00, 0x00, 0x00, 0x00, 0x00, 0x00, 0x00, 0x00,
    0x00, 0x00, 0x00, 0x00, 0x00, 0x00, 0x00, 0x00, 0x00, 0x00, 0x00, 0x00, 0x00, 0x00, 0x00, 0x00,
    0x00, 0x00, 0x00, 0x00, 0x00, 0x00, 0x00, 0x00, 0x00, 0x00, 0x00, 0x00, 0x00, 0x00, 0x00, 0x00,
    0x4D, 0x3D, 0x59, 0xFF, 0x4D, 0x3D, 0x59, 0xFF, 0x4D, 0x3D, 0x59, 0xFF, 0x4D, 0x3D, 0x59, 0xFF,
    0x8E, 0x86, 0xBC, 0xFF, 0x4D, 0x3D, 0x59, 0xFF, 0x9D, 0x99, 0x93, 0xFF, 0x9D, 0x99, 0x93, 0xFF,
    0xCA, 0xCB, 0xC6, 0xFF, 0xCB, 0xCE, 0xC5, 0xFF, 0xCE, 0xCF, 0xC9, 0xFF, 0x9D, 0x99, 0x93, 0xFF,
    0x8E, 0x86, 0xBC, 0xFF, 0x8E, 0x86, 0xBC, 0xFF, 0x8E, 0x86, 0xBC, 0xFF, 0x8E, 0x86, 0xBC, 0xFF,
    0x8E, 0x86, 0xBC, 0xFF, 0x4D, 0x3D, 0x59, 0xFF, 0xCE, 0xCF, 0xC9, 0xFF, 0xCB, 0xCE, 0xC5, 0xFF,
    0xCD, 0xCD, 0xC9, 0xFF, 0xCC, 0xCE, 0xC7, 0xFF, 0xCB, 0xCE, 0xC5, 0xFF, 0xCC, 0xCE, 0xC7, 0xFF,
    0xCA, 0xCB, 0xC6, 0xFF, 0xCA, 0xCB, 0xC6, 0xFF, 0xCC, 0xCE, 0xC7, 0xFF, 0xCC, 0xCE, 0xC7, 0xFF,
    0xCC, 0xCE, 0xC7, 0xFF, 0xCA, 0xCB, 0xC6, 0xFF, 0x9D, 0x99, 0x93, 0xFF, 0xCC, 0xCE, 0xC7, 0xFF,
    0xCC, 0xCE, 0xC7, 0xFF, 0x9D, 0x99, 0x93, 0xFF, 0x9D, 0x99, 0x93, 0xFF, 0x5E, 0x51, 0x4E, 0xFF,
    0x00, 0x00, 0x00, 0x00, 0x00, 0x00, 0x00, 0x00, 0x00, 0x00, 0x00, 0x00, 0x00, 0x00, 0x00, 0x00,
    0x00, 0x00, 0x00, 0x00, 0x00, 0x00, 0x00, 0x00, 0x00, 0x00, 0x00, 0x00, 0x00, 0x00, 0x00, 0x00,
    0x00, 0x00, 0x00, 0x00, 0x00, 0x00, 0x00, 0x00, 0x00, 0x00, 0x00, 0x00, 0x00, 0x00, 0x00, 0x00,
    0x00, 0x00, 0x00, 0x00, 0x00, 0x00, 0x00, 0x00, 0x00, 0x00, 0x00, 0x00, 0x00, 0x00, 0x00, 0x00,
    0x00, 0x00, 0x00, 0x00, 0x00, 0x00, 0x00, 0x00, 0x00, 0x00, 0x00, 0x00, 0x00, 0x00, 0x00, 0x00,
    0x00, 0x00, 0x00, 0x00, 0x00, 0x00, 0x00, 0x00, 0x00, 0x00, 0x00, 0x00, 0x00, 0x00, 0x00, 0x00,
    0x00, 0x00, 0x00, 0x00, 0x00, 0x00, 0x00, 0x00, 0x00, 0x00, 0x00, 0x00, 0x00, 0x00, 0x00, 0x00,
    0x00, 0x00, 0x00, 0x00, 0x00, 0x00, 0x00, 0x00, 0x00, 0x00, 0x00, 0x00, 0x00, 0x00, 0x00, 0x00,
    0x00, 0x00, 0x00, 0x00, 0x00, 0x00, 0x00, 0x00, 0x00, 0x00, 0x00, 0x00, 0x00, 0x00, 0x00, 0x00,
    0x00, 0x00, 0x00, 0x00, 0x00, 0x00, 0x00, 0x00, 0x00, 0x00, 0x00, 0x00, 0xBD, 0xBD, 0xB8, 0xFF,
    0x8E, 0x86, 0xBC, 0xFF, 0x4D, 0x3D, 0x59, 0xFF, 0x9D, 0x99, 0x93, 0xFF, 0xCC, 0xCE, 0xC7, 0xFF,
    0xCB, 0xCE, 0xC5, 0xFF, 0xCC, 0xCE, 0xC7, 0xFF, 0xCE, 0xCF, 0xC9, 0xFF, 0x9D, 0x99, 0x93, 0xFF,
    0x4D, 0x3D, 0x59, 0xFF, 0x8E, 0x86, 0xBC, 0xFF, 0x8E, 0x86, 0xBC, 0xFF, 0x8E, 0x86, 0xBC, 0xFF,
    0x8E, 0x86, 0xBC, 0xFF, 0x8E, 0x86, 0xBC, 0xFF, 0x4D, 0x3D, 0x59, 0xFF, 0xCF, 0xD1, 0xC9, 0xFF,
    0xCB, 0xCE, 0xC5, 0xFF, 0xCC, 0xCE, 0xC7, 0xFF, 0xCC, 0xCE, 0xC7, 0xFF, 0xCC, 0xCE, 0xC7, 0xFF,
    0xCD, 0xCD, 0xC9, 0xFF, 0xCD, 0xCD, 0xC9, 0xFF, 0xCA, 0xCB, 0xC6, 0xFF, 0xCA, 0xCB, 0xC6, 0xFF,
    0xCA, 0xCB, 0xC6, 0xFF, 0xCA, 0xCB, 0xC6, 0xFF, 0xCA, 0xCB, 0xC6, 0xFF, 0xA9, 0xA5, 0xA7, 0xFF,
    0x9D, 0x99, 0x93, 0xFF, 0xCA, 0xCB, 0xC6, 0xFF, 0x9D, 0x99, 0x93, 0xFF, 0x7D, 0x74, 0x79, 0xFF,
    0x00, 0x00, 0x00, 0x00, 0x00, 0x00, 0x00, 0x00, 0x00, 0x00, 0x00, 0x00, 0x00, 0x00, 0x00, 0x00,
    0x00, 0x00, 0x00, 0x00, 0x00, 0x00, 0x00, 0x00, 0x00, 0x00, 0x00, 0x00, 0x00, 0x00, 0x00, 0x00,
    0x00, 0x00, 0x00, 0x00, 0x00, 0x00, 0x00, 0x00, 0x00, 0x00, 0x00, 0x00, 0x00, 0x00, 0x00, 0x00,
    0x00, 0x00, 0x00, 0x00, 0x00, 0x00, 0x00, 0x00, 0x00, 0x00, 0x00, 0x00, 0x00, 0x00, 0x00, 0x00,
    0x00, 0x00, 0x00, 0x00, 0x00, 0x00, 0x00, 0x00, 0x00, 0x00, 0x00, 0x00, 0x00, 0x00, 0x00, 0x00,
    0x00, 0x00, 0x00, 0x00, 0x00, 0x00, 0x00, 0x00, 0x00, 0x00, 0x00, 0x00, 0x00, 0x00, 0x00, 0x00,
    0x00, 0x00, 0x00, 0x00, 0x00, 0x00, 0x00, 0x00, 0x00, 0x00, 0x00, 0x00, 0x00, 0x00, 0x00, 0x00,
    0x00, 0x00, 0x00, 0x00, 0x00, 0x00, 0x00, 0x00, 0x00, 0x00, 0x00, 0x00, 0x00, 0x00, 0x00, 0x00,
    0x00, 0x00, 0x00, 0x00, 0x00, 0x00, 0x00, 0x00, 0x00, 0x00, 0x00, 0x00, 0x00, 0x00, 0x00, 0x00,
    0x00, 0x00, 0x00, 0x00, 0x00, 0x00, 0x00, 0x00, 0x00, 0x00, 0x00, 0x00, 0x5E, 0x51, 0x4E, 0xFF,
    0x4D, 0x3D, 0x59, 0xFF, 0x9D, 0x99, 0x93, 0xFF, 0x9D, 0x99, 0x93, 0xFF, 0xCA, 0xCB, 0xC6, 0xFF,
    0xA7, 0xA3, 0x9D, 0xFF, 0xA7, 0xA3, 0x9D, 0xFF, 0xCC, 0xCE, 0xC7, 0xFF, 0xD0, 0xD1, 0xCC, 0xFF,
    0x4D, 0x3D, 0x59, 0xFF, 0x8E, 0x86, 0xBC, 0xFF, 0x8E, 0x86, 0xBC, 0xFF, 0x8E, 0x86, 0xBC, 0xFF,
    0x7D, 0x74, 0x79, 0xFF, 0x7D, 0x74, 0x79, 0xFF, 0x7D, 0x74, 0x79, 0xFF, 0xBD, 0xBD, 0xB8, 0xFF,
    0xCF, 0xD1, 0xC9, 0xFF, 0xCF, 0xD1, 0xC9, 0xFF, 0xCE, 0xCF, 0xC9, 0xFF, 0xCE, 0xCF, 0xC9, 0xFF,
    0xCD, 0xCD, 0xC9, 0xFF, 0xCC, 0xCE, 0xC7, 0xFF, 0xCA, 0xCB, 0xC6, 0xFF, 0xCD, 0xCD, 0xC9, 0xFF,
    0xA7, 0xA3, 0x9D, 0xFF, 0xCA, 0xCB, 0xC6, 0xFF, 0xCA, 0xCB, 0xC6, 0xFF, 0xCA, 0xCB, 0xC6, 0xFF,
    0xD0, 0xD1, 0xCC, 0xFF, 0xCA, 0xCB, 0xC6, 0xFF, 0x9D, 0x99, 0x93, 0xFF, 0x9F, 0x9B, 0x96, 0xFF,
    0x7D, 0x74, 0x79, 0xFF, 0x00, 0x00, 0x00, 0x00, 0x00, 0x00, 0x00, 0x00, 0x00, 0x00, 0x00, 0x00,
    0x00, 0x00, 0x00, 0x00, 0x00, 0x00, 0x00, 0x00, 0x00, 0x00, 0x00, 0x00, 0x00, 0x00, 0x00, 0x00,
    0x00, 0x00, 0x00, 0x00, 0x00, 0x00, 0x00, 0x00, 0x00, 0x00, 0x00, 0x00, 0x00, 0x00, 0x00, 0x00,
    0x00, 0x00, 0x00, 0x00, 0x00, 0x00, 0x00, 0x00, 0x00, 0x00, 0x00, 0x00, 0x00, 0x00, 0x00, 0x00,
    0x00, 0x00, 0x00, 0x00, 0x00, 0x00, 0x00, 0x00, 0x00, 0x00, 0x00, 0x00, 0x00, 0x00, 0x00, 0x00,
    0x00, 0x00, 0x00, 0x00, 0x00, 0x00, 0x00, 0x00, 0x00, 0x00, 0x00, 0x00, 0x00, 0x00, 0x00, 0x00,
    0x00, 0x00, 0x00, 0x00, 0x00, 0x00, 0x00, 0x00, 0x00, 0x00, 0x00, 0x00, 0x00, 0x00, 0x00, 0x00,
    0x00, 0x00, 0x00, 0x00, 0x00, 0x00, 0x00, 0x00, 0x00, 0x00, 0x00, 0x00, 0x00, 0x00, 0x00, 0x00,
    0x00, 0x00, 0x00, 0x00, 0x00, 0x00, 0x00, 0x00, 0x00, 0x00, 0x00, 0x00, 0x00, 0x00, 0x00, 0x00,
    0x00, 0x00, 0x00, 0x00, 0x00, 0x00, 0x00, 0x00, 0x00, 0x00, 0x00, 0x00, 0x5E, 0x51, 0x4E, 0xFF,
    0x9F, 0x9B, 0x96, 0xFF, 0x9D, 0x99, 0x93, 0xFF, 0xCC, 0xCE, 0xC7, 0xFF, 0xCB, 0xCE, 0xC5, 0xFF,
    0x9D, 0x99, 0x93, 0xFF, 0x9F, 0x9B, 0x96, 0xFF, 0xCC, 0xCE, 0xC7, 0xFF, 0xD1, 0xD3, 0xCA, 0xFF,
    0x9D, 0x99, 0x93, 0xFF, 0x4D, 0x3D, 0x59, 0xFF, 0x8E, 0x86, 0xBC, 0xFF, 0x4D, 0x3D, 0x59, 0xFF,
    0x9F, 0x9B, 0x96, 0xFF, 0x9F, 0x9B, 0x96, 0xFF, 0xA3, 0x9F, 0x9A, 0xFF, 0xCA, 0xCB, 0xC6, 0xFF,
    0xCE, 0xCF, 0xC9, 0xFF, 0xCE, 0xCF, 0xC9, 0xFF, 0xCF, 0xD1, 0xC9, 0xFF, 0xCF, 0xD1, 0xC9, 0xFF,
    0xCD, 0xCD, 0xC9, 0xFF, 0xCA, 0xCB, 0xC6, 0xFF, 0xCA, 0xCB, 0xC6, 0xFF, 0xCC, 0xCE, 0xC7, 0xFF,
    0x9D, 0x99, 0x93, 0xFF, 0xCA, 0xCB, 0xC6, 0xFF, 0xCB, 0xCE, 0xC5, 0xFF, 0xBD, 0xBD, 0xB8, 0xFF,
    0xCA, 0xCB, 0xC6, 0xFF, 0xCA, 0xCB, 0xC6, 0xFF, 0xCC, 0xCE, 0xC7, 0xFF, 0x9D, 0x99, 0x93, 0xFF,
    0x7D, 0x74, 0x79, 0xFF, 0x00, 0x00, 0x00, 0x00, 0x00, 0x00, 0x00, 0x00, 0x00, 0x00, 0x00, 0x00,
    0x00, 0x00, 0x00, 0x00, 0x00, 0x00, 0x00, 0x00, 0x00, 0x00, 0x00, 0x00, 0x00, 0x00, 0x00, 0x00,
    0x00, 0x00, 0x00, 0x00, 0x00, 0x00, 0x00, 0x00, 0x00, 0x00, 0x00, 0x00, 0x00, 0x00, 0x00, 0x00,
    0x00, 0x00, 0x00, 0x00, 0x00, 0x00, 0x00, 0x00, 0x00, 0x00, 0x00, 0x00, 0x00, 0x00, 0x00, 0x00,
    0x00, 0x00, 0x00, 0x00, 0x00, 0x00, 0x00, 0x00, 0x00, 0x00, 0x00, 0x00, 0x00, 0x00, 0x00, 0x00,
    0x00, 0x00, 0x00, 0x00, 0x00, 0x00, 0x00, 0x00, 0x00, 0x00, 0x00, 0x00, 0x00, 0x00, 0x00, 0x00,
    0x00, 0x00, 0x00, 0x00, 0x00, 0x00, 0x00, 0x00, 0x00, 0x00, 0x00, 0x00, 0x00, 0x00, 0x00, 0x00,
    0x00, 0x00, 0x00, 0x00, 0x00, 0x00, 0x00, 0x00, 0x00, 0x00, 0x00, 0x00, 0x00, 0x00, 0x00, 0x00,
    0x00, 0x00, 0x00, 0x00, 0x00, 0x00, 0x00, 0x00, 0x00, 0x00, 0x00, 0x00, 0x00, 0x00, 0x00, 0x00,
    0x00, 0x00, 0x00, 0x00, 0x00, 0x00, 0x00, 0x00, 0x00, 0x00, 0x00, 0x00, 0x7D, 0x74, 0x79, 0xFF,
    0x9D, 0x99, 0x93, 0xFF, 0xCA, 0xCB, 0xC6, 0xFF, 0xCE, 0xCF, 0xC9, 0xFF, 0xCC, 0xCE, 0xC7, 0xFF,
    0xBD, 0xBD, 0xB8, 0xFF, 0xA3, 0x9F, 0x9A, 0xFF, 0xCA, 0xCB, 0xC6, 0xFF, 0xCC, 0xCE, 0xC7, 0xFF,
    0xA3, 0x9F, 0x9A, 0xFF, 0x4D, 0x3D, 0x59, 0xFF, 0x8E, 0x86, 0xBC, 0xFF, 0x7D, 0x74, 0x79, 0xFF,
    0xCA, 0xCB, 0xC6, 0xFF, 0xCA, 0xCB, 0xC6, 0xFF, 0xCA, 0xCB, 0xC6, 0xFF, 0xCA, 0xCB, 0xC6, 0xFF,
    0xCD, 0xCD, 0xC9, 0xFF, 0xCF, 0xD1, 0xC9, 0xFF, 0xD1, 0xD3, 0xCA, 0xFF, 0xD0, 0xD1, 0xCC, 0xFF,
    0xCE, 0xCF, 0xC9, 0xFF, 0xCC, 0xCE, 0xC7, 0xFF, 0xCA, 0xCB, 0xC6, 0xFF, 0xCA, 0xCB, 0xC6, 0xFF,
    0xCA, 0xCB, 0xC6, 0xFF, 0xCA, 0xCB, 0xC6, 0xFF, 0xCA, 0xCB, 0xC6, 0xFF, 0xA2, 0x9E, 0x97, 0xFF,
    0xCC, 0xCE, 0xC7, 0xFF, 0xCC, 0xCE, 0xC7, 0xFF, 0xCD, 0xCD, 0xC9, 0xFF, 0x9D, 0x99, 0x93, 0xFF,
    0x5E, 0x51, 0x4E, 0xFF, 0x00, 0x00, 0x00, 0x00, 0x00, 0x00, 0x00, 0x00, 0x00, 0x00, 0x00, 0x00,
    0x00, 0x00, 0x00, 0x00, 0x00, 0x00, 0x00, 0x00, 0x00, 0x00, 0x00, 0x00, 0x00, 0x00, 0x00, 0x00,
    0x00, 0x00, 0x00, 0x00, 0x00, 0x00, 0x00, 0x00, 0x00, 0x00, 0x00, 0x00, 0x00, 0x00, 0x00, 0x00,
    0x00, 0x00, 0x00, 0x00, 0x00, 0x00, 0x00, 0x00, 0x00, 0x00, 0x00, 0x00, 0x00, 0x00, 0x00, 0x00,
    0x00, 0x00, 0x00, 0x00, 0x00, 0x00, 0x00, 0x00, 0x00, 0x00, 0x00, 0x00, 0x00, 0x00, 0x00, 0x00,
    0x00, 0x00, 0x00, 0x00, 0x00, 0x00, 0x00, 0x00, 0x00, 0x00, 0x00, 0x00, 0x00, 0x00, 0x00, 0x00,
    0x00, 0x00, 0x00, 0x00, 0x00, 0x00, 0x00, 0x00, 0x00, 0x00, 0x00, 0x00, 0x00, 0x00, 0x00, 0x00,
    0x00, 0x00, 0x00, 0x00, 0x00, 0x00, 0x00, 0x00, 0x00, 0x00, 0x00, 0x00, 0x00, 0x00, 0x00, 0x00,
    0x00, 0x00, 0x00, 0x00, 0x00, 0x00, 0x00, 0x00, 0x00, 0x00, 0x00, 0x00, 0x00, 0x00, 0x00, 0x00,
    0x00, 0x00, 0x00, 0x00, 0x00, 0x00, 0x00, 0x00, 0x5E, 0x51, 0x4E, 0xFF, 0xA3, 0x9F, 0x9A, 0xFF,
    0xD3, 0xD5, 0xCE, 0xFF, 0xD0, 0xD1, 0xCC, 0xFF, 0xD0, 0xD1, 0xCC, 0xFF, 0xD0, 0xD1, 0xCC, 0xFF,
    0xD0, 0xD1, 0xCC, 0xFF, 0xCF, 0xD1, 0xC9, 0xFF, 0xCC, 0xCE, 0xC7, 0xFF, 0xCA, 0xCB, 0xC6, 0xFF,
    0x9D, 0x99, 0x93, 0xFF, 0xA7, 0xA3, 0x9D, 0xFF, 0x4D, 0x3D, 0x59, 0xFF, 0x9D, 0x99, 0x93, 0xFF,
    0xCA, 0xCB, 0xC6, 0xFF, 0xCA, 0xCB, 0xC6, 0xFF, 0xCB, 0xCE, 0xC5, 0xFF, 0xCE, 0xCF, 0xC9, 0xFF,
    0xCE, 0xCF, 0xC9, 0xFF, 0xD1, 0xD3, 0xCA, 0xFF, 0xD1, 0xD3, 0xCA, 0xFF, 0xD1, 0xD3, 0xCA, 0xFF,
    0xCF, 0xD1, 0xC9, 0xFF, 0xCE, 0xCF, 0xC9, 0xFF, 0xCB, 0xCE, 0xC5, 0xFF, 0x9D, 0x99, 0x93, 0xFF,
    0xCC, 0xCE, 0xC7, 0xFF, 0xCB, 0xCE, 0xC5, 0xFF, 0xCC, 0xCE, 0xC7, 0xFF, 0xD0, 0xD1, 0xCC, 0xFF,
    0xCE, 0xCF, 0xC9, 0xFF, 0xCE, 0xCF, 0xC9, 0xFF, 0xCF, 0xD1, 0xC9, 0xFF, 0xCE, 0xCF, 0xC9, 0xFF,
    0x9F, 0x9B, 0x96, 0xFF, 0x5E, 0x51, 0x4E, 0xFF, 0x00, 0x00, 0x00, 0x00, 0x00, 0x00, 0x00, 0x00,
    0x00, 0x00, 0x00, 0x00, 0x00, 0x00, 0x00, 0x00, 0x00, 0x00, 0x00, 0x00, 0x00, 0x00, 0x00, 0x00,
    0x00, 0x00, 0x00, 0x00, 0x00, 0x00, 0x00, 0x00, 0x00, 0x00, 0x00, 0x00, 0x00, 0x00, 0x00, 0x00,
    0x00, 0x00, 0x00, 0x00, 0x00, 0x00, 0x00, 0x00, 0x00, 0x00, 0x00, 0x00, 0x00, 0x00, 0x00, 0x00,
    0x00, 0x00, 0x00, 0x00, 0x00, 0x00, 0x00, 0x00, 0x00, 0x00, 0x00, 0x00, 0x00, 0x00, 0x00, 0x00,
    0x00, 0x00, 0x00, 0x00, 0x00, 0x00, 0x00, 0x00, 0x00, 0x00, 0x00, 0x00, 0x00, 0x00, 0x00, 0x00,
    0x00, 0x00, 0x00, 0x00, 0x00, 0x00, 0x00, 0x00, 0x00, 0x00, 0x00, 0x00, 0x00, 0x00, 0x00, 0x00,
    0x00, 0x00, 0x00, 0x00, 0x00, 0x00, 0x00, 0x00, 0x00, 0x00, 0x00, 0x00, 0x00, 0x00, 0x00, 0x00,
    0x00, 0x00, 0x00, 0x00, 0x00, 0x00, 0x00, 0x00, 0x00, 0x00, 0x00, 0x00, 0x00, 0x00, 0x00, 0x00,
    0x00, 0x00, 0x00, 0x00, 0x00, 0x00, 0x00, 0x00, 0x5E, 0x51, 0x4E, 0xFF, 0xA7, 0xA3, 0x9D, 0xFF,
    0xA3, 0x9F, 0x9A, 0xFF, 0xA2, 0x9E, 0x97, 0xFF, 0xA9, 0xA5, 0xA7, 0xFF, 0xD2, 0xD3, 0xCD, 0xFF,
    0xD2, 0xD3, 0xCD, 0xFF, 0xD0, 0xD1, 0xCC, 0xFF, 0xCF, 0xD1, 0xC9, 0xFF, 0xCE, 0xCF, 0xC9, 0xFF,
    0xCC, 0xCE, 0xC7, 0xFF, 0x9D, 0x99, 0x93, 0xFF, 0xCE, 0xCF, 0xC9, 0xFF, 0xCB, 0xCE, 0xC5, 0xFF,
    0xCA, 0xCB, 0xC6, 0xFF, 0xCA, 0xCB, 0xC6, 0xFF, 0xCC, 0xCE, 0xC7, 0xFF, 0xCF, 0xD1, 0xC9, 0xFF,
    0xD0, 0xD1, 0xCC, 0xFF, 0xD0, 0xD1, 0xCC, 0xFF, 0xD2, 0xD3, 0xCD, 0xFF, 0xD1, 0xD3, 0xCA, 0xFF,
    0xD0, 0xD1, 0xCC, 0xFF, 0xD0, 0xD1, 0xCC, 0xFF, 0x9F, 0x9B, 0x96, 0xFF, 0xCE, 0xCF, 0xC9, 0xFF,
    0xCB, 0xCE, 0xC5, 0xFF, 0xCE, 0xCF, 0xC9, 0xFF, 0xCF, 0xD1, 0xC9, 0xFF, 0xCF, 0xD1, 0xC9, 0xFF,
    0xD0, 0xD1, 0xCC, 0xFF, 0xD2, 0xD4, 0xCD, 0xFF, 0xA7, 0xA3, 0x9D, 0xFF, 0xA7, 0xA3, 0x9D, 0xFF,
    0xA3, 0x9F, 0x9A, 0xFF, 0x5E, 0x51, 0x4E, 0xFF, 0x00, 0x00, 0x00, 0x00, 0x00, 0x00, 0x00, 0x00,
    0x00, 0x00, 0x00, 0x00, 0x00, 0x00, 0x00, 0x00, 0x00, 0x00, 0x00, 0x00, 0x00, 0x00, 0x00, 0x00,
    0x00, 0x00, 0x00, 0x00, 0x00, 0x00, 0x00, 0x00, 0x00, 0x00, 0x00, 0x00, 0x00, 0x00, 0x00, 0x00,
    0x00, 0x00, 0x00, 0x00, 0x00, 0x00, 0x00, 0x00, 0x00, 0x00, 0x00, 0x00, 0x00, 0x00, 0x00, 0x00,
    0x00, 0x00, 0x00, 0x00, 0x00, 0x00, 0x00, 0x00, 0x00, 0x00, 0x00, 0x00, 0x00, 0x00, 0x00, 0x00,
    0x00, 0x00, 0x00, 0x00, 0x00, 0x00, 0x00, 0x00, 0x00, 0x00, 0x00, 0x00, 0x00, 0x00, 0x00, 0x00,
    0x00, 0x00, 0x00, 0x00, 0x00, 0x00, 0x00, 0x00, 0x00, 0x00, 0x00, 0x00, 0x00, 0x00, 0x00, 0x00,
    0x00, 0x00, 0x00, 0x00, 0x00, 0x00, 0x00, 0x00, 0x00, 0x00, 0x00, 0x00, 0x00, 0x00, 0x00, 0x00,
    0x00, 0x00, 0x00, 0x00, 0x00, 0x00, 0x00, 0x00, 0x00, 0x00, 0x00, 0x00, 0x00, 0x00, 0x00, 0x00,
    0x00, 0x00, 0x00, 0x00, 0x00, 0x00, 0x00, 0x00, 0x5E, 0x51, 0x4E, 0xFF, 0xA7, 0xA3, 0x9D, 0xFF,
    0xD4, 0xD7, 0xCF, 0xFF, 0xCE, 0xCF, 0xC9, 0xFF, 0xBD, 0xBD, 0xB8, 0xFF, 0xCE, 0xCF, 0xC9, 0xFF,
    0xD1, 0xD3, 0xCA, 0xFF, 0xCF, 0xD1, 0xC9, 0xFF, 0xD1, 0xD3, 0xCA, 0xFF, 0xD1, 0xD3, 0xCA, 0xFF,
    0xD0, 0xD1, 0xCC, 0xFF, 0xD0, 0xD1, 0xCC, 0xFF, 0xCC, 0xCE, 0xC7, 0xFF, 0xCA, 0xCB, 0xC6, 0xFF,
    0xCA, 0xCB, 0xC6, 0xFF, 0xCA, 0xCB, 0xC6, 0xFF, 0x5E, 0x51, 0x4E, 0xFF, 0x5E, 0x51, 0x4E, 0xFF,
    0x5E, 0x51, 0x4E, 0xFF, 0xD0, 0xD1, 0xCC, 0xFF, 0xCF, 0xD1, 0xC9, 0xFF, 0xD1, 0xD3, 0xCA, 0xFF,
    0xCF, 0xD1, 0xC9, 0xFF, 0xD0, 0xD1, 0xCC, 0xFF, 0xCE, 0xCF, 0xC9, 0xFF, 0xCF, 0xD1, 0xC9, 0xFF,
    0xCE, 0xCF, 0xC9, 0xFF, 0xD1, 0xD3, 0xCA, 0xFF, 0xD0, 0xD1, 0xCC, 0xFF, 0xCE, 0xCF, 0xC9, 0xFF,
    0xCE, 0xCF, 0xC9, 0xFF, 0xA2, 0x9E, 0x97, 0xFF, 0xD2, 0xD3, 0xCD, 0xFF, 0xD0, 0xD1, 0xCC, 0xFF,
    0xA2, 0x9E, 0x97, 0xFF, 0x5E, 0x51, 0x4E, 0xFF, 0x00, 0x00, 0x00, 0x00, 0x00, 0x00, 0x00, 0x00,
    0x00, 0x00, 0x00, 0x00, 0x00, 0x00, 0x00, 0x00, 0x00, 0x00, 0x00, 0x00, 0x00, 0x00, 0x00, 0x00,
    0x00, 0x00, 0x00, 0x00, 0x00, 0x00, 0x00, 0x00, 0x00, 0x00, 0x00, 0x00, 0x00, 0x00, 0x00, 0x00,
    0x00, 0x00, 0x00, 0x00, 0x00, 0x00, 0x00, 0x00, 0x00, 0x00, 0x00, 0x00, 0x00, 0x00, 0x00, 0x00,
    0x00, 0x00, 0x00, 0x00, 0x00, 0x00, 0x00, 0x00, 0x00, 0x00, 0x00, 0x00, 0x00, 0x00, 0x00, 0x00,
    0x00, 0x00, 0x00, 0x00, 0x00, 0x00, 0x00, 0x00, 0x00, 0x00, 0x00, 0x00, 0x00, 0x00, 0x00, 0x00,
    0x00, 0x00, 0x00, 0x00, 0x00, 0x00, 0x00, 0x00, 0x00, 0x00, 0x00, 0x00, 0x00, 0x00, 0x00, 0x00,
    0x00, 0x00, 0x00, 0x00, 0x00, 0x00, 0x00, 0x00, 0x00, 0x00, 0x00, 0x00, 0x00, 0x00, 0x00, 0x00,
    0x00, 0x00, 0x00, 0x00, 0x00, 0x00, 0x00, 0x00, 0x00, 0x00, 0x00, 0x00, 0x00, 0x00, 0x00, 0x00,
    0x00, 0x00, 0x00, 0x00, 0x00, 0x00, 0x00, 0x00, 0x5E, 0x51, 0x4E, 0xFF, 0xA3, 0x9F, 0x9A, 0xFF,
    0xD0, 0xD1, 0xCC, 0xFF, 0xD2, 0xD3, 0xCD, 0xFF, 0xD2, 0xD3, 0xCD, 0xFF, 0xA3, 0x9F, 0x9A, 0xFF,
    0xA7, 0xA3, 0x9D, 0xFF, 0xD1, 0xD3, 0xCA, 0xFF, 0xD2, 0xD3, 0xCD, 0xFF, 0xD2, 0xD3, 0xCD, 0xFF,
    0xD2, 0xD3, 0xCD, 0xFF, 0xD0, 0xD1, 0xCC, 0xFF, 0xCD, 0xCD, 0xC9, 0xFF, 0xD0, 0xD1, 0xCC, 0xFF,
    0xCC, 0xCE, 0xC7, 0xFF, 0x5E, 0x51, 0x4E, 0xFF, 0xD4, 0xD7, 0xCF, 0xFF, 0xD2, 0xD3, 0xCD, 0xFF,
    0xD0, 0xD1, 0xCC, 0xFF, 0x7D, 0x74, 0x79, 0xFF, 0x7D, 0x74, 0x79, 0xFF, 0xD4, 0xD7, 0xCF, 0xFF,
    0xD1, 0xD3, 0xCA, 0xFF, 0xCF, 0xD1, 0xC9, 0xFF, 0xD2, 0xD3, 0xCD, 0xFF, 0xCF, 0xD1, 0xC9, 0xFF,
    0xCF, 0xD1, 0xC9, 0xFF, 0xD1, 0xD3, 0xCA, 0xFF, 0xD2, 0xD3, 0xCD, 0xFF, 0xA7, 0xA3, 0x9D, 0xFF,
    0xA7, 0xA3, 0x9D, 0xFF, 0xD1, 0xD3, 0xCA, 0xFF, 0xCE, 0xCF, 0xC9, 0xFF, 0xCF, 0xD1, 0xC9, 0xFF,
    0xA3, 0x9F, 0x9A, 0xFF, 0x5E, 0x51, 0x4E, 0xFF, 0x00, 0x00, 0x00, 0x00, 0x00, 0x00, 0x00, 0x00,
    0x00, 0x00, 0x00, 0x00, 0x00, 0x00, 0x00, 0x00, 0x00, 0x00, 0x00, 0x00, 0x00, 0x00, 0x00, 0x00,
    0x00, 0x00, 0x00, 0x00, 0x00, 0x00, 0x00, 0x00, 0x00, 0x00, 0x00, 0x00, 0x00, 0x00, 0x00, 0x00,
    0x00, 0x00, 0x00, 0x00, 0x00, 0x00, 0x00, 0x00, 0x00, 0x00, 0x00, 0x00, 0x00, 0x00, 0x00, 0x00,
    0x00, 0x00, 0x00, 0x00, 0x00, 0x00, 0x00, 0x00, 0x00, 0x00, 0x00, 0x00, 0x00, 0x00, 0x00, 0x00,
    0x00, 0x00, 0x00, 0x00, 0x00, 0x00, 0x00, 0x00, 0x00, 0x00, 0x00, 0x00, 0x00, 0x00, 0x00, 0x00,
    0x00, 0x00, 0x00, 0x00, 0x00, 0x00, 0x00, 0x00, 0x00, 0x00, 0x00, 0x00, 0x00, 0x00, 0x00, 0x00,
    0x00, 0x00, 0x00, 0x00, 0x00, 0x00, 0x00, 0x00, 0x00, 0x00, 0x00, 0x00, 0x00, 0x00, 0x00, 0x00,
    0x00, 0x00, 0x00, 0x00, 0x00, 0x00, 0x00, 0x00, 0x00, 0x00, 0x00, 0x00, 0x00, 0x00, 0x00, 0x00,
    0x00, 0x00, 0x00, 0x00, 0x00, 0x00, 0x00, 0x00, 0x5E, 0x51, 0x4E, 0xFF, 0xA3, 0x9F, 0x9A, 0xFF,
    0xA7, 0xA3, 0x9D, 0xFF, 0xD2, 0xD3, 0xCD, 0xFF, 0xD1, 0xD3, 0xCA, 0xFF, 0xD0, 0xD1, 0xCC, 0xFF,
    0xD2, 0xD3, 0xCD, 0xFF, 0xD0, 0xD1, 0xCC, 0xFF, 0xA9, 0xA5, 0xA7, 0xFF, 0xD2, 0xD3, 0xCD, 0xFF,
    0xCF, 0xD1, 0xC9, 0xFF, 0xCF, 0xD1, 0xC9, 0xFF, 0xCE, 0xCF, 0xC9, 0xFF, 0xCF, 0xD1, 0xC9, 0xFF,
    0x5E, 0x51, 0x4E, 0xFF, 0xA7, 0xA3, 0x9D, 0xFF, 0xD0, 0xD1, 0xCC, 0xFF, 0xD2, 0xD3, 0xCD, 0xFF,
    0xD1, 0xD3, 0xCA, 0xFF, 0xD1, 0xD3, 0xCA, 0xFF, 0xCA, 0xCB, 0xC6, 0xFF, 0x5E, 0x51, 0x4E, 0xFF,
    0xD3, 0xD5, 0xCE, 0xFF, 0xCF, 0xD1, 0xC9, 0xFF, 0xD0, 0xD1, 0xCC, 0xFF, 0xD0, 0xD1, 0xCC, 0xFF,
    0xCF, 0xD1, 0xC9, 0xFF, 0xD2, 0xD3, 0xCD, 0xFF, 0xD1, 0xD3, 0xCA, 0xFF, 0xD2, 0xD3, 0xCD, 0xFF,
    0xD2, 0xD4, 0xCD, 0xFF, 0xCE, 0xCF, 0xC9, 0xFF, 0xCE, 0xCF, 0xC9, 0xFF, 0xA2, 0x9E, 0x97, 0xFF,
    0xA2, 0x9E, 0x97, 0xFF, 0x5E, 0x51, 0x4E, 0xFF, 0x00, 0x00, 0x00, 0x00, 0x00, 0x00, 0x00, 0x00,
    0x00, 0x00, 0x00, 0x00, 0x00, 0x00, 0x00, 0x00, 0x00, 0x00, 0x00, 0x00, 0x00, 0x00, 0x00, 0x00,
    0x00, 0x00, 0x00, 0x00, 0x00, 0x00, 0x00, 0x00, 0x00, 0x00, 0x00, 0x00, 0x00, 0x00, 0x00, 0x00,
    0x00, 0x00, 0x00, 0x00, 0x00, 0x00, 0x00, 0x00, 0x00, 0x00, 0x00, 0x00, 0x00, 0x00, 0x00, 0x00,
    0x00, 0x00, 0x00, 0x00, 0x00, 0x00, 0x00, 0x00, 0x00, 0x00, 0x00, 0x00, 0x00, 0x00, 0x00, 0x00,
    0x00, 0x00, 0x00, 0x00, 0x00, 0x00, 0x00, 0x00, 0x00, 0x00, 0x00, 0x00, 0x00, 0x00, 0x00, 0x00,
    0x00, 0x00, 0x00, 0x00, 0x00, 0x00, 0x00, 0x00, 0x00, 0x00, 0x00, 0x00, 0x00, 0x00, 0x00, 0x00,
    0x00, 0x00, 0x00, 0x00, 0x00, 0x00, 0x00, 0x00, 0x00, 0x00, 0x00, 0x00, 0x00, 0x00, 0x00, 0x00,
    0x00, 0x00, 0x00, 0x00, 0x00, 0x00, 0x00, 0x00, 0x00, 0x00, 0x00, 0x00, 0x00, 0x00, 0x00, 0x00,
    0x00, 0x00, 0x00, 0x00, 0x00, 0x00, 0x00, 0x00, 0x5E, 0x51, 0x4E, 0xFF, 0xA7, 0xA3, 0x9D, 0xFF,
    0xA7, 0xA3, 0x9D, 0xFF, 0xCC, 0xCE, 0xC7, 0xFF, 0xCF, 0xD1, 0xC9, 0xFF, 0xA7, 0xA3, 0x9D, 0xFF,
    0xCB, 0xCE, 0xC5, 0xFF, 0xCE, 0xCF, 0xC9, 0xFF, 0xA9, 0xA5, 0xA7, 0xFF, 0xCF, 0xD1, 0xC9, 0xFF,
    0xD0, 0xD1, 0xCC, 0xFF, 0xCE, 0xCF, 0xC9, 0xFF, 0xD2, 0xD3, 0xCD, 0xFF, 0x7D, 0x74, 0x79, 0xFF,
    0xCA, 0xCB, 0xC6, 0xFF, 0xD0, 0xD1, 0xCC, 0xFF, 0xD2, 0xD4, 0xCD, 0xFF, 0xD2, 0xD4, 0xCD, 0xFF,
    0xD2, 0xD3, 0xCD, 0xFF, 0xD2, 0xD3, 0xCD, 0xFF, 0xD1, 0xD3, 0xCA, 0xFF, 0xCF, 0xD1, 0xC9, 0xFF,
    0x7D, 0x74, 0x79, 0xFF, 0xA9, 0xA5, 0xA7, 0xFF, 0xD2, 0xD3, 0xCD, 0xFF, 0xD1, 0xD3, 0xCA, 0xFF,
    0xCC, 0xCE, 0xC7, 0xFF, 0xD2, 0xD3, 0xCD, 0xFF, 0xD1, 0xD3, 0xCA, 0xFF, 0xD2, 0xD3, 0xCD, 0xFF,
    0xA7, 0xA3, 0x9D, 0xFF, 0xD0, 0xD1, 0xCC, 0xFF, 0xCA, 0xCB, 0xC6, 0xFF, 0xD2, 0xD3, 0xCD, 0xFF,
    0xA3, 0x9F, 0x9A, 0xFF, 0x5E, 0x51, 0x4E, 0xFF, 0x00, 0x00, 0x00, 0x00, 0x00, 0x00, 0x00, 0x00,
    0x00, 0x00, 0x00, 0x00, 0x00, 0x00, 0x00, 0x00, 0x00, 0x00, 0x00, 0x00, 0x00, 0x00, 0x00, 0x00,
    0x00, 0x00, 0x00, 0x00, 0x00, 0x00, 0x00, 0x00, 0x00, 0x00, 0x00, 0x00, 0x00, 0x00, 0x00, 0x00,
    0x00, 0x00, 0x00, 0x00, 0x00, 0x00, 0x00, 0x00, 0x00, 0x00, 0x00, 0x00, 0x00, 0x00, 0x00, 0x00,
    0x00, 0x00, 0x00, 0x00, 0x00, 0x00, 0x00, 0x00, 0x00, 0x00, 0x00, 0x00, 0x00, 0x00, 0x00, 0x00,
    0x00, 0x00, 0x00, 0x00, 0x00, 0x00, 0x00, 0x00, 0x00, 0x00, 0x00, 0x00, 0x00, 0x00, 0x00, 0x00,
    0x00, 0x00, 0x00, 0x00, 0x00, 0x00, 0x00, 0x00, 0x00, 0x00, 0x00, 0x00, 0x00, 0x00, 0x00, 0x00,
    0x00, 0x00, 0x00, 0x00, 0x00, 0x00, 0x00, 0x00, 0x00, 0x00, 0x00, 0x00, 0x00, 0x00, 0x00, 0x00,
    0x00, 0x00, 0x00, 0x00, 0x00, 0x00, 0x00, 0x00, 0x00, 0x00, 0x00, 0x00, 0x00, 0x00, 0x00, 0x00,
    0x00, 0x00, 0x00, 0x00, 0x00, 0x00, 0x00, 0x00, 0x5E, 0x51, 0x4E, 0xFF, 0xA7, 0xA3, 0x9D, 0xFF,
    0xA7, 0xA3, 0x9D, 0xFF, 0xA7, 0xA3, 0x9D, 0xFF, 0xA7, 0xA3, 0x9D, 0xFF, 0xCA, 0xCB, 0xC6, 0xFF,
    0xCC, 0xCE, 0xC7, 0xFF, 0xA2, 0x9E, 0x97, 0xFF, 0x9F, 0x9B, 0x96, 0xFF, 0xD4, 0xD7, 0xCF, 0xFF,
    0xCD, 0xCD, 0xC9, 0xFF, 0x7D, 0x74, 0x79, 0xFF, 0x5E, 0x51, 0x4E, 0xFF, 0xD2, 0xD3, 0xCD, 0xFF,
    0xD2, 0xD3, 0xCD, 0xFF, 0xD0, 0xD1, 0xCC, 0xFF, 0xD2, 0xD4, 0xCD, 0xFF, 0xD3, 0xD5, 0xCE, 0xFF,
    0xD2, 0xD4, 0xCD, 0xFF, 0xD0, 0xD1, 0xCC, 0xFF, 0xD0, 0xD1, 0xCC, 0xFF, 0xD1, 0xD3, 0xCA, 0xFF,
    0xCC, 0xCE, 0xC7, 0xFF, 0x5E, 0x51, 0x4E, 0xFF, 0x9F, 0x9B, 0x96, 0xFF, 0xD2, 0xD3, 0xCD, 0xFF,
    0xCE, 0xCF, 0xC9, 0xFF, 0xA2, 0x9E, 0x97, 0xFF, 0xD2, 0xD4, 0xCD, 0xFF, 0xA3, 0x9F, 0x9A, 0xFF,
    0xA7, 0xA3, 0x9D, 0xFF, 0x9D, 0x99, 0x93, 0xFF, 0xA3, 0x9F, 0x9A, 0xFF, 0xA3, 0x9F, 0x9A, 0xFF,
    0xA7, 0xA3, 0x9D, 0xFF, 0x4D, 0x3D, 0x59, 0xFF, 0x00, 0x00, 0x00, 0x00, 0x00, 0x00, 0x00, 0x00,
    0x00, 0x00, 0x00, 0x00, 0x00, 0x00, 0x00, 0x00, 0x00, 0x00, 0x00, 0x00, 0x00, 0x00, 0x00, 0x00,
    0x00, 0x00, 0x00, 0x00, 0x00, 0x00, 0x00, 0x00, 0x00, 0x00, 0x00, 0x00, 0x00, 0x00, 0x00, 0x00,
    0x00, 0x00, 0x00, 0x00, 0x00, 0x00, 0x00, 0x00, 0x00, 0x00, 0x00, 0x00, 0x00, 0x00, 0x00, 0x00,
    0x00, 0x00, 0x00, 0x00, 0x00, 0x00, 0x00, 0x00, 0x00, 0x00, 0x00, 0x00, 0x00, 0x00, 0x00, 0x00,
    0x00, 0x00, 0x00, 0x00, 0x00, 0x00, 0x00, 0x00, 0x00, 0x00, 0x00, 0x00, 0x00, 0x00, 0x00, 0x00,
    0x00, 0x00, 0x00, 0x00, 0x00, 0x00, 0x00, 0x00, 0x00, 0x00, 0x00, 0x00, 0x00, 0x00, 0x00, 0x00,
    0x00, 0x00, 0x00, 0x00, 0x00, 0x00, 0x00, 0x00, 0x00, 0x00, 0x00, 0x00, 0x00, 0x00, 0x00, 0x00,
    0x00, 0x00, 0x00, 0x00, 0x00, 0x00, 0x00, 0x00, 0x00, 0x00, 0x00, 0x00, 0x00, 0x00, 0x00, 0x00,
    0x00, 0x00, 0x00, 0x00, 0x00, 0x00, 0x00, 0x00, 0x00, 0x00, 0x00, 0x00, 0x5E, 0x51, 0x4E, 0xFF,
    0xA7, 0xA3, 0x9D, 0xFF, 0xA7, 0xA3, 0x9D, 0xFF, 0xA7, 0xA3, 0x9D, 0xFF, 0xA7, 0xA3, 0x9D, 0xFF,
    0xA7, 0xA3, 0x9D, 0xFF, 0xA7, 0xA3, 0x9D, 0xFF, 0xA7, 0xA3, 0x9D, 0xFF, 0xA7, 0xA3, 0x9D, 0xFF,
    0xD4, 0xD7, 0xCF, 0xFF, 0x9D, 0x99, 0x93, 0xFF, 0x5E, 0x51, 0x4E, 0xFF, 0xA3, 0x9F, 0x9A, 0xFF,
    0xD1, 0xD3, 0xCA, 0xFF, 0xD0, 0xD1, 0xCC, 0xFF, 0xD1, 0xD3, 0xCA, 0xFF, 0xD2, 0xD3, 0xCD, 0xFF,
    0xD1, 0xD3, 0xCA, 0xFF, 0xD2, 0xD3, 0xCD, 0xFF, 0xD2, 0xD3, 0xCD, 0xFF, 0xD2, 0xD3, 0xCD, 0xFF,
    0xCF, 0xD1, 0xC9, 0xFF, 0xA9, 0xA5, 0xA7, 0xFF, 0x9F, 0x9B, 0x96, 0xFF, 0xD0, 0xD1, 0xCC, 0xFF,
    0xD0, 0xD1, 0xCC, 0xFF, 0xA7, 0xA3, 0x9D, 0xFF, 0xA7, 0xA3, 0x9D, 0xFF, 0xA7, 0xA3, 0x9D, 0xFF,
    0xA7, 0xA3, 0x9D, 0xFF, 0xA3, 0x9F, 0x9A, 0xFF, 0xA3, 0x9F, 0x9A, 0xFF, 0xA3, 0x9F, 0x9A, 0xFF,
    0x5E, 0x51, 0x4E, 0xFF, 0x00, 0x00, 0x00, 0x00, 0x00, 0x00, 0x00, 0x00, 0x00, 0x00, 0x00, 0x00,
    0x00, 0x00, 0x00, 0x00, 0x00, 0x00, 0x00, 0x00, 0x00, 0x00, 0x00, 0x00, 0x00, 0x00, 0x00, 0x00,
    0x00, 0x00, 0x00, 0x00, 0x00, 0x00, 0x00, 0x00, 0x00, 0x00, 0x00, 0x00, 0x00, 0x00, 0x00, 0x00,
    0x00, 0x00, 0x00, 0x00, 0x00, 0x00, 0x00, 0x00, 0x00, 0x00, 0x00, 0x00, 0x00, 0x00, 0x00, 0x00,
    0x00, 0x00, 0x00, 0x00, 0x00, 0x00, 0x00, 0x00, 0x00, 0x00, 0x00, 0x00, 0x00, 0x00, 0x00, 0x00,
    0x00, 0x00, 0x00, 0x00, 0x00, 0x00, 0x00, 0x00, 0x00, 0x00, 0x00, 0x00, 0x00, 0x00, 0x00, 0x00,
    0x00, 0x00, 0x00, 0x00, 0x00, 0x00, 0x00, 0x00, 0x00, 0x00, 0x00, 0x00, 0x00, 0x00, 0x00, 0x00,
    0x00, 0x00, 0x00, 0x00, 0x00, 0x00, 0x00, 0x00, 0x00, 0x00, 0x00, 0x00, 0x00, 0x00, 0x00, 0x00,
    0x00, 0x00, 0x00, 0x00, 0x00, 0x00, 0x00, 0x00, 0x00, 0x00, 0x00, 0x00, 0x00, 0x00, 0x00, 0x00,
    0x00, 0x00, 0x00, 0x00, 0x00, 0x00, 0x00, 0x00, 0x00, 0x00, 0x00, 0x00, 0x5E, 0x51, 0x4E, 0xFF,
    0xA7, 0xA3, 0x9D, 0xFF, 0xA7, 0xA3, 0x9D, 0xFF, 0xA7, 0xA3, 0x9D, 0xFF, 0xA7, 0xA3, 0x9D, 0xFF,
    0xA7, 0xA3, 0x9D, 0xFF, 0xA7, 0xA3, 0x9D, 0xFF, 0xA7, 0xA3, 0x9D, 0xFF, 0xA7, 0xA3, 0x9D, 0xFF,
    0xA7, 0xA3, 0x9D, 0xFF, 0x9D, 0x99, 0x93, 0xFF, 0x5E, 0x51, 0x4E, 0xFF, 0xA7, 0xA3, 0x9D, 0xFF,
    0xD3, 0xD5, 0xCE, 0xFF, 0xA7, 0xA3, 0x9D, 0xFF, 0xCA, 0xCB, 0xC6, 0xFF, 0xCF, 0xD1, 0xC9, 0xFF,
    0xD0, 0xD1, 0xCC, 0xFF, 0xA3, 0x9F, 0x9A, 0xFF, 0xD2, 0xD3, 0xCD, 0xFF, 0xD2, 0xD3, 0xCD, 0xFF,
    0xA3, 0x9F, 0x9A, 0xFF, 0xA9, 0xA5, 0xA7, 0xFF, 0xA3, 0x9F, 0x9A, 0xFF, 0xA7, 0xA3, 0x9D, 0xFF,
    0xA7, 0xA3, 0x9D, 0xFF, 0xA7, 0xA3, 0x9D, 0xFF, 0xA7, 0xA3, 0x9D, 0xFF, 0xA7, 0xA3, 0x9D, 0xFF,
    0xA3, 0x9F, 0x9A, 0xFF, 0xA3, 0x9F, 0x9A, 0xFF, 0xA3, 0x9F, 0x9A, 0xFF, 0xA2, 0x9E, 0x97, 0xFF,
    0x5E, 0x51, 0x4E, 0xFF, 0x00, 0x00, 0x00, 0x00, 0x00, 0x00, 0x00, 0x00, 0x00, 0x00, 0x00, 0x00,
    0x00, 0x00, 0x00, 0x00, 0x00, 0x00, 0x00, 0x00, 0x00, 0x00, 0x00, 0x00, 0x00, 0x00, 0x00, 0x00,
    0x00, 0x00, 0x00, 0x00, 0x00, 0x00, 0x00, 0x00, 0x00, 0x00, 0x00, 0x00, 0x00, 0x00, 0x00, 0x00,
    0x00, 0x00, 0x00, 0x00, 0x00, 0x00, 0x00, 0x00, 0x00, 0x00, 0x00, 0x00, 0x00, 0x00, 0x00, 0x00,
    0x00, 0x00, 0x00, 0x00, 0x00, 0x00, 0x00, 0x00, 0x00, 0x00, 0x00, 0x00, 0x00, 0x00, 0x00, 0x00,
    0x00, 0x00, 0x00, 0x00, 0x00, 0x00, 0x00, 0x00, 0x00, 0x00, 0x00, 0x00, 0x00, 0x00, 0x00, 0x00,
    0x00, 0x00, 0x00, 0x00, 0x00, 0x00, 0x00, 0x00, 0x00, 0x00, 0x00, 0x00, 0x00, 0x00, 0x00, 0x00,
    0x00, 0x00, 0x00, 0x00, 0x00, 0x00, 0x00, 0x00, 0x00, 0x00, 0x00, 0x00, 0x00, 0x00, 0x00, 0x00,
    0x00, 0x00, 0x00, 0x00, 0x00, 0x00, 0x00, 0x00, 0x00, 0x00, 0x00, 0x00, 0x00, 0x00, 0x00, 0x00,
    0x00, 0x00, 0x00, 0x00, 0x00, 0x00, 0x00, 0x00, 0x00, 0x00, 0x00, 0x00, 0x00, 0x00, 0x00, 0x00,
    0x5E, 0x51, 0x4E, 0xFF, 0xA7, 0xA3, 0x9D, 0xFF, 0xA7, 0xA3, 0x9D, 0xFF, 0x7D, 0x74, 0x79, 0xFF,
    0xA7, 0xA3, 0x9D, 0xFF, 0xA7, 0xA3, 0x9D, 0xFF, 0xA7, 0xA3, 0x9D, 0xFF, 0xA7, 0xA3, 0x9D, 0xFF,
    0xA7, 0xA3, 0x9D, 0xFF, 0x9F, 0x9B, 0x96, 0xFF, 0x5E, 0x51, 0x4E, 0xFF, 0xA7, 0xA3, 0x9D, 0xFF,
    0xA7, 0xA3, 0x9D, 0xFF, 0xA9, 0xA5, 0xA7, 0xFF, 0xCF, 0xD1, 0xC9, 0xFF, 0xCF, 0xD1, 0xC9, 0xFF,
    0xD0, 0xD1, 0xCC, 0xFF, 0xA7, 0xA3, 0x9D, 0xFF, 0xA7, 0xA3, 0x9D, 0xFF, 0xD2, 0xD3, 0xCD, 0xFF,
    0xA7, 0xA3, 0x9D, 0xFF, 0xA9, 0xA5, 0xA7, 0xFF, 0xA2, 0x9E, 0x97, 0xFF, 0xA7, 0xA3, 0x9D, 0xFF,
    0xA7, 0xA3, 0x9D, 0xFF, 0xA7, 0xA3, 0x9D, 0xFF, 0xA7, 0xA3, 0x9D, 0xFF, 0xA7, 0xA3, 0x9D, 0xFF,
    0x9D, 0x99, 0x93, 0xFF, 0xA3, 0x9F, 0x9A, 0xFF, 0xA3, 0x9F, 0x9A, 0xFF, 0xA7, 0xA3, 0x9D, 0xFF,
    0xBD, 0xBD, 0xB8, 0xFF, 0x00, 0x00, 0x00, 0x00, 0x00, 0x00, 0x00, 0x00, 0x00, 0x00, 0x00, 0x00,
    0x00, 0x00, 0x00, 0x00, 0x00, 0x00, 0x00, 0x00, 0x00, 0x00, 0x00, 0x00, 0x00, 0x00, 0x00, 0x00,
    0x00, 0x00, 0x00, 0x00, 0x00, 0x00, 0x00, 0x00, 0x00, 0x00, 0x00, 0x00, 0x00, 0x00, 0x00, 0x00,
    0x00, 0x00, 0x00, 0x00, 0x00, 0x00, 0x00, 0x00, 0x00, 0x00, 0x00, 0x00, 0x00, 0x00, 0x00, 0x00,
    0x00, 0x00, 0x00, 0x00, 0x00, 0x00, 0x00, 0x00, 0x00, 0x00, 0x00, 0x00, 0x00, 0x00, 0x00, 0x00,
    0x00, 0x00, 0x00, 0x00, 0x00, 0x00, 0x00, 0x00, 0x00, 0x00, 0x00, 0x00, 0x00, 0x00, 0x00, 0x00,
    0x00, 0x00, 0x00, 0x00, 0x00, 0x00, 0x00, 0x00, 0x00, 0x00, 0x00, 0x00, 0x00, 0x00, 0x00, 0x00,
    0x00, 0x00, 0x00, 0x00, 0x00, 0x00, 0x00, 0x00, 0x00, 0x00, 0x00, 0x00, 0x00, 0x00, 0x00, 0x00,
    0x00, 0x00, 0x00, 0x00, 0x00, 0x00, 0x00, 0x00, 0x00, 0x00, 0x00, 0x00, 0x00, 0x00, 0x00, 0x00,
    0x00, 0x00, 0x00, 0x00, 0x00, 0x00, 0x00, 0x00, 0x00, 0x00, 0x00, 0x00, 0x00, 0x00, 0x00, 0x00,
    0x5E, 0x51, 0x4E, 0xFF, 0xA7, 0xA3, 0x9D, 0xFF, 0xA7, 0xA3, 0x9D, 0xFF, 0xA2, 0x9E, 0x97, 0xFF,
    0x9D, 0x99, 0x93, 0xFF, 0xA7, 0xA3, 0x9D, 0xFF, 0xA7, 0xA3, 0x9D, 0xFF, 0xA7, 0xA3, 0x9D, 0xFF,
    0xA7, 0xA3, 0x9D, 0xFF, 0x9D, 0x99, 0x93, 0xFF, 0x5E, 0x51, 0x4E, 0xFF, 0xA7, 0xA3, 0x9D, 0xFF,
    0xA9, 0xA5, 0xA7, 0xFF, 0xCA, 0xCB, 0xC6, 0xFF, 0xD1, 0xD3, 0xCA, 0xFF, 0xCF, 0xD1, 0xC9, 0xFF,
    0xA3, 0x9F, 0x9A, 0xFF, 0xD4, 0xD7, 0xCF, 0xFF, 0xD4, 0xD7, 0xCF, 0xFF, 0xA7, 0xA3, 0x9D, 0xFF,
    0xA7, 0xA3, 0x9D, 0xFF, 0xA9, 0xA5, 0xA7, 0xFF, 0x9F, 0x9B, 0x96, 0xFF, 0xA9, 0xA5, 0xA7, 0xFF,
    0xA7, 0xA3, 0x9D, 0xFF, 0xA7, 0xA3, 0x9D, 0xFF, 0xA9, 0xA5, 0xA7, 0xFF, 0x9D, 0x99, 0x93, 0xFF,
    0xA2, 0x9E, 0x97, 0xFF, 0xA3, 0x9F, 0x9A, 0xFF, 0xA7, 0xA3, 0x9D, 0xFF, 0x5E, 0x51, 0x4E, 0xFF,
    0x9D, 0x99, 0x93, 0xFF, 0x00, 0x00, 0x00, 0x00, 0x00, 0x00, 0x00, 0x00, 0x00, 0x00, 0x00, 0x00,
    0x00, 0x00, 0x00, 0x00, 0x00, 0x00, 0x00, 0x00, 0x00, 0x00, 0x00, 0x00, 0x00, 0x00, 0x00, 0x00,
    0x00, 0x00, 0x00, 0x00, 0x00, 0x00, 0x00, 0x00, 0x00, 0x00, 0x00, 0x00, 0x00, 0x00, 0x00, 0x00,
    0x00, 0x00, 0x00, 0x00, 0x00, 0x00, 0x00, 0x00, 0x00, 0x00, 0x00, 0x00, 0x00, 0x00, 0x00, 0x00,
    0x00, 0x00, 0x00, 0x00, 0x00, 0x00, 0x00, 0x00, 0x00, 0x00, 0x00, 0x00, 0x00, 0x00, 0x00, 0x00,
};

const lv_image_dsc_t rabbit_back = {
    .header.magic = LV_IMAGE_HEADER_MAGIC,
    .header.cf = LV_COLOR_FORMAT_ARGB8888,
    .header.w = 72,
    .header.h = 72,
    .header.stride = 288,
    .data_size = sizeof(rabbit_back_map),
    .data = rabbit_back_map,
};

static const uint8_t rabbit_side_map[] = {
    0x00, 0x00, 0x00, 0x00, 0x00, 0x00, 0x00, 0x00, 0x00, 0x00, 0x00, 0x00, 0x00, 0x00, 0x00, 0x00,
    0x00, 0x00, 0x00, 0x00, 0x00, 0x00, 0x00, 0x00, 0x00, 0x00, 0x00, 0x00, 0x00, 0x00, 0x00, 0x00,
    0x00, 0x00, 0x00, 0x00, 0x00, 0x00, 0x00, 0x00, 0x00, 0x00, 0x00, 0x00, 0x00, 0x00, 0x00, 0x00,
    0x00, 0x00, 0x00, 0x00, 0x00, 0x00, 0x00, 0x00, 0x00, 0x00, 0x00, 0x00, 0x00, 0x00, 0x00, 0x00,
    0x00, 0x00, 0x00, 0x00, 0x00, 0x00, 0x00, 0x00, 0x00, 0x00, 0x00, 0x00, 0x00, 0x00, 0x00, 0x00,
    0x00, 0x00, 0x00, 0x00, 0x00, 0x00, 0x00, 0x00, 0x00, 0x00, 0x00, 0x00, 0x00, 0x00, 0x00, 0x00,
    0x00, 0x00, 0x00, 0x00, 0x00, 0x00, 0x00, 0x00, 0x00, 0x00, 0x00, 0x00, 0x00, 0x00, 0x00, 0x00,
    0x00, 0x00, 0x00, 0x00, 0x00, 0x00, 0x00, 0x00, 0x00, 0x00, 0x00, 0x00, 0x54, 0x42, 0x52, 0xFF,
    0x54, 0x42, 0x52, 0xFF, 0x54, 0x42, 0x52, 0xFF, 0x54, 0x42, 0x52, 0xFF, 0x54, 0x42, 0x52, 0xFF,
    0x54, 0x42, 0x52, 0xFF, 0x54, 0x42, 0x52, 0xFF, 0x54, 0x42, 0x52, 0xFF, 0x00, 0x00, 0x00, 0x00,
    0x00, 0x00, 0x00, 0x00, 0x00, 0x00, 0x00, 0x00, 0x00, 0x00, 0x00, 0x00, 0x00, 0x00, 0x00, 0x00,
    0x00, 0x00, 0x00, 0x00, 0x00, 0x00, 0x00, 0x00, 0x00, 0x00, 0x00, 0x00, 0x00, 0x00, 0x00, 0x00,
    0x00, 0x00, 0x00, 0x00, 0x00, 0x00, 0x00, 0x00, 0x00, 0x00, 0x00, 0x00, 0x00, 0x00, 0x00, 0x00,
    0x00, 0x00, 0x00, 0x00, 0x00, 0x00, 0x00, 0x00, 0x00, 0x00, 0x00, 0x00, 0x00, 0x00, 0x00, 0x00,
    0x00, 0x00, 0x00, 0x00, 0x00, 0x00, 0x00, 0x00, 0x00, 0x00, 0x00, 0x00, 0x00, 0x00, 0x00, 0x00,
    0x00, 0x00, 0x00, 0x00, 0x00, 0x00, 0x00, 0x00, 0x00, 0x00, 0x00, 0x00, 0x00, 0x00, 0x00, 0x00,
    0x00, 0x00, 0x00, 0x00, 0x00, 0x00, 0x00, 0x00, 0x00, 0x00, 0x00, 0x00, 0x00, 0x00, 0x00, 0x00,
    0x00, 0x00, 0x00, 0x00, 0x00, 0x00, 0x00, 0x00, 0x00, 0x00, 0x00, 0x00, 0x00, 0x00, 0x00, 0x00,
    0x00, 0x00, 0x00, 0x00, 0x00, 0x00, 0x00, 0x00, 0x00, 0x00, 0x00, 0x00, 0x00, 0x00, 0x00, 0x00,
    0x00, 0x00, 0x00, 0x00, 0x00, 0x00, 0x00, 0x00, 0x00, 0x00, 0x00, 0x00, 0x00, 0x00, 0x00, 0x00,
    0x00, 0x00, 0x00, 0x00, 0x00, 0x00, 0x00, 0x00, 0x00, 0x00, 0x00, 0x00, 0x00, 0x00, 0x00, 0x00,
    0x00, 0x00, 0x00, 0x00, 0x00, 0x00, 0x00, 0x00, 0x00, 0x00, 0x00, 0x00, 0x00, 0x00, 0x00, 0x00,
    0x00, 0x00, 0x00, 0x00, 0x00, 0x00, 0x00, 0x00, 0x00, 0x00, 0x00, 0x00, 0x00, 0x00, 0x00, 0x00,
    0x00, 0x00, 0x00, 0x00, 0x00, 0x00, 0x00, 0x00, 0x00, 0x00, 0x00, 0x00, 0x00, 0x00, 0x00, 0x00,
    0x00, 0x00, 0x00, 0x00, 0x00, 0x00, 0x00, 0x00, 0x00, 0x00, 0x00, 0x00, 0x00, 0x00, 0x00, 0x00,
    0x54, 0x42, 0x52, 0xFF, 0x54, 0x42, 0x52, 0xFF, 0x54, 0x42, 0x52, 0xFF, 0x95, 0x8A, 0x97, 0xFF,
    0xB6, 0xAE, 0xB6, 0xFF, 0xB5, 0xAD, 0xB5, 0xFF, 0xB3, 0xAB, 0xB3, 0xFF, 0xB3, 0xAB, 0xB3, 0xFF,
    0xB4, 0xAD, 0xB3, 0xFF, 0xB0, 0xA8, 0xB0, 0xFF, 0xB3, 0xAB, 0xB3, 0xFF, 0x4E, 0x3D, 0x4E, 0xFF,
    0x00, 0x00, 0x00, 0x00, 0x00, 0x00, 0x00, 0x00, 0x00, 0x00, 0x00, 0x00, 0x00, 0x00, 0x00, 0x00,
    0x00, 0x00, 0x00, 0x00, 0x00, 0x00, 0x00, 0x00, 0x00, 0x00, 0x00, 0x00, 0x00, 0x00, 0x00, 0x00,
    0x00, 0x00, 0x00, 0x00, 0x00, 0x00, 0x00, 0x00, 0x00, 0x00, 0x00, 0x00, 0x00, 0x00, 0x00, 0x00,
    0x00, 0x00, 0x00, 0x00, 0x00, 0x00, 0x00, 0x00, 0x00, 0x00, 0x00, 0x00, 0x00, 0x00, 0x00, 0x00,
    0x00, 0x00, 0x00, 0x00, 0x00, 0x00, 0x00, 0x00, 0x00, 0x00, 0x00, 0x00, 0x00, 0x00, 0x00, 0x00,
    0x00, 0x00, 0x00, 0x00, 0x00, 0x00, 0x00, 0x00, 0x00, 0x00, 0x00, 0x00, 0x00, 0x00, 0x00, 0x00,
    0x00, 0x00, 0x00, 0x00, 0x00, 0x00, 0x00, 0x00, 0x00, 0x00, 0x00, 0x00, 0x00, 0x00, 0x00, 0x00,
    0x00, 0x00, 0x00, 0x00, 0x00, 0x00, 0x00, 0x00, 0x00, 0x00, 0x00, 0x00, 0x00, 0x00, 0x00, 0x00,
    0x00, 0x00, 0x00, 0x00, 0x00, 0x00, 0x00, 0x00, 0x00, 0x00, 0x00, 0x00, 0x00, 0x00, 0x00, 0x00,
    0x00, 0x00, 0x00, 0x00, 0x00, 0x00, 0x00, 0x00, 0x00, 0x00, 0x00, 0x00, 0x00, 0x00, 0x00, 0x00,
    0x00, 0x00, 0x00, 0x00, 0x00, 0x00, 0x00, 0x00, 0x00, 0x00, 0x00, 0x00, 0x00, 0x00, 0x00, 0x00,
    0x00, 0x00, 0x00, 0x00, 0x00, 0x00, 0x00, 0x00, 0x00, 0x00, 0x00, 0x00, 0x00, 0x00, 0x00, 0x00,
    0x00, 0x00, 0x00, 0x00, 0x00, 0x00, 0x00, 0x00, 0x00, 0x00, 0x00, 0x00, 0x00, 0x00, 0x00, 0x00,
    0x00, 0x00, 0x00, 0x00, 0x00, 0x00, 0x00, 0x00, 0x00, 0x00, 0x00, 0x00, 0x00, 0x00, 0x00, 0x00,
    0x00, 0x00, 0x00, 0x00, 0x00, 0x00, 0x00, 0x00, 0x47, 0x36, 0x4A, 0xFF, 0x4E, 0x3D, 0x4E, 0xFF,
    0x95, 0x8A, 0x97, 0xFF, 0xB0, 0xA8, 0xB0, 0xFF, 0x95, 0x8A, 0x97, 0xFF, 0xB0, 0xA8, 0xB0, 0xFF,
    0xB4, 0xAD, 0xB3, 0xFF, 0xB3, 0xAB, 0xB3, 0xFF, 0xB3, 0xAB, 0xB3, 0xFF, 0xB3, 0xAB, 0xB3, 0xFF,
    0xB3, 0xAB, 0xB3, 0xFF, 0xB0, 0xA8, 0xB0, 0xFF, 0xB0, 0xA8, 0xB0, 0xFF, 0xB0, 0xA8, 0xB0, 0xFF,
    0x54, 0x42, 0x52, 0xFF, 0x54, 0x42, 0x52, 0xFF, 0x00, 0x00, 0x00, 0x00, 0x00, 0x00, 0x00, 0x00,
    0x00, 0x00, 0x00, 0x00, 0x00, 0x00, 0x00, 0x00, 0x00, 0x00, 0x00, 0x00, 0x00, 0x00, 0x00, 0x00,
    0x00, 0x00, 0x00, 0x00, 0x00, 0x00, 0x00, 0x00, 0x00, 0x00, 0x00, 0x00, 0x00, 0x00, 0x00, 0x00,
    0x00, 0x00, 0x00, 0x00, 0x00, 0x00, 0x00, 0x00, 0x00, 0x00, 0x00, 0x00, 0x00, 0x00, 0x00, 0x00,
    0x00, 0x00, 0x00, 0x00, 0x00, 0x00, 0x00, 0x00, 0x00, 0x00, 0x00, 0x00, 0x00, 0x00, 0x00, 0x00,
    0x00, 0x00, 0x00, 0x00, 0x00, 0x00, 0x00, 0x00, 0x00, 0x00, 0x00, 0x00, 0x00, 0x00, 0x00, 0x00,
    0x00, 0x00, 0x00, 0x00, 0x00, 0x00, 0x00, 0x00, 0x00, 0x00, 0x00, 0x00, 0x00, 0x00, 0x00, 0x00,
    0x00, 0x00, 0x00, 0x00, 0x00, 0x00, 0x00, 0x00, 0x00, 0x00, 0x00, 0x00, 0x00, 0x00, 0x00, 0x00,
    0x00, 0x00, 0x00, 0x00, 0x00, 0x00, 0x00, 0x00, 0x00, 0x00, 0x00, 0x00, 0x00, 0x00, 0x00, 0x00,
    0x00, 0x00, 0x00, 0x00, 0x00, 0x00, 0x00, 0x00, 0x00, 0x00, 0x00, 0x00, 0x00, 0x00, 0x00, 0x00,
    0x00, 0x00, 0x00, 0x00, 0x00, 0x00, 0x00, 0x00, 0x00, 0x00, 0x00, 0x00, 0x00, 0x00, 0x00, 0x00,
    0x00, 0x00, 0x00, 0x00, 0x00, 0x00, 0x00, 0x00, 0x00, 0x00, 0x00, 0x00, 0x00, 0x00, 0x00, 0x00,
    0x00, 0x00, 0x00, 0x00, 0x00, 0x00, 0x00, 0x00, 0x00, 0x00, 0x00, 0x00, 0x00, 0x00, 0x00, 0x00,
    0x00, 0x00, 0x00, 0x00, 0x00, 0x00, 0x00, 0x00, 0x00, 0x00, 0x00, 0x00, 0x00, 0x00, 0x00, 0x00,
    0x00, 0x00, 0x00, 0x00, 0x00, 0x00, 0x00, 0x00, 0x4E, 0x3D, 0x4E, 0xFF, 0x4E, 0x3D, 0x4E, 0xFF,
    0x95, 0x8A, 0x97, 0xFF, 0xB3, 0xAB, 0xB3, 0xFF, 0xB3, 0xAB, 0xB3, 0xFF, 0xB3, 0xAB, 0xB3, 0xFF,
    0xB3, 0xAB, 0xB3, 0xFF, 0xB3, 0xAB, 0xB3, 0xFF, 0xB3, 0xAB, 0xB3, 0xFF, 0xB3, 0xAB, 0xB3, 0xFF,
    0xB0, 0xA8, 0xB0, 0xFF, 0xB0, 0xA8, 0xB0, 0xFF, 0xB0, 0xA8, 0xB0, 0xFF, 0xB0, 0xA8, 0xB0, 0xFF,
    0x54, 0x42, 0x52, 0xFF, 0x4E, 0x3D, 0x4E, 0xFF, 0x00, 0x00, 0x00, 0x00, 0x00, 0x00, 0x00, 0x00,
    0x00, 0x00, 0x00, 0x00, 0x00, 0x00, 0x00, 0x00, 0x00, 0x00, 0x00, 0x00, 0x00, 0x00, 0x00, 0x00,
    0x00, 0x00, 0x00, 0x00, 0x00, 0x00, 0x00, 0x00, 0x00, 0x00, 0x00, 0x00, 0x00, 0x00, 0x00, 0x00,
    0x00, 0x00, 0x00, 0x00, 0x00, 0x00, 0x00, 0x00, 0x00, 0x00, 0x00, 0x00, 0x00, 0x00, 0x00, 0x00,
    0x00, 0x00, 0x00, 0x00, 0x00, 0x00, 0x00, 0x00, 0x00, 0x00, 0x00, 0x00, 0x00, 0x00, 0x00, 0x00,
    0x00, 0x00, 0x00, 0x00, 0x00, 0x00, 0x00, 0x00, 0x00, 0x00, 0x00, 0x00, 0x00, 0x00, 0x00, 0x00,
    0x00, 0x00, 0x00, 0x00, 0x00, 0x00, 0x00, 0x00, 0x00, 0x00, 0x00, 0x00, 0x00, 0x00, 0x00, 0x00,
    0x00, 0x00, 0x00, 0x00, 0x00, 0x00, 0x00, 0x00, 0x00, 0x00, 0x00, 0x00, 0x00, 0x00, 0x00, 0x00,
    0x00, 0x00, 0x00, 0x00, 0x00, 0x00, 0x00, 0x00, 0x00, 0x00, 0x00, 0x00, 0x00, 0x00, 0x00, 0x00,
    0x00, 0x00, 0x00, 0x00, 0x00, 0x00, 0x00, 0x00, 0x00, 0x00, 0x00, 0x00, 0x00, 0x00, 0x00, 0x00,
    0x00, 0x00, 0x00, 0x00, 0x00, 0x00, 0x00, 0x00, 0x00, 0x00, 0x00, 0x00, 0x00, 0x00, 0x00, 0x00,
    0x00, 0x00, 0x00, 0x00, 0x00, 0x00, 0x00, 0x00, 0x00, 0x00, 0x00, 0x00, 0x00, 0x00, 0x00, 0x00,
    0x00, 0x00, 0x00, 0x00, 0x00, 0x00, 0x00, 0x00, 0x00, 0x00, 0x00, 0x00, 0x00, 0x00, 0x00, 0x00,
    0x00, 0x00, 0x00, 0x00, 0x00, 0x00, 0x00, 0x00, 0x00, 0x00, 0x00, 0x00, 0x47, 0x36, 0x4A, 0xFF,
    0x4E, 0x3D, 0x4E, 0xFF, 0x4E, 0x3D, 0x4E, 0xFF, 0xB5, 0xAD, 0xB5, 0xFF, 0xB3, 0xAB, 0xB3, 0xFF,
    0xB3, 0xAB, 0xB3, 0xFF, 0xB3, 0xAB, 0xB3, 0xFF, 0xB3, 0xAB, 0xB3, 0xFF, 0xB3, 0xAB, 0xB3, 0xFF,
    0xB3, 0xAB, 0xB3, 0xFF, 0xB3, 0xAB, 0xB3, 0xFF, 0xB3, 0xAB, 0xB3, 0xFF, 0xB3, 0xAB, 0xB3, 0xFF,
    0xB0, 0xA8, 0xB0, 0xFF, 0xB0, 0xA8, 0xB0, 0xFF, 0xB3, 0xAB, 0xB3, 0xFF, 0xB0, 0xA8, 0xB0, 0xFF,
    0xB0, 0xA8, 0xB0, 0xFF, 0x4E, 0x3D, 0x4E, 0xFF, 0x00, 0x00, 0x00, 0x00, 0x00, 0x00, 0x00, 0x00,
    0x00, 0x00, 0x00, 0x00, 0x00, 0x00, 0x00, 0x00, 0x00, 0x00, 0x00, 0x00, 0x00, 0x00, 0x00, 0x00,
    0x00, 0x00, 0x00, 0x00, 0x00, 0x00, 0x00, 0x00, 0x00, 0x00, 0x00, 0x00, 0x00, 0x00, 0x00, 0x00,
    0x00, 0x00, 0x00, 0x00, 0x00, 0x00, 0x00, 0x00, 0x00, 0x00, 0x00, 0x00, 0x00, 0x00, 0x00, 0x00,
    0x00, 0x00, 0x00, 0x00, 0x00, 0x00, 0x00, 0x00, 0x00, 0x00, 0x00, 0x00, 0x00, 0x00, 0x00, 0x00,
    0x00, 0x00, 0x00, 0x00, 0x00, 0x00, 0x00, 0x00, 0x00, 0x00, 0x00, 0x00, 0x00, 0x00, 0x00, 0x00,
    0x00, 0x00, 0x00, 0x00, 0x00, 0x00, 0x00, 0x00, 0x00, 0x00, 0x00, 0x00, 0x00, 0x00, 0x00, 0x00,
    0x00, 0x00, 0x00, 0x00, 0x00, 0x00, 0x00, 0x00, 0x00, 0x00, 0x00, 0x00, 0x00, 0x00, 0x00, 0x00,
    0x00, 0x00, 0x00, 0x00, 0x00, 0x00, 0x00, 0x00, 0x00, 0x00, 0x00, 0x00, 0x00, 0x00, 0x00, 0x00,
    0x00, 0x00, 0x00, 0x00, 0x00, 0x00, 0x00, 0x00, 0x00, 0x00, 0x00, 0x00, 0x00, 0x00, 0x00, 0x00,
    0x00, 0x00, 0x00, 0x00, 0x00, 0x00, 0x00, 0x00, 0x00, 0x00, 0x00, 0x00, 0x00, 0x00, 0x00, 0x00,
    0x00, 0x00, 0x00, 0x00, 0x00, 0x00, 0x00, 0x00, 0x00, 0x00, 0x00, 0x00, 0x00, 0x00, 0x00, 0x00,
    0x00, 0x00, 0x00, 0x00, 0x00, 0x00, 0x00, 0x00, 0x00, 0x00, 0x00, 0x00, 0x00, 0x00, 0x00, 0x00,
    0x00, 0x00, 0x00, 0x00, 0x00, 0x00, 0x00, 0x00, 0x00, 0x00, 0x00, 0x00, 0x95, 0x8A, 0x97, 0xFF,
    0xB6, 0xAE, 0xB6, 0xFF, 0xB4, 0xAD, 0xB3, 0xFF, 0xB3, 0xAB, 0xB3, 0xFF, 0xB3, 0xAB, 0xB3, 0xFF,
    0xB3, 0xAB, 0xB3, 0xFF, 0xB3, 0xAB, 0xB3, 0xFF, 0xB3, 0xAB, 0xB3, 0xFF, 0xB3, 0xAB, 0xB3, 0xFF,
    0xB3, 0xAB, 0xB3, 0xFF, 0xB3, 0xAB, 0xB3, 0xFF, 0xB3, 0xAB, 0xB3, 0xFF, 0xB5, 0xAD, 0xB5, 0xFF,
    0xB3, 0xAB, 0xB3, 0xFF, 0xB3, 0xAB, 0xB3, 0xFF, 0xB7, 0xAF, 0xB8, 0xFF, 0x54, 0x42, 0x52, 0xFF,
    0x54, 0x42, 0x52, 0xFF, 0x54, 0x42, 0x52, 0xFF, 0x54, 0x42, 0x52, 0xFF, 0x54, 0x42, 0x52, 0xFF,
    0x54, 0x42, 0x52, 0xFF, 0x54, 0x42, 0x52, 0xFF, 0x54, 0x42, 0x52, 0xFF, 0x00, 0x00, 0x00, 0x00,
    0x00, 0x00, 0x00, 0x00, 0x00, 0x00, 0x00, 0x00, 0x00, 0x00, 0x00, 0x00, 0x00, 0x00, 0x00, 0x00,
    0x00, 0x00, 0x00, 0x00, 0x00, 0x00, 0x00, 0x00, 0x00, 0x00, 0x00, 0x00, 0x00, 0x00, 0x00, 0x00,
    0x00, 0x00, 0x00, 0x00, 0x00, 0x00, 0x00, 0x00, 0x00, 0x00, 0x00, 0x00, 0x00, 0x00, 0x00, 0x00,
    0x00, 0x00, 0x00, 0x00, 0x00, 0x00, 0x00, 0x00, 0x00, 0x00, 0x00, 0x00, 0x00, 0x00, 0x00, 0x00,
    0x00, 0x00, 0x00, 0x00, 0x00, 0x00, 0x00, 0x00, 0x00, 0x00, 0x00, 0x00, 0x00, 0x00, 0x00, 0x00,
    0x00, 0x00, 0x00, 0x00, 0x00, 0x00, 0x00, 0x00, 0x00, 0x00, 0x00, 0x00, 0x00, 0x00, 0x00, 0x00,
    0x00, 0x00, 0x00, 0x00, 0x00, 0x00, 0x00, 0x00, 0x00, 0x00, 0x00, 0x00, 0x00, 0x00, 0x00, 0x00,
    0x00, 0x00, 0x00, 0x00, 0x00, 0x00, 0x00, 0x00, 0x00, 0x00, 0x00, 0x00, 0x00, 0x00, 0x00, 0x00,
    0x00, 0x00, 0x00, 0x00, 0x00, 0x00, 0x00, 0x00, 0x00, 0x00, 0x00, 0x00, 0x00, 0x00, 0x00, 0x00,
    0x00, 0x00, 0x00, 0x00, 0x00, 0x00, 0x00, 0x00, 0x00, 0x00, 0x00, 0x00, 0x00, 0x00, 0x00, 0x00,
    0x00, 0x00, 0x00, 0x00, 0x00, 0x00, 0x00, 0x00, 0x00, 0x00, 0x00, 0x00, 0x00, 0x00, 0x00, 0x00,
    0x00, 0x00, 0x00, 0x00, 0x54, 0x42, 0x52, 0xFF, 0x54, 0x42, 0x52, 0xFF, 0xB4, 0xAD, 0xB3, 0xFF,
    0xB4, 0xAD, 0xB3, 0xFF, 0xB3, 0xAB, 0xB3, 0xFF, 0xB3, 0xAB, 0xB3, 0xFF, 0xB3, 0xAB, 0xB3, 0xFF,
    0xB3, 0xAB, 0xB3, 0xFF, 0xB3, 0xAB, 0xB3, 0xFF, 0xB3, 0xAB, 0xB3, 0xFF, 0xB3, 0xAB, 0xB3, 0xFF,
    0xB3, 0xAB, 0xB3, 0xFF, 0xB3, 0xAB, 0xB3, 0xFF, 0xB6, 0xAE, 0xB6, 0xFF, 0x4E, 0x3D, 0x4E, 0xFF,
    0x54, 0x42, 0x52, 0xFF, 0x4E, 0x3D, 0x4E, 0xFF, 0x4E, 0x3D, 0x4E, 0xFF, 0xE2, 0xEB, 0xEB, 0xFF,
    0xE3, 0xE9, 0xED, 0xFF, 0xE3, 0xE9, 0xED, 0xFF, 0xDF, 0xE9, 0xEB, 0xFF, 0xE1, 0xEA, 0xEB, 0xFF,
    0xE2, 0xEB, 0xEB, 0xFF, 0xE1, 0xE9, 0xEB, 0xFF, 0xE0, 0xE9, 0xE9, 0xFF, 0x4E, 0x3D, 0x4E, 0xFF,
    0x00, 0x00, 0x00, 0x00, 0x00, 0x00, 0x00, 0x00, 0x00, 0x00, 0x00, 0x00, 0x00, 0x00, 0x00, 0x00,
    0x00, 0x00, 0x00, 0x00, 0x00, 0x00, 0x00, 0x00, 0x00, 0x00, 0x00, 0x00, 0x00, 0x00, 0x00, 0x00,
    0x00, 0x00, 0x00, 0x00, 0x00, 0x00, 0x00, 0x00, 0x00, 0x00, 0x00, 0x00, 0x00, 0x00, 0x00, 0x00,
    0x00, 0x00, 0x00, 0x00, 0x00, 0x00, 0x00, 0x00, 0x00, 0x00, 0x00, 0x00, 0x00, 0x00, 0x00, 0x00,
    0x00, 0x00, 0x00, 0x00, 0x00, 0x00, 0x00, 0x00, 0x00, 0x00, 0x00, 0x00, 0x00, 0x00, 0x00, 0x00,
    0x00, 0x00, 0x00, 0x00, 0x00, 0x00, 0x00, 0x00, 0x00, 0x00, 0x00, 0x00, 0x00, 0x00, 0x00, 0x00,
    0x00, 0x00, 0x00, 0x00, 0x00, 0x00, 0x00, 0x00, 0x00, 0x00, 0x00, 0x00, 0x00, 0x00, 0x00, 0x00,
    0x00, 0x00, 0x00, 0x00, 0x00, 0x00, 0x00, 0x00, 0x00, 0x00, 0x00, 0x00, 0x00, 0x00, 0x00, 0x00,
    0x00, 0x00, 0x00, 0x00, 0x00, 0x00, 0x00, 0x00, 0x00, 0x00, 0x00, 0x00, 0x00, 0x00, 0x00, 0x00,
    0x00, 0x00, 0x00, 0x00, 0x00, 0x00, 0x00, 0x00, 0x00, 0x00, 0x00, 0x00, 0x00, 0x00, 0x00, 0x00,
    0x00, 0x00, 0x00, 0x00, 0x00, 0x00, 0x00, 0x00, 0x00, 0x00, 0x00, 0x00, 0x00, 0x00, 0x00, 0x00,
    0x4E, 0x3D, 0x4E, 0xFF, 0x54, 0x42, 0x52, 0xFF, 0xB6, 0xAE, 0xB6, 0xFF, 0xB4, 0xAD, 0xB3, 0xFF,
    0xB4, 0xAD, 0xB3, 0xFF, 0xB3, 0xAB, 0xB3, 0xFF, 0xB3, 0xAB, 0xB3, 0xFF, 0xB3, 0xAB, 0xB3, 0xFF,
    0xB3, 0xAB, 0xB3, 0xFF, 0xB3, 0xAB, 0xB3, 0xFF, 0xB3, 0xAB, 0xB3, 0xFF, 0xB0, 0xA8, 0xB0, 0xFF,
    0x4E, 0x3D, 0x4E, 0xFF, 0x4E, 0x3D, 0x4E, 0xFF, 0x54, 0x42, 0x52, 0xFF, 0xE8, 0xEF, 0xF0, 0xFF,
    0xE0, 0xE9, 0xEA, 0xFF, 0xE1, 0xEA, 0xEB, 0xFF, 0xE1, 0xE9, 0xEB, 0xFF, 0xE1, 0xEA, 0xEB, 0xFF,
    0xE2, 0xEB, 0xEB, 0xFF, 0xDF, 0xE9, 0xEB, 0xFF, 0xE1, 0xEA, 0xEB, 0xFF, 0xE1, 0xE9, 0xEB, 0xFF,
    0xE1, 0xE9, 0xEB, 0xFF, 0xE0, 0xE9, 0xEA, 0xFF, 0xE0, 0xE9, 0xE9, 0xFF, 0xE0, 0xE9, 0xEA, 0xFF,
    0x4E, 0x3D, 0x4E, 0xFF, 0x00, 0x00, 0x00, 0x00, 0x00, 0x00, 0x00, 0x00, 0x00, 0x00, 0x00, 0x00,
    0x00, 0x00, 0x00, 0x00, 0x00, 0x00, 0x00, 0x00, 0x00, 0x00, 0x00, 0x00, 0x00, 0x00, 0x00, 0x00,
    0x00, 0x00, 0x00, 0x00, 0x00, 0x00, 0x00, 0x00, 0x00, 0x00, 0x00, 0x00, 0x00, 0x00, 0x00, 0x00,
    0x00, 0x00, 0x00, 0x00, 0x00, 0x00, 0x00, 0x00, 0x00, 0x00, 0x00, 0x00, 0x00, 0x00, 0x00, 0x00,
    0x00, 0x00, 0x00, 0x00, 0x00, 0x00, 0x00, 0x00, 0x00, 0x00, 0x00, 0x00, 0x00, 0x00, 0x00, 0x00,
    0x00, 0x00, 0x00, 0x00, 0x00, 0x00, 0x00, 0x00, 0x00, 0x00, 0x00, 0x00, 0x00, 0x00, 0x00, 0x00,
    0x00, 0x00, 0x00, 0x00, 0x00, 0x00, 0x00, 0x00, 0x00, 0x00, 0x00, 0x00, 0x00, 0x00, 0x00, 0x00,
    0x00, 0x00, 0x00, 0x00, 0x00, 0x00, 0x00, 0x00, 0x00, 0x00, 0x00, 0x00, 0x00, 0x00, 0x00, 0x00,
    0x00, 0x00, 0x00, 0x00, 0x00, 0x00, 0x00, 0x00, 0x00, 0x00, 0x00, 0x00, 0x00, 0x00, 0x00, 0x00,
    0x00, 0x00, 0x00, 0x00, 0x00, 0x00, 0x00, 0x00, 0x00, 0x00, 0x00, 0x00, 0x00, 0x00, 0x00, 0x00,
    0x00, 0x00, 0x00, 0x00, 0x00, 0x00, 0x00, 0x00, 0x00, 0x00, 0x00, 0x00, 0x4E, 0x3D, 0x4E, 0xFF,
    0xCA, 0xC7, 0xCF, 0xFF, 0xB7, 0xAF, 0xB8, 0xFF, 0xB4, 0xAD, 0xB3, 0xFF, 0xB4, 0xAD, 0xB3, 0xFF,
    0xB3, 0xAB, 0xB3, 0xFF, 0xB4, 0xAD, 0xB3, 0xFF, 0xB3, 0xAB, 0xB3, 0xFF, 0xB3, 0xAB, 0xB3, 0xFF,
    0xB3, 0xAB, 0xB3, 0xFF, 0x54, 0x42, 0x52, 0xFF, 0x54, 0x42, 0x52, 0xFF, 0x54, 0x42, 0x52, 0xFF,
    0xE1, 0xE9, 0xEB, 0xFF, 0xE0, 0xE9, 0xEA, 0xFF, 0xE2, 0xEB, 0xEB, 0xFF, 0xE3, 0xE9, 0xED, 0xFF,
    0xE1, 0xE9, 0xEB, 0xFF, 0xE1, 0xE9, 0xEB, 0xFF, 0xE0, 0xE9, 0xEA, 0xFF, 0xE1, 0xE9, 0xEB, 0xFF,
    0xE1, 0xEA, 0xEB, 0xFF, 0xE1, 0xEA, 0xEB, 0xFF, 0xE0, 0xE9, 0xEA, 0xFF, 0xE1, 0xE9, 0xEB, 0xFF,
    0xE1, 0xE9, 0xEB, 0xFF, 0xE0, 0xE9, 0xEA, 0xFF, 0xE0, 0xE9, 0xEA, 0xFF, 0xE0, 0xE7, 0xE9, 0xFF,
    0xE1, 0xE9, 0xEB, 0xFF, 0x47, 0x36, 0x4A, 0xFF, 0x95, 0x8A, 0x97, 0xFF, 0x00, 0x00, 0x00, 0x00,
    0x00, 0x00, 0x00, 0x00, 0x00, 0x00, 0x00, 0x00, 0x00, 0x00, 0x00, 0x00, 0x00, 0x00, 0x00, 0x00,
    0x00, 0x00, 0x00, 0x00, 0x00, 0x00, 0x00, 0x00, 0x00, 0x00, 0x00, 0x00, 0x00, 0x00, 0x00, 0x00,
    0x00, 0x00, 0x00, 0x00, 0x00, 0x00, 0x00, 0x00, 0x00, 0x00, 0x00, 0x00, 0x00, 0x00, 0x00, 0x00,
    0x00, 0x00, 0x00, 0x00, 0x00, 0x00, 0x00, 0x00, 0x00, 0x00, 0x00, 0x00, 0x00, 0x00, 0x00, 0x00,
    0x00, 0x00, 0x00, 0x00, 0x00, 0x00, 0x00, 0x00, 0x00, 0x00, 0x00, 0x00, 0x00, 0x00, 0x00, 0x00,
    0x00, 0x00, 0x00, 0x00, 0x00, 0x00, 0x00, 0x00, 0x00, 0x00, 0x00, 0x00, 0x00, 0x00, 0x00, 0x00,
    0x00, 0x00, 0x00, 0x00, 0x00, 0x00, 0x00, 0x00, 0x00, 0x00, 0x00, 0x00, 0x00, 0x00, 0x00, 0x00,
    0x00, 0x00, 0x00, 0x00, 0x00, 0x00, 0x00, 0x00, 0x00, 0x00, 0x00, 0x00, 0x00, 0x00, 0x00, 0x00,
    0x00, 0x00, 0x00, 0x00, 0x00, 0x00, 0x00, 0x00, 0x00, 0x00, 0x00, 0x00, 0x00, 0x00, 0x00, 0x00,
    0x00, 0x00, 0x00, 0x00, 0x00, 0x00, 0x00, 0x00, 0x00, 0x00, 0x00, 0x00, 0x4E, 0x3D, 0x4E, 0xFF,
    0xB7, 0xAF, 0xB8, 0xFF, 0xB5, 0xAD, 0xB5, 0xFF, 0xB4, 0xAD, 0xB3, 0xFF, 0xB3, 0xAB, 0xB3, 0xFF,
    0xB3, 0xAB, 0xB3, 0xFF, 0xB3, 0xAB, 0xB3, 0xFF, 0xB3, 0xAB, 0xB3, 0xFF, 0xB3, 0xAB, 0xB3, 0xFF,
    0xB3, 0xAB, 0xB3, 0xFF, 0x54, 0x42, 0x52, 0xFF, 0x4E, 0x3D, 0x4E, 0xFF, 0x47, 0x36, 0x4A, 0xFF,
    0xE0, 0xE9, 0xEA, 0xFF, 0xE0, 0xE7, 0xE9, 0xFF, 0xE0, 0xE9, 0xEA, 0xFF, 0xE0, 0xE9, 0xEA, 0xFF,
    0xE0, 0xE9, 0xEA, 0xFF, 0xE0, 0xE9, 0xEA, 0xFF, 0xE0, 0xE9, 0xEA, 0xFF, 0xE1, 0xEA, 0xEB, 0xFF,
    0xE1, 0xE9, 0xEB, 0xFF, 0xE0, 0xE9, 0xEA, 0xFF, 0xE1, 0xE9, 0xEB, 0xFF, 0xE1, 0xE9, 0xEB, 0xFF,
    0xE1, 0xE9, 0xEB, 0xFF, 0xE0, 0xE9, 0xEA, 0xFF, 0xE0, 0xE9, 0xE9, 0xFF, 0xE1, 0xE9, 0xEB, 0xFF,
    0xE0, 0xE7, 0xE9, 0xFF, 0x47, 0x36, 0x4A, 0xFF, 0x6C, 0x5A, 0x80, 0xFF, 0x00, 0x00, 0x00, 0x00,
    0x00, 0x00, 0x00, 0x00, 0x00, 0x00, 0x00, 0x00, 0x00, 0x00, 0x00, 0x00, 0x00, 0x00, 0x00, 0x00,
    0x00, 0x00, 0x00, 0x00, 0x00, 0x00, 0x00, 0x00, 0x00, 0x00, 0x00, 0x00, 0x00, 0x00, 0x00, 0x00,
    0x00, 0x00, 0x00, 0x00, 0x00, 0x00, 0x00, 0x00, 0x00, 0x00, 0x00, 0x00, 0x00, 0x00, 0x00, 0x00,
    0x00, 0x00, 0x00, 0x00, 0x00, 0x00, 0x00, 0x00, 0x00, 0x00, 0x00, 0x00, 0x00, 0x00, 0x00, 0x00,
    0x00, 0x00, 0x00, 0x00, 0x00, 0x00, 0x00, 0x00, 0x00, 0x00, 0x00, 0x00, 0x00, 0x00, 0x00, 0x00,
    0x00, 0x00, 0x00, 0x00, 0x00, 0x00, 0x00, 0x00, 0x00, 0x00, 0x00, 0x00, 0x00, 0x00, 0x00, 0x00,
    0x00, 0x00, 0x00, 0x00, 0x00, 0x00, 0x00, 0x00, 0x00, 0x00, 0x00, 0x00, 0x00, 0x00, 0x00, 0x00,
    0x00, 0x00, 0x00, 0x00, 0x00, 0x00, 0x00, 0x00, 0x00, 0x00, 0x00, 0x00, 0x00, 0x00, 0x00, 0x00,
    0x00, 0x00, 0x00, 0x00, 0x00, 0x00, 0x00, 0x00, 0x00, 0x00, 0x00, 0x00, 0x00, 0x00, 0x00, 0x00,
    0x00, 0x00, 0x00, 0x00, 0x00, 0x00, 0x00, 0x00, 0x4E, 0x3D, 0x4E, 0xFF, 0xB5, 0xAD, 0xB5, 0xFF,
    0xB4, 0xAD, 0xB3, 0xFF, 0xB3, 0xAB, 0xB3, 0xFF, 0xB5, 0xAD, 0xB5, 0xFF, 0xB3, 0xAB, 0xB3, 0xFF,
    0xB3, 0xAB, 0xB3, 0xFF, 0xB5, 0xAD, 0xB5, 0xFF, 0xB3, 0xAB, 0xB3, 0xFF, 0x54, 0x42, 0x52, 0xFF,
    0x54, 0x42, 0x52, 0xFF, 0xB0, 0xA8, 0xB0, 0xFF, 0xE0, 0xE7, 0xE9, 0xFF, 0xE0, 0xE9, 0xEA, 0xFF,
    0xE1, 0xEA, 0xEB, 0xFF, 0xE1, 0xEA, 0xEB, 0xFF, 0xE0, 0xE9, 0xEA, 0xFF, 0xE0, 0xE9, 0xEA, 0xFF,
    0xE0, 0xE7, 0xE9, 0xFF, 0xE0, 0xE9, 0xEA, 0xFF, 0xE2, 0xEB, 0xEB, 0xFF, 0xE3, 0xE9, 0xED, 0xFF,
    0xCA, 0xC7, 0xCF, 0xFF, 0xCA, 0xC7, 0xCF, 0xFF, 0xCA, 0xC7, 0xCF, 0xFF, 0xCA, 0xC7, 0xCF, 0xFF,
    0xCA, 0xC7, 0xCF, 0xFF, 0xE1, 0xE9, 0xEB, 0xFF, 0xE0, 0xE9, 0xE9, 0xFF, 0xE0, 0xE9, 0xE9, 0xFF,
    0xE0, 0xE7, 0xE9, 0xFF, 0xB0, 0xA8, 0xB0, 0xFF, 0x6C, 0x5A, 0x80, 0xFF, 0x47, 0x36, 0x4A, 0xFF,
    0x00, 0x00, 0x00, 0x00, 0x00, 0x00, 0x00, 0x00, 0x00, 0x00, 0x00, 0x00, 0x00, 0x00, 0x00, 0x00,
    0x00, 0x00, 0x00, 0x00, 0x00, 0x00, 0x00, 0x00, 0x00, 0x00, 0x00, 0x00, 0x00, 0x00, 0x00, 0x00,
    0x00, 0x00, 0x00, 0x00, 0x00, 0x00, 0x00, 0x00, 0x00, 0x00, 0x00, 0x00, 0x00, 0x00, 0x00, 0x00,
    0x00, 0x00, 0x00, 0x00, 0x00, 0x00, 0x00, 0x00, 0x00, 0x00, 0x00, 0x00, 0x00, 0x00, 0x00, 0x00,
    0x00, 0x00, 0x00, 0x00, 0x00, 0x00, 0x00, 0x00, 0x00, 0x00, 0x00, 0x00, 0x00, 0x00, 0x00, 0x00,
    0x00, 0x00, 0x00, 0x00, 0x00, 0x00, 0x00, 0x00, 0x00, 0x00, 0x00, 0x00, 0x00, 0x00, 0x00, 0x00,
    0x00, 0x00, 0x00, 0x00, 0x00, 0x00, 0x00, 0x00, 0x00, 0x00, 0x00, 0x00, 0x00, 0x00, 0x00, 0x00,
    0x00, 0x00, 0x00, 0x00, 0x00, 0x00, 0x00, 0x00, 0x00, 0x00, 0x00, 0x00, 0x00, 0x00, 0x00, 0x00,
    0x00, 0x00, 0x00, 0x00, 0x00, 0x00, 0x00, 0x00, 0x00, 0x00, 0x00, 0x00, 0x00, 0x00, 0x00, 0x00,
    0x00, 0x00, 0x00, 0x00, 0x54, 0x42, 0x52, 0xFF, 0xB7, 0xAF, 0xB8, 0xFF, 0xB3, 0xAB, 0xB3, 0xFF,
    0xB4, 0xAD, 0xB3, 0xFF, 0xB3, 0xAB, 0xB3, 0xFF, 0xB3, 0xAB, 0xB3, 0xFF, 0xB3, 0xAB, 0xB3, 0xFF,
    0xB3, 0xAB, 0xB3, 0xFF, 0xB0, 0xA8, 0xB0, 0xFF, 0x54, 0x42, 0x52, 0xFF, 0xB3, 0xAB, 0xB3, 0xFF,
    0xE2, 0xEB, 0xEB, 0xFF, 0xE2, 0xEB, 0xEB, 0xFF, 0xE2, 0xEB, 0xEB, 0xFF, 0xE1, 0xEA, 0xEB, 0xFF,
    0xE1, 0xEA, 0xEB, 0xFF, 0xE1, 0xE9, 0xEB, 0xFF, 0xE0, 0xE9, 0xEA, 0xFF, 0xE0, 0xE9, 0xE9, 0xFF,
    0xE3, 0xE9, 0xED, 0xFF, 0xDF, 0xE9, 0xEB, 0xFF, 0xE3, 0xE9, 0xED, 0xFF, 0xB7, 0xAF, 0xB8, 0xFF,
    0x6C, 0x5A, 0x80, 0xFF, 0x6C, 0x5A, 0x80, 0xFF, 0x6C, 0x5A, 0x80, 0xFF, 0x6C, 0x5A, 0x80, 0xFF,
    0x6C, 0x5A, 0x80, 0xFF, 0xB3, 0xAB, 0xB3, 0xFF, 0xE1, 0xEA, 0xEB, 0xFF, 0xE0, 0xE9, 0xEA, 0xFF,
    0xE0, 0xE9, 0xE9, 0xFF, 0xB0, 0xA8, 0xB0, 0xFF, 0x6C, 0x5A, 0x80, 0xFF, 0x47, 0x36, 0x4A, 0xFF,
    0x00, 0x00, 0x00, 0x00, 0x00, 0x00, 0x00, 0x00, 0x00, 0x00, 0x00, 0x00, 0x00, 0x00, 0x00, 0x00,
    0x00, 0x00, 0x00, 0x00, 0x00, 0x00, 0x00, 0x00, 0x00, 0x00, 0x00, 0x00, 0x00, 0x00, 0x00, 0x00,
    0x00, 0x00, 0x00, 0x00, 0x00, 0x00, 0x00, 0x00, 0x00, 0x00, 0x00, 0x00, 0x00, 0x00, 0x00, 0x00,
    0x00, 0x00, 0x00, 0x00, 0x00, 0x00, 0x00, 0x00, 0x00, 0x00, 0x00, 0x00, 0x00, 0x00, 0x00, 0x00,
    0x00, 0x00, 0x00, 0x00, 0x00, 0x00, 0x00, 0x00, 0x00, 0x00, 0x00, 0x00, 0x00, 0x00, 0x00, 0x00,
    0x00, 0x00, 0x00, 0x00, 0x00, 0x00, 0x00, 0x00, 0x00, 0x00, 0x00, 0x00, 0x00, 0x00, 0x00, 0x00,
    0x00, 0x00, 0x00, 0x00, 0x00, 0x00, 0x00, 0x00, 0x00, 0x00, 0x00, 0x00, 0x00, 0x00, 0x00, 0x00,
    0x00, 0x00, 0x00, 0x00, 0x00, 0x00, 0x00, 0x00, 0x00, 0x00, 0x00, 0x00, 0x00, 0x00, 0x00, 0x00,
    0x00, 0x00, 0x00, 0x00, 0x00, 0x00, 0x00, 0x00, 0x00, 0x00, 0x00, 0x00, 0x00, 0x00, 0x00, 0x00,
    0x4E, 0x3D, 0x4E, 0xFF, 0xB7, 0xAF, 0xB8, 0xFF, 0xB4, 0xAD, 0xB3, 0xFF, 0xB3, 0xAB, 0xB3, 0xFF,
    0xB3, 0xAB, 0xB3, 0xFF, 0xB3, 0xAB, 0xB3, 0xFF, 0xB0, 0xA8, 0xB0, 0xFF, 0xB3, 0xAB, 0xB3, 0xFF,
    0xB4, 0xAD, 0xB3, 0xFF, 0x54, 0x42, 0x52, 0xFF, 0xB5, 0xAD, 0xB5, 0xFF, 0xE2, 0xEB, 0xEB, 0xFF,
    0xE0, 0xE9, 0xE9, 0xFF, 0xE0, 0xE9, 0xE9, 0xFF, 0xE0, 0xE9, 0xE9, 0xFF, 0xE0, 0xE9, 0xEA, 0xFF,
    0xE0, 0xE9, 0xEA, 0xFF, 0xE2, 0xEB, 0xEB, 0xFF, 0xE2, 0xEB, 0xEB, 0xFF, 0xB0, 0xA8, 0xB0, 0xFF,
    0xB0, 0xA8, 0xB0, 0xFF, 0x6C, 0x5A, 0x80, 0xFF, 0x6C, 0x5A, 0x80, 0xFF, 0x6C, 0x5A, 0x80, 0xFF,
    0x95, 0x85, 0xD2, 0xFF, 0x95, 0x85, 0xD2, 0xFF, 0x95, 0x85, 0xD2, 0xFF, 0x95, 0x85, 0xD2, 0xFF,
    0x95, 0x85, 0xD2, 0xFF, 0x6C, 0x5A, 0x80, 0xFF, 0xB0, 0xA8, 0xB0, 0xFF, 0xE1, 0xE9, 0xEB, 0xFF,
    0xE0, 0xE9, 0xE9, 0xFF, 0xB0, 0xA8, 0xB0, 0xFF, 0x6C, 0x5A, 0x80, 0xFF, 0x47, 0x36, 0x4A, 0xFF,
    0x00, 0x00, 0x00, 0x00, 0x00, 0x00, 0x00, 0x00, 0x00, 0x00, 0x00, 0x00, 0x00, 0x00, 0x00, 0x00,
    0x00, 0x00, 0x00, 0x00, 0x00, 0x00, 0x00, 0x00, 0x00, 0x00, 0x00, 0x00, 0x00, 0x00, 0x00, 0x00,
    0x00, 0x00, 0x00, 0x00, 0x00, 0x00, 0x00, 0x00, 0x00, 0x00, 0x00, 0x00, 0x00, 0x00, 0x00, 0x00,
    0x00, 0x00, 0x00, 0x00, 0x00, 0x00, 0x00, 0x00, 0x00, 0x00, 0x00, 0x00, 0x00, 0x00, 0x00, 0x00,
    0x00, 0x00, 0x00, 0x00, 0x00, 0x00, 0x00, 0x00, 0x00, 0x00, 0x00, 0x00, 0x00, 0x00, 0x00, 0x00,
    0x00, 0x00, 0x00, 0x00, 0x00, 0x00, 0x00, 0x00, 0x00, 0x00, 0x00, 0x00, 0x00, 0x00, 0x00, 0x00,
    0x00, 0x00, 0x00, 0x00, 0x00, 0x00, 0x00, 0x00, 0x00, 0x00, 0x00, 0x00, 0x00, 0x00, 0x00, 0x00,
    0x00, 0x00, 0x00, 0x00, 0x00, 0x00, 0x00, 0x00, 0x00, 0x00, 0x00, 0x00, 0x00, 0x00, 0x00, 0x00,
    0x00, 0x00, 0x00, 0x00, 0x00, 0x00, 0x00, 0x00, 0x00, 0x00, 0x00, 0x00, 0x00, 0x00, 0x00, 0x00,
    0x4E, 0x3D, 0x4E, 0xFF, 0xB7, 0xAF, 0xB8, 0xFF, 0xB5, 0xAD, 0xB5, 0xFF, 0xB3, 0xAB, 0xB3, 0xFF,
    0xB3, 0xAB, 0xB3, 0xFF, 0xB3, 0xAB, 0xB3, 0xFF, 0xB3, 0xAB, 0xB3, 0xFF, 0xB3, 0xAB, 0xB3, 0xFF,
    0x54, 0x42, 0x52, 0xFF, 0xB7, 0xAF, 0xB8, 0xFF, 0xE2, 0xEB, 0xEB, 0xFF, 0xE0, 0xE9, 0xE9, 0xFF,
    0xE2, 0xEB, 0xEB, 0xFF, 0xE1, 0xEA, 0xEB, 0xFF, 0xE0, 0xE9, 0xEA, 0xFF, 0xE0, 0xE9, 0xE9, 0xFF,
    0xDF, 0xE9, 0xEB, 0xFF, 0xB0, 0xA8, 0xB0, 0xFF, 0xB3, 0xAB, 0xB3, 0xFF, 0x6C, 0x5A, 0x80, 0xFF,
    0x6C, 0x5A, 0x80, 0xFF, 0x95, 0x85, 0xD2, 0xFF, 0x95, 0x85, 0xD2, 0xFF, 0x95, 0x85, 0xD2, 0xFF,
    0x95, 0x85, 0xD2, 0xFF, 0x95, 0x85, 0xD2, 0xFF, 0xB1, 0xA6, 0xD8, 0xFF, 0xB1, 0xA6, 0xD8, 0xFF,
    0xB1, 0xA6, 0xD8, 0xFF, 0x95, 0x85, 0xD2, 0xFF, 0xB0, 0xA8, 0xB0, 0xFF, 0xE0, 0xE7, 0xE9, 0xFF,
    0xE2, 0xEB, 0xEB, 0xFF, 0xB0, 0xA8, 0xB0, 0xFF, 0x6C, 0x5A, 0x80, 0xFF, 0x47, 0x36, 0x4A, 0xFF,
    0x00, 0x00, 0x00, 0x00, 0x00, 0x00, 0x00, 0x00, 0x00, 0x00, 0x00, 0x00, 0x00, 0x00, 0x00, 0x00,
    0x00, 0x00, 0x00, 0x00, 0x00, 0x00, 0x00, 0x00, 0x00, 0x00, 0x00, 0x00, 0x00, 0x00, 0x00, 0x00,
    0x00, 0x00, 0x00, 0x00, 0x00, 0x00, 0x00, 0x00, 0x00, 0x00, 0x00, 0x00, 0x00, 0x00, 0x00, 0x00,
    0x00, 0x00, 0x00, 0x00, 0x00, 0x00, 0x00, 0x00, 0x00, 0x00, 0x00, 0x00, 0x00, 0x00, 0x00, 0x00,
    0x00, 0x00, 0x00, 0x00, 0x00, 0x00, 0x00, 0x00, 0x00, 0x00, 0x00, 0x00, 0x00, 0x00, 0x00, 0x00,
    0x00, 0x00, 0x00, 0x00, 0x00, 0x00, 0x00, 0x00, 0x00, 0x00, 0x00, 0x00, 0x00, 0x00, 0x00, 0x00,
    0x00, 0x00, 0x00, 0x00, 0x00, 0x00, 0x00, 0x00, 0x00, 0x00, 0x00, 0x00, 0x00, 0x00, 0x00, 0x00,
    0x00, 0x00, 0x00, 0x00, 0x00, 0x00, 0x00, 0x00, 0x00, 0x00, 0x00, 0x00, 0x00, 0x00, 0x00, 0x00,
    0x00, 0x00, 0x00, 0x00, 0x00, 0x00, 0x00, 0x00, 0x00, 0x00, 0x00, 0x00, 0x47, 0x36, 0x4A, 0xFF,
    0xCA, 0xC7, 0xCF, 0xFF, 0xB7, 0xAF, 0xB8, 0xFF, 0xB4, 0xAD, 0xB3, 0xFF, 0xB3, 0xAB, 0xB3, 0xFF,
    0xB3, 0xAB, 0xB3, 0xFF, 0xB3, 0xAB, 0xB3, 0xFF, 0xB5, 0xAD, 0xB5, 0xFF, 0x54, 0x42, 0x52, 0xFF,
    0xE3, 0xE9, 0xED, 0xFF, 0xE1, 0xEA, 0xEB, 0xFF, 0xE1, 0xE9, 0xEB, 0xFF, 0xE0, 0xE9, 0xE9, 0xFF,
    0xE0, 0xE9, 0xE9, 0xFF, 0xE0, 0xE9, 0xEA, 0xFF, 0xE0, 0xE7, 0xE9, 0xFF, 0xE1, 0xEA, 0xEB, 0xFF,
    0xB3, 0xAB, 0xB3, 0xFF, 0x6C, 0x5A, 0x80, 0xFF, 0x6C, 0x5A, 0x80, 0xFF, 0x95, 0x85, 0xD2, 0xFF,
    0x95, 0x85, 0xD2, 0xFF, 0x95, 0x85, 0xD2, 0xFF, 0x95, 0x85, 0xD2, 0xFF, 0xB1, 0xA6, 0xD8, 0xFF,
    0xB1, 0xA6, 0xD8, 0xFF, 0xB1, 0xA6, 0xD8, 0xFF, 0xB1, 0xA6, 0xD8, 0xFF, 0xB1, 0xA6, 0xD8, 0xFF,
    0xB1, 0xA6, 0xD8, 0xFF, 0x95, 0x85, 0xD2, 0xFF, 0xB0, 0xA8, 0xB0, 0xFF, 0xDF, 0xE9, 0xEB, 0xFF,
    0xB0, 0xA8, 0xB0, 0xFF, 0xB3, 0xAB, 0xB3, 0xFF, 0x54, 0x42, 0x52, 0xFF, 0x47, 0x36, 0x4A, 0xFF,
    0x00, 0x00, 0x00, 0x00, 0x00, 0x00, 0x00, 0x00, 0x00, 0x00, 0x00, 0x00, 0x00, 0x00, 0x00, 0x00,
    0x00, 0x00, 0x00, 0x00, 0x00, 0x00, 0x00, 0x00, 0x00, 0x00, 0x00, 0x00, 0x00, 0x00, 0x00, 0x00,
    0x00, 0x00, 0x00, 0x00, 0x00, 0x00, 0x00, 0x00, 0x00, 0x00, 0x00, 0x00, 0x00, 0x00, 0x00, 0x00,
    0x00, 0x00, 0x00, 0x00, 0x00, 0x00, 0x00, 0x00, 0x00, 0x00, 0x00, 0x00, 0x00, 0x00, 0x00, 0x00,
    0x00, 0x00, 0x00, 0x00, 0x00, 0x00, 0x00, 0x00, 0x00, 0x00, 0x00, 0x00, 0x00, 0x00, 0x00, 0x00,
    0x00, 0x00, 0x00, 0x00, 0x00, 0x00, 0x00, 0x00, 0x00, 0x00, 0x00, 0x00, 0x00, 0x00, 0x00, 0x00,
    0x00, 0x00, 0x00, 0x00, 0x00, 0x00, 0x00, 0x00, 0x00, 0x00, 0x00, 0x00, 0x00, 0x00, 0x00, 0x00,
    0x00, 0x00, 0x00, 0x00, 0x00, 0x00, 0x00, 0x00, 0x00, 0x00, 0x00, 0x00, 0x00, 0x00, 0x00, 0x00,
    0x00, 0x00, 0x00, 0x00, 0x00, 0x00, 0x00, 0x00, 0x00, 0x00, 0x00, 0x00, 0x4E, 0x3D, 0x4E, 0xFF,
    0xB7, 0xAF, 0xB8, 0xFF, 0xB3, 0xAB, 0xB3, 0xFF, 0xB3, 0xAB, 0xB3, 0xFF, 0xB3, 0xAB, 0xB3, 0xFF,
    0xB3, 0xAB, 0xB3, 0xFF, 0xB3, 0xAB, 0xB3, 0xFF, 0xB0, 0xA8, 0xB0, 0xFF, 0xB7, 0xAF, 0xB8, 0xFF,
    0xE1, 0xE9, 0xEB, 0xFF, 0xE0, 0xE7, 0xE9, 0xFF, 0xE0, 0xE7, 0xE9, 0xFF, 0xE0, 0xE9, 0xE9, 0xFF,
    0xE0, 0xE9, 0xE9, 0xFF, 0xE1, 0xE9, 0xEB, 0xFF, 0xE1, 0xE9, 0xEB, 0xFF, 0xB6, 0xAE, 0xB6, 0xFF,
    0x6C, 0x5A, 0x80, 0xFF, 0x95, 0x85, 0xD2, 0xFF, 0x95, 0x85, 0xD2, 0xFF, 0x95, 0x85, 0xD2, 0xFF,
    0x95, 0x85, 0xD2, 0xFF, 0xB1, 0xA6, 0xD8, 0xFF, 0xB1, 0xA6, 0xD8, 0xFF, 0xB1, 0xA6, 0xD8, 0xFF,
    0xB1, 0xA6, 0xD8, 0xFF, 0xB1, 0xA6, 0xD8, 0xFF, 0xB1, 0xA6, 0xD8, 0xFF, 0xB1, 0xA6, 0xD8, 0xFF,
    0xB1, 0xA6, 0xD8, 0xFF, 0x95, 0x85, 0xD2, 0xFF, 0xB0, 0xA8, 0xB0, 0xFF, 0xE0, 0xE7, 0xE9, 0xFF,
    0xB0, 0xA8, 0xB0, 0xFF, 0xB3, 0xAB, 0xB3, 0xFF, 0x54, 0x42, 0x52, 0xFF, 0x47, 0x36, 0x4A, 0xFF,
    0x00, 0x00, 0x00, 0x00, 0x00, 0x00, 0x00, 0x00, 0x00, 0x00, 0x00, 0x00, 0x00, 0x00, 0x00, 0x00,
    0x00, 0x00, 0x00, 0x00, 0x00, 0x00, 0x00, 0x00, 0x00, 0x00, 0x00, 0x00, 0x00, 0x00, 0x00, 0x00,
    0x00, 0x00, 0x00, 0x00, 0x00, 0x00, 0x00, 0x00, 0x00, 0x00, 0x00, 0x00, 0x00, 0x00, 0x00, 0x00,
    0x00, 0x00, 0x00, 0x00, 0x00, 0x00, 0x00, 0x00, 0x00, 0x00, 0x00, 0x00, 0x00, 0x00, 0x00, 0x00,
    0x00, 0x00, 0x00, 0x00, 0x00, 0x00, 0x00, 0x00, 0x00, 0x00, 0x00, 0x00, 0x00, 0x00, 0x00, 0x00,
    0x00, 0x00, 0x00, 0x00, 0x00, 0x00, 0x00, 0x00, 0x00, 0x00, 0x00, 0x00, 0x00, 0x00, 0x00, 0x00,
    0x00, 0x00, 0x00, 0x00, 0x00, 0x00, 0x00, 0x00, 0x00, 0x00, 0x00, 0x00, 0x00, 0x00, 0x00, 0x00,
    0x00, 0x00, 0x00, 0x00, 0x00, 0x00, 0x00, 0x00, 0x00, 0x00, 0x00, 0x00, 0x00, 0x00, 0x00, 0x00,
    0x00, 0x00, 0x00, 0x00, 0x00, 0x00, 0x00, 0x00, 0x00, 0x00, 0x00, 0x00, 0x54, 0x42, 0x52, 0xFF,
    0x54, 0x42, 0x52, 0xFF, 0x54, 0x42, 0x52, 0xFF, 0x54, 0x42, 0x52, 0xFF, 0x54, 0x42, 0x52, 0xFF,
    0x54, 0x42, 0x52, 0xFF, 0xB3, 0xAB, 0xB3, 0xFF, 0x95, 0x8A, 0x97, 0xFF, 0xE8, 0xEF, 0xF0, 0xFF,
    0xE1, 0xE9, 0xEB, 0xFF, 0xE0, 0xE9, 0xEA, 0xFF, 0xE2, 0xEB, 0xEB, 0xFF, 0xE0, 0xE7, 0xE9, 0xFF,
    0xE2, 0xEB, 0xEB, 0xFF, 0xE8, 0xEF, 0xF0, 0xFF, 0xB3, 0xAB, 0xB3, 0xFF, 0x6C, 0x5A, 0x80, 0xFF,
    0x95, 0x85, 0xD2, 0xFF, 0x95, 0x85, 0xD2, 0xFF, 0x95, 0x85, 0xD2, 0xFF, 0x95, 0x85, 0xD2, 0xFF,
    0x95, 0x85, 0xD2, 0xFF, 0xB1, 0xA6, 0xD8, 0xFF, 0xB1, 0xA6, 0xD8, 0xFF, 0xB1, 0xA6, 0xD8, 0xFF,
    0xB1, 0xA6, 0xD8, 0xFF, 0xB1, 0xA6, 0xD8, 0xFF, 0xB1, 0xA6, 0xD8, 0xFF, 0xB1, 0xA6, 0xD8, 0xFF,
    0xB1, 0xA6, 0xD8, 0xFF, 0x95, 0x8A, 0x97, 0xFF, 0xE0, 0xE7, 0xE9, 0xFF, 0xE0, 0xE7, 0xE9, 0xFF,
    0xB3, 0xAB, 0xB3, 0xFF, 0x47, 0x36, 0x4A, 0xFF, 0x95, 0x8A, 0x97, 0xFF, 0x00, 0x00, 0x00, 0x00,
    0x00, 0x00, 0x00, 0x00, 0x00, 0x00, 0x00, 0x00, 0x00, 0x00, 0x00, 0x00, 0x00, 0x00, 0x00, 0x00,
    0x00, 0x00, 0x00, 0x00, 0x00, 0x00, 0x00, 0x00, 0x00, 0x00, 0x00, 0x00, 0x00, 0x00, 0x00, 0x00,
    0x00, 0x00, 0x00, 0x00, 0x00, 0x00, 0x00, 0x00, 0x00, 0x00, 0x00, 0x00, 0x00, 0x00, 0x00, 0x00,
    0x00, 0x00, 0x00, 0x00, 0x00, 0x00, 0x00, 0x00, 0x00, 0x00, 0x00, 0x00, 0x00, 0x00, 0x00, 0x00,
    0x00, 0x00, 0x00, 0x00, 0x00, 0x00, 0x00, 0x00, 0x00, 0x00, 0x00, 0x00, 0x00, 0x00, 0x00, 0x00,
    0x00, 0x00, 0x00, 0x00, 0x00, 0x00, 0x00, 0x00, 0x00, 0x00, 0x00, 0x00, 0x00, 0x00, 0x00, 0x00,
    0x00, 0x00, 0x00, 0x00, 0x00, 0x00, 0x00, 0x00, 0x00, 0x00, 0x00, 0x00, 0x00, 0x00, 0x00, 0x00,
    0x00, 0x00, 0x00, 0x00, 0x00, 0x00, 0x00, 0x00, 0x00, 0x00, 0x00, 0x00, 0x00, 0x00, 0x00, 0x00,
    0x00, 0x00, 0x00, 0x00, 0x4E, 0x3D, 0x4E, 0xFF, 0x4E, 0x3D, 0x4E, 0xFF, 0x54, 0x42, 0x52, 0xFF,
    0xB3, 0xAB, 0xB3, 0xFF, 0xB0, 0xA8, 0xB0, 0xFF, 0xB0, 0xA8, 0xB0, 0xFF, 0x95, 0x8A, 0x97, 0xFF,
    0x95, 0x8A, 0x97, 0xFF, 0x95, 0x8A, 0x97, 0xFF, 0x95, 0x8A, 0x97, 0xFF, 0xE1, 0xE9, 0xEB, 0xFF,
    0xE1, 0xEA, 0xEB, 0xFF, 0xE1, 0xEA, 0xEB, 0xFF, 0xE0, 0xE9, 0xE9, 0xFF, 0xE1, 0xE9, 0xEB, 0xFF,
    0xE8, 0xEF, 0xF0, 0xFF, 0xB7, 0xAF, 0xB8, 0xFF, 0x6C, 0x5A, 0x80, 0xFF, 0x95, 0x85, 0xD2, 0xFF,
    0x95, 0x85, 0xD2, 0xFF, 0x95, 0x85, 0xD2, 0xFF, 0x95, 0x85, 0xD2, 0xFF, 0xB1, 0xA6, 0xD8, 0xFF,
    0xB1, 0xA6, 0xD8, 0xFF, 0xB1, 0xA6, 0xD8, 0xFF, 0xB1, 0xA6, 0xD8, 0xFF, 0xB1, 0xA6, 0xD8, 0xFF,
    0xB1, 0xA6, 0xD8, 0xFF, 0xB1, 0xA6, 0xD8, 0xFF, 0xB1, 0xA6, 0xD8, 0xFF, 0xB1, 0xA6, 0xD8, 0xFF,
    0x95, 0x85, 0xD2, 0xFF, 0xE0, 0xE7, 0xE9, 0xFF, 0xE0, 0xE9, 0xE9, 0xFF, 0xB5, 0xAD, 0xB5, 0xFF,
    0xB6, 0xAE, 0xB6, 0xFF, 0x47, 0x36, 0x4A, 0xFF, 0x95, 0x8A, 0x97, 0xFF, 0x00, 0x00, 0x00, 0x00,
    0x00, 0x00, 0x00, 0x00, 0x00, 0x00, 0x00, 0x00, 0x00, 0x00, 0x00, 0x00, 0x00, 0x00, 0x00, 0x00,
    0x00, 0x00, 0x00, 0x00, 0x00, 0x00, 0x00, 0x00, 0x00, 0x00, 0x00, 0x00, 0x00, 0x00, 0x00, 0x00,
    0x00, 0x00, 0x00, 0x00, 0x00, 0x00, 0x00, 0x00, 0x00, 0x00, 0x00, 0x00, 0x00, 0x00, 0x00, 0x00,
    0x00, 0x00, 0x00, 0x00, 0x00, 0x00, 0x00, 0x00, 0x00, 0x00, 0x00, 0x00, 0x00, 0x00, 0x00, 0x00,
    0x00, 0x00, 0x00, 0x00, 0x00, 0x00, 0x00, 0x00, 0x00, 0x00, 0x00, 0x00, 0x00, 0x00, 0x00, 0x00,
    0x00, 0x00, 0x00, 0x00, 0x00, 0x00, 0x00, 0x00, 0x00, 0x00, 0x00, 0x00, 0x00, 0x00, 0x00, 0x00,
    0x00, 0x00, 0x00, 0x00, 0x00, 0x00, 0x00, 0x00, 0x00, 0x00, 0x00, 0x00, 0x00, 0x00, 0x00, 0x00,
    0x00, 0x00, 0x00, 0x00, 0x00, 0x00, 0x00, 0x00, 0x00, 0x00, 0x00, 0x00, 0x47, 0x36, 0x4A, 0xFF,
    0x4E, 0x3D, 0x4E, 0xFF, 0xCA, 0xC7, 0xCF, 0xFF, 0xCA, 0xC7, 0xCF, 0xFF, 0xCA, 0xC7, 0xCF, 0xFF,
    0xB5, 0xAD, 0xB5, 0xFF, 0xB5, 0xAD, 0xB5, 0xFF, 0xB0, 0xA8, 0xB0, 0xFF, 0xB0, 0xA8, 0xB0, 0xFF,
    0xB3, 0xAB, 0xB3, 0xFF, 0x54, 0x42, 0x52, 0xFF, 0xE1, 0xE9, 0xEB, 0xFF, 0xE1, 0xE9, 0xEB, 0xFF,
    0xE2, 0xEB, 0xEB, 0xFF, 0xE0, 0xE9, 0xEA, 0xFF, 0xE1, 0xE9, 0xEB, 0xFF, 0xE2, 0xEB, 0xEB, 0xFF,
    0xB7, 0xAF, 0xB8, 0xFF, 0x6C, 0x5A, 0x80, 0xFF, 0x95, 0x85, 0xD2, 0xFF, 0x95, 0x85, 0xD2, 0xFF,
    0x95, 0x85, 0xD2, 0xFF, 0x95, 0x85, 0xD2, 0xFF, 0xB1, 0xA6, 0xD8, 0xFF, 0xB1, 0xA6, 0xD8, 0xFF,
    0xB1, 0xA6, 0xD8, 0xFF, 0xB1, 0xA6, 0xD8, 0xFF, 0xB1, 0xA6, 0xD8, 0xFF, 0xB1, 0xA6, 0xD8, 0xFF,
    0xB1, 0xA6, 0xD8, 0xFF, 0xB1, 0xA6, 0xD8, 0xFF, 0xB1, 0xA6, 0xD8, 0xFF, 0x95, 0x85, 0xD2, 0xFF,
    0xE0, 0xE7, 0xE9, 0xFF, 0xE0, 0xE9, 0xE9, 0xFF, 0xE0, 0xE7, 0xE9, 0xFF, 0xB5, 0xAD, 0xB5, 0xFF,
    0xB5, 0xAD, 0xB5, 0xFF, 0x47, 0x36, 0x4A, 0xFF, 0x6C, 0x5A, 0x80, 0xFF, 0x00, 0x00, 0x00, 0x00,
    0x00, 0x00, 0x00, 0x00, 0x00, 0x00, 0x00, 0x00, 0x00, 0x00, 0x00, 0x00, 0x00, 0x00, 0x00, 0x00,
    0x00, 0x00, 0x00, 0x00, 0x00, 0x00, 0x00, 0x00, 0x00, 0x00, 0x00, 0x00, 0x00, 0x00, 0x00, 0x00,
    0x00, 0x00, 0x00, 0x00, 0x00, 0x00, 0x00, 0x00, 0x00, 0x00, 0x00, 0x00, 0x00, 0x00, 0x00, 0x00,
    0x00, 0x00, 0x00, 0x00, 0x00, 0x00, 0x00, 0x00, 0x00, 0x00, 0x00, 0x00, 0x00, 0x00, 0x00, 0x00,
    0x00, 0x00, 0x00, 0x00, 0x00, 0x00, 0x00, 0x00, 0x00, 0x00, 0x00, 0x00, 0x00, 0x00, 0x00, 0x00,
    0x00, 0x00, 0x00, 0x00, 0x00, 0x00, 0x00, 0x00, 0x00, 0x00, 0x00, 0x00, 0x00, 0x00, 0x00, 0x00,
    0x00, 0x00, 0x00, 0x00, 0x00, 0x00, 0x00, 0x00, 0x00, 0x00, 0x00, 0x00, 0x00, 0x00, 0x00, 0x00,
    0x00, 0x00, 0x00, 0x00, 0x00, 0x00, 0x00, 0x00, 0x4E, 0x3D, 0x4E, 0xFF, 0xE8, 0xEF, 0xF0, 0xFF,
    0xE2, 0xEB, 0xEB, 0xFF, 0xE0, 0xE9, 0xE9, 0xFF, 0xDF, 0xE9, 0xEB, 0xFF, 0xE2, 0xEB, 0xEB, 0xFF,
    0xB7, 0xAF, 0xB8, 0xFF, 0xE1, 0xE9, 0xEB, 0xFF, 0xE2, 0xEB, 0xEB, 0xFF, 0xB0, 0xA8, 0xB0, 0xFF,
    0x54, 0x42, 0x52, 0xFF, 0xCA, 0xC7, 0xCF, 0xFF, 0xE1, 0xE9, 0xEB, 0xFF, 0xE0, 0xE9, 0xEA, 0xFF,
    0xE1, 0xE9, 0xEB, 0xFF, 0xE2, 0xEB, 0xEB, 0xFF, 0xB3, 0xAB, 0xB3, 0xFF, 0xB7, 0xAF, 0xB8, 0xFF,
    0x6C, 0x5A, 0x80, 0xFF, 0x95, 0x85, 0xD2, 0xFF, 0x95, 0x85, 0xD2, 0xFF, 0x95, 0x85, 0xD2, 0xFF,
    0x95, 0x85, 0xD2, 0xFF, 0xB1, 0xA6, 0xD8, 0xFF, 0xB1, 0xA6, 0xD8, 0xFF, 0xB1, 0xA6, 0xD8, 0xFF,
    0xB1, 0xA6, 0xD8, 0xFF, 0xB1, 0xA6, 0xD8, 0xFF, 0xB1, 0xA6, 0xD8, 0xFF, 0xB1, 0xA6, 0xD8, 0xFF,
    0xB1, 0xA6, 0xD8, 0xFF, 0xB1, 0xA6, 0xD8, 0xFF, 0x95, 0x85, 0xD2, 0xFF, 0xE1, 0xEA, 0xEB, 0xFF,
    0xE0, 0xE7, 0xE9, 0xFF, 0xE0, 0xE7, 0xE9, 0xFF, 0xB0, 0xA8, 0xB0, 0xFF, 0xB5, 0xAD, 0xB5, 0xFF,
    0x4E, 0x3D, 0x4E, 0xFF, 0x00, 0x00, 0x00, 0x00, 0x00, 0x00, 0x00, 0x00, 0x00, 0x00, 0x00, 0x00,
    0x00, 0x00, 0x00, 0x00, 0x00, 0x00, 0x00, 0x00, 0x00, 0x00, 0x00, 0x00, 0x00, 0x00, 0x00, 0x00,
    0x00, 0x00, 0x00, 0x00, 0x00, 0x00, 0x00, 0x00, 0x00, 0x00, 0x00, 0x00, 0x00, 0x00, 0x00, 0x00,
    0x00, 0x00, 0x00, 0x00, 0x00, 0x00, 0x00, 0x00, 0x00, 0x00, 0x00, 0x00, 0x00, 0x00, 0x00, 0x00,
    0x00, 0x00, 0x00, 0x00, 0x00, 0x00, 0x00, 0x00, 0x00, 0x00, 0x00, 0x00, 0x00, 0x00, 0x00, 0x00,
    0x00, 0x00, 0x00, 0x00, 0x00, 0x00, 0x00, 0x00, 0x00, 0x00, 0x00, 0x00, 0x00, 0x00, 0x00, 0x00,
    0x00, 0x00, 0x00, 0x00, 0x00, 0x00, 0x00, 0x00, 0x00, 0x00, 0x00, 0x00, 0x00, 0x00, 0x00, 0x00,
    0x00, 0x00, 0x00, 0x00, 0x00, 0x00, 0x00, 0x00, 0x00, 0x00, 0x00, 0x00, 0x00, 0x00, 0x00, 0x00,
    0x4E, 0x3D, 0x4E, 0xFF, 0x47, 0x36, 0x4A, 0xFF, 0xCA, 0xC7, 0xCF, 0xFF, 0xDF, 0xE9, 0xEB, 0xFF,
    0xE1, 0xE9, 0xEB, 0xFF, 0xE1, 0xEA, 0xEB, 0xFF, 0xDF, 0xE9, 0xEB, 0xFF, 0xE1, 0xE9, 0xEB, 0xFF,
    0xDF, 0xE9, 0xEB, 0xFF, 0xE0, 0xE9, 0xEA, 0xFF, 0xE1, 0xEA, 0xEB, 0xFF, 0xB0, 0xA8, 0xB0, 0xFF,
    0x54, 0x42, 0x52, 0xFF, 0xE2, 0xEB, 0xEB, 0xFF, 0xE1, 0xEA, 0xEB, 0xFF, 0xE1, 0xE9, 0xEB, 0xFF,
    0xE1, 0xE9, 0xEB, 0xFF, 0xB0, 0xA8, 0xB0, 0xFF, 0xB6, 0xAE, 0xB6, 0xFF, 0x6C, 0x5A, 0x80, 0xFF,
    0x95, 0x85, 0xD2, 0xFF, 0x95, 0x85, 0xD2, 0xFF, 0x95, 0x85, 0xD2, 0xFF, 0x95, 0x85, 0xD2, 0xFF,
    0xB1, 0xA6, 0xD8, 0xFF, 0xB1, 0xA6, 0xD8, 0xFF, 0xB1, 0xA6, 0xD8, 0xFF, 0xB1, 0xA6, 0xD8, 0xFF,
    0xB1, 0xA6, 0xD8, 0xFF, 0xB1, 0xA6, 0xD8, 0xFF, 0xB1, 0xA6, 0xD8, 0xFF, 0xB1, 0xA6, 0xD8, 0xFF,
    0x95, 0x85, 0xD2, 0xFF, 0x95, 0x85, 0xD2, 0xFF, 0xE3, 0xE9, 0xED, 0xFF, 0xE0, 0xE7, 0xE9, 0xFF,
    0xE0, 0xE7, 0xE9, 0xFF, 0xB0, 0xA8, 0xB0, 0xFF, 0xB3, 0xAB, 0xB3, 0xFF, 0x4E, 0x3D, 0x4E, 0xFF,
    0x00, 0x00, 0x00, 0x00, 0x00, 0x00, 0x00, 0x00, 0x00, 0x00, 0x00, 0x00, 0x00, 0x00, 0x00, 0x00,
    0x00, 0x00, 0x00, 0x00, 0x00, 0x00, 0x00, 0x00, 0x00, 0x00, 0x00, 0x00, 0x00, 0x00, 0x00, 0x00,
    0x00, 0x00, 0x00, 0x00, 0x00, 0x00, 0x00, 0x00, 0x00, 0x00, 0x00, 0x00, 0x00, 0x00, 0x00, 0x00,
    0x00, 0x00, 0x00, 0x00, 0x00, 0x00, 0x00, 0x00, 0x00, 0x00, 0x00, 0x00, 0x00, 0x00, 0x00, 0x00,
    0x00, 0x00, 0x00, 0x00, 0x00, 0x00, 0x00, 0x00, 0x00, 0x00, 0x00, 0x00, 0x00, 0x00, 0x00, 0x00,
    0x00, 0x00, 0x00, 0x00, 0x00, 0x00, 0x00, 0x00, 0x00, 0x00, 0x00, 0x00, 0x00, 0x00, 0x00, 0x00,
    0x00, 0x00, 0x00, 0x00, 0x00, 0x00, 0x00, 0x00, 0x00, 0x00, 0x00, 0x00, 0x00, 0x00, 0x00, 0x00,
    0x00, 0x00, 0x00, 0x00, 0x00, 0x00, 0x00, 0x00, 0x00, 0x00, 0x00, 0x00, 0x47, 0x36, 0x4A, 0xFF,
    0xB7, 0xAF, 0xB8, 0xFF, 0xB5, 0xAD, 0xB5, 0xFF, 0xE1, 0xEA, 0xEB, 0xFF, 0xE1, 0xE9, 0xEB, 0xFF,
    0xE1, 0xEA, 0xEB, 0xFF, 0xE1, 0xE9, 0xEB, 0xFF, 0xE1, 0xEA, 0xEB, 0xFF, 0xDF, 0xE9, 0xEB, 0xFF,
    0xDF, 0xE9, 0xEB, 0xFF, 0xE1, 0xE9, 0xEB, 0xFF, 0xDF, 0xE9, 0xEB, 0xFF, 0xB0, 0xA8, 0xB0, 0xFF,
    0xE8, 0xEF, 0xF0, 0xFF, 0xE1, 0xE9, 0xEB, 0xFF, 0xE0, 0xE9, 0xEA, 0xFF, 0xE0, 0xE9, 0xEA, 0xFF,
    0xE0, 0xE9, 0xE9, 0xFF, 0xB3, 0xAB, 0xB3, 0xFF, 0x6C, 0x5A, 0x80, 0xFF, 0x6C, 0x5A, 0x80, 0xFF,
    0x95, 0x85, 0xD2, 0xFF, 0x95, 0x85, 0xD2, 0xFF, 0x95, 0x85, 0xD2, 0xFF, 0x95, 0x85, 0xD2, 0xFF,
    0x95, 0x85, 0xD2, 0xFF, 0xB1, 0xA6, 0xD8, 0xFF, 0xB1, 0xA6, 0xD8, 0xFF, 0xB1, 0xA6, 0xD8, 0xFF,
    0xB1, 0xA6, 0xD8, 0xFF, 0x95, 0x85, 0xD2, 0xFF, 0x95, 0x85, 0xD2, 0xFF, 0x95, 0x85, 0xD2, 0xFF,
    0xE8, 0xEF, 0xF0, 0xFF, 0xE0, 0xE7, 0xE9, 0xFF, 0xE0, 0xE9, 0xE9, 0xFF, 0xDF, 0xE9, 0xEB, 0xFF,
    0xB3, 0xAB, 0xB3, 0xFF, 0xB3, 0xAB, 0xB3, 0xFF, 0xB4, 0xAD, 0xB3, 0xFF, 0x4E, 0x3D, 0x4E, 0xFF,
    0x00, 0x00, 0x00, 0x00, 0x00, 0x00, 0x00, 0x00, 0x00, 0x00, 0x00, 0x00, 0x00, 0x00, 0x00, 0x00,
    0x00, 0x00, 0x00, 0x00, 0x00, 0x00, 0x00, 0x00, 0x00, 0x00, 0x00, 0x00, 0x00, 0x00, 0x00, 0x00,
    0x00, 0x00, 0x00, 0x00, 0x00, 0x00, 0x00, 0x00, 0x00, 0x00, 0x00, 0x00, 0x00, 0x00, 0x00, 0x00,
    0x00, 0x00, 0x00, 0x00, 0x00, 0x00, 0x00, 0x00, 0x00, 0x00, 0x00, 0x00, 0x00, 0x00, 0x00, 0x00,
    0x00, 0x00, 0x00, 0x00, 0x00, 0x00, 0x00, 0x00, 0x00, 0x00, 0x00, 0x00, 0x00, 0x00, 0x00, 0x00,
    0x00, 0x00, 0x00, 0x00, 0x00, 0x00, 0x00, 0x00, 0x00, 0x00, 0x00, 0x00, 0x00, 0x00, 0x00, 0x00,
    0x00, 0x00, 0x00, 0x00, 0x00, 0x00, 0x00, 0x00, 0x00, 0x00, 0x00, 0x00, 0x00, 0x00, 0x00, 0x00,
    0x00, 0x00, 0x00, 0x00, 0x00, 0x00, 0x00, 0x00, 0x47, 0x36, 0x4A, 0xFF, 0xB7, 0xAF, 0xB8, 0xFF,
    0xE8, 0xEF, 0xF0, 0xFF, 0xE8, 0xEF, 0xF0, 0xFF, 0xE2, 0xEB, 0xEB, 0xFF, 0xDF, 0xE9, 0xEB, 0xFF,
    0xDF, 0xE9, 0xEB, 0xFF, 0xDF, 0xE9, 0xEB, 0xFF, 0xDF, 0xE9, 0xEB, 0xFF, 0xDF, 0xE9, 0xEB, 0xFF,
    0xDF, 0xE9, 0xEB, 0xFF, 0xDF, 0xE9, 0xEB, 0xFF, 0xDF, 0xE9, 0xEB, 0xFF, 0xE2, 0xEB, 0xEB, 0xFF,
    0xE1, 0xE9, 0xEB, 0xFF, 0xE0, 0xE9, 0xEA, 0xFF, 0xE0, 0xE9, 0xEA, 0xFF, 0xB0, 0xA8, 0xB0, 0xFF,
    0xB5, 0xAD, 0xB5, 0xFF, 0xB5, 0xAD, 0xB5, 0xFF, 0x6C, 0x5A, 0x80, 0xFF, 0x95, 0x85, 0xD2, 0xFF,
    0x95, 0x85, 0xD2, 0xFF, 0x95, 0x85, 0xD2, 0xFF, 0x95, 0x85, 0xD2, 0xFF, 0x95, 0x85, 0xD2, 0xFF,
    0x95, 0x85, 0xD2, 0xFF, 0x95, 0x85, 0xD2, 0xFF, 0x95, 0x85, 0xD2, 0xFF, 0x95, 0x85, 0xD2, 0xFF,
    0x95, 0x85, 0xD2, 0xFF, 0xE0, 0xE7, 0xE9, 0xFF, 0xCA, 0xC7, 0xCF, 0xFF, 0xCA, 0xC7, 0xCF, 0xFF,
    0xE8, 0xEF, 0xF0, 0xFF, 0xE0, 0xE7, 0xE9, 0xFF, 0xE0, 0xE7, 0xE9, 0xFF, 0xB5, 0xAD, 0xB5, 0xFF,
    0xB5, 0xAD, 0xB5, 0xFF, 0x54, 0x42, 0x52, 0xFF, 0x4E, 0x3D, 0x4E, 0xFF, 0x00, 0x00, 0x00, 0x00,
    0x00, 0x00, 0x00, 0x00, 0x00, 0x00, 0x00, 0x00, 0x00, 0x00, 0x00, 0x00, 0x00, 0x00, 0x00, 0x00,
    0x00, 0x00, 0x00, 0x00, 0x00, 0x00, 0x00, 0x00, 0x00, 0x00, 0x00, 0x00, 0x00, 0x00, 0x00, 0x00,
    0x00, 0x00, 0x00, 0x00, 0x00, 0x00, 0x00, 0x00, 0x00, 0x00, 0x00, 0x00, 0x00, 0x00, 0x00, 0x00,
    0x00, 0x00, 0x00, 0x00, 0x00, 0x00, 0x00, 0x00, 0x00, 0x00, 0x00, 0x00, 0x00, 0x00, 0x00, 0x00,
    0x00, 0x00, 0x00, 0x00, 0x00, 0x00, 0x00, 0x00, 0x00, 0x00, 0x00, 0x00, 0x00, 0x00, 0x00, 0x00,
    0x00, 0x00, 0x00, 0x00, 0x00, 0x00, 0x00, 0x00, 0x00, 0x00, 0x00, 0x00, 0x00, 0x00, 0x00, 0x00,
    0x00, 0x00, 0x00, 0x00, 0x00, 0x00, 0x00, 0x00, 0x00, 0x00, 0x00, 0x00, 0x00, 0x00, 0x00, 0x00,
    0x00, 0x00, 0x00, 0x00, 0x00, 0x00, 0x00, 0x00, 0x47, 0x36, 0x4A, 0xFF, 0xCA, 0xC7, 0xCF, 0xFF,
    0xE1, 0xEA, 0xEB, 0xFF, 0xE1, 0xEA, 0xEB, 0xFF, 0xDF, 0xE9, 0xEB, 0xFF, 0xDF, 0xE9, 0xEB, 0xFF,
    0xDF, 0xE9, 0xEB, 0xFF, 0xDF, 0xE9, 0xEB, 0xFF, 0xDF, 0xE9, 0xEB, 0xFF, 0xDF, 0xE9, 0xEB, 0xFF,
    0xDF, 0xE9, 0xEB, 0xFF, 0xDF, 0xE9, 0xEB, 0xFF, 0xDF, 0xE9, 0xEB, 0xFF, 0xDF, 0xE9, 0xEB, 0xFF,
    0xE0, 0xE9, 0xEA, 0xFF, 0xE0, 0xE9, 0xEA, 0xFF, 0xE0, 0xE9, 0xE9, 0xFF, 0xB3, 0xAB, 0xB3, 0xFF,
    0xB5, 0xAD, 0xB5, 0xFF, 0x6C, 0x5A, 0x80, 0xFF, 0x95, 0x85, 0xD2, 0xFF, 0x95, 0x85, 0xD2, 0xFF,
    0x95, 0x85, 0xD2, 0xFF, 0x95, 0x85, 0xD2, 0xFF, 0x95, 0x85, 0xD2, 0xFF, 0x95, 0x85, 0xD2, 0xFF,
    0x95, 0x85, 0xD2, 0xFF, 0x95, 0x85, 0xD2, 0xFF, 0x95, 0x8A, 0x97, 0xFF, 0x95, 0x8A, 0x97, 0xFF,
    0x95, 0x8A, 0x97, 0xFF, 0xE3, 0xE9, 0xED, 0xFF, 0xE0, 0xE9, 0xE9, 0xFF, 0xE3, 0xE9, 0xED, 0xFF,
    0xE8, 0xEF, 0xF0, 0xFF, 0xB6, 0xAE, 0xB6, 0xFF, 0xB5, 0xAD, 0xB5, 0xFF, 0xB5, 0xAD, 0xB5, 0xFF,
    0x4E, 0x3D, 0x4E, 0xFF, 0x00, 0x00, 0x00, 0x00, 0x00, 0x00, 0x00, 0x00, 0x00, 0x00, 0x00, 0x00,
    0x00, 0x00, 0x00, 0x00, 0x00, 0x00, 0x00, 0x00, 0x00, 0x00, 0x00, 0x00, 0x00, 0x00, 0x00, 0x00,
    0x00, 0x00, 0x00, 0x00, 0x00, 0x00, 0x00, 0x00, 0x00, 0x00, 0x00, 0x00, 0x00, 0x00, 0x00, 0x00,
    0x00, 0x00, 0x00, 0x00, 0x00, 0x00, 0x00, 0x00, 0x00, 0x00, 0x00, 0x00, 0x00, 0x00, 0x00, 0x00,
    0x00, 0x00, 0x00, 0x00, 0x00, 0x00, 0x00, 0x00, 0x00, 0x00, 0x00, 0x00, 0x00, 0x00, 0x00, 0x00,
    0x00, 0x00, 0x00, 0x00, 0x00, 0x00, 0x00, 0x00, 0x00, 0x00, 0x00, 0x00, 0x00, 0x00, 0x00, 0x00,
    0x00, 0x00, 0x00, 0x00, 0x00, 0x00, 0x00, 0x00, 0x00, 0x00, 0x00, 0x00, 0x00, 0x00, 0x00, 0x00,
    0x00, 0x00, 0x00, 0x00, 0x00, 0x00, 0x00, 0x00, 0x00, 0x00, 0x00, 0x00, 0x00, 0x00, 0x00, 0x00,
    0x00, 0x00, 0x00, 0x00, 0x4E, 0x3D, 0x4E, 0xFF, 0xE2, 0xEB, 0xEB, 0xFF, 0xE1, 0xEA, 0xEB, 0xFF,
    0xE1, 0xEA, 0xEB, 0xFF, 0xE1, 0xE9, 0xEB, 0xFF, 0xDF, 0xE9, 0xEB, 0xFF, 0xDF, 0xE9, 0xEB, 0xFF,
    0xDF, 0xE9, 0xEB, 0xFF, 0xDF, 0xE9, 0xEB, 0xFF, 0xDF, 0xE9, 0xEB, 0xFF, 0xDF, 0xE9, 0xEB, 0xFF,
    0xDF, 0xE9, 0xEB, 0xFF, 0xDF, 0xE9, 0xEB, 0xFF, 0xE0, 0xE9, 0xEA, 0xFF, 0xDF, 0xE9, 0xEB, 0xFF,
    0xDF, 0xE9, 0xEB, 0xFF, 0xE0, 0xE9, 0xEA, 0xFF, 0xE2, 0xEB, 0xEB, 0xFF, 0xB0, 0xA8, 0xB0, 0xFF,
    0xB7, 0xAF, 0xB8, 0xFF, 0x6C, 0x5A, 0x80, 0xFF, 0x95, 0x85, 0xD2, 0xFF, 0x95, 0x85, 0xD2, 0xFF,
    0x6C, 0x5A, 0x80, 0xFF, 0x6C, 0x5A, 0x80, 0xFF, 0x6C, 0x5A, 0x80, 0xFF, 0x6C, 0x5A, 0x80, 0xFF,
    0xB7, 0xAF, 0xB8, 0xFF, 0xB3, 0xAB, 0xB3, 0xFF, 0xE8, 0xEF, 0xF0, 0xFF, 0xE8, 0xEF, 0xF0, 0xFF,
    0xE3, 0xE9, 0xED, 0xFF, 0xE3, 0xE9, 0xED, 0xFF, 0xE2, 0xEB, 0xEB, 0xFF, 0xE0, 0xE7, 0xE9, 0xFF,
    0xB6, 0xAE, 0xB6, 0xFF, 0xB7, 0xAF, 0xB8, 0xFF, 0x4E, 0x3D, 0x4E, 0xFF, 0x47, 0x36, 0x4A, 0xFF,
    0x00, 0x00, 0x00, 0x00, 0x00, 0x00, 0x00, 0x00, 0x00, 0x00, 0x00, 0x00, 0x00, 0x00, 0x00, 0x00,
    0x00, 0x00, 0x00, 0x00, 0x00, 0x00, 0x00, 0x00, 0x00, 0x00, 0x00, 0x00, 0x00, 0x00, 0x00, 0x00,
    0x00, 0x00, 0x00, 0x00, 0x00, 0x00, 0x00, 0x00, 0x00, 0x00, 0x00, 0x00, 0x00, 0x00, 0x00, 0x00,
    0x00, 0x00, 0x00, 0x00, 0x00, 0x00, 0x00, 0x00, 0x00, 0x00, 0x00, 0x00, 0x00, 0x00, 0x00, 0x00,
    0x00, 0x00, 0x00, 0x00, 0x00, 0x00, 0x00, 0x00, 0x00, 0x00, 0x00, 0x00, 0x00, 0x00, 0x00, 0x00,
    0x00, 0x00, 0x00, 0x00, 0x00, 0x00, 0x00, 0x00, 0x00, 0x00, 0x00, 0x00, 0x00, 0x00, 0x00, 0x00,
    0x00, 0x00, 0x00, 0x00, 0x00, 0x00, 0x00, 0x00, 0x00, 0x00, 0x00, 0x00, 0x00, 0x00, 0x00, 0x00,
    0x00, 0x00, 0x00, 0x00, 0x00, 0x00, 0x00, 0x00, 0x00, 0x00, 0x00, 0x00, 0x00, 0x00, 0x00, 0x00,
    0x4E, 0x3D, 0x4E, 0xFF, 0xB3, 0xAB, 0xB3, 0xFF, 0xE1, 0xE9, 0xEB, 0xFF, 0xE1, 0xEA, 0xEB, 0xFF,
    0xDF, 0xE9, 0xEB, 0xFF, 0xDF, 0xE9, 0xEB, 0xFF, 0xDF, 0xE9, 0xEB, 0xFF, 0xDF, 0xE9, 0xEB, 0xFF,
    0xDF, 0xE9, 0xEB, 0xFF, 0xDF, 0xE9, 0xEB, 0xFF, 0xDF, 0xE9, 0xEB, 0xFF, 0xE0, 0xE9, 0xEA, 0xFF,
    0xDF, 0xE9, 0xEB, 0xFF, 0xDF, 0xE9, 0xEB, 0xFF, 0xE0, 0xE9, 0xEA, 0xFF, 0xE0, 0xE9, 0xEA, 0xFF,
    0xDF, 0xE9, 0xEB, 0xFF, 0xE0, 0xE9, 0xEA, 0xFF, 0xE1, 0xE9, 0xEB, 0xFF, 0xB5, 0xAD, 0xB5, 0xFF,
    0x6C, 0x5A, 0x80, 0xFF, 0x6C, 0x5A, 0x80, 0xFF, 0x95, 0x8A, 0x97, 0xFF, 0x6C, 0x5A, 0x80, 0xFF,
    0xB7, 0xAF, 0xB8, 0xFF, 0xB7, 0xAF, 0xB8, 0xFF, 0xB5, 0xAD, 0xB5, 0xFF, 0xE8, 0xEF, 0xF0, 0xFF,
    0xE8, 0xEF, 0xF0, 0xFF, 0xE8, 0xEF, 0xF0, 0xFF, 0xB4, 0xAD, 0xB3, 0xFF, 0xB6, 0xAE, 0xB6, 0xFF,
    0xB6, 0xAE, 0xB6, 0xFF, 0xB7, 0xAF, 0xB8, 0xFF, 0xB7, 0xAF, 0xB8, 0xFF, 0xB7, 0xAF, 0xB8, 0xFF,
    0x4E, 0x3D, 0x4E, 0xFF, 0x47, 0x36, 0x4A, 0xFF, 0xB0, 0xA8, 0xB0, 0xFF, 0x95, 0x8A, 0x97, 0xFF,
    0x00, 0x00, 0x00, 0x00, 0x00, 0x00, 0x00, 0x00, 0x00, 0x00, 0x00, 0x00, 0x00, 0x00, 0x00, 0x00,
    0x00, 0x00, 0x00, 0x00, 0x00, 0x00, 0x00, 0x00, 0x00, 0x00, 0x00, 0x00, 0x00, 0x00, 0x00, 0x00,
    0x00, 0x00, 0x00, 0x00, 0x00, 0x00, 0x00, 0x00, 0x00, 0x00, 0x00, 0x00, 0x00, 0x00, 0x00, 0x00,
    0x00, 0x00, 0x00, 0x00, 0x00, 0x00, 0x00, 0x00, 0x00, 0x00, 0x00, 0x00, 0x00, 0x00, 0x00, 0x00,
    0x00, 0x00, 0x00, 0x00, 0x00, 0x00, 0x00, 0x00, 0x00, 0x00, 0x00, 0x00, 0x00, 0x00, 0x00, 0x00,
    0x00, 0x00, 0x00, 0x00, 0x00, 0x00, 0x00, 0x00, 0x00, 0x00, 0x00, 0x00, 0x00, 0x00, 0x00, 0x00,
    0x00, 0x00, 0x00, 0x00, 0x00, 0x00, 0x00, 0x00, 0x00, 0x00, 0x00, 0x00, 0x00, 0x00, 0x00, 0x00,
    0x00, 0x00, 0x00, 0x00, 0x00, 0x00, 0x00, 0x00, 0x00, 0x00, 0x00, 0x00, 0x00, 0x00, 0x00, 0x00,
    0x54, 0x42, 0x52, 0xFF, 0xE2, 0xEB, 0xEB, 0xFF, 0xE1, 0xE9, 0xEB, 0xFF, 0xE1, 0xEA, 0xEB, 0xFF,
    0xE1, 0xEA, 0xEB, 0xFF, 0xE1, 0xEA, 0xEB, 0xFF, 0xDF, 0xE9, 0xEB, 0xFF, 0xDF, 0xE9, 0xEB, 0xFF,
    0xDF, 0xE9, 0xEB, 0xFF, 0xDF, 0xE9, 0xEB, 0xFF, 0xDF, 0xE9, 0xEB, 0xFF, 0xDF, 0xE9, 0xEB, 0xFF,
    0xDF, 0xE9, 0xEB, 0xFF, 0xDF, 0xE9, 0xEB, 0xFF, 0xDF, 0xE9, 0xEB, 0xFF, 0xDF, 0xE9, 0xEB, 0xFF,
    0xDF, 0xE9, 0xEB, 0xFF, 0xDF, 0xE9, 0xEB, 0xFF, 0xE0, 0xE9, 0xEA, 0xFF, 0xE1, 0xE9, 0xEB, 0xFF,
    0xE3, 0xE9, 0xED, 0xFF, 0xB7, 0xAF, 0xB8, 0xFF, 0xB6, 0xAE, 0xB6, 0xFF, 0xB6, 0xAE, 0xB6, 0xFF,
    0xB6, 0xAE, 0xB6, 0xFF, 0xB7, 0xAF, 0xB8, 0xFF, 0xB7, 0xAF, 0xB8, 0xFF, 0xB6, 0xAE, 0xB6, 0xFF,
    0xB7, 0xAF, 0xB8, 0xFF, 0xB5, 0xAD, 0xB5, 0xFF, 0xB7, 0xAF, 0xB8, 0xFF, 0xB6, 0xAE, 0xB6, 0xFF,
    0x47, 0x36, 0x4A, 0xFF, 0x4E, 0x3D, 0x4E, 0xFF, 0x47, 0x36, 0x4A, 0xFF, 0x4E, 0x3D, 0x4E, 0xFF,
    0x6C, 0x5A, 0x80, 0xFF, 0x6C, 0x5A, 0x80, 0xFF, 0x00, 0x00, 0x00, 0x00, 0x00, 0x00, 0x00, 0x00,
    0x00, 0x00, 0x00, 0x00, 0x00, 0x00, 0x00, 0x00, 0x00, 0x00, 0x00, 0x00, 0x00, 0x00, 0x00, 0x00,
    0x00, 0x00, 0x00, 0x00, 0x00, 0x00, 0x00, 0x00, 0x00, 0x00, 0x00, 0x00, 0x00, 0x00, 0x00, 0x00,
    0x00, 0x00, 0x00, 0x00, 0x00, 0x00, 0x00, 0x00, 0x00, 0x00, 0x00, 0x00, 0x00, 0x00, 0x00, 0x00,
    0x00, 0x00, 0x00, 0x00, 0x00, 0x00, 0x00, 0x00, 0x00, 0x00, 0x00, 0x00, 0x00, 0x00, 0x00, 0x00,
    0x00, 0x00, 0x00, 0x00, 0x00, 0x00, 0x00, 0x00, 0x00, 0x00, 0x00, 0x00, 0x00, 0x00, 0x00, 0x00,
    0x00, 0x00, 0x00, 0x00, 0x00, 0x00, 0x00, 0x00, 0x00, 0x00, 0x00, 0x00, 0x00, 0x00, 0x00, 0x00,
    0x00, 0x00, 0x00, 0x00, 0x00, 0x00, 0x00, 0x00, 0x00, 0x00, 0x00, 0x00, 0x00, 0x00, 0x00, 0x00,
    0x00, 0x00, 0x00, 0x00, 0x00, 0x00, 0x00, 0x00, 0x00, 0x00, 0x00, 0x00, 0x00, 0x00, 0x00, 0x00,
    0x54, 0x42, 0x52, 0xFF, 0xE2, 0xEB, 0xEB, 0xFF, 0xE1, 0xEA, 0xEB, 0xFF, 0xE1, 0xEA, 0xEB, 0xFF,
    0xDF, 0xE9, 0xEB, 0xFF, 0xDF, 0xE9, 0xEB, 0xFF, 0xE0, 0xE9, 0xEA, 0xFF, 0xDF, 0xE9, 0xEB, 0xFF,
    0xDF, 0xE9, 0xEB, 0xFF, 0xDF, 0xE9, 0xEB, 0xFF, 0xDF, 0xE9, 0xEB, 0xFF, 0xDF, 0xE9, 0xEB, 0xFF,
    0xE1, 0xE9, 0xEB, 0xFF, 0xE1, 0xE9, 0xEB, 0xFF, 0xDF, 0xE9, 0xEB, 0xFF, 0xDF, 0xE9, 0xEB, 0xFF,
    0xDF, 0xE9, 0xEB, 0xFF, 0xE0, 0xE9, 0xEA, 0xFF, 0xDF, 0xE9, 0xEB, 0xFF, 0xDF, 0xE9, 0xEB, 0xFF,
    0xE1, 0xE9, 0xEB, 0xFF, 0xB5, 0xAD, 0xB5, 0xFF, 0xB6, 0xAE, 0xB6, 0xFF, 0xB7, 0xAF, 0xB8, 0xFF,
    0xB7, 0xAF, 0xB8, 0xFF, 0xB6, 0xAE, 0xB6, 0xFF, 0xB6, 0xAE, 0xB6, 0xFF, 0xB7, 0xAF, 0xB8, 0xFF,
    0x54, 0x42, 0x52, 0xFF, 0x54, 0x42, 0x52, 0xFF, 0x54, 0x42, 0x52, 0xFF, 0x54, 0x42, 0x52, 0xFF,
    0x47, 0x36, 0x4A, 0xFF, 0x47, 0x36, 0x4A, 0xFF, 0x47, 0x36, 0x4A, 0xFF, 0x47, 0x36, 0x4A, 0xFF,
    0x00, 0x00, 0x00, 0x00, 0x00, 0x00, 0x00, 0x00, 0x00, 0x00, 0x00, 0x00, 0x00, 0x00, 0x00, 0x00,
    0x00, 0x00, 0x00, 0x00, 0x00, 0x00, 0x00, 0x00, 0x00, 0x00, 0x00, 0x00, 0x00, 0x00, 0x00, 0x00,
    0x00, 0x00, 0x00, 0x00, 0x00, 0x00, 0x00, 0x00, 0x00, 0x00, 0x00, 0x00, 0x00, 0x00, 0x00, 0x00,
    0x00, 0x00, 0x00, 0x00, 0x00, 0x00, 0x00, 0x00, 0x00, 0x00, 0x00, 0x00, 0x00, 0x00, 0x00, 0x00,
    0x00, 0x00, 0x00, 0x00, 0x00, 0x00, 0x00, 0x00, 0x00, 0x00, 0x00, 0x00, 0x00, 0x00, 0x00, 0x00,
    0x00, 0x00, 0x00, 0x00, 0x00, 0x00, 0x00, 0x00, 0x00, 0x00, 0x00, 0x00, 0x00, 0x00, 0x00, 0x00,
    0x00, 0x00, 0x00, 0x00, 0x00, 0x00, 0x00, 0x00, 0x00, 0x00, 0x00, 0x00, 0x00, 0x00, 0x00, 0x00,
    0x00, 0x00, 0x00, 0x00, 0x00, 0x00, 0x00, 0x00, 0x00, 0x00, 0x00, 0x00, 0x00, 0x00, 0x00, 0x00,
    0x00, 0x00, 0x00, 0x00, 0x00, 0x00, 0x00, 0x00, 0x00, 0x00, 0x00, 0x00, 0x4E, 0x3D, 0x4E, 0xFF,
    0xB6, 0xAE, 0xB6, 0xFF, 0xE1, 0xEA, 0xEB, 0xFF, 0xE1, 0xEA, 0xEB, 0xFF, 0xE1, 0xE9, 0xEB, 0xFF,
    0xDF, 0xE9, 0xEB, 0xFF, 0xE1, 0xE9, 0xEB, 0xFF, 0xDF, 0xE9, 0xEB, 0xFF, 0xE0, 0xE9, 0xEA, 0xFF,
    0xE0, 0xE9, 0xEA, 0xFF, 0xE0, 0xE9, 0xEA, 0xFF, 0xE1, 0xE9, 0xEB, 0xFF, 0xE1, 0xE9, 0xEB, 0xFF,
    0xE0, 0xE9, 0xEA, 0xFF, 0xE1, 0xE9, 0xEB, 0xFF, 0xE0, 0xE9, 0xEA, 0xFF, 0xDF, 0xE9, 0xEB, 0xFF,
    0xE0, 0xE9, 0xEA, 0xFF, 0xDF, 0xE9, 0xEB, 0xFF, 0xE1, 0xE9, 0xEB, 0xFF, 0xE0, 0xE9, 0xEA, 0xFF,
    0xE0, 0xE9, 0xEA, 0xFF, 0xB3, 0xAB, 0xB3, 0xFF, 0xB7, 0xAF, 0xB8, 0xFF, 0x95, 0x8A, 0x97, 0xFF,
    0x54, 0x42, 0x52, 0xFF, 0x54, 0x42, 0x52, 0xFF, 0x4E, 0x3D, 0x4E, 0xFF, 0x54, 0x42, 0x52, 0xFF,
    0xB7, 0xAF, 0xB8, 0xFF, 0xB7, 0xAF, 0xB8, 0xFF, 0x54, 0x42, 0x52, 0xFF, 0x54, 0x42, 0x52, 0xFF,
    0x00, 0x00, 0x00, 0x00, 0x00, 0x00, 0x00, 0x00, 0x00, 0x00, 0x00, 0x00, 0x00, 0x00, 0x00, 0x00,
    0x00, 0x00, 0x00, 0x00, 0x00, 0x00, 0x00, 0x00, 0x00, 0x00, 0x00, 0x00, 0x00, 0x00, 0x00, 0x00,
    0x00, 0x00, 0x00, 0x00, 0x00, 0x00, 0x00, 0x00, 0x00, 0x00, 0x00, 0x00, 0x00, 0x00, 0x00, 0x00,
    0x00, 0x00, 0x00, 0x00, 0x00, 0x00, 0x00, 0x00, 0x00, 0x00, 0x00, 0x00, 0x00, 0x00, 0x00, 0x00,
    0x00, 0x00, 0x00, 0x00, 0x00, 0x00, 0x00, 0x00, 0x00, 0x00, 0x00, 0x00, 0x00, 0x00, 0x00, 0x00,
    0x00, 0x00, 0x00, 0x00, 0x00, 0x00, 0x00, 0x00, 0x00, 0x00, 0x00, 0x00, 0x00, 0x00, 0x00, 0x00,
    0x00, 0x00, 0x00, 0x00, 0x00, 0x00, 0x00, 0x00, 0x00, 0x00, 0x00, 0x00, 0x00, 0x00, 0x00, 0x00,
    0x00, 0x00, 0x00, 0x00, 0x00, 0x00, 0x00, 0x00, 0x00, 0x00, 0x00, 0x00, 0x00, 0x00, 0x00, 0x00,
    0x00, 0x00, 0x00, 0x00, 0x00, 0x00, 0x00, 0x00, 0x00, 0x00, 0x00, 0x00, 0x00, 0x00, 0x00, 0x00,
    0x00, 0x00, 0x00, 0x00, 0x00, 0x00, 0x00, 0x00, 0x00, 0x00, 0x00, 0x00, 0x4E, 0x3D, 0x4E, 0xFF,
    0xE2, 0xEB, 0xEB, 0xFF, 0xE1, 0xEA, 0xEB, 0xFF, 0xE1, 0xEA, 0xEB, 0xFF, 0xDF, 0xE9, 0xEB, 0xFF,
    0xDF, 0xE9, 0xEB, 0xFF, 0xDF, 0xE9, 0xEB, 0xFF, 0xDF, 0xE9, 0xEB, 0xFF, 0xDF, 0xE9, 0xEB, 0xFF,
    0xE1, 0xEA, 0xEB, 0xFF, 0xE1, 0xE9, 0xEB, 0xFF, 0xE1, 0xE9, 0xEB, 0xFF, 0xDF, 0xE9, 0xEB, 0xFF,
    0xE0, 0xE9, 0xEA, 0xFF, 0xE0, 0xE9, 0xEA, 0xFF, 0xE0, 0xE9, 0xEA, 0xFF, 0xDF, 0xE9, 0xEB, 0xFF,
    0xDF, 0xE9, 0xEB, 0xFF, 0xDF, 0xE9, 0xEB, 0xFF, 0xDF, 0xE9, 0xEB, 0xFF, 0xE0, 0xE9, 0xEA, 0xFF,
    0xE0, 0xE9, 0xEA, 0xFF, 0xE0, 0xE9, 0xEA, 0xFF, 0xE0, 0xE9, 0xEA, 0xFF, 0xDF, 0xE9, 0xEB, 0xFF,
    0xE8, 0xEF, 0xF0, 0xFF, 0xB5, 0xAD, 0xB5, 0xFF, 0xB7, 0xAF, 0xB8, 0xFF, 0xB5, 0xAD, 0xB5, 0xFF,
    0xB5, 0xAD, 0xB5, 0xFF, 0xB5, 0xAD, 0xB5, 0xFF, 0xB5, 0xAD, 0xB5, 0xFF, 0x6C, 0x5A, 0x80, 0xFF,
    0x54, 0x42, 0x52, 0xFF, 0x00, 0x00, 0x00, 0x00, 0x00, 0x00, 0x00, 0x00, 0x00, 0x00, 0x00, 0x00,
    0x00, 0x00, 0x00, 0x00, 0x00, 0x00, 0x00, 0x00, 0x00, 0x00, 0x00, 0x00, 0x00, 0x00, 0x00, 0x00,
    0x00, 0x00, 0x00, 0x00, 0x00, 0x00, 0x00, 0x00, 0x00, 0x00, 0x00, 0x00, 0x00, 0x00, 0x00, 0x00,
    0x00, 0x00, 0x00, 0x00, 0x00, 0x00, 0x00, 0x00, 0x00, 0x00, 0x00, 0x00, 0x00, 0x00, 0x00, 0x00,
    0x00, 0x00, 0x00, 0x00, 0x00, 0x00, 0x00, 0x00, 0x00, 0x00, 0x00, 0x00, 0x00, 0x00, 0x00, 0x00,
    0x00, 0x00, 0x00, 0x00, 0x00, 0x00, 0x00, 0x00, 0x00, 0x00, 0x00, 0x00, 0x00, 0x00, 0x00, 0x00,
    0x00, 0x00, 0x00, 0x00, 0x00, 0x00, 0x00, 0x00, 0x00, 0x00, 0x00, 0x00, 0x00, 0x00, 0x00, 0x00,
    0x00, 0x00, 0x00, 0x00, 0x00, 0x00, 0x00, 0x00, 0x00, 0x00, 0x00, 0x00, 0x00, 0x00, 0x00, 0x00,
    0x00, 0x00, 0x00, 0x00, 0x00, 0x00, 0x00, 0x00, 0x00, 0x00, 0x00, 0x00, 0x00, 0x00, 0x00, 0x00,
    0x00, 0x00, 0x00, 0x00, 0x00, 0x00, 0x00, 0x00, 0x4E, 0x3D, 0x4E, 0xFF, 0xB3, 0xAB, 0xB3, 0xFF,
    0xE0, 0xE9, 0xEA, 0xFF, 0xE2, 0xEB, 0xEB, 0xFF, 0xE2, 0xEB, 0xEB, 0xFF, 0xDF, 0xE9, 0xEB, 0xFF,
    0xDF, 0xE9, 0xEB, 0xFF, 0xDF, 0xE9, 0xEB, 0xFF, 0xDF, 0xE9, 0xEB, 0xFF, 0xE2, 0xEB, 0xEB, 0xFF,
    0xE2, 0xEB, 0xEB, 0xFF, 0xE0, 0xE7, 0xE9, 0xFF, 0xE0, 0xE7, 0xE9, 0xFF, 0xE0, 0xE7, 0xE9, 0xFF,
    0xE0, 0xE9, 0xEA, 0xFF, 0xE0, 0xE9, 0xEA, 0xFF, 0xE2, 0xEB, 0xEB, 0xFF, 0xDF, 0xE9, 0xEB, 0xFF,
    0xDF, 0xE9, 0xEB, 0xFF, 0xDF, 0xE9, 0xEB, 0xFF, 0xDF, 0xE9, 0xEB, 0xFF, 0xDF, 0xE9, 0xEB, 0xFF,
    0xDF, 0xE9, 0xEB, 0xFF, 0xDF, 0xE9, 0xEB, 0xFF, 0xE0, 0xE9, 0xEA, 0xFF, 0xE3, 0xE9, 0xED, 0xFF,
    0xB0, 0xA8, 0xB0, 0xFF, 0xE8, 0xEF, 0xF0, 0xFF, 0xE8, 0xEF, 0xF0, 0xFF, 0xB5, 0xAD, 0xB5, 0xFF,
    0xB5, 0xAD, 0xB5, 0xFF, 0xB5, 0xAD, 0xB5, 0xFF, 0xB0, 0xA8, 0xB0, 0xFF, 0xB7, 0xAF, 0xB8, 0xFF,
    0x54, 0x42, 0x52, 0xFF, 0x00, 0x00, 0x00, 0x00, 0x00, 0x00, 0x00, 0x00, 0x00, 0x00, 0x00, 0x00,
    0x00, 0x00, 0x00, 0x00, 0x00, 0x00, 0x00, 0x00, 0x00, 0x00, 0x00, 0x00, 0x00, 0x00, 0x00, 0x00,
    0x00, 0x00, 0x00, 0x00, 0x00, 0x00, 0x00, 0x00, 0x00, 0x00, 0x00, 0x00, 0x00, 0x00, 0x00, 0x00,
    0x00, 0x00, 0x00, 0x00, 0x00, 0x00, 0x00, 0x00, 0x00, 0x00, 0x00, 0x00, 0x00, 0x00, 0x00, 0x00,
    0x00, 0x00, 0x00, 0x00, 0x00, 0x00, 0x00, 0x00, 0x00, 0x00, 0x00, 0x00, 0x00, 0x00, 0x00, 0x00,
    0x00, 0x00, 0x00, 0x00, 0x00, 0x00, 0x00, 0x00, 0x00, 0x00, 0x00, 0x00, 0x00, 0x00, 0x00, 0x00,
    0x00, 0x00, 0x00, 0x00, 0x00, 0x00, 0x00, 0x00, 0x00, 0x00, 0x00, 0x00, 0x00, 0x00, 0x00, 0x00,
    0x00, 0x00, 0x00, 0x00, 0x00, 0x00, 0x00, 0x00, 0x00, 0x00, 0x00, 0x00, 0x00, 0x00, 0x00, 0x00,
    0x00, 0x00, 0x00, 0x00, 0x00, 0x00, 0x00, 0x00, 0x00, 0x00, 0x00, 0x00, 0x00, 0x00, 0x00, 0x00,
    0x00, 0x00, 0x00, 0x00, 0x00, 0x00, 0x00, 0x00, 0x4E, 0x3D, 0x4E, 0xFF, 0xE8, 0xEF, 0xF0, 0xFF,
    0xE2, 0xEB, 0xEB, 0xFF, 0xE0, 0xE9, 0xE9, 0xFF, 0xDF, 0xE9, 0xEB, 0xFF, 0xDF, 0xE9, 0xEB, 0xFF,
    0xDF, 0xE9, 0xEB, 0xFF, 0xE0, 0xE9, 0xEA, 0xFF, 0xDF, 0xE9, 0xEB, 0xFF, 0xE8, 0xEF, 0xF0, 0xFF,
    0xE8, 0xEF, 0xF0, 0xFF, 0x4E, 0x3D, 0x4E, 0xFF, 0x4E, 0x3D, 0x4E, 0xFF, 0xE8, 0xEF, 0xF0, 0xFF,
    0xE8, 0xEF, 0xF0, 0xFF, 0xE0, 0xE9, 0xE9, 0xFF, 0xE0, 0xE9, 0xEA, 0xFF, 0xE0, 0xE9, 0xEA, 0xFF,
    0xE0, 0xE9, 0xEA, 0xFF, 0xDF, 0xE9, 0xEB, 0xFF, 0xE1, 0xEA, 0xEB, 0xFF, 0xE0, 0xE9, 0xE9, 0xFF,
    0xDF, 0xE9, 0xEB, 0xFF, 0xE0, 0xE9, 0xEA, 0xFF, 0xE0, 0xE9, 0xEA, 0xFF, 0xDF, 0xE9, 0xEB, 0xFF,
    0xE0, 0xE7, 0xE9, 0xFF, 0xE0, 0xE7, 0xE9, 0xFF, 0xB0, 0xA8, 0xB0, 0xFF, 0xB3, 0xAB, 0xB3, 0xFF,
    0xB4, 0xAD, 0xB3, 0xFF, 0xB4, 0xAD, 0xB3, 0xFF, 0xB4, 0xAD, 0xB3, 0xFF, 0xB4, 0xAD, 0xB3, 0xFF,
    0xB0, 0xA8, 0xB0, 0xFF, 0x47, 0x36, 0x4A, 0xFF, 0x00, 0x00, 0x00, 0x00, 0x00, 0x00, 0x00, 0x00,
    0x00, 0x00, 0x00, 0x00, 0x00, 0x00, 0x00, 0x00, 0x00, 0x00, 0x00, 0x00, 0x00, 0x00, 0x00, 0x00,
    0x00, 0x00, 0x00, 0x00, 0x00, 0x00, 0x00, 0x00, 0x00, 0x00, 0x00, 0x00, 0x00, 0x00, 0x00, 0x00,
    0x00, 0x00, 0x00, 0x00, 0x00, 0x00, 0x00, 0x00, 0x00, 0x00, 0x00, 0x00, 0x00, 0x00, 0x00, 0x00,
    0x00, 0x00, 0x00, 0x00, 0x00, 0x00, 0x00, 0x00, 0x00, 0x00, 0x00, 0x00, 0x00, 0x00, 0x00, 0x00,
    0x00, 0x00, 0x00, 0x00, 0x00, 0x00, 0x00, 0x00, 0x00, 0x00, 0x00, 0x00, 0x00, 0x00, 0x00, 0x00,
    0x00, 0x00, 0x00, 0x00, 0x00, 0x00, 0x00, 0x00, 0x00, 0x00, 0x00, 0x00, 0x00, 0x00, 0x00, 0x00,
    0x00, 0x00, 0x00, 0x00, 0x00, 0x00, 0x00, 0x00, 0x00, 0x00, 0x00, 0x00, 0x00, 0x00, 0x00, 0x00,
    0x00, 0x00, 0x00, 0x00, 0x00, 0x00, 0x00, 0x00, 0x00, 0x00, 0x00, 0x00, 0x00, 0x00, 0x00, 0x00,
    0x00, 0x00, 0x00, 0x00, 0x00, 0x00, 0x00, 0x00, 0x4E, 0x3D, 0x4E, 0xFF, 0xE0, 0xE9, 0xE9, 0xFF,
    0xE0, 0xE9, 0xEA, 0xFF, 0xE0, 0xE9, 0xEA, 0xFF, 0xDF, 0xE9, 0xEB, 0xFF, 0xDF, 0xE9, 0xEB, 0xFF,
    0xDF, 0xE9, 0xEB, 0xFF, 0xE0, 0xE9, 0xEA, 0xFF, 0xE3, 0xE9, 0xED, 0xFF, 0x47, 0x36, 0x4A, 0xFF,
    0x4E, 0x3D, 0x4E, 0xFF, 0x4E, 0x3D, 0x4E, 0xFF, 0x4E, 0x3D, 0x4E, 0xFF, 0x4E, 0x3D, 0x4E, 0xFF,
    0x6C, 0x5A, 0x80, 0xFF, 0xE2, 0xEB, 0xEB, 0xFF, 0xE1, 0xE9, 0xEB, 0xFF, 0xE1, 0xE9, 0xEB, 0xFF,
    0xE0, 0xE9, 0xEA, 0xFF, 0xE0, 0xE9, 0xEA, 0xFF, 0xE0, 0xE9, 0xEA, 0xFF, 0xE0, 0xE9, 0xEA, 0xFF,
    0xE0, 0xE9, 0xEA, 0xFF, 0xDF, 0xE9, 0xEB, 0xFF, 0xE0, 0xE9, 0xEA, 0xFF, 0xE0, 0xE9, 0xEA, 0xFF,
    0xE0, 0xE9, 0xE9, 0xFF, 0xE0, 0xE9, 0xE9, 0xFF, 0xB3, 0xAB, 0xB3, 0xFF, 0xE1, 0xE9, 0xEB, 0xFF,
    0xB3, 0xAB, 0xB3, 0xFF, 0xB4, 0xAD, 0xB3, 0xFF, 0xB5, 0xAD, 0xB5, 0xFF, 0xB3, 0xAB, 0xB3, 0xFF,
    0xB0, 0xA8, 0xB0, 0xFF, 0x4E, 0x3D, 0x4E, 0xFF, 0x00, 0x00, 0x00, 0x00, 0x00, 0x00, 0x00, 0x00,
    0x00, 0x00, 0x00, 0x00, 0x00, 0x00, 0x00, 0x00, 0x00, 0x00, 0x00, 0x00, 0x00, 0x00, 0x00, 0x00,
    0x00, 0x00, 0x00, 0x00, 0x00, 0x00, 0x00, 0x00, 0x00, 0x00, 0x00, 0x00, 0x00, 0x00, 0x00, 0x00,
    0x00, 0x00, 0x00, 0x00, 0x00, 0x00, 0x00, 0x00, 0x00, 0x00, 0x00, 0x00, 0x00, 0x00, 0x00, 0x00,
    0x00, 0x00, 0x00, 0x00, 0x00, 0x00, 0x00, 0x00, 0x00, 0x00, 0x00, 0x00, 0x00, 0x00, 0x00, 0x00,
    0x00, 0x00, 0x00, 0x00, 0x00, 0x00, 0x00, 0x00, 0x00, 0x00, 0x00, 0x00, 0x00, 0x00, 0x00, 0x00,
    0x00, 0x00, 0x00, 0x00, 0x00, 0x00, 0x00, 0x00, 0x00, 0x00, 0x00, 0x00, 0x00, 0x00, 0x00, 0x00,
    0x00, 0x00, 0x00, 0x00, 0x00, 0x00, 0x00, 0x00, 0x00, 0x00, 0x00, 0x00, 0x00, 0x00, 0x00, 0x00,
    0x00, 0x00, 0x00, 0x00, 0x00, 0x00, 0x00, 0x00, 0x00, 0x00, 0x00, 0x00, 0x00, 0x00, 0x00, 0x00,
    0x00, 0x00, 0x00, 0x00, 0x00, 0x00, 0x00, 0x00, 0x4E, 0x3D, 0x4E, 0xFF, 0xE1, 0xE9, 0xEB, 0xFF,
    0xE1, 0xE9, 0xEB, 0xFF, 0xE1, 0xE9, 0xEB, 0xFF, 0xDF, 0xE9, 0xEB, 0xFF, 0xDF, 0xE9, 0xEB, 0xFF,
    0xDF, 0xE9, 0xEB, 0xFF, 0xDF, 0xE9, 0xEB, 0xFF, 0x47, 0x36, 0x4A, 0xFF, 0x95, 0x8A, 0x97, 0xFF,
    0xCA, 0xC7, 0xCF, 0xFF, 0x4E, 0x3D, 0x4E, 0xFF, 0x4E, 0x3D, 0x4E, 0xFF, 0x4E, 0x3D, 0x4E, 0xFF,
    0x6C, 0x5A, 0x80, 0xFF, 0x4E, 0x3D, 0x4E, 0xFF, 0xE3, 0xE9, 0xED, 0xFF, 0xE0, 0xE9, 0xEA, 0xFF,
    0xE1, 0xEA, 0xEB, 0xFF, 0xE1, 0xE9, 0xEB, 0xFF, 0xE1, 0xE9, 0xEB, 0xFF, 0xDF, 0xE9, 0xEB, 0xFF,
    0xDF, 0xE9, 0xEB, 0xFF, 0xDF, 0xE9, 0xEB, 0xFF, 0xE0, 0xE9, 0xEA, 0xFF, 0xE0, 0xE9, 0xEA, 0xFF,
    0xE0, 0xE9, 0xE9, 0xFF, 0xE1, 0xE9, 0xEB, 0xFF, 0xE0, 0xE7, 0xE9, 0xFF, 0xE0, 0xE9, 0xE9, 0xFF,
    0xB0, 0xA8, 0xB0, 0xFF, 0xB5, 0xAD, 0xB5, 0xFF, 0xB4, 0xAD, 0xB3, 0xFF, 0xB3, 0xAB, 0xB3, 0xFF,
    0xB5, 0xAD, 0xB5, 0xFF, 0x4E, 0x3D, 0x4E, 0xFF, 0x00, 0x00, 0x00, 0x00, 0x00, 0x00, 0x00, 0x00,
    0x00, 0x00, 0x00, 0x00, 0x00, 0x00, 0x00, 0x00, 0x00, 0x00, 0x00, 0x00, 0x00, 0x00, 0x00, 0x00,
    0x00, 0x00, 0x00, 0x00, 0x00, 0x00, 0x00, 0x00, 0x00, 0x00, 0x00, 0x00, 0x00, 0x00, 0x00, 0x00,
    0x00, 0x00, 0x00, 0x00, 0x00, 0x00, 0x00, 0x00, 0x00, 0x00, 0x00, 0x00, 0x00, 0x00, 0x00, 0x00,
    0x00, 0x00, 0x00, 0x00, 0x00, 0x00, 0x00, 0x00, 0x00, 0x00, 0x00, 0x00, 0x00, 0x00, 0x00, 0x00,
    0x00, 0x00, 0x00, 0x00, 0x00, 0x00, 0x00, 0x00, 0x00, 0x00, 0x00, 0x00, 0x00, 0x00, 0x00, 0x00,
    0x00, 0x00, 0x00, 0x00, 0x00, 0x00, 0x00, 0x00, 0x00, 0x00, 0x00, 0x00, 0x00, 0x00, 0x00, 0x00,
    0x00, 0x00, 0x00, 0x00, 0x00, 0x00, 0x00, 0x00, 0x00, 0x00, 0x00, 0x00, 0x00, 0x00, 0x00, 0x00,
    0x00, 0x00, 0x00, 0x00, 0x00, 0x00, 0x00, 0x00, 0x00, 0x00, 0x00, 0x00, 0x00, 0x00, 0x00, 0x00,
    0x00, 0x00, 0x00, 0x00, 0x00, 0x00, 0x00, 0x00, 0x47, 0x36, 0x4A, 0xFF, 0xE0, 0xE9, 0xE9, 0xFF,
    0xE1, 0xE9, 0xEB, 0xFF, 0xDF, 0xE9, 0xEB, 0xFF, 0xDF, 0xE9, 0xEB, 0xFF, 0xDF, 0xE9, 0xEB, 0xFF,
    0xDF, 0xE9, 0xEB, 0xFF, 0xE8, 0xEF, 0xF0, 0xFF, 0x4E, 0x3D, 0x4E, 0xFF, 0xE8, 0xEF, 0xF0, 0xFF,
    0xE2, 0xEB, 0xEB, 0xFF, 0xE8, 0xEF, 0xF0, 0xFF, 0x54, 0x42, 0x52, 0xFF, 0x4E, 0x3D, 0x4E, 0xFF,
    0x95, 0x8A, 0x97, 0xFF, 0xB3, 0xAB, 0xB3, 0xFF, 0x4E, 0x3D, 0x4E, 0xFF, 0xE0, 0xE9, 0xE9, 0xFF,
    0xE1, 0xEA, 0xEB, 0xFF, 0xE1, 0xE9, 0xEB, 0xFF, 0xE1, 0xE9, 0xEB, 0xFF, 0xE1, 0xE9, 0xEB, 0xFF,
    0xDF, 0xE9, 0xEB, 0xFF, 0xE0, 0xE9, 0xEA, 0xFF, 0xE0, 0xE9, 0xEA, 0xFF, 0xE0, 0xE9, 0xEA, 0xFF,
    0xE1, 0xE9, 0xEB, 0xFF, 0xE0, 0xE7, 0xE9, 0xFF, 0xE0, 0xE9, 0xE9, 0xFF, 0xB0, 0xA8, 0xB0, 0xFF,
    0xDF, 0xE9, 0xEB, 0xFF, 0xB3, 0xAB, 0xB3, 0xFF, 0xB3, 0xAB, 0xB3, 0xFF, 0xB3, 0xAB, 0xB3, 0xFF,
    0xB5, 0xAD, 0xB5, 0xFF, 0x4E, 0x3D, 0x4E, 0xFF, 0x00, 0x00, 0x00, 0x00, 0x00, 0x00, 0x00, 0x00,
    0x00, 0x00, 0x00, 0x00, 0x00, 0x00, 0x00, 0x00, 0x00, 0x00, 0x00, 0x00, 0x00, 0x00, 0x00, 0x00,
    0x00, 0x00, 0x00, 0x00, 0x00, 0x00, 0x00, 0x00, 0x00, 0x00, 0x00, 0x00, 0x00, 0x00, 0x00, 0x00,
    0x00, 0x00, 0x00, 0x00, 0x00, 0x00, 0x00, 0x00, 0x00, 0x00, 0x00, 0x00, 0x00, 0x00, 0x00, 0x00,
    0x00, 0x00, 0x00, 0x00, 0x00, 0x00, 0x00, 0x00, 0x00, 0x00, 0x00, 0x00, 0x00, 0x00, 0x00, 0x00,
    0x00, 0x00, 0x00, 0x00, 0x00, 0x00, 0x00, 0x00, 0x00, 0x00, 0x00, 0x00, 0x00, 0x00, 0x00, 0x00,
    0x00, 0x00, 0x00, 0x00, 0x00, 0x00, 0x00, 0x00, 0x00, 0x00, 0x00, 0x00, 0x00, 0x00, 0x00, 0x00,
    0x00, 0x00, 0x00, 0x00, 0x00, 0x00, 0x00, 0x00, 0x00, 0x00, 0x00, 0x00, 0x00, 0x00, 0x00, 0x00,
    0x00, 0x00, 0x00, 0x00, 0x00, 0x00, 0x00, 0x00, 0x00, 0x00, 0x00, 0x00, 0x00, 0x00, 0x00, 0x00,
    0x00, 0x00, 0x00, 0x00, 0x54, 0x42, 0x52, 0xFF, 0xB7, 0xAF, 0xB8, 0xFF, 0xE0, 0xE7, 0xE9, 0xFF,
    0xE0, 0xE9, 0xEA, 0xFF, 0xE0, 0xE9, 0xEA, 0xFF, 0xE0, 0xE9, 0xEA, 0xFF, 0xDF, 0xE9, 0xEB, 0xFF,
    0xDF, 0xE9, 0xEB, 0xFF, 0xE8, 0xEF, 0xF0, 0xFF, 0x47, 0x36, 0x4A, 0xFF, 0xE8, 0xEF, 0xF0, 0xFF,
    0xE8, 0xEF, 0xF0, 0xFF, 0xE8, 0xEF, 0xF0, 0xFF, 0x54, 0x42, 0x52, 0xFF, 0x54, 0x42, 0x52, 0xFF,
    0x95, 0x8A, 0x97, 0xFF, 0xB0, 0xA8, 0xB0, 0xFF, 0x4E, 0x3D, 0x4E, 0xFF, 0xE2, 0xEB, 0xEB, 0xFF,
    0xE1, 0xEA, 0xEB, 0xFF, 0xE1, 0xEA, 0xEB, 0xFF, 0xE1, 0xE9, 0xEB, 0xFF, 0xDF, 0xE9, 0xEB, 0xFF,
    0xE0, 0xE9, 0xEA, 0xFF, 0xE0, 0xE9, 0xEA, 0xFF, 0xE0, 0xE9, 0xEA, 0xFF, 0xE0, 0xE9, 0xE9, 0xFF,
    0xE1, 0xE9, 0xEB, 0xFF, 0xB6, 0xAE, 0xB6, 0xFF, 0xB0, 0xA8, 0xB0, 0xFF, 0xB3, 0xAB, 0xB3, 0xFF,
    0xE8, 0xEF, 0xF0, 0xFF, 0xB4, 0xAD, 0xB3, 0xFF, 0xB4, 0xAD, 0xB3, 0xFF, 0xB5, 0xAD, 0xB5, 0xFF,
    0xB5, 0xAD, 0xB5, 0xFF, 0x4E, 0x3D, 0x4E, 0xFF, 0x00, 0x00, 0x00, 0x00, 0x00, 0x00, 0x00, 0x00,
    0x00, 0x00, 0x00, 0x00, 0x00, 0x00, 0x00, 0x00, 0x00, 0x00, 0x00, 0x00, 0x00, 0x00, 0x00, 0x00,
    0x00, 0x00, 0x00, 0x00, 0x00, 0x00, 0x00, 0x00, 0x00, 0x00, 0x00, 0x00, 0x00, 0x00, 0x00, 0x00,
    0x00, 0x00, 0x00, 0x00, 0x00, 0x00, 0x00, 0x00, 0x00, 0x00, 0x00, 0x00, 0x00, 0x00, 0x00, 0x00,
    0x00, 0x00, 0x00, 0x00, 0x00, 0x00, 0x00, 0x00, 0x00, 0x00, 0x00, 0x00, 0x00, 0x00, 0x00, 0x00,
    0x00, 0x00, 0x00, 0x00, 0x00, 0x00, 0x00, 0x00, 0x00, 0x00, 0x00, 0x00, 0x00, 0x00, 0x00, 0x00,
    0x00, 0x00, 0x00, 0x00, 0x00, 0x00, 0x00, 0x00, 0x00, 0x00, 0x00, 0x00, 0x00, 0x00, 0x00, 0x00,
    0x00, 0x00, 0x00, 0x00, 0x00, 0x00, 0x00, 0x00, 0x00, 0x00, 0x00, 0x00, 0x00, 0x00, 0x00, 0x00,
    0x00, 0x00, 0x00, 0x00, 0x00, 0x00, 0x00, 0x00, 0x00, 0x00, 0x00, 0x00, 0x00, 0x00, 0x00, 0x00,
    0x00, 0x00, 0x00, 0x00, 0x4E, 0x3D, 0x4E, 0xFF, 0xE2, 0xEB, 0xEB, 0xFF, 0xE0, 0xE7, 0xE9, 0xFF,
    0xE0, 0xE9, 0xE9, 0xFF, 0xE0, 0xE9, 0xE9, 0xFF, 0xE0, 0xE9, 0xE9, 0xFF, 0xE0, 0xE9, 0xEA, 0xFF,
    0xE0, 0xE9, 0xEA, 0xFF, 0xE8, 0xEF, 0xF0, 0xFF, 0x4E, 0x3D, 0x4E, 0xFF, 0x4E, 0x3D, 0x4E, 0xFF,
    0x4E, 0x3D, 0x4E, 0xFF, 0x4E, 0x3D, 0x4E, 0xFF, 0x54, 0x42, 0x52, 0xFF, 0x4E, 0x3D, 0x4E, 0xFF,
    0xCA, 0xC7, 0xCF, 0xFF, 0xE0, 0xE7, 0xE9, 0xFF, 0x47, 0x36, 0x4A, 0xFF, 0xE2, 0xEB, 0xEB, 0xFF,
    0xE0, 0xE9, 0xEA, 0xFF, 0xE1, 0xEA, 0xEB, 0xFF, 0xDF, 0xE9, 0xEB, 0xFF, 0xE0, 0xE9, 0xEA, 0xFF,
    0xE0, 0xE9, 0xE9, 0xFF, 0xE0, 0xE9, 0xE9, 0xFF, 0xE2, 0xEB, 0xEB, 0xFF, 0xE1, 0xE9, 0xEB, 0xFF,
    0xE0, 0xE7, 0xE9, 0xFF, 0xB6, 0xAE, 0xB6, 0xFF, 0xB0, 0xA8, 0xB0, 0xFF, 0xB4, 0xAD, 0xB3, 0xFF,
    0xB3, 0xAB, 0xB3, 0xFF, 0xB4, 0xAD, 0xB3, 0xFF, 0xB4, 0xAD, 0xB3, 0xFF, 0xB5, 0xAD, 0xB5, 0xFF,
    0xB4, 0xAD, 0xB3, 0xFF, 0x54, 0x42, 0x52, 0xFF, 0x4E, 0x3D, 0x4E, 0xFF, 0x95, 0x8A, 0x97, 0xFF,
    0x00, 0x00, 0x00, 0x00, 0x47, 0x36, 0x4A, 0xFF, 0x47, 0x36, 0x4A, 0xFF, 0x47, 0x36, 0x4A, 0xFF,
    0x47, 0x36, 0x4A, 0xFF, 0x47, 0x36, 0x4A, 0xFF, 0x4E, 0x3D, 0x4E, 0xFF, 0x4E, 0x3D, 0x4E, 0xFF,
    0x00, 0x00, 0x00, 0x00, 0x00, 0x00, 0x00, 0x00, 0x00, 0x00, 0x00, 0x00, 0x00, 0x00, 0x00, 0x00,
    0x00, 0x00, 0x00, 0x00, 0x00, 0x00, 0x00, 0x00, 0x00, 0x00, 0x00, 0x00, 0x00, 0x00, 0x00, 0x00,
    0x00, 0x00, 0x00, 0x00, 0x00, 0x00, 0x00, 0x00, 0x00, 0x00, 0x00, 0x00, 0x00, 0x00, 0x00, 0x00,
    0x00, 0x00, 0x00, 0x00, 0x00, 0x00, 0x00, 0x00, 0x00, 0x00, 0x00, 0x00, 0x00, 0x00, 0x00, 0x00,
    0x00, 0x00, 0x00, 0x00, 0x00, 0x00, 0x00, 0x00, 0x00, 0x00, 0x00, 0x00, 0x00, 0x00, 0x00, 0x00,
    0x00, 0x00, 0x00, 0x00, 0x00, 0x00, 0x00, 0x00, 0x00, 0x00, 0x00, 0x00, 0x00, 0x00, 0x00, 0x00,
    0x4E, 0x3D, 0x4E, 0xFF, 0xE2, 0xEB, 0xEB, 0xFF, 0xE0, 0xE7, 0xE9, 0xFF, 0xE0, 0xE9, 0xE9, 0xFF,
    0xE2, 0xEB, 0xEB, 0xFF, 0xE0, 0xE9, 0xE9, 0xFF, 0xE0, 0xE9, 0xEA, 0xFF, 0xE0, 0xE9, 0xEA, 0xFF,
    0xE0, 0xE9, 0xE9, 0xFF, 0xE8, 0xEF, 0xF0, 0xFF, 0x54, 0x42, 0x52, 0xFF, 0x4E, 0x3D, 0x4E, 0xFF,
    0x4E, 0x3D, 0x4E, 0xFF, 0x54, 0x42, 0x52, 0xFF, 0x4E, 0x3D, 0x4E, 0xFF, 0x95, 0x8A, 0x97, 0xFF,
    0xCA, 0xC7, 0xCF, 0xFF, 0xE3, 0xE9, 0xED, 0xFF, 0x47, 0x36, 0x4A, 0xFF, 0xE1, 0xE9, 0xEB, 0xFF,
    0xE1, 0xEA, 0xEB, 0xFF, 0xE1, 0xE9, 0xEB, 0xFF, 0xE1, 0xEA, 0xEB, 0xFF, 0xE0, 0xE9, 0xE9, 0xFF,
    0xE0, 0xE9, 0xE9, 0xFF, 0xE0, 0xE9, 0xE9, 0xFF, 0xB5, 0xAD, 0xB5, 0xFF, 0xB3, 0xAB, 0xB3, 0xFF,
    0xE0, 0xE7, 0xE9, 0xFF, 0xE0, 0xE7, 0xE9, 0xFF, 0xE0, 0xE7, 0xE9, 0xFF, 0xB0, 0xA8, 0xB0, 0xFF,
    0xB3, 0xAB, 0xB3, 0xFF, 0xB5, 0xAD, 0xB5, 0xFF, 0xB5, 0xAD, 0xB5, 0xFF, 0xB4, 0xAD, 0xB3, 0xFF,
    0xB5, 0xAD, 0xB5, 0xFF, 0x4E, 0x3D, 0x4E, 0xFF, 0x4E, 0x3D, 0x4E, 0xFF, 0x4E, 0x3D, 0x4E, 0xFF,
    0x54, 0x42, 0x52, 0xFF, 0xB6, 0xAE, 0xB6, 0xFF, 0xB5, 0xAD, 0xB5, 0xFF, 0xB5, 0xAD, 0xB5, 0xFF,
    0xB4, 0xAD, 0xB3, 0xFF, 0xB3, 0xAB, 0xB3, 0xFF, 0xB0, 0xA8, 0xB0, 0xFF, 0xB0, 0xA8, 0xB0, 0xFF,
    0x4E, 0x3D, 0x4E, 0xFF, 0x4E, 0x3D, 0x4E, 0xFF, 0x4E, 0x3D, 0x4E, 0xFF, 0x47, 0x36, 0x4A, 0xFF,
    0x00, 0x00, 0x00, 0x00, 0x00, 0x00, 0x00, 0x00, 0x00, 0x00, 0x00, 0x00, 0x00, 0x00, 0x00, 0x00,
    0x00, 0x00, 0x00, 0x00, 0x00, 0x00, 0x00, 0x00, 0x00, 0x00, 0x00, 0x00, 0x00, 0x00, 0x00, 0x00,
    0x00, 0x00, 0x00, 0x00, 0x00, 0x00, 0x00, 0x00, 0x00, 0x00, 0x00, 0x00, 0x00, 0x00, 0x00, 0x00,
    0x00, 0x00, 0x00, 0x00, 0x00, 0x00, 0x00, 0x00, 0x00, 0x00, 0x00, 0x00, 0x00, 0x00, 0x00, 0x00,
    0x00, 0x00, 0x00, 0x00, 0x00, 0x00, 0x00, 0x00, 0x00, 0x00, 0x00, 0x00, 0x00, 0x00, 0x00, 0x00,
    0x54, 0x42, 0x52, 0xFF, 0xE2, 0xEB, 0xEB, 0xFF, 0xE0, 0xE9, 0xE9, 0xFF, 0xE0, 0xE9, 0xE9, 0xFF,
    0xE2, 0xEB, 0xEB, 0xFF, 0xE0, 0xE9, 0xE9, 0xFF, 0xE0, 0xE9, 0xE9, 0xFF, 0xE0, 0xE9, 0xEA, 0xFF,
    0xE0, 0xE9, 0xEA, 0xFF, 0xE8, 0xEF, 0xF0, 0xFF, 0x54, 0x42, 0x52, 0xFF, 0x95, 0x8A, 0x97, 0xFF,
    0x95, 0x8A, 0x97, 0xFF, 0x95, 0x8A, 0x97, 0xFF, 0x95, 0x85, 0xD2, 0xFF, 0x95, 0x8A, 0x97, 0xFF,
    0xE0, 0xE7, 0xE9, 0xFF, 0x54, 0x42, 0x52, 0xFF, 0xE1, 0xE9, 0xEB, 0xFF, 0xE1, 0xE9, 0xEB, 0xFF,
    0xE0, 0xE9, 0xEA, 0xFF, 0xE0, 0xE9, 0xEA, 0xFF, 0xE0, 0xE9, 0xEA, 0xFF, 0xE0, 0xE9, 0xEA, 0xFF,
    0xE0, 0xE9, 0xE9, 0xFF, 0xE0, 0xE7, 0xE9, 0xFF, 0xE0, 0xE7, 0xE9, 0xFF, 0xE2, 0xEB, 0xEB, 0xFF,
    0xB0, 0xA8, 0xB0, 0xFF, 0xE8, 0xEF, 0xF0, 0xFF, 0xB0, 0xA8, 0xB0, 0xFF, 0xE3, 0xE9, 0xED, 0xFF,
    0xB3, 0xAB, 0xB3, 0xFF, 0xB5, 0xAD, 0xB5, 0xFF, 0xB3, 0xAB, 0xB3, 0xFF, 0xB5, 0xAD, 0xB5, 0xFF,
    0x54, 0x42, 0x52, 0xFF, 0x54, 0x42, 0x52, 0xFF, 0xB6, 0xAE, 0xB6, 0xFF, 0xB5, 0xAD, 0xB5, 0xFF,
    0xB3, 0xAB, 0xB3, 0xFF, 0xB5, 0xAD, 0xB5, 0xFF, 0xB5, 0xAD, 0xB5, 0xFF, 0xB4, 0xAD, 0xB3, 0xFF,
    0xB7, 0xAF, 0xB8, 0xFF, 0xE8, 0xEF, 0xF0, 0xFF, 0xE0, 0xE9, 0xE9, 0xFF, 0xE0, 0xE9, 0xEA, 0xFF,
    0xE0, 0xE7, 0xE9, 0xFF, 0xE0, 0xE7, 0xE9, 0xFF, 0xE3, 0xE9, 0xED, 0xFF, 0xB7, 0xAF, 0xB8, 0xFF,
    0x54, 0x42, 0x52, 0xFF, 0x4E, 0x3D, 0x4E, 0xFF, 0x00, 0x00, 0x00, 0x00, 0x00, 0x00, 0x00, 0x00,
    0x00, 0x00, 0x00, 0x00, 0x00, 0x00, 0x00, 0x00, 0x00, 0x00, 0x00, 0x00, 0x00, 0x00, 0x00, 0x00,
    0x00, 0x00, 0x00, 0x00, 0x00, 0x00, 0x00, 0x00, 0x00, 0x00, 0x00, 0x00, 0x00, 0x00, 0x00, 0x00,
    0x00, 0x00, 0x00, 0x00, 0x00, 0x00, 0x00, 0x00, 0x00, 0x00, 0x00, 0x00, 0x00, 0x00, 0x00, 0x00,
    0x00, 0x00, 0x00, 0x00, 0x00, 0x00, 0x00, 0x00, 0x00, 0x00, 0x00, 0x00, 0x00, 0x00, 0x00, 0x00,
    0x54, 0x42, 0x52, 0xFF, 0x95, 0x85, 0xD2, 0xFF, 0x95, 0x85, 0xD2, 0xFF, 0x95, 0x85, 0xD2, 0xFF,
    0xE8, 0xEF, 0xF0, 0xFF, 0xDF, 0xE9, 0xEB, 0xFF, 0xE0, 0xE9, 0xEA, 0xFF, 0xE0, 0xE9, 0xEA, 0xFF,
    0xE0, 0xE9, 0xEA, 0xFF, 0xDF, 0xE9, 0xEB, 0xFF, 0x47, 0x36, 0x4A, 0xFF, 0x95, 0x8A, 0x97, 0xFF,
    0x95, 0x8A, 0x97, 0xFF, 0x95, 0x85, 0xD2, 0xFF, 0x95, 0x85, 0xD2, 0xFF, 0xE8, 0xEF, 0xF0, 0xFF,
    0xCA, 0xC7, 0xCF, 0xFF, 0x47, 0x36, 0x4A, 0xFF, 0xE1, 0xEA, 0xEB, 0xFF, 0xE1, 0xE9, 0xEB, 0xFF,
    0xE0, 0xE9, 0xEA, 0xFF, 0xE0, 0xE9, 0xEA, 0xFF, 0xE0, 0xE9, 0xEA, 0xFF, 0xE0, 0xE9, 0xEA, 0xFF,
    0xE0, 0xE9, 0xEA, 0xFF, 0xE0, 0xE9, 0xEA, 0xFF, 0xE0, 0xE9, 0xE9, 0xFF, 0xE0, 0xE9, 0xE9, 0xFF,
    0xB0, 0xA8, 0xB0, 0xFF, 0xE8, 0xEF, 0xF0, 0xFF, 0xB0, 0xA8, 0xB0, 0xFF, 0xE2, 0xEB, 0xEB, 0xFF,
    0xB3, 0xAB, 0xB3, 0xFF, 0xB3, 0xAB, 0xB3, 0xFF, 0xB4, 0xAD, 0xB3, 0xFF, 0xB3, 0xAB, 0xB3, 0xFF,
    0x54, 0x42, 0x52, 0xFF, 0xB7, 0xAF, 0xB8, 0xFF, 0xB5, 0xAD, 0xB5, 0xFF, 0xB5, 0xAD, 0xB5, 0xFF,
    0xB5, 0xAD, 0xB5, 0xFF, 0xB3, 0xAB, 0xB3, 0xFF, 0xB3, 0xAB, 0xB3, 0xFF, 0xDF, 0xE9, 0xEB, 0xFF,
    0xE0, 0xE9, 0xE9, 0xFF, 0xE0, 0xE9, 0xE9, 0xFF, 0xE0, 0xE9, 0xE9, 0xFF, 0xE0, 0xE9, 0xEA, 0xFF,
    0xE0, 0xE9, 0xE9, 0xFF, 0xE0, 0xE7, 0xE9, 0xFF, 0xE0, 0xE7, 0xE9, 0xFF, 0xE1, 0xE9, 0xEB, 0xFF,
    0xE1, 0xEA, 0xEB, 0xFF, 0xB7, 0xAF, 0xB8, 0xFF, 0x54, 0x42, 0x52, 0xFF, 0x54, 0x42, 0x52, 0xFF,
    0x00, 0x00, 0x00, 0x00, 0x00, 0x00, 0x00, 0x00, 0x00, 0x00, 0x00, 0x00, 0x00, 0x00, 0x00, 0x00,
    0x00, 0x00, 0x00, 0x00, 0x00, 0x00, 0x00, 0x00, 0x00, 0x00, 0x00, 0x00, 0x00, 0x00, 0x00, 0x00,
    0x00, 0x00, 0x00, 0x00, 0x00, 0x00, 0x00, 0x00, 0x00, 0x00, 0x00, 0x00, 0x00, 0x00, 0x00, 0x00,
    0x00, 0x00, 0x00, 0x00, 0x00, 0x00, 0x00, 0x00, 0x00, 0x00, 0x00, 0x00, 0x00, 0x00, 0x00, 0x00,
    0x4E, 0x3D, 0x4E, 0xFF, 0x95, 0x85, 0xD2, 0xFF, 0x95, 0x85, 0xD2, 0xFF, 0x95, 0x8A, 0x97, 0xFF,
    0xE2, 0xEB, 0xEB, 0xFF, 0xE1, 0xE9, 0xEB, 0xFF, 0xE0, 0xE9, 0xE9, 0xFF, 0xE0, 0xE9, 0xEA, 0xFF,
    0xE0, 0xE9, 0xEA, 0xFF, 0xE0, 0xE7, 0xE9, 0xFF, 0xE0, 0xE9, 0xEA, 0xFF, 0x47, 0x36, 0x4A, 0xFF,
    0x4E, 0x3D, 0x4E, 0xFF, 0x4E, 0x3D, 0x4E, 0xFF, 0x4E, 0x3D, 0x4E, 0xFF, 0x47, 0x36, 0x4A, 0xFF,
    0x6C, 0x5A, 0x80, 0xFF, 0xE1, 0xE9, 0xEB, 0xFF, 0xE0, 0xE9, 0xE9, 0xFF, 0xE0, 0xE9, 0xEA, 0xFF,
    0xE0, 0xE9, 0xEA, 0xFF, 0xE0, 0xE9, 0xEA, 0xFF, 0xE0, 0xE9, 0xEA, 0xFF, 0xE0, 0xE7, 0xE9, 0xFF,
    0xE0, 0xE9, 0xEA, 0xFF, 0xE0, 0xE9, 0xE9, 0xFF, 0xE0, 0xE9, 0xE9, 0xFF, 0xE0, 0xE9, 0xE9, 0xFF,
    0xB3, 0xAB, 0xB3, 0xFF, 0xB3, 0xAB, 0xB3, 0xFF, 0xB0, 0xA8, 0xB0, 0xFF, 0xB3, 0xAB, 0xB3, 0xFF,
    0xB3, 0xAB, 0xB3, 0xFF, 0xB5, 0xAD, 0xB5, 0xFF, 0xB5, 0xAD, 0xB5, 0xFF, 0x95, 0x8A, 0x97, 0xFF,
    0x4E, 0x3D, 0x4E, 0xFF, 0xB7, 0xAF, 0xB8, 0xFF, 0xB3, 0xAB, 0xB3, 0xFF, 0xB5, 0xAD, 0xB5, 0xFF,
    0xB4, 0xAD, 0xB3, 0xFF, 0xB5, 0xAD, 0xB5, 0xFF, 0xB3, 0xAB, 0xB3, 0xFF, 0xB3, 0xAB, 0xB3, 0xFF,
    0xB0, 0xA8, 0xB0, 0xFF, 0xE0, 0xE9, 0xE9, 0xFF, 0xE0, 0xE9, 0xE9, 0xFF, 0xE0, 0xE7, 0xE9, 0xFF,
    0xE0, 0xE9, 0xEA, 0xFF, 0xE0, 0xE9, 0xEA, 0xFF, 0xE0, 0xE9, 0xE9, 0xFF, 0xE0, 0xE7, 0xE9, 0xFF,
    0xE0, 0xE7, 0xE9, 0xFF, 0xE0, 0xE7, 0xE9, 0xFF, 0xE2, 0xEB, 0xEB, 0xFF, 0xB6, 0xAE, 0xB6, 0xFF,
    0x4E, 0x3D, 0x4E, 0xFF, 0x00, 0x00, 0x00, 0x00, 0x00, 0x00, 0x00, 0x00, 0x00, 0x00, 0x00, 0x00,
    0x00, 0x00, 0x00, 0x00, 0x00, 0x00, 0x00, 0x00, 0x00, 0x00, 0x00, 0x00, 0x00, 0x00, 0x00, 0x00,
    0x00, 0x00, 0x00, 0x00, 0x00, 0x00, 0x00, 0x00, 0x00, 0x00, 0x00, 0x00, 0x00, 0x00, 0x00, 0x00,
    0x00, 0x00, 0x00, 0x00, 0x00, 0x00, 0x00, 0x00, 0x00, 0x00, 0x00, 0x00, 0x00, 0x00, 0x00, 0x00,
    0x00, 0x00, 0x00, 0x00, 0x54, 0x42, 0x52, 0xFF, 0x6C, 0x5A, 0x80, 0xFF, 0x6C, 0x5A, 0x80, 0xFF,
    0xE0, 0xE9, 0xEA, 0xFF, 0xE0, 0xE9, 0xE9, 0xFF, 0xE0, 0xE9, 0xEA, 0xFF, 0xE0, 0xE9, 0xE9, 0xFF,
    0xE0, 0xE9, 0xE9, 0xFF, 0xE0, 0xE9, 0xEA, 0xFF, 0xE0, 0xE9, 0xEA, 0xFF, 0xE0, 0xE7, 0xE9, 0xFF,
    0xE3, 0xE9, 0xED, 0xFF, 0xE8, 0xEF, 0xF0, 0xFF, 0xE8, 0xEF, 0xF0, 0xFF, 0xE0, 0xE7, 0xE9, 0xFF,
    0xE0, 0xE9, 0xE9, 0xFF, 0xE0, 0xE9, 0xEA, 0xFF, 0xE0, 0xE9, 0xEA, 0xFF, 0xE0, 0xE9, 0xE9, 0xFF,
    0xE0, 0xE9, 0xE9, 0xFF, 0xE1, 0xE9, 0xEB, 0xFF, 0xE0, 0xE9, 0xEA, 0xFF, 0xE0, 0xE9, 0xE9, 0xFF,
    0xE0, 0xE9, 0xE9, 0xFF, 0xE2, 0xEB, 0xEB, 0xFF, 0xB3, 0xAB, 0xB3, 0xFF, 0xB4, 0xAD, 0xB3, 0xFF,
    0xB6, 0xAE, 0xB6, 0xFF, 0xB5, 0xAD, 0xB5, 0xFF, 0xB5, 0xAD, 0xB5, 0xFF, 0xB4, 0xAD, 0xB3, 0xFF,
    0xB5, 0xAD, 0xB5, 0xFF, 0xB5, 0xAD, 0xB5, 0xFF, 0xB3, 0xAB, 0xB3, 0xFF, 0x54, 0x42, 0x52, 0xFF,
    0xB7, 0xAF, 0xB8, 0xFF, 0xB5, 0xAD, 0xB5, 0xFF, 0xB5, 0xAD, 0xB5, 0xFF, 0xB5, 0xAD, 0xB5, 0xFF,
    0xB3, 0xAB, 0xB3, 0xFF, 0xB0, 0xA8, 0xB0, 0xFF, 0xB3, 0xAB, 0xB3, 0xFF, 0xB0, 0xA8, 0xB0, 0xFF,
    0xE1, 0xE9, 0xEB, 0xFF, 0xE0, 0xE9, 0xE9, 0xFF, 0xE0, 0xE9, 0xE9, 0xFF, 0xB0, 0xA8, 0xB0, 0xFF,
    0xE3, 0xE9, 0xED, 0xFF, 0xE0, 0xE7, 0xE9, 0xFF, 0xE0, 0xE9, 0xE9, 0xFF, 0xCA, 0xC7, 0xCF, 0xFF,
    0xE8, 0xEF, 0xF0, 0xFF, 0xDF, 0xE9, 0xEB, 0xFF, 0xE0, 0xE7, 0xE9, 0xFF, 0xE0, 0xE7, 0xE9, 0xFF,
    0xE0, 0xE7, 0xE9, 0xFF, 0x4E, 0x3D, 0x4E, 0xFF, 0xB7, 0xAF, 0xB8, 0xFF, 0x00, 0x00, 0x00, 0x00,
    0x00, 0x00, 0x00, 0x00, 0x00, 0x00, 0x00, 0x00, 0x00, 0x00, 0x00, 0x00, 0x00, 0x00, 0x00, 0x00,
    0x00, 0x00, 0x00, 0x00, 0x00, 0x00, 0x00, 0x00, 0x00, 0x00, 0x00, 0x00, 0x00, 0x00, 0x00, 0x00,
    0x00, 0x00, 0x00, 0x00, 0x00, 0x00, 0x00, 0x00, 0x00, 0x00, 0x00, 0x00, 0x00, 0x00, 0x00, 0x00,
    0x00, 0x00, 0x00, 0x00, 0x54, 0x42, 0x52, 0xFF, 0xB0, 0xA8, 0xB0, 0xFF, 0xE0, 0xE7, 0xE9, 0xFF,
    0xE1, 0xE9, 0xEB, 0xFF, 0xE0, 0xE9, 0xE9, 0xFF, 0xE1, 0xEA, 0xEB, 0xFF, 0xB0, 0xA8, 0xB0, 0xFF,
    0xE0, 0xE7, 0xE9, 0xFF, 0xE0, 0xE7, 0xE9, 0xFF, 0xE0, 0xE9, 0xE9, 0xFF, 0xE0, 0xE9, 0xE9, 0xFF,
    0xE2, 0xEB, 0xEB, 0xFF, 0xE0, 0xE9, 0xE9, 0xFF, 0xE0, 0xE9, 0xEA, 0xFF, 0xE0, 0xE9, 0xE9, 0xFF,
    0xE0, 0xE9, 0xE9, 0xFF, 0xE0, 0xE9, 0xE9, 0xFF, 0xE0, 0xE9, 0xE9, 0xFF, 0xE0, 0xE9, 0xE9, 0xFF,
    0xE2, 0xEB, 0xEB, 0xFF, 0xB7, 0xAF, 0xB8, 0xFF, 0xCA, 0xC7, 0xCF, 0xFF, 0xB0, 0xA8, 0xB0, 0xFF,
    0xE0, 0xE9, 0xE9, 0xFF, 0xE0, 0xE9, 0xE9, 0xFF, 0xE3, 0xE9, 0xED, 0xFF, 0xE3, 0xE9, 0xED, 0xFF,
    0xB5, 0xAD, 0xB5, 0xFF, 0xB5, 0xAD, 0xB5, 0xFF, 0xB5, 0xAD, 0xB5, 0xFF, 0xB5, 0xAD, 0xB5, 0xFF,
    0xB5, 0xAD, 0xB5, 0xFF, 0xB5, 0xAD, 0xB5, 0xFF, 0x54, 0x42, 0x52, 0xFF, 0xB0, 0xA8, 0xB0, 0xFF,
    0xB6, 0xAE, 0xB6, 0xFF, 0xB5, 0xAD, 0xB5, 0xFF, 0xB5, 0xAD, 0xB5, 0xFF, 0xB7, 0xAF, 0xB8, 0xFF,
    0xE2, 0xEB, 0xEB, 0xFF, 0xE8, 0xEF, 0xF0, 0xFF, 0xB3, 0xAB, 0xB3, 0xFF, 0xB0, 0xA8, 0xB0, 0xFF,
    0xE0, 0xE9, 0xEA, 0xFF, 0xE0, 0xE9, 0xEA, 0xFF, 0xE0, 0xE9, 0xEA, 0xFF, 0xE0, 0xE9, 0xE9, 0xFF,
    0xB0, 0xA8, 0xB0, 0xFF, 0xE1, 0xE9, 0xEB, 0xFF, 0xE0, 0xE9, 0xE9, 0xFF, 0xE3, 0xE9, 0xED, 0xFF,
    0xE3, 0xE9, 0xED, 0xFF, 0xE0, 0xE9, 0xEA, 0xFF, 0xE0, 0xE9, 0xE9, 0xFF, 0xE0, 0xE7, 0xE9, 0xFF,
    0xE0, 0xE7, 0xE9, 0xFF, 0xB0, 0xA8, 0xB0, 0xFF, 0x47, 0x36, 0x4A, 0xFF, 0x47, 0x36, 0x4A, 0xFF,
    0x00, 0x00, 0x00, 0x00, 0x00, 0x00, 0x00, 0x00, 0x00, 0x00, 0x00, 0x00, 0x00, 0x00, 0x00, 0x00,
    0x00, 0x00, 0x00, 0x00, 0x00, 0x00, 0x00, 0x00, 0x00, 0x00, 0x00, 0x00, 0x00, 0x00, 0x00, 0x00,
    0x00, 0x00, 0x00, 0x00, 0x00, 0x00, 0x00, 0x00, 0x00, 0x00, 0x00, 0x00, 0x00, 0x00, 0x00, 0x00,
    0x00, 0x00, 0x00, 0x00, 0x00, 0x00, 0x00, 0x00, 0x4E, 0x3D, 0x4E, 0xFF, 0x95, 0x8A, 0x97, 0xFF,
    0xB3, 0xAB, 0xB3, 0xFF, 0xE2, 0xEB, 0xEB, 0xFF, 0xE0, 0xE9, 0xE9, 0xFF, 0xB0, 0xA8, 0xB0, 0xFF,
    0xE1, 0xE9, 0xEB, 0xFF, 0xE0, 0xE9, 0xE9, 0xFF, 0xE2, 0xEB, 0xEB, 0xFF, 0xE0, 0xE9, 0xE9, 0xFF,
    0xE0, 0xE9, 0xE9, 0xFF, 0xE0, 0xE9, 0xE9, 0xFF, 0xE0, 0xE9, 0xE9, 0xFF, 0xE0, 0xE9, 0xE9, 0xFF,
    0xE0, 0xE9, 0xE9, 0xFF, 0xE0, 0xE9, 0xE9, 0xFF, 0xE0, 0xE9, 0xE9, 0xFF, 0xE0, 0xE9, 0xE9, 0xFF,
    0xE2, 0xEB, 0xEB, 0xFF, 0xB6, 0xAE, 0xB6, 0xFF, 0xB7, 0xAF, 0xB8, 0xFF, 0xB0, 0xA8, 0xB0, 0xFF,
    0xB3, 0xAB, 0xB3, 0xFF, 0xB3, 0xAB, 0xB3, 0xFF, 0xE2, 0xEB, 0xEB, 0xFF, 0xE1, 0xE9, 0xEB, 0xFF,
    0xB6, 0xAE, 0xB6, 0xFF, 0xB5, 0xAD, 0xB5, 0xFF, 0xB4, 0xAD, 0xB3, 0xFF, 0xB5, 0xAD, 0xB5, 0xFF,
    0xB6, 0xAE, 0xB6, 0xFF, 0x54, 0x42, 0x52, 0xFF, 0x54, 0x42, 0x52, 0xFF, 0xB7, 0xAF, 0xB8, 0xFF,
    0xB6, 0xAE, 0xB6, 0xFF, 0xB3, 0xAB, 0xB3, 0xFF, 0xB0, 0xA8, 0xB0, 0xFF, 0xE1, 0xE9, 0xEB, 0xFF,
    0xE0, 0xE7, 0xE9, 0xFF, 0xB0, 0xA8, 0xB0, 0xFF, 0xB0, 0xA8, 0xB0, 0xFF, 0xE1, 0xE9, 0xEB, 0xFF,
    0xE0, 0xE9, 0xE9, 0xFF, 0xE0, 0xE7, 0xE9, 0xFF, 0xE0, 0xE9, 0xEA, 0xFF, 0xE0, 0xE9, 0xEA, 0xFF,
    0xE0, 0xE9, 0xE9, 0xFF, 0xE0, 0xE9, 0xE9, 0xFF, 0xE0, 0xE9, 0xEA, 0xFF, 0xDF, 0xE9, 0xEB, 0xFF,
    0xE0, 0xE9, 0xEA, 0xFF, 0xE0, 0xE9, 0xEA, 0xFF, 0xE0, 0xE9, 0xE9, 0xFF, 0xE0, 0xE9, 0xE9, 0xFF,
    0xE0, 0xE9, 0xE9, 0xFF, 0xB4, 0xAD, 0xB3, 0xFF, 0x47, 0x36, 0x4A, 0xFF, 0x47, 0x36, 0x4A, 0xFF,
    0x00, 0x00, 0x00, 0x00, 0x00, 0x00, 0x00, 0x00, 0x00, 0x00, 0x00, 0x00, 0x00, 0x00, 0x00, 0x00,
    0x00, 0x00, 0x00, 0x00, 0x00, 0x00, 0x00, 0x00, 0x00, 0x00, 0x00, 0x00, 0x00, 0x00, 0x00, 0x00,
    0x00, 0x00, 0x00, 0x00, 0x00, 0x00, 0x00, 0x00, 0x00, 0x00, 0x00, 0x00, 0x00, 0x00, 0x00, 0x00,
    0x00, 0x00, 0x00, 0x00, 0x00, 0x00, 0x00, 0x00, 0x4E, 0x3D, 0x4E, 0xFF, 0x6C, 0x5A, 0x80, 0xFF,
    0xB5, 0xAD, 0xB5, 0xFF, 0xB3, 0xAB, 0xB3, 0xFF, 0xB3, 0xAB, 0xB3, 0xFF, 0xB3, 0xAB, 0xB3, 0xFF,
    0xE0, 0xE7, 0xE9, 0xFF, 0xE8, 0xEF, 0xF0, 0xFF, 0xE0, 0xE7, 0xE9, 0xFF, 0xE0, 0xE9, 0xE9, 0xFF,
    0xE0, 0xE7, 0xE9, 0xFF, 0xE0, 0xE9, 0xE9, 0xFF, 0xE0, 0xE9, 0xE9, 0xFF, 0xE1, 0xE9, 0xEB, 0xFF,
    0xB3, 0xAB, 0xB3, 0xFF, 0xB6, 0xAE, 0xB6, 0xFF, 0xB5, 0xAD, 0xB5, 0xFF, 0xB0, 0xA8, 0xB0, 0xFF,
    0xE0, 0xE7, 0xE9, 0xFF, 0xE0, 0xE9, 0xEA, 0xFF, 0xB6, 0xAE, 0xB6, 0xFF, 0xE1, 0xE9, 0xEB, 0xFF,
    0xB5, 0xAD, 0xB5, 0xFF, 0xB5, 0xAD, 0xB5, 0xFF, 0xB5, 0xAD, 0xB5, 0xFF, 0xB3, 0xAB, 0xB3, 0xFF,
    0xB5, 0xAD, 0xB5, 0xFF, 0xB5, 0xAD, 0xB5, 0xFF, 0xB3, 0xAB, 0xB3, 0xFF, 0xB5, 0xAD, 0xB5, 0xFF,
    0xB5, 0xAD, 0xB5, 0xFF, 0x54, 0x42, 0x52, 0xFF, 0xB6, 0xAE, 0xB6, 0xFF, 0xB6, 0xAE, 0xB6, 0xFF,
    0xB5, 0xAD, 0xB5, 0xFF, 0xE0, 0xE7, 0xE9, 0xFF, 0xE0, 0xE7, 0xE9, 0xFF, 0xE0, 0xE7, 0xE9, 0xFF,
    0xE0, 0xE9, 0xE9, 0xFF, 0xE1, 0xE9, 0xEB, 0xFF, 0xE1, 0xEA, 0xEB, 0xFF, 0xE1, 0xE9, 0xEB, 0xFF,
    0xE1, 0xE9, 0xEB, 0xFF, 0xE1, 0xE9, 0xEB, 0xFF, 0xDF, 0xE9, 0xEB, 0xFF, 0xE0, 0xE9, 0xEA, 0xFF,
    0xDF, 0xE9, 0xEB, 0xFF, 0xDF, 0xE9, 0xEB, 0xFF, 0xDF, 0xE9, 0xEB, 0xFF, 0xDF, 0xE9, 0xEB, 0xFF,
    0xDF, 0xE9, 0xEB, 0xFF, 0xDF, 0xE9, 0xEB, 0xFF, 0xDF, 0xE9, 0xEB, 0xFF, 0xDF, 0xE9, 0xEB, 0xFF,
    0xDF, 0xE9, 0xEB, 0xFF, 0xE0, 0xE7, 0xE9, 0xFF, 0xB0, 0xA8, 0xB0, 0xFF, 0xB5, 0xAD, 0xB5, 0xFF,
    0x47, 0x36, 0x4A, 0xFF, 0x00, 0x00, 0x00, 0x00, 0x00, 0x00, 0x00, 0x00, 0x00, 0x00, 0x00, 0x00,
    0x00, 0x00, 0x00, 0x00, 0x00, 0x00, 0x00, 0x00, 0x00, 0x00, 0x00, 0x00, 0x00, 0x00, 0x00, 0x00,
    0x00, 0x00, 0x00, 0x00, 0x00, 0x00, 0x00, 0x00, 0x00, 0x00, 0x00, 0x00, 0x00, 0x00, 0x00, 0x00,
    0x00, 0x00, 0x00, 0x00, 0x00, 0x00, 0x00, 0x00, 0x00, 0x00, 0x00, 0x00, 0x95, 0x8A, 0x97, 0xFF,
    0xB0, 0xA8, 0xB0, 0xFF, 0xB5, 0xAD, 0xB5, 0xFF, 0xB7, 0xAF, 0xB8, 0xFF, 0xB3, 0xAB, 0xB3, 0xFF,
    0xB3, 0xAB, 0xB3, 0xFF, 0xB3, 0xAB, 0xB3, 0xFF, 0xB0, 0xA8, 0xB0, 0xFF, 0xE1, 0xE9, 0xEB, 0xFF,
    0xE0, 0xE9, 0xE9, 0xFF, 0xE0, 0xE9, 0xE9, 0xFF, 0xE0, 0xE9, 0xE9, 0xFF, 0xE0, 0xE7, 0xE9, 0xFF,
    0xE0, 0xE7, 0xE9, 0xFF, 0xB5, 0xAD, 0xB5, 0xFF, 0xB6, 0xAE, 0xB6, 0xFF, 0xB6, 0xAE, 0xB6, 0xFF,
    0xB0, 0xA8, 0xB0, 0xFF, 0xE1, 0xE9, 0xEB, 0xFF, 0xB3, 0xAB, 0xB3, 0xFF, 0xB6, 0xAE, 0xB6, 0xFF,
    0xB6, 0xAE, 0xB6, 0xFF, 0xB5, 0xAD, 0xB5, 0xFF, 0xB3, 0xAB, 0xB3, 0xFF, 0xB5, 0xAD, 0xB5, 0xFF,
    0xB5, 0xAD, 0xB5, 0xFF, 0xB5, 0xAD, 0xB5, 0xFF, 0xB5, 0xAD, 0xB5, 0xFF, 0x95, 0x8A, 0x97, 0xFF,
    0x54, 0x42, 0x52, 0xFF, 0xB7, 0xAF, 0xB8, 0xFF, 0xB5, 0xAD, 0xB5, 0xFF, 0xB3, 0xAB, 0xB3, 0xFF,
    0xE1, 0xEA, 0xEB, 0xFF, 0xE0, 0xE9, 0xE9, 0xFF, 0xE0, 0xE7, 0xE9, 0xFF, 0xE0, 0xE7, 0xE9, 0xFF,
    0xE0, 0xE9, 0xEA, 0xFF, 0xE0, 0xE9, 0xEA, 0xFF, 0xE0, 0xE9, 0xEA, 0xFF, 0xE1, 0xE9, 0xEB, 0xFF,
    0xE0, 0xE9, 0xEA, 0xFF, 0xE1, 0xE9, 0xEB, 0xFF, 0xE1, 0xEA, 0xEB, 0xFF, 0xE0, 0xE9, 0xEA, 0xFF,
    0xDF, 0xE9, 0xEB, 0xFF, 0xDF, 0xE9, 0xEB, 0xFF, 0xDF, 0xE9, 0xEB, 0xFF, 0xDF, 0xE9, 0xEB, 0xFF,
    0xDF, 0xE9, 0xEB, 0xFF, 0xDF, 0xE9, 0xEB, 0xFF, 0xE0, 0xE9, 0xEA, 0xFF, 0xE0, 0xE9, 0xEA, 0xFF,
    0xE0, 0xE9, 0xEA, 0xFF, 0xE0, 0xE9, 0xE9, 0xFF, 0xE2, 0xEB, 0xEB, 0xFF, 0xE0, 0xE7, 0xE9, 0xFF,
    0xB0, 0xA8, 0xB0, 0xFF, 0x4E, 0x3D, 0x4E, 0xFF, 0x00, 0x00, 0x00, 0x00, 0x00, 0x00, 0x00, 0x00,
    0x00, 0x00, 0x00, 0x00, 0x00, 0x00, 0x00, 0x00, 0x00, 0x00, 0x00, 0x00, 0x00, 0x00, 0x00, 0x00,
    0x00, 0x00, 0x00, 0x00, 0x00, 0x00, 0x00, 0x00, 0x00, 0x00, 0x00, 0x00, 0x00, 0x00, 0x00, 0x00,
    0x00, 0x00, 0x00, 0x00, 0x00, 0x00, 0x00, 0x00, 0x00, 0x00, 0x00, 0x00, 0x00, 0x00, 0x00, 0x00,
    0x54, 0x42, 0x52, 0xFF, 0x4E, 0x3D, 0x4E, 0xFF, 0xB7, 0xAF, 0xB8, 0xFF, 0xB5, 0xAD, 0xB5, 0xFF,
    0xB5, 0xAD, 0xB5, 0xFF, 0xB3, 0xAB, 0xB3, 0xFF, 0xB0, 0xA8, 0xB0, 0xFF, 0xE3, 0xE9, 0xED, 0xFF,
    0xB0, 0xA8, 0xB0, 0xFF, 0xB0, 0xA8, 0xB0, 0xFF, 0xE2, 0xEB, 0xEB, 0xFF, 0xE2, 0xEB, 0xEB, 0xFF,
    0xCA, 0xC7, 0xCF, 0xFF, 0xE8, 0xEF, 0xF0, 0xFF, 0xE3, 0xE9, 0xED, 0xFF, 0xB5, 0xAD, 0xB5, 0xFF,
    0xB6, 0xAE, 0xB6, 0xFF, 0xB5, 0xAD, 0xB5, 0xFF, 0xB6, 0xAE, 0xB6, 0xFF, 0xB5, 0xAD, 0xB5, 0xFF,
    0xB6, 0xAE, 0xB6, 0xFF, 0xB5, 0xAD, 0xB5, 0xFF, 0xB5, 0xAD, 0xB5, 0xFF, 0xB6, 0xAE, 0xB6, 0xFF,
    0xB6, 0xAE, 0xB6, 0xFF, 0xB6, 0xAE, 0xB6, 0xFF, 0xB6, 0xAE, 0xB6, 0xFF, 0x54, 0x42, 0x52, 0xFF,
    0xB3, 0xAB, 0xB3, 0xFF, 0xB5, 0xAD, 0xB5, 0xFF, 0xB3, 0xAB, 0xB3, 0xFF, 0xB5, 0xAD, 0xB5, 0xFF,
    0xB3, 0xAB, 0xB3, 0xFF, 0xB0, 0xA8, 0xB0, 0xFF, 0xB0, 0xA8, 0xB0, 0xFF, 0xE0, 0xE9, 0xE9, 0xFF,
    0xE0, 0xE9, 0xEA, 0xFF, 0xDF, 0xE9, 0xEB, 0xFF, 0xE1, 0xE9, 0xEB, 0xFF, 0xE0, 0xE9, 0xEA, 0xFF,
    0xDF, 0xE9, 0xEB, 0xFF, 0xE0, 0xE9, 0xEA, 0xFF, 0xE0, 0xE9, 0xEA, 0xFF, 0xE1, 0xE9, 0xEB, 0xFF,
    0xDF, 0xE9, 0xEB, 0xFF, 0xDF, 0xE9, 0xEB, 0xFF, 0xDF, 0xE9, 0xEB, 0xFF, 0xDF, 0xE9, 0xEB, 0xFF,
    0xDF, 0xE9, 0xEB, 0xFF, 0xE0, 0xE9, 0xEA, 0xFF, 0xE1, 0xE9, 0xEB, 0xFF, 0xE0, 0xE7, 0xE9, 0xFF,
    0xB0, 0xA8, 0xB0, 0xFF, 0xB0, 0xA8, 0xB0, 0xFF, 0xE8, 0xEF, 0xF0, 0xFF, 0xE0, 0xE9, 0xEA, 0xFF,
    0xB3, 0xAB, 0xB3, 0xFF, 0x4E, 0x3D, 0x4E, 0xFF, 0x00, 0x00, 0x00, 0x00, 0x00, 0x00, 0x00, 0x00,
    0x00, 0x00, 0x00, 0x00, 0x00, 0x00, 0x00, 0x00, 0x00, 0x00, 0x00, 0x00, 0x00, 0x00, 0x00, 0x00,
    0x00, 0x00, 0x00, 0x00, 0x00, 0x00, 0x00, 0x00, 0x00, 0x00, 0x00, 0x00, 0x00, 0x00, 0x00, 0x00,
    0x00, 0x00, 0x00, 0x00, 0x00, 0x00, 0x00, 0x00, 0x00, 0x00, 0x00, 0x00, 0x00, 0x00, 0x00, 0x00,
    0x00, 0x00, 0x00, 0x00, 0x00, 0x00, 0x00, 0x00, 0x4E, 0x3D, 0x4E, 0xFF, 0x4E, 0x3D, 0x4E, 0xFF,
    0xB7, 0xAF, 0xB8, 0xFF, 0xB3, 0xAB, 0xB3, 0xFF, 0xB7, 0xAF, 0xB8, 0xFF, 0xB3, 0xAB, 0xB3, 0xFF,
    0xB5, 0xAD, 0xB5, 0xFF, 0xB3, 0xAB, 0xB3, 0xFF, 0xB5, 0xAD, 0xB5, 0xFF, 0xB5, 0xAD, 0xB5, 0xFF,
    0xB5, 0xAD, 0xB5, 0xFF, 0xB6, 0xAE, 0xB6, 0xFF, 0xB6, 0xAE, 0xB6, 0xFF, 0xB6, 0xAE, 0xB6, 0xFF,
    0xB6, 0xAE, 0xB6, 0xFF, 0xB6, 0xAE, 0xB6, 0xFF, 0xB6, 0xAE, 0xB6, 0xFF, 0xB7, 0xAF, 0xB8, 0xFF,
    0xB7, 0xAF, 0xB8, 0xFF, 0xB7, 0xAF, 0xB8, 0xFF, 0x95, 0x8A, 0x97, 0xFF, 0x95, 0x8A, 0x97, 0xFF,
    0xB6, 0xAE, 0xB6, 0xFF, 0x54, 0x42, 0x52, 0xFF, 0x54, 0x42, 0x52, 0xFF, 0xB7, 0xAF, 0xB8, 0xFF,
    0xB7, 0xAF, 0xB8, 0xFF, 0xB6, 0xAE, 0xB6, 0xFF, 0xB5, 0xAD, 0xB5, 0xFF, 0xB3, 0xAB, 0xB3, 0xFF,
    0xB0, 0xA8, 0xB0, 0xFF, 0xB0, 0xA8, 0xB0, 0xFF, 0xB0, 0xA8, 0xB0, 0xFF, 0xE0, 0xE9, 0xEA, 0xFF,
    0xE1, 0xE9, 0xEB, 0xFF, 0xDF, 0xE9, 0xEB, 0xFF, 0xE1, 0xEA, 0xEB, 0xFF, 0xB0, 0xA8, 0xB0, 0xFF,
    0xE0, 0xE9, 0xEA, 0xFF, 0xDF, 0xE9, 0xEB, 0xFF, 0xE1, 0xE9, 0xEB, 0xFF, 0xE1, 0xE9, 0xEB, 0xFF,
    0xDF, 0xE9, 0xEB, 0xFF, 0xDF, 0xE9, 0xEB, 0xFF, 0xDF, 0xE9, 0xEB, 0xFF, 0xDF, 0xE9, 0xEB, 0xFF,
    0xDF, 0xE9, 0xEB, 0xFF, 0xDF, 0xE9, 0xEB, 0xFF, 0xB0, 0xA8, 0xB0, 0xFF, 0xE1, 0xE9, 0xEB, 0xFF,
    0xB0, 0xA8, 0xB0, 0xFF, 0xB3, 0xAB, 0xB3, 0xFF, 0xE8, 0xEF, 0xF0, 0xFF, 0xE2, 0xEB, 0xEB, 0xFF,
    0xB3, 0xAB, 0xB3, 0xFF, 0x47, 0x36, 0x4A, 0xFF, 0x00, 0x00, 0x00, 0x00, 0x00, 0x00, 0x00, 0x00,
    0x00, 0x00, 0x00, 0x00, 0x00, 0x00, 0x00, 0x00, 0x00, 0x00, 0x00, 0x00, 0x00, 0x00, 0x00, 0x00,
    0x00, 0x00, 0x00, 0x00, 0x00, 0x00, 0x00, 0x00, 0x00, 0x00, 0x00, 0x00, 0x00, 0x00, 0x00, 0x00,
    0x00, 0x00, 0x00, 0x00, 0x00, 0x00, 0x00, 0x00, 0x00, 0x00, 0x00, 0x00, 0x00, 0x00, 0x00, 0x00,
    0x00, 0x00, 0x00, 0x00, 0x00, 0x00, 0x00, 0x00, 0x00, 0x00, 0x00, 0x00, 0x00, 0x00, 0x00, 0x00,
    0x47, 0x36, 0x4A, 0xFF, 0x54, 0x42, 0x52, 0xFF, 0xB0, 0xA8, 0xB0, 0xFF, 0xB5, 0xAD, 0xB5, 0xFF,
    0xB5, 0xAD, 0xB5, 0xFF, 0xB6, 0xAE, 0xB6, 0xFF, 0xB6, 0xAE, 0xB6, 0xFF, 0xB7, 0xAF, 0xB8, 0xFF,
    0xB6, 0xAE, 0xB6, 0xFF, 0xB6, 0xAE, 0xB6, 0xFF, 0xB6, 0xAE, 0xB6, 0xFF, 0xB7, 0xAF, 0xB8, 0xFF,
    0xB7, 0xAF, 0xB8, 0xFF, 0xB7, 0xAF, 0xB8, 0xFF, 0xB7, 0xAF, 0xB8, 0xFF, 0x95, 0x8A, 0x97, 0xFF,
    0x95, 0x8A, 0x97, 0xFF, 0x4E, 0x3D, 0x4E, 0xFF, 0x4E, 0x3D, 0x4E, 0xFF, 0x4E, 0x3D, 0x4E, 0xFF,
    0x54, 0x42, 0x52, 0xFF, 0xB5, 0xAD, 0xB5, 0xFF, 0xB7, 0xAF, 0xB8, 0xFF, 0xB6, 0xAE, 0xB6, 0xFF,
    0xB7, 0xAF, 0xB8, 0xFF, 0xB6, 0xAE, 0xB6, 0xFF, 0xB0, 0xA8, 0xB0, 0xFF, 0xE0, 0xE9, 0xE9, 0xFF,
    0xCA, 0xC7, 0xCF, 0xFF, 0xCA, 0xC7, 0xCF, 0xFF, 0xE2, 0xEB, 0xEB, 0xFF, 0xE0, 0xE9, 0xEA, 0xFF,
    0xE1, 0xE9, 0xEB, 0xFF, 0xE0, 0xE9, 0xEA, 0xFF, 0xE0, 0xE9, 0xEA, 0xFF, 0xDF, 0xE9, 0xEB, 0xFF,
    0xE0, 0xE9, 0xEA, 0xFF, 0xDF, 0xE9, 0xEB, 0xFF, 0xE1, 0xE9, 0xEB, 0xFF, 0xDF, 0xE9, 0xEB, 0xFF,
    0xE0, 0xE9, 0xEA, 0xFF, 0xDF, 0xE9, 0xEB, 0xFF, 0xDF, 0xE9, 0xEB, 0xFF, 0xDF, 0xE9, 0xEB, 0xFF,
    0xDF, 0xE9, 0xEB, 0xFF, 0xE0, 0xE9, 0xE9, 0xFF, 0xE0, 0xE9, 0xE9, 0xFF, 0xB0, 0xA8, 0xB0, 0xFF,
    0xE8, 0xEF, 0xF0, 0xFF, 0xB0, 0xA8, 0xB0, 0xFF, 0xB3, 0xAB, 0xB3, 0xFF, 0xB5, 0xAD, 0xB5, 0xFF,
    0xB5, 0xAD, 0xB5, 0xFF, 0xB5, 0xAD, 0xB5, 0xFF, 0x47, 0x36, 0x4A, 0xFF, 0x00, 0x00, 0x00, 0x00,
    0x00, 0x00, 0x00, 0x00, 0x00, 0x00, 0x00, 0x00, 0x00, 0x00, 0x00, 0x00, 0x00, 0x00, 0x00, 0x00,
    0x00, 0x00, 0x00, 0x00, 0x00, 0x00, 0x00, 0x00, 0x00, 0x00, 0x00, 0x00, 0x00, 0x00, 0x00, 0x00,
    0x00, 0x00, 0x00, 0x00, 0x00, 0x00, 0x00, 0x00, 0x00, 0x00, 0x00, 0x00, 0x00, 0x00, 0x00, 0x00,
    0x00, 0x00, 0x00, 0x00, 0x00, 0x00, 0x00, 0x00, 0x00, 0x00, 0x00, 0x00, 0x00, 0x00, 0x00, 0x00,
    0x00, 0x00, 0x00, 0x00, 0x00, 0x00, 0x00, 0x00, 0x47, 0x36, 0x4A, 0xFF, 0x47, 0x36, 0x4A, 0xFF,
    0x4E, 0x3D, 0x4E, 0xFF, 0x4E, 0x3D, 0x4E, 0xFF, 0x4E, 0x3D, 0x4E, 0xFF, 0xB7, 0xAF, 0xB8, 0xFF,
    0xB6, 0xAE, 0xB6, 0xFF, 0xB7, 0xAF, 0xB8, 0xFF, 0xB6, 0xAE, 0xB6, 0xFF, 0xB7, 0xAF, 0xB8, 0xFF,
    0xB7, 0xAF, 0xB8, 0xFF, 0x6C, 0x5A, 0x80, 0xFF, 0x6C, 0x5A, 0x80, 0xFF, 0x6C, 0x5A, 0x80, 0xFF,
    0x6C, 0x5A, 0x80, 0xFF, 0x95, 0x85, 0xD2, 0xFF, 0xB1, 0xA6, 0xD8, 0xFF, 0xB1, 0xA6, 0xD8, 0xFF,
    0x95, 0x85, 0xD2, 0xFF, 0x4E, 0x3D, 0x4E, 0xFF, 0xB7, 0xAF, 0xB8, 0xFF, 0xB7, 0xAF, 0xB8, 0xFF,
    0xB7, 0xAF, 0xB8, 0xFF, 0xE1, 0xE9, 0xEB, 0xFF, 0xE2, 0xEB, 0xEB, 0xFF, 0xE0, 0xE9, 0xE9, 0xFF,
    0xB6, 0xAE, 0xB6, 0xFF, 0xB0, 0xA8, 0xB0, 0xFF, 0xB5, 0xAD, 0xB5, 0xFF, 0xE0, 0xE9, 0xEA, 0xFF,
    0xE0, 0xE9, 0xEA, 0xFF, 0xDF, 0xE9, 0xEB, 0xFF, 0xE0, 0xE9, 0xE9, 0xFF, 0xE0, 0xE9, 0xEA, 0xFF,
    0xE0, 0xE9, 0xEA, 0xFF, 0xDF, 0xE9, 0xEB, 0xFF, 0xE0, 0xE9, 0xEA, 0xFF, 0xDF, 0xE9, 0xEB, 0xFF,
    0xE0, 0xE9, 0xEA, 0xFF, 0xE0, 0xE9, 0xEA, 0xFF, 0xDF, 0xE9, 0xEB, 0xFF, 0xDF, 0xE9, 0xEB, 0xFF,
    0xDF, 0xE9, 0xEB, 0xFF, 0xE1, 0xE9, 0xEB, 0xFF, 0xE0, 0xE9, 0xE9, 0xFF, 0xE0, 0xE9, 0xEA, 0xFF,
    0xE0, 0xE9, 0xE9, 0xFF, 0xE0, 0xE9, 0xEA, 0xFF, 0xB0, 0xA8, 0xB0, 0xFF, 0xB3, 0xAB, 0xB3, 0xFF,
    0xB6, 0xAE, 0xB6, 0xFF, 0xB5, 0xAD, 0xB5, 0xFF, 0x54, 0x42, 0x52, 0xFF, 0x00, 0x00, 0x00, 0x00,
    0x47, 0x36, 0x4A, 0xFF, 0x47, 0x36, 0x4A, 0xFF, 0x47, 0x36, 0x4A, 0xFF, 0x47, 0x36, 0x4A, 0xFF,
    0x00, 0x00, 0x00, 0x00, 0x00, 0x00, 0x00, 0x00, 0x00, 0x00, 0x00, 0x00, 0x00, 0x00, 0x00, 0x00,
    0x00, 0x00, 0x00, 0x00, 0x00, 0x00, 0x00, 0x00, 0x00, 0x00, 0x00, 0x00, 0x00, 0x00, 0x00, 0x00,
    0x00, 0x00, 0x00, 0x00, 0x00, 0x00, 0x00, 0x00, 0x00, 0x00, 0x00, 0x00, 0x00, 0x00, 0x00, 0x00,
    0x00, 0x00, 0x00, 0x00, 0x00, 0x00, 0x00, 0x00, 0x47, 0x36, 0x4A, 0xFF, 0xB1, 0xA6, 0xD8, 0xFF,
    0xB1, 0xA6, 0xD8, 0xFF, 0x95, 0x85, 0xD2, 0xFF, 0x6C, 0x5A, 0x80, 0xFF, 0x47, 0x36, 0x4A, 0xFF,
    0x47, 0x36, 0x4A, 0xFF, 0x47, 0x36, 0x4A, 0xFF, 0x47, 0x36, 0x4A, 0xFF, 0x47, 0x36, 0x4A, 0xFF,
    0x47, 0x36, 0x4A, 0xFF, 0x4E, 0x3D, 0x4E, 0xFF, 0x54, 0x42, 0x52, 0xFF, 0xB1, 0xA6, 0xD8, 0xFF,
    0xB1, 0xA6, 0xD8, 0xFF, 0xB1, 0xA6, 0xD8, 0xFF, 0xB1, 0xA6, 0xD8, 0xFF, 0xB1, 0xA6, 0xD8, 0xFF,
    0xB1, 0xA6, 0xD8, 0xFF, 0x95, 0x8A, 0x97, 0xFF, 0x47, 0x36, 0x4A, 0xFF, 0xB7, 0xAF, 0xB8, 0xFF,
    0xB0, 0xA8, 0xB0, 0xFF, 0xE2, 0xEB, 0xEB, 0xFF, 0xE0, 0xE9, 0xE9, 0xFF, 0xE0, 0xE9, 0xE9, 0xFF,
    0xE0, 0xE7, 0xE9, 0xFF, 0xB3, 0xAB, 0xB3, 0xFF, 0xB3, 0xAB, 0xB3, 0xFF, 0xE1, 0xE9, 0xEB, 0xFF,
    0xE0, 0xE9, 0xE9, 0xFF, 0xE0, 0xE9, 0xE9, 0xFF, 0xE0, 0xE9, 0xE9, 0xFF, 0xE0, 0xE9, 0xEA, 0xFF,
    0xE0, 0xE9, 0xEA, 0xFF, 0xDF, 0xE9, 0xEB, 0xFF, 0xE0, 0xE9, 0xEA, 0xFF, 0xE0, 0xE9, 0xEA, 0xFF,
    0xE0, 0xE9, 0xEA, 0xFF, 0xE0, 0xE9, 0xEA, 0xFF, 0xDF, 0xE9, 0xEB, 0xFF, 0xE0, 0xE9, 0xEA, 0xFF,
    0xE0, 0xE9, 0xEA, 0xFF, 0xE0, 0xE9, 0xE9, 0xFF, 0xE0, 0xE9, 0xE9, 0xFF, 0xE0, 0xE9, 0xE9, 0xFF,
    0xE0, 0xE7, 0xE9, 0xFF, 0xE0, 0xE7, 0xE9, 0xFF, 0xE3, 0xE9, 0xED, 0xFF, 0xE0, 0xE7, 0xE9, 0xFF,
    0xB6, 0xAE, 0xB6, 0xFF, 0xB6, 0xAE, 0xB6, 0xFF, 0x4E, 0x3D, 0x4E, 0xFF, 0x54, 0x42, 0x52, 0xFF,
    0xB0, 0xA8, 0xB0, 0xFF, 0xCA, 0xC7, 0xCF, 0xFF, 0xCA, 0xC7, 0xCF, 0xFF, 0xCA, 0xC7, 0xCF, 0xFF,
    0x47, 0x36, 0x4A, 0xFF, 0x00, 0x00, 0x00, 0x00, 0x00, 0x00, 0x00, 0x00, 0x00, 0x00, 0x00, 0x00,
    0x00, 0x00, 0x00, 0x00, 0x00, 0x00, 0x00, 0x00, 0x00, 0x00, 0x00, 0x00, 0x00, 0x00, 0x00, 0x00,
    0x00, 0x00, 0x00, 0x00, 0x00, 0x00, 0x00, 0x00, 0x00, 0x00, 0x00, 0x00, 0x00, 0x00, 0x00, 0x00,
    0x00, 0x00, 0x00, 0x00, 0x00, 0x00, 0x00, 0x00, 0x54, 0x42, 0x52, 0xFF, 0xB1, 0xA6, 0xD8, 0xFF,
    0xB1, 0xA6, 0xD8, 0xFF, 0x95, 0x85, 0xD2, 0xFF, 0x6C, 0x5A, 0x80, 0xFF, 0x4E, 0x3D, 0x4E, 0xFF,
    0x54, 0x42, 0x52, 0xFF, 0x54, 0x42, 0x52, 0xFF, 0x54, 0x42, 0x52, 0xFF, 0x4E, 0x3D, 0x4E, 0xFF,
    0x54, 0x42, 0x52, 0xFF, 0x54, 0x42, 0x52, 0xFF, 0x54, 0x42, 0x52, 0xFF, 0xB1, 0xA6, 0xD8, 0xFF,
    0xB1, 0xA6, 0xD8, 0xFF, 0xB1, 0xA6, 0xD8, 0xFF, 0xB1, 0xA6, 0xD8, 0xFF, 0xB1, 0xA6, 0xD8, 0xFF,
    0xB1, 0xA6, 0xD8, 0xFF, 0x95, 0x85, 0xD2, 0xFF, 0x47, 0x36, 0x4A, 0xFF, 0xB6, 0xAE, 0xB6, 0xFF,
    0xE2, 0xEB, 0xEB, 0xFF, 0xE0, 0xE9, 0xE9, 0xFF, 0xE0, 0xE9, 0xE9, 0xFF, 0xE0, 0xE9, 0xE9, 0xFF,
    0xE0, 0xE7, 0xE9, 0xFF, 0xE8, 0xEF, 0xF0, 0xFF, 0xE0, 0xE9, 0xE9, 0xFF, 0xE0, 0xE9, 0xE9, 0xFF,
    0xE0, 0xE9, 0xE9, 0xFF, 0xE0, 0xE9, 0xEA, 0xFF, 0xE0, 0xE9, 0xEA, 0xFF, 0xE1, 0xE9, 0xEB, 0xFF,
    0xE1, 0xE9, 0xEB, 0xFF, 0xE0, 0xE9, 0xEA, 0xFF, 0xE1, 0xE9, 0xEB, 0xFF, 0xE0, 0xE9, 0xEA, 0xFF,
    0xE0, 0xE9, 0xEA, 0xFF, 0xE0, 0xE9, 0xEA, 0xFF, 0xDF, 0xE9, 0xEB, 0xFF, 0xDF, 0xE9, 0xEB, 0xFF,
    0xE0, 0xE9, 0xEA, 0xFF, 0xE0, 0xE9, 0xEA, 0xFF, 0xE0, 0xE9, 0xEA, 0xFF, 0xE0, 0xE7, 0xE9, 0xFF,
    0xB0, 0xA8, 0xB0, 0xFF, 0xB0, 0xA8, 0xB0, 0xFF, 0xE8, 0xEF, 0xF0, 0xFF, 0xE1, 0xE9, 0xEB, 0xFF,
    0xB5, 0xAD, 0xB5, 0xFF, 0xB7, 0xAF, 0xB8, 0xFF, 0x4E, 0x3D, 0x4E, 0xFF, 0x54, 0x42, 0x52, 0xFF,
    0xB0, 0xA8, 0xB0, 0xFF, 0xE0, 0xE9, 0xE9, 0xFF, 0xE2, 0xEB, 0xEB, 0xFF, 0xE0, 0xE9, 0xE9, 0xFF,
    0x47, 0x36, 0x4A, 0xFF, 0x00, 0x00, 0x00, 0x00, 0x00, 0x00, 0x00, 0x00, 0x00, 0x00, 0x00, 0x00,
    0x00, 0x00, 0x00, 0x00, 0x00, 0x00, 0x00, 0x00, 0x00, 0x00, 0x00, 0x00, 0x00, 0x00, 0x00, 0x00,
    0x00, 0x00, 0x00, 0x00, 0x00, 0x00, 0x00, 0x00, 0x00, 0x00, 0x00, 0x00, 0x00, 0x00, 0x00, 0x00,
    0x00, 0x00, 0x00, 0x00, 0x00, 0x00, 0x00, 0x00, 0x95, 0x8A, 0x97, 0xFF, 0xB1, 0xA6, 0xD8, 0xFF,
    0xB1, 0xA6, 0xD8, 0xFF, 0xB1, 0xA6, 0xD8, 0xFF, 0xB1, 0xA6, 0xD8, 0xFF, 0x95, 0x85, 0xD2, 0xFF,
    0x6C, 0x5A, 0x80, 0xFF, 0x95, 0x8A, 0x97, 0xFF, 0x95, 0x85, 0xD2, 0xFF, 0x95, 0x85, 0xD2, 0xFF,
    0x95, 0x85, 0xD2, 0xFF, 0x4E, 0x3D, 0x4E, 0xFF, 0x95, 0x85, 0xD2, 0xFF, 0x6C, 0x5A, 0x80, 0xFF,
    0x6C, 0x5A, 0x80, 0xFF, 0xB1, 0xA6, 0xD8, 0xFF, 0xB1, 0xA6, 0xD8, 0xFF, 0xB1, 0xA6, 0xD8, 0xFF,
    0xB1, 0xA6, 0xD8, 0xFF, 0x95, 0x85, 0xD2, 0xFF, 0x47, 0x36, 0x4A, 0xFF, 0xB5, 0xAD, 0xB5, 0xFF,
    0xE0, 0xE9, 0xE9, 0xFF, 0xE0, 0xE9, 0xE9, 0xFF, 0xE0, 0xE9, 0xE9, 0xFF, 0xE0, 0xE7, 0xE9, 0xFF,
    0xE0, 0xE7, 0xE9, 0xFF, 0xE0, 0xE7, 0xE9, 0xFF, 0xE0, 0xE9, 0xEA, 0xFF, 0xE0, 0xE9, 0xE9, 0xFF,
    0xE0, 0xE9, 0xE9, 0xFF, 0xE0, 0xE9, 0xEA, 0xFF, 0xE0, 0xE9, 0xE9, 0xFF, 0xE1, 0xE9, 0xEB, 0xFF,
    0xE0, 0xE9, 0xEA, 0xFF, 0xE1, 0xEA, 0xEB, 0xFF, 0xE0, 0xE9, 0xEA, 0xFF, 0xE0, 0xE9, 0xE9, 0xFF,
    0xE1, 0xE9, 0xEB, 0xFF, 0xE1, 0xE9, 0xEB, 0xFF, 0xDF, 0xE9, 0xEB, 0xFF, 0xDF, 0xE9, 0xEB, 0xFF,
    0xE0, 0xE7, 0xE9, 0xFF, 0xE2, 0xEB, 0xEB, 0xFF, 0xE1, 0xE9, 0xEB, 0xFF, 0xE0, 0xE9, 0xE9, 0xFF,
    0xE0, 0xE7, 0xE9, 0xFF, 0xB4, 0xAD, 0xB3, 0xFF, 0xB5, 0xAD, 0xB5, 0xFF, 0xB5, 0xAD, 0xB5, 0xFF,
    0xB5, 0xAD, 0xB5, 0xFF, 0xB3, 0xAB, 0xB3, 0xFF, 0xB6, 0xAE, 0xB6, 0xFF, 0x54, 0x42, 0x52, 0xFF,
    0xE8, 0xEF, 0xF0, 0xFF, 0xE1, 0xE9, 0xEB, 0xFF, 0xE0, 0xE9, 0xE9, 0xFF, 0xE0, 0xE7, 0xE9, 0xFF,
    0xB0, 0xA8, 0xB0, 0xFF, 0x4E, 0x3D, 0x4E, 0xFF, 0x00, 0x00, 0x00, 0x00, 0x00, 0x00, 0x00, 0x00,
    0x00, 0x00, 0x00, 0x00, 0x00, 0x00, 0x00, 0x00, 0x00, 0x00, 0x00, 0x00, 0x00, 0x00, 0x00, 0x00,
    0x00, 0x00, 0x00, 0x00, 0x00, 0x00, 0x00, 0x00, 0x00, 0x00, 0x00, 0x00, 0x00, 0x00, 0x00, 0x00,
    0x00, 0x00, 0x00, 0x00, 0x00, 0x00, 0x00, 0x00, 0x6C, 0x5A, 0x80, 0xFF, 0xB1, 0xA6, 0xD8, 0xFF,
    0xB1, 0xA6, 0xD8, 0xFF, 0xB1, 0xA6, 0xD8, 0xFF, 0x6C, 0x5A, 0x80, 0xFF, 0x6C, 0x5A, 0x80, 0xFF,
    0x6C, 0x5A, 0x80, 0xFF, 0xB1, 0xA6, 0xD8, 0xFF, 0xB1, 0xA6, 0xD8, 0xFF, 0xB1, 0xA6, 0xD8, 0xFF,
    0xB1, 0xA6, 0xD8, 0xFF, 0x4E, 0x3D, 0x4E, 0xFF, 0x6C, 0x5A, 0x80, 0xFF, 0x95, 0x85, 0xD2, 0xFF,
    0x95, 0x85, 0xD2, 0xFF, 0x6C, 0x5A, 0x80, 0xFF, 0xB1, 0xA6, 0xD8, 0xFF, 0xB1, 0xA6, 0xD8, 0xFF,
    0xB1, 0xA6, 0xD8, 0xFF, 0x95, 0x85, 0xD2, 0xFF, 0x4E, 0x3D, 0x4E, 0xFF, 0xB5, 0xAD, 0xB5, 0xFF,
    0xE2, 0xEB, 0xEB, 0xFF, 0xE1, 0xE9, 0xEB, 0xFF, 0xE1, 0xE9, 0xEB, 0xFF, 0xE1, 0xE9, 0xEB, 0xFF,
    0xE0, 0xE9, 0xE9, 0xFF, 0xE0, 0xE9, 0xE9, 0xFF, 0xE0, 0xE9, 0xE9, 0xFF, 0xE0, 0xE7, 0xE9, 0xFF,
    0xB7, 0xAF, 0xB8, 0xFF, 0xE0, 0xE9, 0xEA, 0xFF, 0xE1, 0xE9, 0xEB, 0xFF, 0xB5, 0xAD, 0xB5, 0xFF,
    0xE1, 0xE9, 0xEB, 0xFF, 0xB0, 0xA8, 0xB0, 0xFF, 0xB0, 0xA8, 0xB0, 0xFF, 0xB3, 0xAB, 0xB3, 0xFF,
    0xE2, 0xEB, 0xEB, 0xFF, 0xDF, 0xE9, 0xEB, 0xFF, 0xDF, 0xE9, 0xEB, 0xFF, 0xDF, 0xE9, 0xEB, 0xFF,
    0xE1, 0xEA, 0xEB, 0xFF, 0xB0, 0xA8, 0xB0, 0xFF, 0xE2, 0xEB, 0xEB, 0xFF, 0xE0, 0xE7, 0xE9, 0xFF,
    0xE0, 0xE7, 0xE9, 0xFF, 0xB3, 0xAB, 0xB3, 0xFF, 0xB5, 0xAD, 0xB5, 0xFF, 0xB5, 0xAD, 0xB5, 0xFF,
    0xB5, 0xAD, 0xB5, 0xFF, 0xB5, 0xAD, 0xB5, 0xFF, 0xB6, 0xAE, 0xB6, 0xFF, 0x54, 0x42, 0x52, 0xFF,
    0xB7, 0xAF, 0xB8, 0xFF, 0xE2, 0xEB, 0xEB, 0xFF, 0xE1, 0xEA, 0xEB, 0xFF, 0xE0, 0xE9, 0xEA, 0xFF,
    0xE2, 0xEB, 0xEB, 0xFF, 0xE2, 0xEB, 0xEB, 0xFF, 0x4E, 0x3D, 0x4E, 0xFF, 0x00, 0x00, 0x00, 0x00,
    0x00, 0x00, 0x00, 0x00, 0x00, 0x00, 0x00, 0x00, 0x00, 0x00, 0x00, 0x00, 0x00, 0x00, 0x00, 0x00,
    0x00, 0x00, 0x00, 0x00, 0x00, 0x00, 0x00, 0x00, 0x00, 0x00, 0x00, 0x00, 0x00, 0x00, 0x00, 0x00,
    0x00, 0x00, 0x00, 0x00, 0x00, 0x00, 0x00, 0x00, 0x6C, 0x5A, 0x80, 0xFF, 0xB1, 0xA6, 0xD8, 0xFF,
    0xB1, 0xA6, 0xD8, 0xFF, 0xB1, 0xA6, 0xD8, 0xFF, 0x6C, 0x5A, 0x80, 0xFF, 0x95, 0x85, 0xD2, 0xFF,
    0x95, 0x8A, 0x97, 0xFF, 0xB1, 0xA6, 0xD8, 0xFF, 0xB1, 0xA6, 0xD8, 0xFF, 0xB1, 0xA6, 0xD8, 0xFF,
    0xB1, 0xA6, 0xD8, 0xFF, 0x4E, 0x3D, 0x4E, 0xFF, 0x95, 0x85, 0xD2, 0xFF, 0x95, 0x8A, 0x97, 0xFF,
    0xB1, 0xA6, 0xD8, 0xFF, 0xB1, 0xA6, 0xD8, 0xFF, 0xB1, 0xA6, 0xD8, 0xFF, 0xB1, 0xA6, 0xD8, 0xFF,
    0xB1, 0xA6, 0xD8, 0xFF, 0x95, 0x85, 0xD2, 0xFF, 0x4E, 0x3D, 0x4E, 0xFF, 0xB5, 0xAD, 0xB5, 0xFF,
    0xE8, 0xEF, 0xF0, 0xFF, 0xE0, 0xE9, 0xE9, 0xFF, 0xE0, 0xE7, 0xE9, 0xFF, 0xE0, 0xE9, 0xE9, 0xFF,
    0xE0, 0xE9, 0xE9, 0xFF, 0xE0, 0xE9, 0xE9, 0xFF, 0xE0, 0xE9, 0xE9, 0xFF, 0xE1, 0xE9, 0xEB, 0xFF,
    0xE0, 0xE9, 0xE9, 0xFF, 0xB3, 0xAB, 0xB3, 0xFF, 0xB5, 0xAD, 0xB5, 0xFF, 0xB7, 0xAF, 0xB8, 0xFF,
    0x54, 0x42, 0x52, 0xFF, 0xE3, 0xE9, 0xED, 0xFF, 0xE8, 0xEF, 0xF0, 0xFF, 0xE0, 0xE9, 0xE9, 0xFF,
    0xE0, 0xE9, 0xEA, 0xFF, 0xE1, 0xEA, 0xEB, 0xFF, 0xDF, 0xE9, 0xEB, 0xFF, 0xDF, 0xE9, 0xEB, 0xFF,
    0xE1, 0xE9, 0xEB, 0xFF, 0xE2, 0xEB, 0xEB, 0xFF, 0xE3, 0xE9, 0xED, 0xFF, 0xDF, 0xE9, 0xEB, 0xFF,
    0xE0, 0xE9, 0xE9, 0xFF, 0xE3, 0xE9, 0xED, 0xFF, 0xB0, 0xA8, 0xB0, 0xFF, 0xB5, 0xAD, 0xB5, 0xFF,
    0xB5, 0xAD, 0xB5, 0xFF, 0xB4, 0xAD, 0xB3, 0xFF, 0xB5, 0xAD, 0xB5, 0xFF, 0x6C, 0x5A, 0x80, 0xFF,
    0xCA, 0xC7, 0xCF, 0xFF, 0xE8, 0xEF, 0xF0, 0xFF, 0xE8, 0xEF, 0xF0, 0xFF, 0xE0, 0xE9, 0xE9, 0xFF,
    0xE0, 0xE9, 0xE9, 0xFF, 0xE0, 0xE9, 0xE9, 0xFF, 0x4E, 0x3D, 0x4E, 0xFF, 0x00, 0x00, 0x00, 0x00,
    0x00, 0x00, 0x00, 0x00, 0x00, 0x00, 0x00, 0x00, 0x00, 0x00, 0x00, 0x00, 0x00, 0x00, 0x00, 0x00,
    0x00, 0x00, 0x00, 0x00, 0x00, 0x00, 0x00, 0x00, 0x00, 0x00, 0x00, 0x00, 0x00, 0x00, 0x00, 0x00,
    0x00, 0x00, 0x00, 0x00, 0x00, 0x00, 0x00, 0x00, 0x47, 0x36, 0x4A, 0xFF, 0xB1, 0xA6, 0xD8, 0xFF,
    0xB1, 0xA6, 0xD8, 0xFF, 0xB1, 0xA6, 0xD8, 0xFF, 0xB1, 0xA6, 0xD8, 0xFF, 0x95, 0x85, 0xD2, 0xFF,
    0x6C, 0x5A, 0x80, 0xFF, 0x95, 0x8A, 0x97, 0xFF, 0xB1, 0xA6, 0xD8, 0xFF, 0x6C, 0x5A, 0x80, 0xFF,
    0x95, 0x8A, 0x97, 0xFF, 0x54, 0x42, 0x52, 0xFF, 0x95, 0x85, 0xD2, 0xFF, 0xB1, 0xA6, 0xD8, 0xFF,
    0xB1, 0xA6, 0xD8, 0xFF, 0xB1, 0xA6, 0xD8, 0xFF, 0xB1, 0xA6, 0xD8, 0xFF, 0xB1, 0xA6, 0xD8, 0xFF,
    0xB1, 0xA6, 0xD8, 0xFF, 0x95, 0x85, 0xD2, 0xFF, 0x4E, 0x3D, 0x4E, 0xFF, 0xB5, 0xAD, 0xB5, 0xFF,
    0xB5, 0xAD, 0xB5, 0xFF, 0xE2, 0xEB, 0xEB, 0xFF, 0xE0, 0xE9, 0xE9, 0xFF, 0xE2, 0xEB, 0xEB, 0xFF,
    0xE0, 0xE9, 0xE9, 0xFF, 0xE0, 0xE9, 0xE9, 0xFF, 0xE0, 0xE9, 0xE9, 0xFF, 0xE0, 0xE7, 0xE9, 0xFF,
    0xE0, 0xE9, 0xE9, 0xFF, 0xB0, 0xA8, 0xB0, 0xFF, 0xB5, 0xAD, 0xB5, 0xFF, 0xB7, 0xAF, 0xB8, 0xFF,
    0x6C, 0x5A, 0x80, 0xFF, 0xE0, 0xE7, 0xE9, 0xFF, 0xDF, 0xE9, 0xEB, 0xFF, 0xE1, 0xE9, 0xEB, 0xFF,
    0xDF, 0xE9, 0xEB, 0xFF, 0xE1, 0xEA, 0xEB, 0xFF, 0xDF, 0xE9, 0xEB, 0xFF, 0xDF, 0xE9, 0xEB, 0xFF,
    0xE1, 0xE9, 0xEB, 0xFF, 0xE0, 0xE9, 0xE9, 0xFF, 0xE0, 0xE9, 0xE9, 0xFF, 0xE0, 0xE9, 0xE9, 0xFF,
    0xE0, 0xE7, 0xE9, 0xFF, 0xE0, 0xE9, 0xE9, 0xFF, 0xB0, 0xA8, 0xB0, 0xFF, 0xB3, 0xAB, 0xB3, 0xFF,
    0xB4, 0xAD, 0xB3, 0xFF, 0xB5, 0xAD, 0xB5, 0xFF, 0xB4, 0xAD, 0xB3, 0xFF, 0x6C, 0x5A, 0x80, 0xFF,
    0xCA, 0xC7, 0xCF, 0xFF, 0xB6, 0xAE, 0xB6, 0xFF, 0xB3, 0xAB, 0xB3, 0xFF, 0xE0, 0xE9, 0xE9, 0xFF,
    0xE0, 0xE9, 0xEA, 0xFF, 0xE0, 0xE9, 0xE9, 0xFF, 0xB7, 0xAF, 0xB8, 0xFF, 0x4E, 0x3D, 0x4E, 0xFF,
    0x00, 0x00, 0x00, 0x00, 0x00, 0x00, 0x00, 0x00, 0x00, 0x00, 0x00, 0x00, 0x00, 0x00, 0x00, 0x00,
    0x00, 0x00, 0x00, 0x00, 0x00, 0x00, 0x00, 0x00, 0x00, 0x00, 0x00, 0x00, 0x00, 0x00, 0x00, 0x00,
    0x00, 0x00, 0x00, 0x00, 0x00, 0x00, 0x00, 0x00, 0x47, 0x36, 0x4A, 0xFF, 0xB1, 0xA6, 0xD8, 0xFF,
    0xB1, 0xA6, 0xD8, 0xFF, 0xB1, 0xA6, 0xD8, 0xFF, 0xB1, 0xA6, 0xD8, 0xFF, 0x95, 0x85, 0xD2, 0xFF,
    0x95, 0x8A, 0x97, 0xFF, 0x4E, 0x3D, 0x4E, 0xFF, 0x4E, 0x3D, 0x4E, 0xFF, 0x54, 0x42, 0x52, 0xFF,
    0x54, 0x42, 0x52, 0xFF, 0x54, 0x42, 0x52, 0xFF, 0x95, 0x85, 0xD2, 0xFF, 0xB1, 0xA6, 0xD8, 0xFF,
    0xB1, 0xA6, 0xD8, 0xFF, 0xB1, 0xA6, 0xD8, 0xFF, 0xB1, 0xA6, 0xD8, 0xFF, 0xB1, 0xA6, 0xD8, 0xFF,
    0x95, 0x85, 0xD2, 0xFF, 0x95, 0x85, 0xD2, 0xFF, 0x4E, 0x3D, 0x4E, 0xFF, 0xB6, 0xAE, 0xB6, 0xFF,
    0xB5, 0xAD, 0xB5, 0xFF, 0xB4, 0xAD, 0xB3, 0xFF, 0xB5, 0xAD, 0xB5, 0xFF, 0xB5, 0xAD, 0xB5, 0xFF,
    0xE0, 0xE9, 0xE9, 0xFF, 0xE0, 0xE9, 0xE9, 0xFF, 0xE0, 0xE9, 0xE9, 0xFF, 0xE2, 0xEB, 0xEB, 0xFF,
    0xE1, 0xE9, 0xEB, 0xFF, 0xB3, 0xAB, 0xB3, 0xFF, 0xB4, 0xAD, 0xB3, 0xFF, 0x54, 0x42, 0x52, 0xFF,
    0xB0, 0xA8, 0xB0, 0xFF, 0xDF, 0xE9, 0xEB, 0xFF, 0xE0, 0xE9, 0xE9, 0xFF, 0xE0, 0xE9, 0xE9, 0xFF,
    0xDF, 0xE9, 0xEB, 0xFF, 0xE0, 0xE9, 0xEA, 0xFF, 0xDF, 0xE9, 0xEB, 0xFF, 0xE0, 0xE9, 0xEA, 0xFF,
    0xE0, 0xE9, 0xEA, 0xFF, 0xE0, 0xE9, 0xE9, 0xFF, 0xE0, 0xE9, 0xE9, 0xFF, 0xE0, 0xE9, 0xE9, 0xFF,
    0xE0, 0xE9, 0xEA, 0xFF, 0xE0, 0xE9, 0xE9, 0xFF, 0xE1, 0xEA, 0xEB, 0xFF, 0xE2, 0xEB, 0xEB, 0xFF,
    0xB3, 0xAB, 0xB3, 0xFF, 0xB5, 0xAD, 0xB5, 0xFF, 0xB4, 0xAD, 0xB3, 0xFF, 0x6C, 0x5A, 0x80, 0xFF,
    0xCA, 0xC7, 0xCF, 0xFF, 0xB7, 0xAF, 0xB8, 0xFF, 0xB5, 0xAD, 0xB5, 0xFF, 0xE0, 0xE9, 0xE9, 0xFF,
    0xE0, 0xE7, 0xE9, 0xFF, 0xB5, 0xAD, 0xB5, 0xFF, 0xB6, 0xAE, 0xB6, 0xFF, 0x47, 0x36, 0x4A, 0xFF,
    0x00, 0x00, 0x00, 0x00, 0x00, 0x00, 0x00, 0x00, 0x00, 0x00, 0x00, 0x00, 0x00, 0x00, 0x00, 0x00,
    0x00, 0x00, 0x00, 0x00, 0x00, 0x00, 0x00, 0x00, 0x00, 0x00, 0x00, 0x00, 0x00, 0x00, 0x00, 0x00,
    0x00, 0x00, 0x00, 0x00, 0x00, 0x00, 0x00, 0x00, 0x00, 0x00, 0x00, 0x00, 0x47, 0x36, 0x4A, 0xFF,
    0x6C, 0x5A, 0x80, 0xFF, 0x95, 0x85, 0xD2, 0xFF, 0x95, 0x85, 0xD2, 0xFF, 0x47, 0x36, 0x4A, 0xFF,
    0x4E, 0x3D, 0x4E, 0xFF, 0xB0, 0xA8, 0xB0, 0xFF, 0xB0, 0xA8, 0xB0, 0xFF, 0x6C, 0x5A, 0x80, 0xFF,
    0x54, 0x42, 0x52, 0xFF, 0xB7, 0xAF, 0xB8, 0xFF, 0x4E, 0x3D, 0x4E, 0xFF, 0x95, 0x8A, 0x97, 0xFF,
    0x95, 0x85, 0xD2, 0xFF, 0x95, 0x85, 0xD2, 0xFF, 0x95, 0x85, 0xD2, 0xFF, 0x95, 0x85, 0xD2, 0xFF,
    0x95, 0x85, 0xD2, 0xFF, 0x47, 0x36, 0x4A, 0xFF, 0xB7, 0xAF, 0xB8, 0xFF, 0xB6, 0xAE, 0xB6, 0xFF,
    0xB5, 0xAD, 0xB5, 0xFF, 0xB5, 0xAD, 0xB5, 0xFF, 0xE3, 0xE9, 0xED, 0xFF, 0xB3, 0xAB, 0xB3, 0xFF,
    0xB3, 0xAB, 0xB3, 0xFF, 0xE2, 0xEB, 0xEB, 0xFF, 0xE0, 0xE9, 0xE9, 0xFF, 0xE1, 0xE9, 0xEB, 0xFF,
    0xB5, 0xAD, 0xB5, 0xFF, 0x54, 0x42, 0x52, 0xFF, 0x54, 0x42, 0x52, 0xFF, 0xB6, 0xAE, 0xB6, 0xFF,
    0xE1, 0xEA, 0xEB, 0xFF, 0xE0, 0xE9, 0xE9, 0xFF, 0xE1, 0xEA, 0xEB, 0xFF, 0xE0, 0xE9, 0xE9, 0xFF,
    0xE0, 0xE9, 0xEA, 0xFF, 0xE1, 0xE9, 0xEB, 0xFF, 0xE0, 0xE9, 0xEA, 0xFF, 0xE1, 0xE9, 0xEB, 0xFF,
    0xE0, 0xE9, 0xE9, 0xFF, 0xE0, 0xE9, 0xE9, 0xFF, 0xE0, 0xE7, 0xE9, 0xFF, 0xB0, 0xA8, 0xB0, 0xFF,
    0xE8, 0xEF, 0xF0, 0xFF, 0xE0, 0xE9, 0xEA, 0xFF, 0xB0, 0xA8, 0xB0, 0xFF, 0xB0, 0xA8, 0xB0, 0xFF,
    0xE2, 0xEB, 0xEB, 0xFF, 0xB3, 0xAB, 0xB3, 0xFF, 0xB4, 0xAD, 0xB3, 0xFF, 0x6C, 0x5A, 0x80, 0xFF,
    0xB0, 0xA8, 0xB0, 0xFF, 0xE3, 0xE9, 0xED, 0xFF, 0xE2, 0xEB, 0xEB, 0xFF, 0xE0, 0xE9, 0xE9, 0xFF,
    0xB0, 0xA8, 0xB0, 0xFF, 0xB5, 0xAD, 0xB5, 0xFF, 0xB4, 0xAD, 0xB3, 0xFF, 0x4E, 0x3D, 0x4E, 0xFF,
    0x00, 0x00, 0x00, 0x00, 0x00, 0x00, 0x00, 0x00, 0x00, 0x00, 0x00, 0x00, 0x00, 0x00, 0x00, 0x00,
    0x00, 0x00, 0x00, 0x00, 0x00, 0x00, 0x00, 0x00, 0x00, 0x00, 0x00, 0x00, 0x00, 0x00, 0x00, 0x00,
    0x00, 0x00, 0x00, 0x00, 0x00, 0x00, 0x00, 0x00, 0x00, 0x00, 0x00, 0x00, 0x00, 0x00, 0x00, 0x00,
    0x47, 0x36, 0x4A, 0xFF, 0x4E, 0x3D, 0x4E, 0xFF, 0x4E, 0x3D, 0x4E, 0xFF, 0x4E, 0x3D, 0x4E, 0xFF,
    0x54, 0x42, 0x52, 0xFF, 0xB0, 0xA8, 0xB0, 0xFF, 0x95, 0x8A, 0x97, 0xFF, 0x6C, 0x5A, 0x80, 0xFF,
    0xB3, 0xAB, 0xB3, 0xFF, 0xB7, 0xAF, 0xB8, 0xFF, 0xB3, 0xAB, 0xB3, 0xFF, 0x47, 0x36, 0x4A, 0xFF,
    0x54, 0x42, 0x52, 0xFF, 0x54, 0x42, 0x52, 0xFF, 0x95, 0x85, 0xD2, 0xFF, 0x95, 0x85, 0xD2, 0xFF,
    0x95, 0x85, 0xD2, 0xFF, 0x4E, 0x3D, 0x4E, 0xFF, 0xB7, 0xAF, 0xB8, 0xFF, 0xB6, 0xAE, 0xB6, 0xFF,
    0xB6, 0xAE, 0xB6, 0xFF, 0xB6, 0xAE, 0xB6, 0xFF, 0xB6, 0xAE, 0xB6, 0xFF, 0xB5, 0xAD, 0xB5, 0xFF,
    0xB5, 0xAD, 0xB5, 0xFF, 0xE2, 0xEB, 0xEB, 0xFF, 0xE3, 0xE9, 0xED, 0xFF, 0xB5, 0xAD, 0xB5, 0xFF,
    0xB5, 0xAD, 0xB5, 0xFF, 0x54, 0x42, 0x52, 0xFF, 0x54, 0x42, 0x52, 0xFF, 0xB6, 0xAE, 0xB6, 0xFF,
    0xE0, 0xE9, 0xEA, 0xFF, 0xE0, 0xE9, 0xE9, 0xFF, 0xE0, 0xE9, 0xE9, 0xFF, 0xE1, 0xE9, 0xEB, 0xFF,
    0xE1, 0xE9, 0xEB, 0xFF, 0xE1, 0xE9, 0xEB, 0xFF, 0xE1, 0xE9, 0xEB, 0xFF, 0xE1, 0xEA, 0xEB, 0xFF,
    0xE0, 0xE9, 0xEA, 0xFF, 0xE0, 0xE7, 0xE9, 0xFF, 0xE0, 0xE7, 0xE9, 0xFF, 0xB5, 0xAD, 0xB5, 0xFF,
    0xB3, 0xAB, 0xB3, 0xFF, 0xB0, 0xA8, 0xB0, 0xFF, 0xE8, 0xEF, 0xF0, 0xFF, 0xE1, 0xE9, 0xEB, 0xFF,
    0xB3, 0xAB, 0xB3, 0xFF, 0xB3, 0xAB, 0xB3, 0xFF, 0xB5, 0xAD, 0xB5, 0xFF, 0x95, 0x8A, 0x97, 0xFF,
    0xB7, 0xAF, 0xB8, 0xFF, 0xB0, 0xA8, 0xB0, 0xFF, 0xB3, 0xAB, 0xB3, 0xFF, 0xE1, 0xEA, 0xEB, 0xFF,
    0xB0, 0xA8, 0xB0, 0xFF, 0xB3, 0xAB, 0xB3, 0xFF, 0xB6, 0xAE, 0xB6, 0xFF, 0x4E, 0x3D, 0x4E, 0xFF,
    0x00, 0x00, 0x00, 0x00, 0x00, 0x00, 0x00, 0x00, 0x00, 0x00, 0x00, 0x00, 0x00, 0x00, 0x00, 0x00,
    0x00, 0x00, 0x00, 0x00, 0x00, 0x00, 0x00, 0x00, 0x00, 0x00, 0x00, 0x00, 0x00, 0x00, 0x00, 0x00,
    0x00, 0x00, 0x00, 0x00, 0x00, 0x00, 0x00, 0x00, 0x00, 0x00, 0x00, 0x00, 0x00, 0x00, 0x00, 0x00,
    0x47, 0x36, 0x4A, 0xFF, 0x4E, 0x3D, 0x4E, 0xFF, 0x4E, 0x3D, 0x4E, 0xFF, 0x00, 0x00, 0x00, 0x00,
    0x54, 0x42, 0x52, 0xFF, 0xB0, 0xA8, 0xB0, 0xFF, 0xB0, 0xA8, 0xB0, 0xFF, 0x6C, 0x5A, 0x80, 0xFF,
    0xB3, 0xAB, 0xB3, 0xFF, 0xB6, 0xAE, 0xB6, 0xFF, 0xB7, 0xAF, 0xB8, 0xFF, 0xB6, 0xAE, 0xB6, 0xFF,
    0xB7, 0xAF, 0xB8, 0xFF, 0x4E, 0x3D, 0x4E, 0xFF, 0x4E, 0x3D, 0x4E, 0xFF, 0x47, 0x36, 0x4A, 0xFF,
    0x54, 0x42, 0x52, 0xFF, 0x47, 0x36, 0x4A, 0xFF, 0xB6, 0xAE, 0xB6, 0xFF, 0xB5, 0xAD, 0xB5, 0xFF,
    0xB6, 0xAE, 0xB6, 0xFF, 0xB6, 0xAE, 0xB6, 0xFF, 0xB5, 0xAD, 0xB5, 0xFF, 0xB5, 0xAD, 0xB5, 0xFF,
    0xB6, 0xAE, 0xB6, 0xFF, 0xB7, 0xAF, 0xB8, 0xFF, 0xB0, 0xA8, 0xB0, 0xFF, 0xB7, 0xAF, 0xB8, 0xFF,
    0xB7, 0xAF, 0xB8, 0xFF, 0x54, 0x42, 0x52, 0xFF, 0xB6, 0xAE, 0xB6, 0xFF, 0xB6, 0xAE, 0xB6, 0xFF,
    0xB3, 0xAB, 0xB3, 0xFF, 0xE1, 0xE9, 0xEB, 0xFF, 0xE0, 0xE9, 0xE9, 0xFF, 0xE1, 0xE9, 0xEB, 0xFF,
    0xE1, 0xE9, 0xEB, 0xFF, 0xE0, 0xE9, 0xEA, 0xFF, 0xE0, 0xE9, 0xEA, 0xFF, 0xB7, 0xAF, 0xB8, 0xFF,
    0xE8, 0xEF, 0xF0, 0xFF, 0xE0, 0xE9, 0xE9, 0xFF, 0xE0, 0xE9, 0xE9, 0xFF, 0xB3, 0xAB, 0xB3, 0xFF,
    0xB4, 0xAD, 0xB3, 0xFF, 0xB3, 0xAB, 0xB3, 0xFF, 0xE3, 0xE9, 0xED, 0xFF, 0xE2, 0xEB, 0xEB, 0xFF,
    0xB3, 0xAB, 0xB3, 0xFF, 0xB3, 0xAB, 0xB3, 0xFF, 0xB4, 0xAD, 0xB3, 0xFF, 0x4E, 0x3D, 0x4E, 0xFF,
    0xB6, 0xAE, 0xB6, 0xFF, 0xB3, 0xAB, 0xB3, 0xFF, 0xB3, 0xAB, 0xB3, 0xFF, 0xB3, 0xAB, 0xB3, 0xFF,
    0xB3, 0xAB, 0xB3, 0xFF, 0xB4, 0xAD, 0xB3, 0xFF, 0x4E, 0x3D, 0x4E, 0xFF, 0x00, 0x00, 0x00, 0x00,
    0x00, 0x00, 0x00, 0x00, 0x00, 0x00, 0x00, 0x00, 0x00, 0x00, 0x00, 0x00, 0x00, 0x00, 0x00, 0x00,
    0x00, 0x00, 0x00, 0x00, 0x00, 0x00, 0x00, 0x00, 0x00, 0x00, 0x00, 0x00, 0x00, 0x00, 0x00, 0x00,
    0x00, 0x00, 0x00, 0x00, 0x00, 0x00, 0x00, 0x00, 0x00, 0x00, 0x00, 0x00, 0x00, 0x00, 0x00, 0x00,
    0x00, 0x00, 0x00, 0x00, 0x00, 0x00, 0x00, 0x00, 0x00, 0x00, 0x00, 0x00, 0x00, 0x00, 0x00, 0x00,
    0x54, 0x42, 0x52, 0xFF, 0x54, 0x42, 0x52, 0xFF, 0xB0, 0xA8, 0xB0, 0xFF, 0x54, 0x42, 0x52, 0xFF,
    0x54, 0x42, 0x52, 0xFF, 0xB7, 0xAF, 0xB8, 0xFF, 0x95, 0x8A, 0x97, 0xFF, 0xB5, 0xAD, 0xB5, 0xFF,
    0xB6, 0xAE, 0xB6, 0xFF, 0x54, 0x42, 0x52, 0xFF, 0x47, 0x36, 0x4A, 0xFF, 0x47, 0x36, 0x4A, 0xFF,
    0x47, 0x36, 0x4A, 0xFF, 0xB6, 0xAE, 0xB6, 0xFF, 0xB6, 0xAE, 0xB6, 0xFF, 0xB6, 0xAE, 0xB6, 0xFF,
    0xB7, 0xAF, 0xB8, 0xFF, 0x95, 0x8A, 0x97, 0xFF, 0xB7, 0xAF, 0xB8, 0xFF, 0xB7, 0xAF, 0xB8, 0xFF,
    0xB6, 0xAE, 0xB6, 0xFF, 0xB6, 0xAE, 0xB6, 0xFF, 0xB6, 0xAE, 0xB6, 0xFF, 0xB6, 0xAE, 0xB6, 0xFF,
    0x95, 0x8A, 0x97, 0xFF, 0x54, 0x42, 0x52, 0xFF, 0xB7, 0xAF, 0xB8, 0xFF, 0xB7, 0xAF, 0xB8, 0xFF,
    0xB5, 0xAD, 0xB5, 0xFF, 0xE3, 0xE9, 0xED, 0xFF, 0xE0, 0xE9, 0xE9, 0xFF, 0xE0, 0xE9, 0xE9, 0xFF,
    0xE0, 0xE9, 0xEA, 0xFF, 0xE0, 0xE9, 0xEA, 0xFF, 0xE0, 0xE7, 0xE9, 0xFF, 0xB5, 0xAD, 0xB5, 0xFF,
    0xB6, 0xAE, 0xB6, 0xFF, 0xB7, 0xAF, 0xB8, 0xFF, 0xB6, 0xAE, 0xB6, 0xFF, 0xB6, 0xAE, 0xB6, 0xFF,
    0xB5, 0xAD, 0xB5, 0xFF, 0xE8, 0xEF, 0xF0, 0xFF, 0xB0, 0xA8, 0xB0, 0xFF, 0xB4, 0xAD, 0xB3, 0xFF,
    0xB5, 0xAD, 0xB5, 0xFF, 0xB3, 0xAB, 0xB3, 0xFF, 0xB5, 0xAD, 0xB5, 0xFF, 0x4E, 0x3D, 0x4E, 0xFF,
    0xB5, 0xAD, 0xB5, 0xFF, 0xB5, 0xAD, 0xB5, 0xFF, 0xB3, 0xAB, 0xB3, 0xFF, 0xB3, 0xAB, 0xB3, 0xFF,
    0xB3, 0xAB, 0xB3, 0xFF, 0xB6, 0xAE, 0xB6, 0xFF, 0x4E, 0x3D, 0x4E, 0xFF, 0x00, 0x00, 0x00, 0x00,
    0x00, 0x00, 0x00, 0x00, 0x00, 0x00, 0x00, 0x00, 0x00, 0x00, 0x00, 0x00, 0x00, 0x00, 0x00, 0x00,
    0x00, 0x00, 0x00, 0x00, 0x00, 0x00, 0x00, 0x00, 0x00, 0x00, 0x00, 0x00, 0x00, 0x00, 0x00, 0x00,
    0x00, 0x00, 0x00, 0x00, 0x00, 0x00, 0x00, 0x00, 0x00, 0x00, 0x00, 0x00, 0x00, 0x00, 0x00, 0x00,
    0x00, 0x00, 0x00, 0x00, 0x00, 0x00, 0x00, 0x00, 0x00, 0x00, 0x00, 0x00, 0x00, 0x00, 0x00, 0x00,
    0x54, 0x42, 0x52, 0xFF, 0x54, 0x42, 0x52, 0xFF, 0xB0, 0xA8, 0xB0, 0xFF, 0xB0, 0xA8, 0xB0, 0xFF,
    0xB0, 0xA8, 0xB0, 0xFF, 0x54, 0x42, 0x52, 0xFF, 0x6C, 0x5A, 0x80, 0xFF, 0xB7, 0xAF, 0xB8, 0xFF,
    0xB3, 0xAB, 0xB3, 0xFF, 0xB6, 0xAE, 0xB6, 0xFF, 0xB5, 0xAD, 0xB5, 0xFF, 0xB6, 0xAE, 0xB6, 0xFF,
    0xB7, 0xAF, 0xB8, 0xFF, 0xB6, 0xAE, 0xB6, 0xFF, 0xB6, 0xAE, 0xB6, 0xFF, 0xB7, 0xAF, 0xB8, 0xFF,
    0xE2, 0xEB, 0xEB, 0xFF, 0xB0, 0xA8, 0xB0, 0xFF, 0x95, 0x8A, 0x97, 0xFF, 0x95, 0x8A, 0x97, 0xFF,
    0xB7, 0xAF, 0xB8, 0xFF, 0xB7, 0xAF, 0xB8, 0xFF, 0xB7, 0xAF, 0xB8, 0xFF, 0xB7, 0xAF, 0xB8, 0xFF,
    0x95, 0x8A, 0x97, 0xFF, 0x54, 0x42, 0x52, 0xFF, 0xB7, 0xAF, 0xB8, 0xFF, 0xB7, 0xAF, 0xB8, 0xFF,
    0xB5, 0xAD, 0xB5, 0xFF, 0xB3, 0xAB, 0xB3, 0xFF, 0xE2, 0xEB, 0xEB, 0xFF, 0xE0, 0xE9, 0xE9, 0xFF,
    0xE0, 0xE9, 0xE9, 0xFF, 0xE2, 0xEB, 0xEB, 0xFF, 0xE0, 0xE7, 0xE9, 0xFF, 0xB3, 0xAB, 0xB3, 0xFF,
    0xB6, 0xAE, 0xB6, 0xFF, 0xB5, 0xAD, 0xB5, 0xFF, 0xB5, 0xAD, 0xB5, 0xFF, 0xB5, 0xAD, 0xB5, 0xFF,
    0xB7, 0xAF, 0xB8, 0xFF, 0xE8, 0xEF, 0xF0, 0xFF, 0xB0, 0xA8, 0xB0, 0xFF, 0xB5, 0xAD, 0xB5, 0xFF,
    0xB5, 0xAD, 0xB5, 0xFF, 0xB5, 0xAD, 0xB5, 0xFF, 0xB5, 0xAD, 0xB5, 0xFF, 0x4E, 0x3D, 0x4E, 0xFF,
    0xB5, 0xAD, 0xB5, 0xFF, 0xB5, 0xAD, 0xB5, 0xFF, 0xB5, 0xAD, 0xB5, 0xFF, 0xB3, 0xAB, 0xB3, 0xFF,
    0xB6, 0xAE, 0xB6, 0xFF, 0x54, 0x42, 0x52, 0xFF, 0x00, 0x00, 0x00, 0x00, 0x00, 0x00, 0x00, 0x00,
    0x00, 0x00, 0x00, 0x00, 0x00, 0x00, 0x00, 0x00, 0x00, 0x00, 0x00, 0x00, 0x00, 0x00, 0x00, 0x00,
    0x00, 0x00, 0x00, 0x00, 0x00, 0x00, 0x00, 0x00, 0x00, 0x00, 0x00, 0x00, 0x00, 0x00, 0x00, 0x00,
    0x00, 0x00, 0x00, 0x00, 0x00, 0x00, 0x00, 0x00, 0x00, 0x00, 0x00, 0x00, 0x00, 0x00, 0x00, 0x00,
    0x00, 0x00, 0x00, 0x00, 0x00, 0x00, 0x00, 0x00, 0x00, 0x00, 0x00, 0x00, 0x4E, 0x3D, 0x4E, 0xFF,
    0x95, 0x8A, 0x97, 0xFF, 0x95, 0x8A, 0x97, 0xFF, 0x54, 0x42, 0x52, 0xFF, 0xB0, 0xA8, 0xB0, 0xFF,
    0xB0, 0xA8, 0xB0, 0xFF, 0x54, 0x42, 0x52, 0xFF, 0x6C, 0x5A, 0x80, 0xFF, 0xB6, 0xAE, 0xB6, 0xFF,
    0xE8, 0xEF, 0xF0, 0xFF, 0xE2, 0xEB, 0xEB, 0xFF, 0xB6, 0xAE, 0xB6, 0xFF, 0xB5, 0xAD, 0xB5, 0xFF,
    0xB6, 0xAE, 0xB6, 0xFF, 0xB5, 0xAD, 0xB5, 0xFF, 0xB5, 0xAD, 0xB5, 0xFF, 0xB5, 0xAD, 0xB5, 0xFF,
    0xB5, 0xAD, 0xB5, 0xFF, 0xB4, 0xAD, 0xB3, 0xFF, 0x95, 0x8A, 0x97, 0xFF, 0x95, 0x8A, 0x97, 0xFF,
    0xB7, 0xAF, 0xB8, 0xFF, 0xB7, 0xAF, 0xB8, 0xFF, 0xB7, 0xAF, 0xB8, 0xFF, 0xB7, 0xAF, 0xB8, 0xFF,
    0x95, 0x8A, 0x97, 0xFF, 0x54, 0x42, 0x52, 0xFF, 0x95, 0x8A, 0x97, 0xFF, 0xB7, 0xAF, 0xB8, 0xFF,
    0xB5, 0xAD, 0xB5, 0xFF, 0xB5, 0xAD, 0xB5, 0xFF, 0xE8, 0xEF, 0xF0, 0xFF, 0xE8, 0xEF, 0xF0, 0xFF,
    0xE0, 0xE9, 0xE9, 0xFF, 0xDF, 0xE9, 0xEB, 0xFF, 0xE0, 0xE7, 0xE9, 0xFF, 0xE0, 0xE9, 0xE9, 0xFF,
    0xB5, 0xAD, 0xB5, 0xFF, 0xE8, 0xEF, 0xF0, 0xFF, 0xB6, 0xAE, 0xB6, 0xFF, 0xB0, 0xA8, 0xB0, 0xFF,
    0xB4, 0xAD, 0xB3, 0xFF, 0xB4, 0xAD, 0xB3, 0xFF, 0xB5, 0xAD, 0xB5, 0xFF, 0xB6, 0xAE, 0xB6, 0xFF,
    0xB4, 0xAD, 0xB3, 0xFF, 0xB7, 0xAF, 0xB8, 0xFF, 0x4E, 0x3D, 0x4E, 0xFF, 0xB0, 0xA8, 0xB0, 0xFF,
    0xB5, 0xAD, 0xB5, 0xFF, 0xB4, 0xAD, 0xB3, 0xFF, 0xB3, 0xAB, 0xB3, 0xFF, 0xB4, 0xAD, 0xB3, 0xFF,
    0x4E, 0x3D, 0x4E, 0xFF, 0x00, 0x00, 0x00, 0x00, 0x00, 0x00, 0x00, 0x00, 0x00, 0x00, 0x00, 0x00,
    0x00, 0x00, 0x00, 0x00, 0x00, 0x00, 0x00, 0x00, 0x00, 0x00, 0x00, 0x00, 0x00, 0x00, 0x00, 0x00,
    0x00, 0x00, 0x00, 0x00, 0x00, 0x00, 0x00, 0x00, 0x00, 0x00, 0x00, 0x00, 0x00, 0x00, 0x00, 0x00,
    0x00, 0x00, 0x00, 0x00, 0x00, 0x00, 0x00, 0x00, 0x00, 0x00, 0x00, 0x00, 0x00, 0x00, 0x00, 0x00,
    0x00, 0x00, 0x00, 0x00, 0x00, 0x00, 0x00, 0x00, 0x4E, 0x3D, 0x4E, 0xFF, 0xB0, 0xA8, 0xB0, 0xFF,
    0x95, 0x8A, 0x97, 0xFF, 0x95, 0x8A, 0x97, 0xFF, 0x95, 0x8A, 0x97, 0xFF, 0x54, 0x42, 0x52, 0xFF,
    0x54, 0x42, 0x52, 0xFF, 0x54, 0x42, 0x52, 0xFF, 0xB5, 0xAD, 0xB5, 0xFF, 0xE8, 0xEF, 0xF0, 0xFF,
    0xE1, 0xEA, 0xEB, 0xFF, 0xE1, 0xE9, 0xEB, 0xFF, 0xE2, 0xEB, 0xEB, 0xFF, 0xE3, 0xE9, 0xED, 0xFF,
    0xB3, 0xAB, 0xB3, 0xFF, 0xE8, 0xEF, 0xF0, 0xFF, 0xB4, 0xAD, 0xB3, 0xFF, 0xB3, 0xAB, 0xB3, 0xFF,
    0xB3, 0xAB, 0xB3, 0xFF, 0xB7, 0xAF, 0xB8, 0xFF, 0x95, 0x8A, 0x97, 0xFF, 0x95, 0x8A, 0x97, 0xFF,
    0x95, 0x8A, 0x97, 0xFF, 0x95, 0x8A, 0x97, 0xFF, 0x95, 0x8A, 0x97, 0xFF, 0x95, 0x8A, 0x97, 0xFF,
    0x95, 0x8A, 0x97, 0xFF, 0x54, 0x42, 0x52, 0xFF, 0x95, 0x8A, 0x97, 0xFF, 0x95, 0x8A, 0x97, 0xFF,
    0xB5, 0xAD, 0xB5, 0xFF, 0xB5, 0xAD, 0xB5, 0xFF, 0xB5, 0xAD, 0xB5, 0xFF, 0xB3, 0xAB, 0xB3, 0xFF,
    0xB7, 0xAF, 0xB8, 0xFF, 0xE0, 0xE9, 0xE9, 0xFF, 0xE0, 0xE7, 0xE9, 0xFF, 0xE2, 0xEB, 0xEB, 0xFF,
    0xB3, 0xAB, 0xB3, 0xFF, 0xB5, 0xAD, 0xB5, 0xFF, 0xB3, 0xAB, 0xB3, 0xFF, 0xE8, 0xEF, 0xF0, 0xFF,
    0xB3, 0xAB, 0xB3, 0xFF, 0xB6, 0xAE, 0xB6, 0xFF, 0xB6, 0xAE, 0xB6, 0xFF, 0xB5, 0xAD, 0xB5, 0xFF,
    0xB5, 0xAD, 0xB5, 0xFF, 0x4E, 0x3D, 0x4E, 0xFF, 0x54, 0x42, 0x52, 0xFF, 0x4E, 0x3D, 0x4E, 0xFF,
    0xB0, 0xA8, 0xB0, 0xFF, 0xB5, 0xAD, 0xB5, 0xFF, 0xB7, 0xAF, 0xB8, 0xFF, 0x4E, 0x3D, 0x4E, 0xFF,
    0x00, 0x00, 0x00, 0x00, 0x00, 0x00, 0x00, 0x00, 0x00, 0x00, 0x00, 0x00, 0x00, 0x00, 0x00, 0x00,
    0x00, 0x00, 0x00, 0x00, 0x00, 0x00, 0x00, 0x00, 0x00, 0x00, 0x00, 0x00, 0x00, 0x00, 0x00, 0x00,
    0x00, 0x00, 0x00, 0x00, 0x00, 0x00, 0x00, 0x00, 0x00, 0x00, 0x00, 0x00, 0x00, 0x00, 0x00, 0x00,
    0x00, 0x00, 0x00, 0x00, 0x00, 0x00, 0x00, 0x00, 0x00, 0x00, 0x00, 0x00, 0x00, 0x00, 0x00, 0x00,
    0x00, 0x00, 0x00, 0x00, 0x4E, 0x3D, 0x4E, 0xFF, 0xB0, 0xA8, 0xB0, 0xFF, 0xB0, 0xA8, 0xB0, 0xFF,
    0x95, 0x8A, 0x97, 0xFF, 0x95, 0x8A, 0x97, 0xFF, 0x95, 0x8A, 0x97, 0xFF, 0x95, 0x8A, 0x97, 0xFF,
    0x6C, 0x5A, 0x80, 0xFF, 0x54, 0x42, 0x52, 0xFF, 0xB3, 0xAB, 0xB3, 0xFF, 0xE0, 0xE7, 0xE9, 0xFF,
    0xE0, 0xE9, 0xEA, 0xFF, 0xE0, 0xE9, 0xE9, 0xFF, 0xE0, 0xE9, 0xEA, 0xFF, 0xE0, 0xE9, 0xE9, 0xFF,
    0xB0, 0xA8, 0xB0, 0xFF, 0xE0, 0xE9, 0xE9, 0xFF, 0xE0, 0xE7, 0xE9, 0xFF, 0xB5, 0xAD, 0xB5, 0xFF,
    0xB5, 0xAD, 0xB5, 0xFF, 0x54, 0x42, 0x52, 0xFF, 0x95, 0x8A, 0x97, 0xFF, 0x95, 0x8A, 0x97, 0xFF,
    0x95, 0x8A, 0x97, 0xFF, 0x95, 0x8A, 0x97, 0xFF, 0x95, 0x8A, 0x97, 0xFF, 0x95, 0x8A, 0x97, 0xFF,
    0x54, 0x42, 0x52, 0xFF, 0x54, 0x42, 0x52, 0xFF, 0x54, 0x42, 0x52, 0xFF, 0x95, 0x8A, 0x97, 0xFF,
    0xB6, 0xAE, 0xB6, 0xFF, 0xB5, 0xAD, 0xB5, 0xFF, 0xB5, 0xAD, 0xB5, 0xFF, 0xB5, 0xAD, 0xB5, 0xFF,
    0xB3, 0xAB, 0xB3, 0xFF, 0xB0, 0xA8, 0xB0, 0xFF, 0xE0, 0xE7, 0xE9, 0xFF, 0xB5, 0xAD, 0xB5, 0xFF,
    0xB6, 0xAE, 0xB6, 0xFF, 0xB5, 0xAD, 0xB5, 0xFF, 0xB3, 0xAB, 0xB3, 0xFF, 0xB5, 0xAD, 0xB5, 0xFF,
    0xB6, 0xAE, 0xB6, 0xFF, 0xB6, 0xAE, 0xB6, 0xFF, 0xB6, 0xAE, 0xB6, 0xFF, 0xB7, 0xAF, 0xB8, 0xFF,
    0xB4, 0xAD, 0xB3, 0xFF, 0x54, 0x42, 0x52, 0xFF, 0x00, 0x00, 0x00, 0x00, 0x00, 0x00, 0x00, 0x00,
    0x54, 0x42, 0x52, 0xFF, 0x47, 0x36, 0x4A, 0xFF, 0x47, 0x36, 0x4A, 0xFF, 0x00, 0x00, 0x00, 0x00,
    0x00, 0x00, 0x00, 0x00, 0x00, 0x00, 0x00, 0x00, 0x00, 0x00, 0x00, 0x00, 0x00, 0x00, 0x00, 0x00,
    0x00, 0x00, 0x00, 0x00, 0x00, 0x00, 0x00, 0x00, 0x00, 0x00, 0x00, 0x00, 0x00, 0x00, 0x00, 0x00,
    0x00, 0x00, 0x00, 0x00, 0x00, 0x00, 0x00, 0x00, 0x00, 0x00, 0x00, 0x00, 0x00, 0x00, 0x00, 0x00,
    0x00, 0x00, 0x00, 0x00, 0x00, 0x00, 0x00, 0x00, 0x00, 0x00, 0x00, 0x00, 0x00, 0x00, 0x00, 0x00,
    0x00, 0x00, 0x00, 0x00, 0x4E, 0x3D, 0x4E, 0xFF, 0xB0, 0xA8, 0xB0, 0xFF, 0xB0, 0xA8, 0xB0, 0xFF,
    0xB0, 0xA8, 0xB0, 0xFF, 0x95, 0x8A, 0x97, 0xFF, 0x95, 0x8A, 0x97, 0xFF, 0x95, 0x8A, 0x97, 0xFF,
    0x47, 0x36, 0x4A, 0xFF, 0xB0, 0xA8, 0xB0, 0xFF, 0xE1, 0xE9, 0xEB, 0xFF, 0xE0, 0xE9, 0xEA, 0xFF,
    0xE0, 0xE9, 0xEA, 0xFF, 0xE0, 0xE9, 0xEA, 0xFF, 0xE0, 0xE9, 0xE9, 0xFF, 0xE0, 0xE9, 0xE9, 0xFF,
    0xE0, 0xE9, 0xE9, 0xFF, 0xE0, 0xE7, 0xE9, 0xFF, 0xE0, 0xE9, 0xE9, 0xFF, 0xB5, 0xAD, 0xB5, 0xFF,
    0xB5, 0xAD, 0xB5, 0xFF, 0x54, 0x42, 0x52, 0xFF, 0x54, 0x42, 0x52, 0xFF, 0x54, 0x42, 0x52, 0xFF,
    0x54, 0x42, 0x52, 0xFF, 0x54, 0x42, 0x52, 0xFF, 0x54, 0x42, 0x52, 0xFF, 0x54, 0x42, 0x52, 0xFF,
    0xB7, 0xAF, 0xB8, 0xFF, 0xB7, 0xAF, 0xB8, 0xFF, 0xB5, 0xAD, 0xB5, 0xFF, 0xB6, 0xAE, 0xB6, 0xFF,
    0x6C, 0x5A, 0x80, 0xFF, 0xB7, 0xAF, 0xB8, 0xFF, 0xB5, 0xAD, 0xB5, 0xFF, 0xB5, 0xAD, 0xB5, 0xFF,
    0xB5, 0xAD, 0xB5, 0xFF, 0xB5, 0xAD, 0xB5, 0xFF, 0xB5, 0xAD, 0xB5, 0xFF, 0xB4, 0xAD, 0xB3, 0xFF,
    0xB6, 0xAE, 0xB6, 0xFF, 0xB5, 0xAD, 0xB5, 0xFF, 0xB6, 0xAE, 0xB6, 0xFF, 0xB5, 0xAD, 0xB5, 0xFF,
    0xB6, 0xAE, 0xB6, 0xFF, 0xB6, 0xAE, 0xB6, 0xFF, 0xB6, 0xAE, 0xB6, 0xFF, 0xB5, 0xAD, 0xB5, 0xFF,
    0xB7, 0xAF, 0xB8, 0xFF, 0x54, 0x42, 0x52, 0xFF, 0x00, 0x00, 0x00, 0x00, 0x00, 0x00, 0x00, 0x00,
    0x00, 0x00, 0x00, 0x00, 0x00, 0x00, 0x00, 0x00, 0x00, 0x00, 0x00, 0x00, 0x00, 0x00, 0x00, 0x00,
    0x00, 0x00, 0x00, 0x00, 0x00, 0x00, 0x00, 0x00, 0x00, 0x00, 0x00, 0x00, 0x00, 0x00, 0x00, 0x00,
    0x00, 0x00, 0x00, 0x00, 0x00, 0x00, 0x00, 0x00, 0x00, 0x00, 0x00, 0x00, 0x00, 0x00, 0x00, 0x00,
    0x00, 0x00, 0x00, 0x00, 0x00, 0x00, 0x00, 0x00, 0x00, 0x00, 0x00, 0x00, 0x00, 0x00, 0x00, 0x00,
    0x00, 0x00, 0x00, 0x00, 0x00, 0x00, 0x00, 0x00, 0x00, 0x00, 0x00, 0x00, 0x00, 0x00, 0x00, 0x00,
    0x00, 0x00, 0x00, 0x00, 0x4E, 0x3D, 0x4E, 0xFF, 0xB0, 0xA8, 0xB0, 0xFF, 0x95, 0x8A, 0x97, 0xFF,
    0x95, 0x8A, 0x97, 0xFF, 0x95, 0x8A, 0x97, 0xFF, 0x95, 0x8A, 0x97, 0xFF, 0x4E, 0x3D, 0x4E, 0xFF,
    0xB0, 0xA8, 0xB0, 0xFF, 0xE2, 0xEB, 0xEB, 0xFF, 0xE0, 0xE9, 0xE9, 0xFF, 0xE1, 0xEA, 0xEB, 0xFF,
    0xE0, 0xE9, 0xE9, 0xFF, 0xE0, 0xE9, 0xEA, 0xFF, 0xE0, 0xE9, 0xEA, 0xFF, 0xE0, 0xE9, 0xEA, 0xFF,
    0xB0, 0xA8, 0xB0, 0xFF, 0xE0, 0xE9, 0xE9, 0xFF, 0xE0, 0xE9, 0xE9, 0xFF, 0xB6, 0xAE, 0xB6, 0xFF,
    0x95, 0x8A, 0x97, 0xFF, 0x54, 0x42, 0x52, 0xFF, 0x54, 0x42, 0x52, 0xFF, 0x54, 0x42, 0x52, 0xFF,
    0x54, 0x42, 0x52, 0xFF, 0xB3, 0xAB, 0xB3, 0xFF, 0xE3, 0xE9, 0xED, 0xFF, 0xE0, 0xE7, 0xE9, 0xFF,
    0xE1, 0xE9, 0xEB, 0xFF, 0xE0, 0xE7, 0xE9, 0xFF, 0xE0, 0xE7, 0xE9, 0xFF, 0xE0, 0xE7, 0xE9, 0xFF,
    0xE0, 0xE7, 0xE9, 0xFF, 0x6C, 0x5A, 0x80, 0xFF, 0xB7, 0xAF, 0xB8, 0xFF, 0xB6, 0xAE, 0xB6, 0xFF,
    0xB6, 0xAE, 0xB6, 0xFF, 0xB6, 0xAE, 0xB6, 0xFF, 0xB6, 0xAE, 0xB6, 0xFF, 0xB6, 0xAE, 0xB6, 0xFF,
    0xB6, 0xAE, 0xB6, 0xFF, 0xB7, 0xAF, 0xB8, 0xFF, 0xB6, 0xAE, 0xB6, 0xFF, 0xB6, 0xAE, 0xB6, 0xFF,
    0xB6, 0xAE, 0xB6, 0xFF, 0xB6, 0xAE, 0xB6, 0xFF, 0xB6, 0xAE, 0xB6, 0xFF, 0xB7, 0xAF, 0xB8, 0xFF,
    0x4E, 0x3D, 0x4E, 0xFF, 0x00, 0x00, 0x00, 0x00, 0x00, 0x00, 0x00, 0x00, 0x00, 0x00, 0x00, 0x00,
    0x00, 0x00, 0x00, 0x00, 0x00, 0x00, 0x00, 0x00, 0x00, 0x00, 0x00, 0x00, 0x00, 0x00, 0x00, 0x00,
    0x00, 0x00, 0x00, 0x00, 0x00, 0x00, 0x00, 0x00, 0x00, 0x00, 0x00, 0x00, 0x00, 0x00, 0x00, 0x00,
    0x00, 0x00, 0x00, 0x00, 0x00, 0x00, 0x00, 0x00, 0x00, 0x00, 0x00, 0x00, 0x00, 0x00, 0x00, 0x00,
    0x00, 0x00, 0x00, 0x00, 0x00, 0x00, 0x00, 0x00, 0x00, 0x00, 0x00, 0x00, 0x00, 0x00, 0x00, 0x00,
    0x00, 0x00, 0x00, 0x00, 0x00, 0x00, 0x00, 0x00, 0x00, 0x00, 0x00, 0x00, 0x00, 0x00, 0x00, 0x00,
    0x00, 0x00, 0x00, 0x00, 0x4E, 0x3D, 0x4E, 0xFF, 0x95, 0x8A, 0x97, 0xFF, 0xB0, 0xA8, 0xB0, 0xFF,
    0xB0, 0xA8, 0xB0, 0xFF, 0x95, 0x8A, 0x97, 0xFF, 0x4E, 0x3D, 0x4E, 0xFF, 0xCA, 0xC7, 0xCF, 0xFF,
    0xE0, 0xE9, 0xE9, 0xFF, 0xE1, 0xE9, 0xEB, 0xFF, 0xE1, 0xEA, 0xEB, 0xFF, 0xE2, 0xEB, 0xEB, 0xFF,
    0xE2, 0xEB, 0xEB, 0xFF, 0xE0, 0xE9, 0xE9, 0xFF, 0xE0, 0xE9, 0xEA, 0xFF, 0xE0, 0xE9, 0xEA, 0xFF,
    0xE8, 0xEF, 0xF0, 0xFF, 0xB0, 0xA8, 0xB0, 0xFF, 0xB3, 0xAB, 0xB3, 0xFF, 0xB7, 0xAF, 0xB8, 0xFF,
    0x54, 0x42, 0x52, 0xFF, 0x00, 0x00, 0x00, 0x00, 0x00, 0x00, 0x00, 0x00, 0x54, 0x42, 0x52, 0xFF,
    0xB7, 0xAF, 0xB8, 0xFF, 0xE2, 0xEB, 0xEB, 0xFF, 0xE0, 0xE9, 0xE9, 0xFF, 0xE0, 0xE9, 0xE9, 0xFF,
    0xE0, 0xE9, 0xE9, 0xFF, 0xE0, 0xE9, 0xEA, 0xFF, 0xE0, 0xE9, 0xEA, 0xFF, 0xDF, 0xE9, 0xEB, 0xFF,
    0xE0, 0xE9, 0xE9, 0xFF, 0xB3, 0xAB, 0xB3, 0xFF, 0xB5, 0xAD, 0xB5, 0xFF, 0xB6, 0xAE, 0xB6, 0xFF,
    0xB7, 0xAF, 0xB8, 0xFF, 0xB6, 0xAE, 0xB6, 0xFF, 0xB6, 0xAE, 0xB6, 0xFF, 0xB6, 0xAE, 0xB6, 0xFF,
    0xB6, 0xAE, 0xB6, 0xFF, 0xB6, 0xAE, 0xB6, 0xFF, 0xB6, 0xAE, 0xB6, 0xFF, 0xB7, 0xAF, 0xB8, 0xFF,
    0xB7, 0xAF, 0xB8, 0xFF, 0xB7, 0xAF, 0xB8, 0xFF, 0x4E, 0x3D, 0x4E, 0xFF, 0x4E, 0x3D, 0x4E, 0xFF,
    0x00, 0x00, 0x00, 0x00, 0x00, 0x00, 0x00, 0x00, 0x00, 0x00, 0x00, 0x00, 0x00, 0x00, 0x00, 0x00,
    0x00, 0x00, 0x00, 0x00, 0x00, 0x00, 0x00, 0x00, 0x00, 0x00, 0x00, 0x00, 0x00, 0x00, 0x00, 0x00,
    0x00, 0x00, 0x00, 0x00, 0x00, 0x00, 0x00, 0x00, 0x00, 0x00, 0x00, 0x00, 0x00, 0x00, 0x00, 0x00,
    0x00, 0x00, 0x00, 0x00, 0x00, 0x00, 0x00, 0x00, 0x00, 0x00, 0x00, 0x00, 0x00, 0x00, 0x00, 0x00,
    0x00, 0x00, 0x00, 0x00, 0x00, 0x00, 0x00, 0x00, 0x00, 0x00, 0x00, 0x00, 0x00, 0x00, 0x00, 0x00,
    0x00, 0x00, 0x00, 0x00, 0x00, 0x00, 0x00, 0x00, 0x00, 0x00, 0x00, 0x00, 0x00, 0x00, 0x00, 0x00,
    0x00, 0x00, 0x00, 0x00, 0x00, 0x00, 0x00, 0x00, 0x4E, 0x3D, 0x4E, 0xFF, 0xB0, 0xA8, 0xB0, 0xFF,
    0x95, 0x8A, 0x97, 0xFF, 0x95, 0x8A, 0x97, 0xFF, 0x4E, 0x3D, 0x4E, 0xFF, 0xE2, 0xEB, 0xEB, 0xFF,
    0xE0, 0xE9, 0xE9, 0xFF, 0xE0, 0xE9, 0xE9, 0xFF, 0xE2, 0xEB, 0xEB, 0xFF, 0xE2, 0xEB, 0xEB, 0xFF,
    0xE1, 0xEA, 0xEB, 0xFF, 0xE2, 0xEB, 0xEB, 0xFF, 0xE0, 0xE9, 0xEA, 0xFF, 0xE0, 0xE7, 0xE9, 0xFF,
    0xE2, 0xEB, 0xEB, 0xFF, 0xB3, 0xAB, 0xB3, 0xFF, 0xB3, 0xAB, 0xB3, 0xFF, 0xB3, 0xAB, 0xB3, 0xFF,
    0x4E, 0x3D, 0x4E, 0xFF, 0x00, 0x00, 0x00, 0x00, 0x00, 0x00, 0x00, 0x00, 0x54, 0x42, 0x52, 0xFF,
    0xB7, 0xAF, 0xB8, 0xFF, 0xE0, 0xE9, 0xE9, 0xFF, 0xE0, 0xE9, 0xE9, 0xFF, 0xE1, 0xE9, 0xEB, 0xFF,
    0xE0, 0xE7, 0xE9, 0xFF, 0xE0, 0xE9, 0xEA, 0xFF, 0xE1, 0xEA, 0xEB, 0xFF, 0xCA, 0xC7, 0xCF, 0xFF,
    0xE8, 0xEF, 0xF0, 0xFF, 0xE0, 0xE9, 0xE9, 0xFF, 0xB4, 0xAD, 0xB3, 0xFF, 0xB6, 0xAE, 0xB6, 0xFF,
    0xB6, 0xAE, 0xB6, 0xFF, 0xB6, 0xAE, 0xB6, 0xFF, 0xB6, 0xAE, 0xB6, 0xFF, 0xB7, 0xAF, 0xB8, 0xFF,
    0xB7, 0xAF, 0xB8, 0xFF, 0xB6, 0xAE, 0xB6, 0xFF, 0xB7, 0xAF, 0xB8, 0xFF, 0xB6, 0xAE, 0xB6, 0xFF,
    0xB7, 0xAF, 0xB8, 0xFF, 0x95, 0x8A, 0x97, 0xFF, 0x4E, 0x3D, 0x4E, 0xFF, 0x47, 0x36, 0x4A, 0xFF,
    0x00, 0x00, 0x00, 0x00, 0x00, 0x00, 0x00, 0x00, 0x00, 0x00, 0x00, 0x00, 0x00, 0x00, 0x00, 0x00,
    0x00, 0x00, 0x00, 0x00, 0x00, 0x00, 0x00, 0x00, 0x00, 0x00, 0x00, 0x00, 0x00, 0x00, 0x00, 0x00,
    0x00, 0x00, 0x00, 0x00, 0x00, 0x00, 0x00, 0x00, 0x00, 0x00, 0x00, 0x00, 0x00, 0x00, 0x00, 0x00,
    0x00, 0x00, 0x00, 0x00, 0x00, 0x00, 0x00, 0x00, 0x00, 0x00, 0x00, 0x00, 0x00, 0x00, 0x00, 0x00,
    0x00, 0x00, 0x00, 0x00, 0x00, 0x00, 0x00, 0x00, 0x00, 0x00, 0x00, 0x00, 0x00, 0x00, 0x00, 0x00,
    0x00, 0x00, 0x00, 0x00, 0x00, 0x00, 0x00, 0x00, 0x00, 0x00, 0x00, 0x00, 0x00, 0x00, 0x00, 0x00,
    0x00, 0x00, 0x00, 0x00, 0x00, 0x00, 0x00, 0x00, 0x00, 0x00, 0x00, 0x00, 0x54, 0x42, 0x52, 0xFF,
    0x54, 0x42, 0x52, 0xFF, 0x54, 0x42, 0x52, 0xFF, 0x4E, 0x3D, 0x4E, 0xFF, 0xE1, 0xEA, 0xEB, 0xFF,
    0xE2, 0xEB, 0xEB, 0xFF, 0xE0, 0xE9, 0xE9, 0xFF, 0xE8, 0xEF, 0xF0, 0xFF, 0xE0, 0xE9, 0xEA, 0xFF,
    0xE1, 0xEA, 0xEB, 0xFF, 0xE1, 0xE9, 0xEB, 0xFF, 0xB0, 0xA8, 0xB0, 0xFF, 0xB3, 0xAB, 0xB3, 0xFF,
    0xB3, 0xAB, 0xB3, 0xFF, 0xB6, 0xAE, 0xB6, 0xFF, 0xB3, 0xAB, 0xB3, 0xFF, 0x54, 0x42, 0x52, 0xFF,
    0x00, 0x00, 0x00, 0x00, 0x00, 0x00, 0x00, 0x00, 0x00, 0x00, 0x00, 0x00, 0x54, 0x42, 0x52, 0xFF,
    0x95, 0x8A, 0x97, 0xFF, 0xE2, 0xEB, 0xEB, 0xFF, 0xE2, 0xEB, 0xEB, 0xFF, 0xCA, 0xC7, 0xCF, 0xFF,
    0xE0, 0xE9, 0xE9, 0xFF, 0xE0, 0xE9, 0xE9, 0xFF, 0xE0, 0xE9, 0xE9, 0xFF, 0xE2, 0xEB, 0xEB, 0xFF,
    0xB3, 0xAB, 0xB3, 0xFF, 0xB3, 0xAB, 0xB3, 0xFF, 0xB5, 0xAD, 0xB5, 0xFF, 0xB6, 0xAE, 0xB6, 0xFF,
    0xB6, 0xAE, 0xB6, 0xFF, 0xB6, 0xAE, 0xB6, 0xFF, 0xB7, 0xAF, 0xB8, 0xFF, 0xB7, 0xAF, 0xB8, 0xFF,
    0xB7, 0xAF, 0xB8, 0xFF, 0xB5, 0xAD, 0xB5, 0xFF, 0xB7, 0xAF, 0xB8, 0xFF, 0xB7, 0xAF, 0xB8, 0xFF,
    0xB7, 0xAF, 0xB8, 0xFF, 0x4E, 0x3D, 0x4E, 0xFF, 0x00, 0x00, 0x00, 0x00, 0x00, 0x00, 0x00, 0x00,
    0x00, 0x00, 0x00, 0x00, 0x00, 0x00, 0x00, 0x00, 0x00, 0x00, 0x00, 0x00, 0x00, 0x00, 0x00, 0x00,
    0x00, 0x00, 0x00, 0x00, 0x00, 0x00, 0x00, 0x00, 0x00, 0x00, 0x00, 0x00, 0x00, 0x00, 0x00, 0x00,
    0x00, 0x00, 0x00, 0x00, 0x00, 0x00, 0x00, 0x00, 0x00, 0x00, 0x00, 0x00, 0x00, 0x00, 0x00, 0x00,
    0x00, 0x00, 0x00, 0x00, 0x00, 0x00, 0x00, 0x00, 0x00, 0x00, 0x00, 0x00, 0x00, 0x00, 0x00, 0x00,
    0x00, 0x00, 0x00, 0x00, 0x00, 0x00, 0x00, 0x00, 0x00, 0x00, 0x00, 0x00, 0x00, 0x00, 0x00, 0x00,
    0x00, 0x00, 0x00, 0x00, 0x00, 0x00, 0x00, 0x00, 0x00, 0x00, 0x00, 0x00, 0x00, 0x00, 0x00, 0x00,
    0x00, 0x00, 0x00, 0x00, 0x00, 0x00, 0x00, 0x00, 0x00, 0x00, 0x00, 0x00, 0x00, 0x00, 0x00, 0x00,
    0x00, 0x00, 0x00, 0x00, 0x00, 0x00, 0x00, 0x00, 0x54, 0x42, 0x52, 0xFF, 0xB5, 0xAD, 0xB5, 0xFF,
    0xE8, 0xEF, 0xF0, 0xFF, 0xE8, 0xEF, 0xF0, 0xFF, 0xB4, 0xAD, 0xB3, 0xFF, 0xE0, 0xE9, 0xE9, 0xFF,
    0xE3, 0xE9, 0xED, 0xFF, 0xE2, 0xEB, 0xEB, 0xFF, 0xB3, 0xAB, 0xB3, 0xFF, 0xB3, 0xAB, 0xB3, 0xFF,
    0xB3, 0xAB, 0xB3, 0xFF, 0xB0, 0xA8, 0xB0, 0xFF, 0xB7, 0xAF, 0xB8, 0xFF, 0x4E, 0x3D, 0x4E, 0xFF,
    0x00, 0x00, 0x00, 0x00, 0x00, 0x00, 0x00, 0x00, 0x00, 0x00, 0x00, 0x00, 0x00, 0x00, 0x00, 0x00,
    0x4E, 0x3D, 0x4E, 0xFF, 0xB5, 0xAD, 0xB5, 0xFF, 0xB0, 0xA8, 0xB0, 0xFF, 0xCA, 0xC7, 0xCF, 0xFF,
    0xE2, 0xEB, 0xEB, 0xFF, 0xB0, 0xA8, 0xB0, 0xFF, 0xB3, 0xAB, 0xB3, 0xFF, 0xB7, 0xAF, 0xB8, 0xFF,
    0xB5, 0xAD, 0xB5, 0xFF, 0xB3, 0xAB, 0xB3, 0xFF, 0xB5, 0xAD, 0xB5, 0xFF, 0xB6, 0xAE, 0xB6, 0xFF,
    0xB6, 0xAE, 0xB6, 0xFF, 0xB7, 0xAF, 0xB8, 0xFF, 0xB6, 0xAE, 0xB6, 0xFF, 0xB6, 0xAE, 0xB6, 0xFF,
    0xB7, 0xAF, 0xB8, 0xFF, 0xB7, 0xAF, 0xB8, 0xFF, 0x4E, 0x3D, 0x4E, 0xFF, 0x4E, 0x3D, 0x4E, 0xFF,
    0x4E, 0x3D, 0x4E, 0xFF, 0x00, 0x00, 0x00, 0x00, 0x00, 0x00, 0x00, 0x00, 0x00, 0x00, 0x00, 0x00,
    0x00, 0x00, 0x00, 0x00, 0x00, 0x00, 0x00, 0x00, 0x00, 0x00, 0x00, 0x00, 0x00, 0x00, 0x00, 0x00,
    0x00, 0x00, 0x00, 0x00, 0x00, 0x00, 0x00, 0x00, 0x00, 0x00, 0x00, 0x00, 0x00, 0x00, 0x00, 0x00,
    0x00, 0x00, 0x00, 0x00, 0x00, 0x00, 0x00, 0x00, 0x00, 0x00, 0x00, 0x00, 0x00, 0x00, 0x00, 0x00,
    0x00, 0x00, 0x00, 0x00, 0x00, 0x00, 0x00, 0x00, 0x00, 0x00, 0x00, 0x00, 0x00, 0x00, 0x00, 0x00,
    0x00, 0x00, 0x00, 0x00, 0x00, 0x00, 0x00, 0x00, 0x00, 0x00, 0x00, 0x00, 0x00, 0x00, 0x00, 0x00,
    0x00, 0x00, 0x00, 0x00, 0x00, 0x00, 0x00, 0x00, 0x00, 0x00, 0x00, 0x00, 0x00, 0x00, 0x00, 0x00,
    0x00, 0x00, 0x00, 0x00, 0x00, 0x00, 0x00, 0x00, 0x00, 0x00, 0x00, 0x00, 0x00, 0x00, 0x00, 0x00,
    0x00, 0x00, 0x00, 0x00, 0x00, 0x00, 0x00, 0x00, 0x47, 0x36, 0x4A, 0xFF, 0xB7, 0xAF, 0xB8, 0xFF,
    0xB7, 0xAF, 0xB8, 0xFF, 0xB5, 0xAD, 0xB5, 0xFF, 0xB4, 0xAD, 0xB3, 0xFF, 0xE1, 0xE9, 0xEB, 0xFF,
    0xB3, 0xAB, 0xB3, 0xFF, 0xB6, 0xAE, 0xB6, 0xFF, 0xB5, 0xAD, 0xB5, 0xFF, 0xB5, 0xAD, 0xB5, 0xFF,
    0xB5, 0xAD, 0xB5, 0xFF, 0xB7, 0xAF, 0xB8, 0xFF, 0x47, 0x36, 0x4A, 0xFF, 0x00, 0x00, 0x00, 0x00,
    0x00, 0x00, 0x00, 0x00, 0x00, 0x00, 0x00, 0x00, 0x00, 0x00, 0x00, 0x00, 0x00, 0x00, 0x00, 0x00,
    0x54, 0x42, 0x52, 0xFF, 0xB5, 0xAD, 0xB5, 0xFF, 0xB3, 0xAB, 0xB3, 0xFF, 0xB7, 0xAF, 0xB8, 0xFF,
    0xB5, 0xAD, 0xB5, 0xFF, 0xB5, 0xAD, 0xB5, 0xFF, 0xB3, 0xAB, 0xB3, 0xFF, 0xB6, 0xAE, 0xB6, 0xFF,
    0xB7, 0xAF, 0xB8, 0xFF, 0xB5, 0xAD, 0xB5, 0xFF, 0xB6, 0xAE, 0xB6, 0xFF, 0x4E, 0x3D, 0x4E, 0xFF,
    0x4E, 0x3D, 0x4E, 0xFF, 0x4E, 0x3D, 0x4E, 0xFF, 0x4E, 0x3D, 0x4E, 0xFF, 0x4E, 0x3D, 0x4E, 0xFF,
    0x4E, 0x3D, 0x4E, 0xFF, 0x4E, 0x3D, 0x4E, 0xFF, 0x00, 0x00, 0x00, 0x00, 0x00, 0x00, 0x00, 0x00,
    0x00, 0x00, 0x00, 0x00, 0x00, 0x00, 0x00, 0x00, 0x00, 0x00, 0x00, 0x00, 0x00, 0x00, 0x00, 0x00,
    0x00, 0x00, 0x00, 0x00, 0x00, 0x00, 0x00, 0x00, 0x00, 0x00, 0x00, 0x00, 0x00, 0x00, 0x00, 0x00,
    0x00, 0x00, 0x00, 0x00, 0x00, 0x00, 0x00, 0x00, 0x00, 0x00, 0x00, 0x00, 0x00, 0x00, 0x00, 0x00,
    0x00, 0x00, 0x00, 0x00, 0x00, 0x00, 0x00, 0x00, 0x00, 0x00, 0x00, 0x00, 0x00, 0x00, 0x00, 0x00,
};

const lv_image_dsc_t rabbit_side = {
    .header.magic = LV_IMAGE_HEADER_MAGIC,
    .header.cf = LV_COLOR_FORMAT_ARGB8888,
    .header.w = 72,
    .header.h = 72,
    .header.stride = 288,
    .data_size = sizeof(rabbit_side_map),
    .data = rabbit_side_map,
};

static const uint8_t rabbit_side_r_map[] = {
    0x00, 0x00, 0x00, 0x00, 0x00, 0x00, 0x00, 0x00, 0x00, 0x00, 0x00, 0x00, 0x00, 0x00, 0x00, 0x00,
    0x00, 0x00, 0x00, 0x00, 0x00, 0x00, 0x00, 0x00, 0x00, 0x00, 0x00, 0x00, 0x00, 0x00, 0x00, 0x00,
    0x00, 0x00, 0x00, 0x00, 0x00, 0x00, 0x00, 0x00, 0x00, 0x00, 0x00, 0x00, 0x00, 0x00, 0x00, 0x00,
    0x00, 0x00, 0x00, 0x00, 0x00, 0x00, 0x00, 0x00, 0x00, 0x00, 0x00, 0x00, 0x00, 0x00, 0x00, 0x00,
    0x00, 0x00, 0x00, 0x00, 0x00, 0x00, 0x00, 0x00, 0x00, 0x00, 0x00, 0x00, 0x00, 0x00, 0x00, 0x00,
    0x00, 0x00, 0x00, 0x00, 0x00, 0x00, 0x00, 0x00, 0x00, 0x00, 0x00, 0x00, 0x00, 0x00, 0x00, 0x00,
    0x00, 0x00, 0x00, 0x00, 0x00, 0x00, 0x00, 0x00, 0x00, 0x00, 0x00, 0x00, 0x00, 0x00, 0x00, 0x00,
    0x00, 0x00, 0x00, 0x00, 0x00, 0x00, 0x00, 0x00, 0x00, 0x00, 0x00, 0x00, 0x00, 0x00, 0x00, 0x00,
    0x00, 0x00, 0x00, 0x00, 0x54, 0x42, 0x52, 0xFF, 0x54, 0x42, 0x52, 0xFF, 0x54, 0x42, 0x52, 0xFF,
    0x54, 0x42, 0x52, 0xFF, 0x54, 0x42, 0x52, 0xFF, 0x54, 0x42, 0x52, 0xFF, 0x54, 0x42, 0x52, 0xFF,
    0x54, 0x42, 0x52, 0xFF, 0x00, 0x00, 0x00, 0x00, 0x00, 0x00, 0x00, 0x00, 0x00, 0x00, 0x00, 0x00,
    0x00, 0x00, 0x00, 0x00, 0x00, 0x00, 0x00, 0x00, 0x00, 0x00, 0x00, 0x00, 0x00, 0x00, 0x00, 0x00,
    0x00, 0x00, 0x00, 0x00, 0x00, 0x00, 0x00, 0x00, 0x00, 0x00, 0x00, 0x00, 0x00, 0x00, 0x00, 0x00,
    0x00, 0x00, 0x00, 0x00, 0x00, 0x00, 0x00, 0x00, 0x00, 0x00, 0x00, 0x00, 0x00, 0x00, 0x00, 0x00,
    0x00, 0x00, 0x00, 0x00, 0x00, 0x00, 0x00, 0x00, 0x00, 0x00, 0x00, 0x00, 0x00, 0x00, 0x00, 0x00,
    0x00, 0x00, 0x00, 0x00, 0x00, 0x00, 0x00, 0x00, 0x00, 0x00, 0x00, 0x00, 0x00, 0x00, 0x00, 0x00,
    0x00, 0x00, 0x00, 0x00, 0x00, 0x00, 0x00, 0x00, 0x00, 0x00, 0x00, 0x00, 0x00, 0x00, 0x00, 0x00,
    0x00, 0x00, 0x00, 0x00, 0x00, 0x00, 0x00, 0x00, 0x00, 0x00, 0x00, 0x00, 0x00, 0x00, 0x00, 0x00,
    0x00, 0x00, 0x00, 0x00, 0x00, 0x00, 0x00, 0x00, 0x00, 0x00, 0x00, 0x00, 0x00, 0x00, 0x00, 0x00,
    0x00, 0x00, 0x00, 0x00, 0x00, 0x00, 0x00, 0x00, 0x00, 0x00, 0x00, 0x00, 0x00, 0x00, 0x00, 0x00,
    0x00, 0x00, 0x00, 0x00, 0x00, 0x00, 0x00, 0x00, 0x00, 0x00, 0x00, 0x00, 0x00, 0x00, 0x00, 0x00,
    0x00, 0x00, 0x00, 0x00, 0x00, 0x00, 0x00, 0x00, 0x00, 0x00, 0x00, 0x00, 0x00, 0x00, 0x00, 0x00,
    0x00, 0x00, 0x00, 0x00, 0x00, 0x00, 0x00, 0x00, 0x00, 0x00, 0x00, 0x00, 0x00, 0x00, 0x00, 0x00,
    0x00, 0x00, 0x00, 0x00, 0x00, 0x00, 0x00, 0x00, 0x00, 0x00, 0x00, 0x00, 0x00, 0x00, 0x00, 0x00,
    0x00, 0x00, 0x00, 0x00, 0x00, 0x00, 0x00, 0x00, 0x00, 0x00, 0x00, 0x00, 0x00, 0x00, 0x00, 0x00,
    0x00, 0x00, 0x00, 0x00, 0x00, 0x00, 0x00, 0x00, 0x00, 0x00, 0x00, 0x00, 0x00, 0x00, 0x00, 0x00,
    0x4E, 0x3D, 0x4E, 0xFF, 0xB3, 0xAB, 0xB3, 0xFF, 0xB0, 0xA8, 0xB0, 0xFF, 0xB4, 0xAD, 0xB3, 0xFF,
    0xB3, 0xAB, 0xB3, 0xFF, 0xB3, 0xAB, 0xB3, 0xFF, 0xB5, 0xAD, 0xB5, 0xFF, 0xB6, 0xAE, 0xB6, 0xFF,
    0x95, 0x8A, 0x97, 0xFF, 0x54, 0x42, 0x52, 0xFF, 0x54, 0x42, 0x52, 0xFF, 0x54, 0x42, 0x52, 0xFF,
    0x00, 0x00, 0x00, 0x00, 0x00, 0x00, 0x00, 0x00, 0x00, 0x00, 0x00, 0x00, 0x00, 0x00, 0x00, 0x00,
    0x00, 0x00, 0x00, 0x00, 0x00, 0x00, 0x00, 0x00, 0x00, 0x00, 0x00, 0x00, 0x00, 0x00, 0x00, 0x00,
    0x00, 0x00, 0x00, 0x00, 0x00, 0x00, 0x00, 0x00, 0x00, 0x00, 0x00, 0x00, 0x00, 0x00, 0x00, 0x00,
    0x00, 0x00, 0x00, 0x00, 0x00, 0x00, 0x00, 0x00, 0x00, 0x00, 0x00, 0x00, 0x00, 0x00, 0x00, 0x00,
    0x00, 0x00, 0x00, 0x00, 0x00, 0x00, 0x00, 0x00, 0x00, 0x00, 0x00, 0x00, 0x00, 0x00, 0x00, 0x00,
    0x00, 0x00, 0x00, 0x00, 0x00, 0x00, 0x00, 0x00, 0x00, 0x00, 0x00, 0x00, 0x00, 0x00, 0x00, 0x00,
    0x00, 0x00, 0x00, 0x00, 0x00, 0x00, 0x00, 0x00, 0x00, 0x00, 0x00, 0x00, 0x00, 0x00, 0x00, 0x00,
    0x00, 0x00, 0x00, 0x00, 0x00, 0x00, 0x00, 0x00, 0x00, 0x00, 0x00, 0x00, 0x00, 0x00, 0x00, 0x00,
    0x00, 0x00, 0x00, 0x00, 0x00, 0x00, 0x00, 0x00, 0x00, 0x00, 0x00, 0x00, 0x00, 0x00, 0x00, 0x00,
    0x00, 0x00, 0x00, 0x00, 0x00, 0x00, 0x00, 0x00, 0x00, 0x00, 0x00, 0x00, 0x00, 0x00, 0x00, 0x00,
    0x00, 0x00, 0x00, 0x00, 0x00, 0x00, 0x00, 0x00, 0x00, 0x00, 0x00, 0x00, 0x00, 0x00, 0x00, 0x00,
    0x00, 0x00, 0x00, 0x00, 0x00, 0x00, 0x00, 0x00, 0x00, 0x00, 0x00, 0x00, 0x00, 0x00, 0x00, 0x00,
    0x00, 0x00, 0x00, 0x00, 0x00, 0x00, 0x00, 0x00, 0x00, 0x00, 0x00, 0x00, 0x00, 0x00, 0x00, 0x00,
    0x00, 0x00, 0x00, 0x00, 0x00, 0x00, 0x00, 0x00, 0x00, 0x00, 0x00, 0x00, 0x00, 0x00, 0x00, 0x00,
    0x00, 0x00, 0x00, 0x00, 0x00, 0x00, 0x00, 0x00, 0x54, 0x42, 0x52, 0xFF, 0x54, 0x42, 0x52, 0xFF,
    0xB0, 0xA8, 0xB0, 0xFF, 0xB0, 0xA8, 0xB0, 0xFF, 0xB0, 0xA8, 0xB0, 0xFF, 0xB3, 0xAB, 0xB3, 0xFF,
    0xB3, 0xAB, 0xB3, 0xFF, 0xB3, 0xAB, 0xB3, 0xFF, 0xB3, 0xAB, 0xB3, 0xFF, 0xB4, 0xAD, 0xB3, 0xFF,
    0xB0, 0xA8, 0xB0, 0xFF, 0x95, 0x8A, 0x97, 0xFF, 0xB0, 0xA8, 0xB0, 0xFF, 0x95, 0x8A, 0x97, 0xFF,
    0x4E, 0x3D, 0x4E, 0xFF, 0x47, 0x36, 0x4A, 0xFF, 0x00, 0x00, 0x00, 0x00, 0x00, 0x00, 0x00, 0x00,
    0x00, 0x00, 0x00, 0x00, 0x00, 0x00, 0x00, 0x00, 0x00, 0x00, 0x00, 0x00, 0x00, 0x00, 0x00, 0x00,
    0x00, 0x00, 0x00, 0x00, 0x00, 0x00, 0x00, 0x00, 0x00, 0x00, 0x00, 0x00, 0x00, 0x00, 0x00, 0x00,
    0x00, 0x00, 0x00, 0x00, 0x00, 0x00, 0x00, 0x00, 0x00, 0x00, 0x00, 0x00, 0x00, 0x00, 0x00, 0x00,
    0x00, 0x00, 0x00, 0x00, 0x00, 0x00, 0x00, 0x00, 0x00, 0x00, 0x00, 0x00, 0x00, 0x00, 0x00, 0x00,
    0x00, 0x00, 0x00, 0x00, 0x00, 0x00, 0x00, 0x00, 0x00, 0x00, 0x00, 0x00, 0x00, 0x00, 0x00, 0x00,
    0x00, 0x00, 0x00, 0x00, 0x00, 0x00, 0x00, 0x00, 0x00, 0x00, 0x00, 0x00, 0x00, 0x00, 0x00, 0x00,
    0x00, 0x00, 0x00, 0x00, 0x00, 0x00, 0x00, 0x00, 0x00, 0x00, 0x00, 0x00, 0x00, 0x00, 0x00, 0x00,
    0x00, 0x00, 0x00, 0x00, 0x00, 0x00, 0x00, 0x00, 0x00, 0x00, 0x00, 0x00, 0x00, 0x00, 0x00, 0x00,
    0x00, 0x00, 0x00, 0x00, 0x00, 0x00, 0x00, 0x00, 0x00, 0x00, 0x00, 0x00, 0x00, 0x00, 0x00, 0x00,
    0x00, 0x00, 0x00, 0x00, 0x00, 0x00, 0x00, 0x00, 0x00, 0x00, 0x00, 0x00, 0x00, 0x00, 0x00, 0x00,
    0x00, 0x00, 0x00, 0x00, 0x00, 0x00, 0x00, 0x00, 0x00, 0x00, 0x00, 0x00, 0x00, 0x00, 0x00, 0x00,
    0x00, 0x00, 0x00, 0x00, 0x00, 0x00, 0x00, 0x00, 0x00, 0x00, 0x00, 0x00, 0x00, 0x00, 0x00, 0x00,
    0x00, 0x00, 0x00, 0x00, 0x00, 0x00, 0x00, 0x00, 0x00, 0x00, 0x00, 0x00, 0x00, 0x00, 0x00, 0x00,
    0x00, 0x00, 0x00, 0x00, 0x00, 0x00, 0x00, 0x00, 0x4E, 0x3D, 0x4E, 0xFF, 0x54, 0x42, 0x52, 0xFF,
    0xB0, 0xA8, 0xB0, 0xFF, 0xB0, 0xA8, 0xB0, 0xFF, 0xB0, 0xA8, 0xB0, 0xFF, 0xB0, 0xA8, 0xB0, 0xFF,
    0xB3, 0xAB, 0xB3, 0xFF, 0xB3, 0xAB, 0xB3, 0xFF, 0xB3, 0xAB, 0xB3, 0xFF, 0xB3, 0xAB, 0xB3, 0xFF,
    0xB3, 0xAB, 0xB3, 0xFF, 0xB3, 0xAB, 0xB3, 0xFF, 0xB3, 0xAB, 0xB3, 0xFF, 0x95, 0x8A, 0x97, 0xFF,
    0x4E, 0x3D, 0x4E, 0xFF, 0x4E, 0x3D, 0x4E, 0xFF, 0x00, 0x00, 0x00, 0x00, 0x00, 0x00, 0x00, 0x00,
    0x00, 0x00, 0x00, 0x00, 0x00, 0x00, 0x00, 0x00, 0x00, 0x00, 0x00, 0x00, 0x00, 0x00, 0x00, 0x00,
    0x00, 0x00, 0x00, 0x00, 0x00, 0x00, 0x00, 0x00, 0x00, 0x00, 0x00, 0x00, 0x00, 0x00, 0x00, 0x00,
    0x00, 0x00, 0x00, 0x00, 0x00, 0x00, 0x00, 0x00, 0x00, 0x00, 0x00, 0x00, 0x00, 0x00, 0x00, 0x00,
    0x00, 0x00, 0x00, 0x00, 0x00, 0x00, 0x00, 0x00, 0x00, 0x00, 0x00, 0x00, 0x00, 0x00, 0x00, 0x00,
    0x00, 0x00, 0x00, 0x00, 0x00, 0x00, 0x00, 0x00, 0x00, 0x00, 0x00, 0x00, 0x00, 0x00, 0x00, 0x00,
    0x00, 0x00, 0x00, 0x00, 0x00, 0x00, 0x00, 0x00, 0x00, 0x00, 0x00, 0x00, 0x00, 0x00, 0x00, 0x00,
    0x00, 0x00, 0x00, 0x00, 0x00, 0x00, 0x00, 0x00, 0x00, 0x00, 0x00, 0x00, 0x00, 0x00, 0x00, 0x00,
    0x00, 0x00, 0x00, 0x00, 0x00, 0x00, 0x00, 0x00, 0x00, 0x00, 0x00, 0x00, 0x00, 0x00, 0x00, 0x00,
    0x00, 0x00, 0x00, 0x00, 0x00, 0x00, 0x00, 0x00, 0x00, 0x00, 0x00, 0x00, 0x00, 0x00, 0x00, 0x00,
    0x00, 0x00, 0x00, 0x00, 0x00, 0x00, 0x00, 0x00, 0x00, 0x00, 0x00, 0x00, 0x00, 0x00, 0x00, 0x00,
    0x00, 0x00, 0x00, 0x00, 0x00, 0x00, 0x00, 0x00, 0x00, 0x00, 0x00, 0x00, 0x00, 0x00, 0x00, 0x00,
    0x00, 0x00, 0x00, 0x00, 0x00, 0x00, 0x00, 0x00, 0x00, 0x00, 0x00, 0x00, 0x00, 0x00, 0x00, 0x00,
    0x00, 0x00, 0x00, 0x00, 0x00, 0x00, 0x00, 0x00, 0x00, 0x00, 0x00, 0x00, 0x00, 0x00, 0x00, 0x00,
    0x00, 0x00, 0x00, 0x00, 0x00, 0x00, 0x00, 0x00, 0x4E, 0x3D, 0x4E, 0xFF, 0xB0, 0xA8, 0xB0, 0xFF,
    0xB0, 0xA8, 0xB0, 0xFF, 0xB3, 0xAB, 0xB3, 0xFF, 0xB0, 0xA8, 0xB0, 0xFF, 0xB0, 0xA8, 0xB0, 0xFF,
    0xB3, 0xAB, 0xB3, 0xFF, 0xB3, 0xAB, 0xB3, 0xFF, 0xB3, 0xAB, 0xB3, 0xFF, 0xB3, 0xAB, 0xB3, 0xFF,
    0xB3, 0xAB, 0xB3, 0xFF, 0xB3, 0xAB, 0xB3, 0xFF, 0xB3, 0xAB, 0xB3, 0xFF, 0xB3, 0xAB, 0xB3, 0xFF,
    0xB3, 0xAB, 0xB3, 0xFF, 0xB5, 0xAD, 0xB5, 0xFF, 0x4E, 0x3D, 0x4E, 0xFF, 0x4E, 0x3D, 0x4E, 0xFF,
    0x47, 0x36, 0x4A, 0xFF, 0x00, 0x00, 0x00, 0x00, 0x00, 0x00, 0x00, 0x00, 0x00, 0x00, 0x00, 0x00,
    0x00, 0x00, 0x00, 0x00, 0x00, 0x00, 0x00, 0x00, 0x00, 0x00, 0x00, 0x00, 0x00, 0x00, 0x00, 0x00,
    0x00, 0x00, 0x00, 0x00, 0x00, 0x00, 0x00, 0x00, 0x00, 0x00, 0x00, 0x00, 0x00, 0x00, 0x00, 0x00,
    0x00, 0x00, 0x00, 0x00, 0x00, 0x00, 0x00, 0x00, 0x00, 0x00, 0x00, 0x00, 0x00, 0x00, 0x00, 0x00,
    0x00, 0x00, 0x00, 0x00, 0x00, 0x00, 0x00, 0x00, 0x00, 0x00, 0x00, 0x00, 0x00, 0x00, 0x00, 0x00,
    0x00, 0x00, 0x00, 0x00, 0x00, 0x00, 0x00, 0x00, 0x00, 0x00, 0x00, 0x00, 0x00, 0x00, 0x00, 0x00,
    0x00, 0x00, 0x00, 0x00, 0x00, 0x00, 0x00, 0x00, 0x00, 0x00, 0x00, 0x00, 0x00, 0x00, 0x00, 0x00,
    0x00, 0x00, 0x00, 0x00, 0x00, 0x00, 0x00, 0x00, 0x00, 0x00, 0x00, 0x00, 0x00, 0x00, 0x00, 0x00,
    0x00, 0x00, 0x00, 0x00, 0x00, 0x00, 0x00, 0x00, 0x00, 0x00, 0x00, 0x00, 0x00, 0x00, 0x00, 0x00,
    0x00, 0x00, 0x00, 0x00, 0x00, 0x00, 0x00, 0x00, 0x00, 0x00, 0x00, 0x00, 0x00, 0x00, 0x00, 0x00,
    0x00, 0x00, 0x00, 0x00, 0x00, 0x00, 0x00, 0x00, 0x00, 0x00, 0x00, 0x00, 0x00, 0x00, 0x00, 0x00,
    0x00, 0x00, 0x00, 0x00, 0x00, 0x00, 0x00, 0x00, 0x00, 0x00, 0x00, 0x00, 0x00, 0x00, 0x00, 0x00,
    0x00, 0x00, 0x00, 0x00, 0x54, 0x42, 0x52, 0xFF, 0x54, 0x42, 0x52, 0xFF, 0x54, 0x42, 0x52, 0xFF,
    0x54, 0x42, 0x52, 0xFF, 0x54, 0x42, 0x52, 0xFF, 0x54, 0x42, 0x52, 0xFF, 0x54, 0x42, 0x52, 0xFF,
    0x54, 0x42, 0x52, 0xFF, 0xB7, 0xAF, 0xB8, 0xFF, 0xB3, 0xAB, 0xB3, 0xFF, 0xB3, 0xAB, 0xB3, 0xFF,
    0xB5, 0xAD, 0xB5, 0xFF, 0xB3, 0xAB, 0xB3, 0xFF, 0xB3, 0xAB, 0xB3, 0xFF, 0xB3, 0xAB, 0xB3, 0xFF,
    0xB3, 0xAB, 0xB3, 0xFF, 0xB3, 0xAB, 0xB3, 0xFF, 0xB3, 0xAB, 0xB3, 0xFF, 0xB3, 0xAB, 0xB3, 0xFF,
    0xB3, 0xAB, 0xB3, 0xFF, 0xB3, 0xAB, 0xB3, 0xFF, 0xB4, 0xAD, 0xB3, 0xFF, 0xB6, 0xAE, 0xB6, 0xFF,
    0x95, 0x8A, 0x97, 0xFF, 0x00, 0x00, 0x00, 0x00, 0x00, 0x00, 0x00, 0x00, 0x00, 0x00, 0x00, 0x00,
    0x00, 0x00, 0x00, 0x00, 0x00, 0x00, 0x00, 0x00, 0x00, 0x00, 0x00, 0x00, 0x00, 0x00, 0x00, 0x00,
    0x00, 0x00, 0x00, 0x00, 0x00, 0x00, 0x00, 0x00, 0x00, 0x00, 0x00, 0x00, 0x00, 0x00, 0x00, 0x00,
    0x00, 0x00, 0x00, 0x00, 0x00, 0x00, 0x00, 0x00, 0x00, 0x00, 0x00, 0x00, 0x00, 0x00, 0x00, 0x00,
    0x00, 0x00, 0x00, 0x00, 0x00, 0x00, 0x00, 0x00, 0x00, 0x00, 0x00, 0x00, 0x00, 0x00, 0x00, 0x00,
    0x00, 0x00, 0x00, 0x00, 0x00, 0x00, 0x00, 0x00, 0x00, 0x00, 0x00, 0x00, 0x00, 0x00, 0x00, 0x00,
    0x00, 0x00, 0x00, 0x00, 0x00, 0x00, 0x00, 0x00, 0x00, 0x00, 0x00, 0x00, 0x00, 0x00, 0x00, 0x00,
    0x00, 0x00, 0x00, 0x00, 0x00, 0x00, 0x00, 0x00, 0x00, 0x00, 0x00, 0x00, 0x00, 0x00, 0x00, 0x00,
    0x00, 0x00, 0x00, 0x00, 0x00, 0x00, 0x00, 0x00, 0x00, 0x00, 0x00, 0x00, 0x00, 0x00, 0x00, 0x00,
    0x00, 0x00, 0x00, 0x00, 0x00, 0x00, 0x00, 0x00, 0x00, 0x00, 0x00, 0x00, 0x00, 0x00, 0x00, 0x00,
    0x00, 0x00, 0x00, 0x00, 0x00, 0x00, 0x00, 0x00, 0x00, 0x00, 0x00, 0x00, 0x00, 0x00, 0x00, 0x00,
    0x00, 0x00, 0x00, 0x00, 0x00, 0x00, 0x00, 0x00, 0x00, 0x00, 0x00, 0x00, 0x00, 0x00, 0x00, 0x00,
    0x4E, 0x3D, 0x4E, 0xFF, 0xE0, 0xE9, 0xE9, 0xFF, 0xE1, 0xE9, 0xEB, 0xFF, 0xE2, 0xEB, 0xEB, 0xFF,
    0xE1, 0xEA, 0xEB, 0xFF, 0xDF, 0xE9, 0xEB, 0xFF, 0xE3, 0xE9, 0xED, 0xFF, 0xE3, 0xE9, 0xED, 0xFF,
    0xE2, 0xEB, 0xEB, 0xFF, 0x4E, 0x3D, 0x4E, 0xFF, 0x4E, 0x3D, 0x4E, 0xFF, 0x54, 0x42, 0x52, 0xFF,
    0x4E, 0x3D, 0x4E, 0xFF, 0xB6, 0xAE, 0xB6, 0xFF, 0xB3, 0xAB, 0xB3, 0xFF, 0xB3, 0xAB, 0xB3, 0xFF,
    0xB3, 0xAB, 0xB3, 0xFF, 0xB3, 0xAB, 0xB3, 0xFF, 0xB3, 0xAB, 0xB3, 0xFF, 0xB3, 0xAB, 0xB3, 0xFF,
    0xB3, 0xAB, 0xB3, 0xFF, 0xB3, 0xAB, 0xB3, 0xFF, 0xB3, 0xAB, 0xB3, 0xFF, 0xB4, 0xAD, 0xB3, 0xFF,
    0xB4, 0xAD, 0xB3, 0xFF, 0x54, 0x42, 0x52, 0xFF, 0x54, 0x42, 0x52, 0xFF, 0x00, 0x00, 0x00, 0x00,
    0x00, 0x00, 0x00, 0x00, 0x00, 0x00, 0x00, 0x00, 0x00, 0x00, 0x00, 0x00, 0x00, 0x00, 0x00, 0x00,
    0x00, 0x00, 0x00, 0x00, 0x00, 0x00, 0x00, 0x00, 0x00, 0x00, 0x00, 0x00, 0x00, 0x00, 0x00, 0x00,
    0x00, 0x00, 0x00, 0x00, 0x00, 0x00, 0x00, 0x00, 0x00, 0x00, 0x00, 0x00, 0x00, 0x00, 0x00, 0x00,
    0x00, 0x00, 0x00, 0x00, 0x00, 0x00, 0x00, 0x00, 0x00, 0x00, 0x00, 0x00, 0x00, 0x00, 0x00, 0x00,
    0x00, 0x00, 0x00, 0x00, 0x00, 0x00, 0x00, 0x00, 0x00, 0x00, 0x00, 0x00, 0x00, 0x00, 0x00, 0x00,
    0x00, 0x00, 0x00, 0x00, 0x00, 0x00, 0x00, 0x00, 0x00, 0x00, 0x00, 0x00, 0x00, 0x00, 0x00, 0x00,
    0x00, 0x00, 0x00, 0x00, 0x00, 0x00, 0x00, 0x00, 0x00, 0x00, 0x00, 0x00, 0x00, 0x00, 0x00, 0x00,
    0x00, 0x00, 0x00, 0x00, 0x00, 0x00, 0x00, 0x00, 0x00, 0x00, 0x00, 0x00, 0x00, 0x00, 0x00, 0x00,
    0x00, 0x00, 0x00, 0x00, 0x00, 0x00, 0x00, 0x00, 0x00, 0x00, 0x00, 0x00, 0x00, 0x00, 0x00, 0x00,
    0x00, 0x00, 0x00, 0x00, 0x00, 0x00, 0x00, 0x00, 0x00, 0x00, 0x00, 0x00, 0x00, 0x00, 0x00, 0x00,
    0x00, 0x00, 0x00, 0x00, 0x00, 0x00, 0x00, 0x00, 0x00, 0x00, 0x00, 0x00, 0x4E, 0x3D, 0x4E, 0xFF,
    0xE0, 0xE9, 0xEA, 0xFF, 0xE0, 0xE9, 0xE9, 0xFF, 0xE0, 0xE9, 0xEA, 0xFF, 0xE1, 0xE9, 0xEB, 0xFF,
    0xE1, 0xE9, 0xEB, 0xFF, 0xE1, 0xEA, 0xEB, 0xFF, 0xDF, 0xE9, 0xEB, 0xFF, 0xE2, 0xEB, 0xEB, 0xFF,
    0xE1, 0xEA, 0xEB, 0xFF, 0xE1, 0xE9, 0xEB, 0xFF, 0xE1, 0xEA, 0xEB, 0xFF, 0xE0, 0xE9, 0xEA, 0xFF,
    0xE8, 0xEF, 0xF0, 0xFF, 0x54, 0x42, 0x52, 0xFF, 0x4E, 0x3D, 0x4E, 0xFF, 0x4E, 0x3D, 0x4E, 0xFF,
    0xB0, 0xA8, 0xB0, 0xFF, 0xB3, 0xAB, 0xB3, 0xFF, 0xB3, 0xAB, 0xB3, 0xFF, 0xB3, 0xAB, 0xB3, 0xFF,
    0xB3, 0xAB, 0xB3, 0xFF, 0xB3, 0xAB, 0xB3, 0xFF, 0xB3, 0xAB, 0xB3, 0xFF, 0xB4, 0xAD, 0xB3, 0xFF,
    0xB4, 0xAD, 0xB3, 0xFF, 0xB6, 0xAE, 0xB6, 0xFF, 0x54, 0x42, 0x52, 0xFF, 0x4E, 0x3D, 0x4E, 0xFF,
    0x00, 0x00, 0x00, 0x00, 0x00, 0x00, 0x00, 0x00, 0x00, 0x00, 0x00, 0x00, 0x00, 0x00, 0x00, 0x00,
    0x00, 0x00, 0x00, 0x00, 0x00, 0x00, 0x00, 0x00, 0x00, 0x00, 0x00, 0x00, 0x00, 0x00, 0x00, 0x00,
    0x00, 0x00, 0x00, 0x00, 0x00, 0x00, 0x00, 0x00, 0x00, 0x00, 0x00, 0x00, 0x00, 0x00, 0x00, 0x00,
    0x00, 0x00, 0x00, 0x00, 0x00, 0x00, 0x00, 0x00, 0x00, 0x00, 0x00, 0x00, 0x00, 0x00, 0x00, 0x00,
    0x00, 0x00, 0x00, 0x00, 0x00, 0x00, 0x00, 0x00, 0x00, 0x00, 0x00, 0x00, 0x00, 0x00, 0x00, 0x00,
    0x00, 0x00, 0x00, 0x00, 0x00, 0x00, 0x00, 0x00, 0x00, 0x00, 0x00, 0x00, 0x00, 0x00, 0x00, 0x00,
    0x00, 0x00, 0x00, 0x00, 0x00, 0x00, 0x00, 0x00, 0x00, 0x00, 0x00, 0x00, 0x00, 0x00, 0x00, 0x00,
    0x00, 0x00, 0x00, 0x00, 0x00, 0x00, 0x00, 0x00, 0x00, 0x00, 0x00, 0x00, 0x00, 0x00, 0x00, 0x00,
    0x00, 0x00, 0x00, 0x00, 0x00, 0x00, 0x00, 0x00, 0x00, 0x00, 0x00, 0x00, 0x00, 0x00, 0x00, 0x00,
    0x00, 0x00, 0x00, 0x00, 0x00, 0x00, 0x00, 0x00, 0x00, 0x00, 0x00, 0x00, 0x00, 0x00, 0x00, 0x00,
    0x00, 0x00, 0x00, 0x00, 0x95, 0x8A, 0x97, 0xFF, 0x47, 0x36, 0x4A, 0xFF, 0xE1, 0xE9, 0xEB, 0xFF,
    0xE0, 0xE7, 0xE9, 0xFF, 0xE0, 0xE9, 0xEA, 0xFF, 0xE0, 0xE9, 0xEA, 0xFF, 0xE1, 0xE9, 0xEB, 0xFF,
    0xE1, 0xE9, 0xEB, 0xFF, 0xE0, 0xE9, 0xEA, 0xFF, 0xE1, 0xEA, 0xEB, 0xFF, 0xE1, 0xEA, 0xEB, 0xFF,
    0xE1, 0xE9, 0xEB, 0xFF, 0xE0, 0xE9, 0xEA, 0xFF, 0xE1, 0xE9, 0xEB, 0xFF, 0xE1, 0xE9, 0xEB, 0xFF,
    0xE3, 0xE9, 0xED, 0xFF, 0xE2, 0xEB, 0xEB, 0xFF, 0xE0, 0xE9, 0xEA, 0xFF, 0xE1, 0xE9, 0xEB, 0xFF,
    0x54, 0x42, 0x52, 0xFF, 0x54, 0x42, 0x52, 0xFF, 0x54, 0x42, 0x52, 0xFF, 0xB3, 0xAB, 0xB3, 0xFF,
    0xB3, 0xAB, 0xB3, 0xFF, 0xB3, 0xAB, 0xB3, 0xFF, 0xB4, 0xAD, 0xB3, 0xFF, 0xB3, 0xAB, 0xB3, 0xFF,
    0xB4, 0xAD, 0xB3, 0xFF, 0xB4, 0xAD, 0xB3, 0xFF, 0xB7, 0xAF, 0xB8, 0xFF, 0xCA, 0xC7, 0xCF, 0xFF,
    0x4E, 0x3D, 0x4E, 0xFF, 0x00, 0x00, 0x00, 0x00, 0x00, 0x00, 0x00, 0x00, 0x00, 0x00, 0x00, 0x00,
    0x00, 0x00, 0x00, 0x00, 0x00, 0x00, 0x00, 0x00, 0x00, 0x00, 0x00, 0x00, 0x00, 0x00, 0x00, 0x00,
    0x00, 0x00, 0x00, 0x00, 0x00, 0x00, 0x00, 0x00, 0x00, 0x00, 0x00, 0x00, 0x00, 0x00, 0x00, 0x00,
    0x00, 0x00, 0x00, 0x00, 0x00, 0x00, 0x00, 0x00, 0x00, 0x00, 0x00, 0x00, 0x00, 0x00, 0x00, 0x00,
    0x00, 0x00, 0x00, 0x00, 0x00, 0x00, 0x00, 0x00, 0x00, 0x00, 0x00, 0x00, 0x00, 0x00, 0x00, 0x00,
    0x00, 0x00, 0x00, 0x00, 0x00, 0x00, 0x00, 0x00, 0x00, 0x00, 0x00, 0x00, 0x00, 0x00, 0x00, 0x00,
    0x00, 0x00, 0x00, 0x00, 0x00, 0x00, 0x00, 0x00, 0x00, 0x00, 0x00, 0x00, 0x00, 0x00, 0x00, 0x00,
    0x00, 0x00, 0x00, 0x00, 0x00, 0x00, 0x00, 0x00, 0x00, 0x00, 0x00, 0x00, 0x00, 0x00, 0x00, 0x00,
    0x00, 0x00, 0x00, 0x00, 0x00, 0x00, 0x00, 0x00, 0x00, 0x00, 0x00, 0x00, 0x00, 0x00, 0x00, 0x00,
    0x00, 0x00, 0x00, 0x00, 0x00, 0x00, 0x00, 0x00, 0x00, 0x00, 0x00, 0x00, 0x00, 0x00, 0x00, 0x00,
    0x00, 0x00, 0x00, 0x00, 0x6C, 0x5A, 0x80, 0xFF, 0x47, 0x36, 0x4A, 0xFF, 0xE0, 0xE7, 0xE9, 0xFF,
    0xE1, 0xE9, 0xEB, 0xFF, 0xE0, 0xE9, 0xE9, 0xFF, 0xE0, 0xE9, 0xEA, 0xFF, 0xE1, 0xE9, 0xEB, 0xFF,
    0xE1, 0xE9, 0xEB, 0xFF, 0xE1, 0xE9, 0xEB, 0xFF, 0xE0, 0xE9, 0xEA, 0xFF, 0xE1, 0xE9, 0xEB, 0xFF,
    0xE1, 0xEA, 0xEB, 0xFF, 0xE0, 0xE9, 0xEA, 0xFF, 0xE0, 0xE9, 0xEA, 0xFF, 0xE0, 0xE9, 0xEA, 0xFF,
    0xE0, 0xE9, 0xEA, 0xFF, 0xE0, 0xE9, 0xEA, 0xFF, 0xE0, 0xE7, 0xE9, 0xFF, 0xE0, 0xE9, 0xEA, 0xFF,
    0x47, 0x36, 0x4A, 0xFF, 0x4E, 0x3D, 0x4E, 0xFF, 0x54, 0x42, 0x52, 0xFF, 0xB3, 0xAB, 0xB3, 0xFF,
    0xB3, 0xAB, 0xB3, 0xFF, 0xB3, 0xAB, 0xB3, 0xFF, 0xB3, 0xAB, 0xB3, 0xFF, 0xB3, 0xAB, 0xB3, 0xFF,
    0xB3, 0xAB, 0xB3, 0xFF, 0xB4, 0xAD, 0xB3, 0xFF, 0xB5, 0xAD, 0xB5, 0xFF, 0xB7, 0xAF, 0xB8, 0xFF,
    0x4E, 0x3D, 0x4E, 0xFF, 0x00, 0x00, 0x00, 0x00, 0x00, 0x00, 0x00, 0x00, 0x00, 0x00, 0x00, 0x00,
    0x00, 0x00, 0x00, 0x00, 0x00, 0x00, 0x00, 0x00, 0x00, 0x00, 0x00, 0x00, 0x00, 0x00, 0x00, 0x00,
    0x00, 0x00, 0x00, 0x00, 0x00, 0x00, 0x00, 0x00, 0x00, 0x00, 0x00, 0x00, 0x00, 0x00, 0x00, 0x00,
    0x00, 0x00, 0x00, 0x00, 0x00, 0x00, 0x00, 0x00, 0x00, 0x00, 0x00, 0x00, 0x00, 0x00, 0x00, 0x00,
    0x00, 0x00, 0x00, 0x00, 0x00, 0x00, 0x00, 0x00, 0x00, 0x00, 0x00, 0x00, 0x00, 0x00, 0x00, 0x00,
    0x00, 0x00, 0x00, 0x00, 0x00, 0x00, 0x00, 0x00, 0x00, 0x00, 0x00, 0x00, 0x00, 0x00, 0x00, 0x00,
    0x00, 0x00, 0x00, 0x00, 0x00, 0x00, 0x00, 0x00, 0x00, 0x00, 0x00, 0x00, 0x00, 0x00, 0x00, 0x00,
    0x00, 0x00, 0x00, 0x00, 0x00, 0x00, 0x00, 0x00, 0x00, 0x00, 0x00, 0x00, 0x00, 0x00, 0x00, 0x00,
    0x00, 0x00, 0x00, 0x00, 0x00, 0x00, 0x00, 0x00, 0x00, 0x00, 0x00, 0x00, 0x00, 0x00, 0x00, 0x00,
    0x00, 0x00, 0x00, 0x00, 0x00, 0x00, 0x00, 0x00, 0x00, 0x00, 0x00, 0x00, 0x00, 0x00, 0x00, 0x00,
    0x47, 0x36, 0x4A, 0xFF, 0x6C, 0x5A, 0x80, 0xFF, 0xB0, 0xA8, 0xB0, 0xFF, 0xE0, 0xE7, 0xE9, 0xFF,
    0xE0, 0xE9, 0xE9, 0xFF, 0xE0, 0xE9, 0xE9, 0xFF, 0xE1, 0xE9, 0xEB, 0xFF, 0xCA, 0xC7, 0xCF, 0xFF,
    0xCA, 0xC7, 0xCF, 0xFF, 0xCA, 0xC7, 0xCF, 0xFF, 0xCA, 0xC7, 0xCF, 0xFF, 0xCA, 0xC7, 0xCF, 0xFF,
    0xE3, 0xE9, 0xED, 0xFF, 0xE2, 0xEB, 0xEB, 0xFF, 0xE0, 0xE9, 0xEA, 0xFF, 0xE0, 0xE7, 0xE9, 0xFF,
    0xE0, 0xE9, 0xEA, 0xFF, 0xE0, 0xE9, 0xEA, 0xFF, 0xE1, 0xEA, 0xEB, 0xFF, 0xE1, 0xEA, 0xEB, 0xFF,
    0xE0, 0xE9, 0xEA, 0xFF, 0xE0, 0xE7, 0xE9, 0xFF, 0xB0, 0xA8, 0xB0, 0xFF, 0x54, 0x42, 0x52, 0xFF,
    0x54, 0x42, 0x52, 0xFF, 0xB3, 0xAB, 0xB3, 0xFF, 0xB5, 0xAD, 0xB5, 0xFF, 0xB3, 0xAB, 0xB3, 0xFF,
    0xB3, 0xAB, 0xB3, 0xFF, 0xB5, 0xAD, 0xB5, 0xFF, 0xB3, 0xAB, 0xB3, 0xFF, 0xB4, 0xAD, 0xB3, 0xFF,
    0xB5, 0xAD, 0xB5, 0xFF, 0x4E, 0x3D, 0x4E, 0xFF, 0x00, 0x00, 0x00, 0x00, 0x00, 0x00, 0x00, 0x00,
    0x00, 0x00, 0x00, 0x00, 0x00, 0x00, 0x00, 0x00, 0x00, 0x00, 0x00, 0x00, 0x00, 0x00, 0x00, 0x00,
    0x00, 0x00, 0x00, 0x00, 0x00, 0x00, 0x00, 0x00, 0x00, 0x00, 0x00, 0x00, 0x00, 0x00, 0x00, 0x00,
    0x00, 0x00, 0x00, 0x00, 0x00, 0x00, 0x00, 0x00, 0x00, 0x00, 0x00, 0x00, 0x00, 0x00, 0x00, 0x00,
    0x00, 0x00, 0x00, 0x00, 0x00, 0x00, 0x00, 0x00, 0x00, 0x00, 0x00, 0x00, 0x00, 0x00, 0x00, 0x00,
    0x00, 0x00, 0x00, 0x00, 0x00, 0x00, 0x00, 0x00, 0x00, 0x00, 0x00, 0x00, 0x00, 0x00, 0x00, 0x00,
    0x00, 0x00, 0x00, 0x00, 0x00, 0x00, 0x00, 0x00, 0x00, 0x00, 0x00, 0x00, 0x00, 0x00, 0x00, 0x00,
    0x00, 0x00, 0x00, 0x00, 0x00, 0x00, 0x00, 0x00, 0x00, 0x00, 0x00, 0x00, 0x00, 0x00, 0x00, 0x00,
    0x00, 0x00, 0x00, 0x00, 0x00, 0x00, 0x00, 0x00, 0x00, 0x00, 0x00, 0x00, 0x00, 0x00, 0x00, 0x00,
    0x00, 0x00, 0x00, 0x00, 0x00, 0x00, 0x00, 0x00, 0x00, 0x00, 0x00, 0x00, 0x00, 0x00, 0x00, 0x00,
    0x47, 0x36, 0x4A, 0xFF, 0x6C, 0x5A, 0x80, 0xFF, 0xB0, 0xA8, 0xB0, 0xFF, 0xE0, 0xE9, 0xE9, 0xFF,
    0xE0, 0xE9, 0xEA, 0xFF, 0xE1, 0xEA, 0xEB, 0xFF, 0xB3, 0xAB, 0xB3, 0xFF, 0x6C, 0x5A, 0x80, 0xFF,
    0x6C, 0x5A, 0x80, 0xFF, 0x6C, 0x5A, 0x80, 0xFF, 0x6C, 0x5A, 0x80, 0xFF, 0x6C, 0x5A, 0x80, 0xFF,
    0xB7, 0xAF, 0xB8, 0xFF, 0xE3, 0xE9, 0xED, 0xFF, 0xDF, 0xE9, 0xEB, 0xFF, 0xE3, 0xE9, 0xED, 0xFF,
    0xE0, 0xE9, 0xE9, 0xFF, 0xE0, 0xE9, 0xEA, 0xFF, 0xE1, 0xE9, 0xEB, 0xFF, 0xE1, 0xEA, 0xEB, 0xFF,
    0xE1, 0xEA, 0xEB, 0xFF, 0xE2, 0xEB, 0xEB, 0xFF, 0xE2, 0xEB, 0xEB, 0xFF, 0xE2, 0xEB, 0xEB, 0xFF,
    0xB3, 0xAB, 0xB3, 0xFF, 0x54, 0x42, 0x52, 0xFF, 0xB0, 0xA8, 0xB0, 0xFF, 0xB3, 0xAB, 0xB3, 0xFF,
    0xB3, 0xAB, 0xB3, 0xFF, 0xB3, 0xAB, 0xB3, 0xFF, 0xB3, 0xAB, 0xB3, 0xFF, 0xB4, 0xAD, 0xB3, 0xFF,
    0xB3, 0xAB, 0xB3, 0xFF, 0xB7, 0xAF, 0xB8, 0xFF, 0x54, 0x42, 0x52, 0xFF, 0x00, 0x00, 0x00, 0x00,
    0x00, 0x00, 0x00, 0x00, 0x00, 0x00, 0x00, 0x00, 0x00, 0x00, 0x00, 0x00, 0x00, 0x00, 0x00, 0x00,
    0x00, 0x00, 0x00, 0x00, 0x00, 0x00, 0x00, 0x00, 0x00, 0x00, 0x00, 0x00, 0x00, 0x00, 0x00, 0x00,
    0x00, 0x00, 0x00, 0x00, 0x00, 0x00, 0x00, 0x00, 0x00, 0x00, 0x00, 0x00, 0x00, 0x00, 0x00, 0x00,
    0x00, 0x00, 0x00, 0x00, 0x00, 0x00, 0x00, 0x00, 0x00, 0x00, 0x00, 0x00, 0x00, 0x00, 0x00, 0x00,
    0x00, 0x00, 0x00, 0x00, 0x00, 0x00, 0x00, 0x00, 0x00, 0x00, 0x00, 0x00, 0x00, 0x00, 0x00, 0x00,
    0x00, 0x00, 0x00, 0x00, 0x00, 0x00, 0x00, 0x00, 0x00, 0x00, 0x00, 0x00, 0x00, 0x00, 0x00, 0x00,
    0x00, 0x00, 0x00, 0x00, 0x00, 0x00, 0x00, 0x00, 0x00, 0x00, 0x00, 0x00, 0x00, 0x00, 0x00, 0x00,
    0x00, 0x00, 0x00, 0x00, 0x00, 0x00, 0x00, 0x00, 0x00, 0x00, 0x00, 0x00, 0x00, 0x00, 0x00, 0x00,
    0x00, 0x00, 0x00, 0x00, 0x00, 0x00, 0x00, 0x00, 0x00, 0x00, 0x00, 0x00, 0x00, 0x00, 0x00, 0x00,
    0x47, 0x36, 0x4A, 0xFF, 0x6C, 0x5A, 0x80, 0xFF, 0xB0, 0xA8, 0xB0, 0xFF, 0xE0, 0xE9, 0xE9, 0xFF,
    0xE1, 0xE9, 0xEB, 0xFF, 0xB0, 0xA8, 0xB0, 0xFF, 0x6C, 0x5A, 0x80, 0xFF, 0x95, 0x85, 0xD2, 0xFF,
    0x95, 0x85, 0xD2, 0xFF, 0x95, 0x85, 0xD2, 0xFF, 0x95, 0x85, 0xD2, 0xFF, 0x95, 0x85, 0xD2, 0xFF,
    0x6C, 0x5A, 0x80, 0xFF, 0x6C, 0x5A, 0x80, 0xFF, 0x6C, 0x5A, 0x80, 0xFF, 0xB0, 0xA8, 0xB0, 0xFF,
    0xB0, 0xA8, 0xB0, 0xFF, 0xE2, 0xEB, 0xEB, 0xFF, 0xE2, 0xEB, 0xEB, 0xFF, 0xE0, 0xE9, 0xEA, 0xFF,
    0xE0, 0xE9, 0xEA, 0xFF, 0xE0, 0xE9, 0xE9, 0xFF, 0xE0, 0xE9, 0xE9, 0xFF, 0xE0, 0xE9, 0xE9, 0xFF,
    0xE2, 0xEB, 0xEB, 0xFF, 0xB5, 0xAD, 0xB5, 0xFF, 0x54, 0x42, 0x52, 0xFF, 0xB4, 0xAD, 0xB3, 0xFF,
    0xB3, 0xAB, 0xB3, 0xFF, 0xB0, 0xA8, 0xB0, 0xFF, 0xB3, 0xAB, 0xB3, 0xFF, 0xB3, 0xAB, 0xB3, 0xFF,
    0xB3, 0xAB, 0xB3, 0xFF, 0xB4, 0xAD, 0xB3, 0xFF, 0xB7, 0xAF, 0xB8, 0xFF, 0x4E, 0x3D, 0x4E, 0xFF,
    0x00, 0x00, 0x00, 0x00, 0x00, 0x00, 0x00, 0x00, 0x00, 0x00, 0x00, 0x00, 0x00, 0x00, 0x00, 0x00,
    0x00, 0x00, 0x00, 0x00, 0x00, 0x00, 0x00, 0x00, 0x00, 0x00, 0x00, 0x00, 0x00, 0x00, 0x00, 0x00,
    0x00, 0x00, 0x00, 0x00, 0x00, 0x00, 0x00, 0x00, 0x00, 0x00, 0x00, 0x00, 0x00, 0x00, 0x00, 0x00,
    0x00, 0x00, 0x00, 0x00, 0x00, 0x00, 0x00, 0x00, 0x00, 0x00, 0x00, 0x00, 0x00, 0x00, 0x00, 0x00,
    0x00, 0x00, 0x00, 0x00, 0x00, 0x00, 0x00, 0x00, 0x00, 0x00, 0x00, 0x00, 0x00, 0x00, 0x00, 0x00,
    0x00, 0x00, 0x00, 0x00, 0x00, 0x00, 0x00, 0x00, 0x00, 0x00, 0x00, 0x00, 0x00, 0x00, 0x00, 0x00,
    0x00, 0x00, 0x00, 0x00, 0x00, 0x00, 0x00, 0x00, 0x00, 0x00, 0x00, 0x00, 0x00, 0x00, 0x00, 0x00,
    0x00, 0x00, 0x00, 0x00, 0x00, 0x00, 0x00, 0x00, 0x00, 0x00, 0x00, 0x00, 0x00, 0x00, 0x00, 0x00,
    0x00, 0x00, 0x00, 0x00, 0x00, 0x00, 0x00, 0x00, 0x00, 0x00, 0x00, 0x00, 0x00, 0x00, 0x00, 0x00,
    0x47, 0x36, 0x4A, 0xFF, 0x6C, 0x5A, 0x80, 0xFF, 0xB0, 0xA8, 0xB0, 0xFF, 0xE2, 0xEB, 0xEB, 0xFF,
    0xE0, 0xE7, 0xE9, 0xFF, 0xB0, 0xA8, 0xB0, 0xFF, 0x95, 0x85, 0xD2, 0xFF, 0xB1, 0xA6, 0xD8, 0xFF,
    0xB1, 0xA6, 0xD8, 0xFF, 0xB1, 0xA6, 0xD8, 0xFF, 0x95, 0x85, 0xD2, 0xFF, 0x95, 0x85, 0xD2, 0xFF,
    0x95, 0x85, 0xD2, 0xFF, 0x95, 0x85, 0xD2, 0xFF, 0x95, 0x85, 0xD2, 0xFF, 0x6C, 0x5A, 0x80, 0xFF,
    0x6C, 0x5A, 0x80, 0xFF, 0xB3, 0xAB, 0xB3, 0xFF, 0xB0, 0xA8, 0xB0, 0xFF, 0xDF, 0xE9, 0xEB, 0xFF,
    0xE0, 0xE9, 0xE9, 0xFF, 0xE0, 0xE9, 0xEA, 0xFF, 0xE1, 0xEA, 0xEB, 0xFF, 0xE2, 0xEB, 0xEB, 0xFF,
    0xE0, 0xE9, 0xE9, 0xFF, 0xE2, 0xEB, 0xEB, 0xFF, 0xB7, 0xAF, 0xB8, 0xFF, 0x54, 0x42, 0x52, 0xFF,
    0xB3, 0xAB, 0xB3, 0xFF, 0xB3, 0xAB, 0xB3, 0xFF, 0xB3, 0xAB, 0xB3, 0xFF, 0xB3, 0xAB, 0xB3, 0xFF,
    0xB3, 0xAB, 0xB3, 0xFF, 0xB5, 0xAD, 0xB5, 0xFF, 0xB7, 0xAF, 0xB8, 0xFF, 0x4E, 0x3D, 0x4E, 0xFF,
    0x00, 0x00, 0x00, 0x00, 0x00, 0x00, 0x00, 0x00, 0x00, 0x00, 0x00, 0x00, 0x00, 0x00, 0x00, 0x00,
    0x00, 0x00, 0x00, 0x00, 0x00, 0x00, 0x00, 0x00, 0x00, 0x00, 0x00, 0x00, 0x00, 0x00, 0x00, 0x00,
    0x00, 0x00, 0x00, 0x00, 0x00, 0x00, 0x00, 0x00, 0x00, 0x00, 0x00, 0x00, 0x00, 0x00, 0x00, 0x00,
    0x00, 0x00, 0x00, 0x00, 0x00, 0x00, 0x00, 0x00, 0x00, 0x00, 0x00, 0x00, 0x00, 0x00, 0x00, 0x00,
    0x00, 0x00, 0x00, 0x00, 0x00, 0x00, 0x00, 0x00, 0x00, 0x00, 0x00, 0x00, 0x00, 0x00, 0x00, 0x00,
    0x00, 0x00, 0x00, 0x00, 0x00, 0x00, 0x00, 0x00, 0x00, 0x00, 0x00, 0x00, 0x00, 0x00, 0x00, 0x00,
    0x00, 0x00, 0x00, 0x00, 0x00, 0x00, 0x00, 0x00, 0x00, 0x00, 0x00, 0x00, 0x00, 0x00, 0x00, 0x00,
    0x00, 0x00, 0x00, 0x00, 0x00, 0x00, 0x00, 0x00, 0x00, 0x00, 0x00, 0x00, 0x00, 0x00, 0x00, 0x00,
    0x00, 0x00, 0x00, 0x00, 0x00, 0x00, 0x00, 0x00, 0x00, 0x00, 0x00, 0x00, 0x00, 0x00, 0x00, 0x00,
    0x47, 0x36, 0x4A, 0xFF, 0x54, 0x42, 0x52, 0xFF, 0xB3, 0xAB, 0xB3, 0xFF, 0xB0, 0xA8, 0xB0, 0xFF,
    0xDF, 0xE9, 0xEB, 0xFF, 0xB0, 0xA8, 0xB0, 0xFF, 0x95, 0x85, 0xD2, 0xFF, 0xB1, 0xA6, 0xD8, 0xFF,
    0xB1, 0xA6, 0xD8, 0xFF, 0xB1, 0xA6, 0xD8, 0xFF, 0xB1, 0xA6, 0xD8, 0xFF, 0xB1, 0xA6, 0xD8, 0xFF,
    0xB1, 0xA6, 0xD8, 0xFF, 0x95, 0x85, 0xD2, 0xFF, 0x95, 0x85, 0xD2, 0xFF, 0x95, 0x85, 0xD2, 0xFF,
    0x95, 0x85, 0xD2, 0xFF, 0x6C, 0x5A, 0x80, 0xFF, 0x6C, 0x5A, 0x80, 0xFF, 0xB3, 0xAB, 0xB3, 0xFF,
    0xE1, 0xEA, 0xEB, 0xFF, 0xE0, 0xE7, 0xE9, 0xFF, 0xE0, 0xE9, 0xEA, 0xFF, 0xE0, 0xE9, 0xE9, 0xFF,
    0xE0, 0xE9, 0xE9, 0xFF, 0xE1, 0xE9, 0xEB, 0xFF, 0xE1, 0xEA, 0xEB, 0xFF, 0xE3, 0xE9, 0xED, 0xFF,
    0x54, 0x42, 0x52, 0xFF, 0xB5, 0xAD, 0xB5, 0xFF, 0xB3, 0xAB, 0xB3, 0xFF, 0xB3, 0xAB, 0xB3, 0xFF,
    0xB3, 0xAB, 0xB3, 0xFF, 0xB4, 0xAD, 0xB3, 0xFF, 0xB7, 0xAF, 0xB8, 0xFF, 0xCA, 0xC7, 0xCF, 0xFF,
    0x47, 0x36, 0x4A, 0xFF, 0x00, 0x00, 0x00, 0x00, 0x00, 0x00, 0x00, 0x00, 0x00, 0x00, 0x00, 0x00,
    0x00, 0x00, 0x00, 0x00, 0x00, 0x00, 0x00, 0x00, 0x00, 0x00, 0x00, 0x00, 0x00, 0x00, 0x00, 0x00,
    0x00, 0x00, 0x00, 0x00, 0x00, 0x00, 0x00, 0x00, 0x00, 0x00, 0x00, 0x00, 0x00, 0x00, 0x00, 0x00,
    0x00, 0x00, 0x00, 0x00, 0x00, 0x00, 0x00, 0x00, 0x00, 0x00, 0x00, 0x00, 0x00, 0x00, 0x00, 0x00,
    0x00, 0x00, 0x00, 0x00, 0x00, 0x00, 0x00, 0x00, 0x00, 0x00, 0x00, 0x00, 0x00, 0x00, 0x00, 0x00,
    0x00, 0x00, 0x00, 0x00, 0x00, 0x00, 0x00, 0x00, 0x00, 0x00, 0x00, 0x00, 0x00, 0x00, 0x00, 0x00,
    0x00, 0x00, 0x00, 0x00, 0x00, 0x00, 0x00, 0x00, 0x00, 0x00, 0x00, 0x00, 0x00, 0x00, 0x00, 0x00,
    0x00, 0x00, 0x00, 0x00, 0x00, 0x00, 0x00, 0x00, 0x00, 0x00, 0x00, 0x00, 0x00, 0x00, 0x00, 0x00,
    0x00, 0x00, 0x00, 0x00, 0x00, 0x00, 0x00, 0x00, 0x00, 0x00, 0x00, 0x00, 0x00, 0x00, 0x00, 0x00,
    0x47, 0x36, 0x4A, 0xFF, 0x54, 0x42, 0x52, 0xFF, 0xB3, 0xAB, 0xB3, 0xFF, 0xB0, 0xA8, 0xB0, 0xFF,
    0xE0, 0xE7, 0xE9, 0xFF, 0xB0, 0xA8, 0xB0, 0xFF, 0x95, 0x85, 0xD2, 0xFF, 0xB1, 0xA6, 0xD8, 0xFF,
    0xB1, 0xA6, 0xD8, 0xFF, 0xB1, 0xA6, 0xD8, 0xFF, 0xB1, 0xA6, 0xD8, 0xFF, 0xB1, 0xA6, 0xD8, 0xFF,
    0xB1, 0xA6, 0xD8, 0xFF, 0xB1, 0xA6, 0xD8, 0xFF, 0xB1, 0xA6, 0xD8, 0xFF, 0x95, 0x85, 0xD2, 0xFF,
    0x95, 0x85, 0xD2, 0xFF, 0x95, 0x85, 0xD2, 0xFF, 0x95, 0x85, 0xD2, 0xFF, 0x6C, 0x5A, 0x80, 0xFF,
    0xB6, 0xAE, 0xB6, 0xFF, 0xE1, 0xE9, 0xEB, 0xFF, 0xE1, 0xE9, 0xEB, 0xFF, 0xE0, 0xE9, 0xE9, 0xFF,
    0xE0, 0xE9, 0xE9, 0xFF, 0xE0, 0xE7, 0xE9, 0xFF, 0xE0, 0xE7, 0xE9, 0xFF, 0xE1, 0xE9, 0xEB, 0xFF,
    0xB7, 0xAF, 0xB8, 0xFF, 0xB0, 0xA8, 0xB0, 0xFF, 0xB3, 0xAB, 0xB3, 0xFF, 0xB3, 0xAB, 0xB3, 0xFF,
    0xB3, 0xAB, 0xB3, 0xFF, 0xB3, 0xAB, 0xB3, 0xFF, 0xB3, 0xAB, 0xB3, 0xFF, 0xB7, 0xAF, 0xB8, 0xFF,
    0x4E, 0x3D, 0x4E, 0xFF, 0x00, 0x00, 0x00, 0x00, 0x00, 0x00, 0x00, 0x00, 0x00, 0x00, 0x00, 0x00,
    0x00, 0x00, 0x00, 0x00, 0x00, 0x00, 0x00, 0x00, 0x00, 0x00, 0x00, 0x00, 0x00, 0x00, 0x00, 0x00,
    0x00, 0x00, 0x00, 0x00, 0x00, 0x00, 0x00, 0x00, 0x00, 0x00, 0x00, 0x00, 0x00, 0x00, 0x00, 0x00,
    0x00, 0x00, 0x00, 0x00, 0x00, 0x00, 0x00, 0x00, 0x00, 0x00, 0x00, 0x00, 0x00, 0x00, 0x00, 0x00,
    0x00, 0x00, 0x00, 0x00, 0x00, 0x00, 0x00, 0x00, 0x00, 0x00, 0x00, 0x00, 0x00, 0x00, 0x00, 0x00,
    0x00, 0x00, 0x00, 0x00, 0x00, 0x00, 0x00, 0x00, 0x00, 0x00, 0x00, 0x00, 0x00, 0x00, 0x00, 0x00,
    0x00, 0x00, 0x00, 0x00, 0x00, 0x00, 0x00, 0x00, 0x00, 0x00, 0x00, 0x00, 0x00, 0x00, 0x00, 0x00,
    0x00, 0x00, 0x00, 0x00, 0x00, 0x00, 0x00, 0x00, 0x00, 0x00, 0x00, 0x00, 0x00, 0x00, 0x00, 0x00,
    0x00, 0x00, 0x00, 0x00, 0x00, 0x00, 0x00, 0x00, 0x00, 0x00, 0x00, 0x00, 0x00, 0x00, 0x00, 0x00,
    0x00, 0x00, 0x00, 0x00, 0x95, 0x8A, 0x97, 0xFF, 0x47, 0x36, 0x4A, 0xFF, 0xB3, 0xAB, 0xB3, 0xFF,
    0xE0, 0xE7, 0xE9, 0xFF, 0xE0, 0xE7, 0xE9, 0xFF, 0x95, 0x8A, 0x97, 0xFF, 0xB1, 0xA6, 0xD8, 0xFF,
    0xB1, 0xA6, 0xD8, 0xFF, 0xB1, 0xA6, 0xD8, 0xFF, 0xB1, 0xA6, 0xD8, 0xFF, 0xB1, 0xA6, 0xD8, 0xFF,
    0xB1, 0xA6, 0xD8, 0xFF, 0xB1, 0xA6, 0xD8, 0xFF, 0xB1, 0xA6, 0xD8, 0xFF, 0x95, 0x85, 0xD2, 0xFF,
    0x95, 0x85, 0xD2, 0xFF, 0x95, 0x85, 0xD2, 0xFF, 0x95, 0x85, 0xD2, 0xFF, 0x95, 0x85, 0xD2, 0xFF,
    0x6C, 0x5A, 0x80, 0xFF, 0xB3, 0xAB, 0xB3, 0xFF, 0xE8, 0xEF, 0xF0, 0xFF, 0xE2, 0xEB, 0xEB, 0xFF,
    0xE0, 0xE7, 0xE9, 0xFF, 0xE2, 0xEB, 0xEB, 0xFF, 0xE0, 0xE9, 0xEA, 0xFF, 0xE1, 0xE9, 0xEB, 0xFF,
    0xE8, 0xEF, 0xF0, 0xFF, 0x95, 0x8A, 0x97, 0xFF, 0xB3, 0xAB, 0xB3, 0xFF, 0x54, 0x42, 0x52, 0xFF,
    0x54, 0x42, 0x52, 0xFF, 0x54, 0x42, 0x52, 0xFF, 0x54, 0x42, 0x52, 0xFF, 0x54, 0x42, 0x52, 0xFF,
    0x54, 0x42, 0x52, 0xFF, 0x00, 0x00, 0x00, 0x00, 0x00, 0x00, 0x00, 0x00, 0x00, 0x00, 0x00, 0x00,
    0x00, 0x00, 0x00, 0x00, 0x00, 0x00, 0x00, 0x00, 0x00, 0x00, 0x00, 0x00, 0x00, 0x00, 0x00, 0x00,
    0x00, 0x00, 0x00, 0x00, 0x00, 0x00, 0x00, 0x00, 0x00, 0x00, 0x00, 0x00, 0x00, 0x00, 0x00, 0x00,
    0x00, 0x00, 0x00, 0x00, 0x00, 0x00, 0x00, 0x00, 0x00, 0x00, 0x00, 0x00, 0x00, 0x00, 0x00, 0x00,
    0x00, 0x00, 0x00, 0x00, 0x00, 0x00, 0x00, 0x00, 0x00, 0x00, 0x00, 0x00, 0x00, 0x00, 0x00, 0x00,
    0x00, 0x00, 0x00, 0x00, 0x00, 0x00, 0x00, 0x00, 0x00, 0x00, 0x00, 0x00, 0x00, 0x00, 0x00, 0x00,
    0x00, 0x00, 0x00, 0x00, 0x00, 0x00, 0x00, 0x00, 0x00, 0x00, 0x00, 0x00, 0x00, 0x00, 0x00, 0x00,
    0x00, 0x00, 0x00, 0x00, 0x00, 0x00, 0x00, 0x00, 0x00, 0x00, 0x00, 0x00, 0x00, 0x00, 0x00, 0x00,
    0x00, 0x00, 0x00, 0x00, 0x00, 0x00, 0x00, 0x00, 0x00, 0x00, 0x00, 0x00, 0x00, 0x00, 0x00, 0x00,
    0x00, 0x00, 0x00, 0x00, 0x95, 0x8A, 0x97, 0xFF, 0x47, 0x36, 0x4A, 0xFF, 0xB6, 0xAE, 0xB6, 0xFF,
    0xB5, 0xAD, 0xB5, 0xFF, 0xE0, 0xE9, 0xE9, 0xFF, 0xE0, 0xE7, 0xE9, 0xFF, 0x95, 0x85, 0xD2, 0xFF,
    0xB1, 0xA6, 0xD8, 0xFF, 0xB1, 0xA6, 0xD8, 0xFF, 0xB1, 0xA6, 0xD8, 0xFF, 0xB1, 0xA6, 0xD8, 0xFF,
    0xB1, 0xA6, 0xD8, 0xFF, 0xB1, 0xA6, 0xD8, 0xFF, 0xB1, 0xA6, 0xD8, 0xFF, 0xB1, 0xA6, 0xD8, 0xFF,
    0xB1, 0xA6, 0xD8, 0xFF, 0x95, 0x85, 0xD2, 0xFF, 0x95, 0x85, 0xD2, 0xFF, 0x95, 0x85, 0xD2, 0xFF,
    0x95, 0x85, 0xD2, 0xFF, 0x6C, 0x5A, 0x80, 0xFF, 0xB7, 0xAF, 0xB8, 0xFF, 0xE8, 0xEF, 0xF0, 0xFF,
    0xE1, 0xE9, 0xEB, 0xFF, 0xE0, 0xE9, 0xE9, 0xFF, 0xE1, 0xEA, 0xEB, 0xFF, 0xE1, 0xEA, 0xEB, 0xFF,
    0xE1, 0xE9, 0xEB, 0xFF, 0x95, 0x8A, 0x97, 0xFF, 0x95, 0x8A, 0x97, 0xFF, 0x95, 0x8A, 0x97, 0xFF,
    0x95, 0x8A, 0x97, 0xFF, 0xB0, 0xA8, 0xB0, 0xFF, 0xB0, 0xA8, 0xB0, 0xFF, 0xB3, 0xAB, 0xB3, 0xFF,
    0x54, 0x42, 0x52, 0xFF, 0x4E, 0x3D, 0x4E, 0xFF, 0x4E, 0x3D, 0x4E, 0xFF, 0x00, 0x00, 0x00, 0x00,
    0x00, 0x00, 0x00, 0x00, 0x00, 0x00, 0x00, 0x00, 0x00, 0x00, 0x00, 0x00, 0x00, 0x00, 0x00, 0x00,
    0x00, 0x00, 0x00, 0x00, 0x00, 0x00, 0x00, 0x00, 0x00, 0x00, 0x00, 0x00, 0x00, 0x00, 0x00, 0x00,
    0x00, 0x00, 0x00, 0x00, 0x00, 0x00, 0x00, 0x00, 0x00, 0x00, 0x00, 0x00, 0x00, 0x00, 0x00, 0x00,
    0x00, 0x00, 0x00, 0x00, 0x00, 0x00, 0x00, 0x00, 0x00, 0x00, 0x00, 0x00, 0x00, 0x00, 0x00, 0x00,
    0x00, 0x00, 0x00, 0x00, 0x00, 0x00, 0x00, 0x00, 0x00, 0x00, 0x00, 0x00, 0x00, 0x00, 0x00, 0x00,
    0x00, 0x00, 0x00, 0x00, 0x00, 0x00, 0x00, 0x00, 0x00, 0x00, 0x00, 0x00, 0x00, 0x00, 0x00, 0x00,
    0x00, 0x00, 0x00, 0x00, 0x00, 0x00, 0x00, 0x00, 0x00, 0x00, 0x00, 0x00, 0x00, 0x00, 0x00, 0x00,
    0x00, 0x00, 0x00, 0x00, 0x00, 0x00, 0x00, 0x00, 0x00, 0x00, 0x00, 0x00, 0x00, 0x00, 0x00, 0x00,
    0x00, 0x00, 0x00, 0x00, 0x6C, 0x5A, 0x80, 0xFF, 0x47, 0x36, 0x4A, 0xFF, 0xB5, 0xAD, 0xB5, 0xFF,
    0xB5, 0xAD, 0xB5, 0xFF, 0xE0, 0xE7, 0xE9, 0xFF, 0xE0, 0xE9, 0xE9, 0xFF, 0xE0, 0xE7, 0xE9, 0xFF,
    0x95, 0x85, 0xD2, 0xFF, 0xB1, 0xA6, 0xD8, 0xFF, 0xB1, 0xA6, 0xD8, 0xFF, 0xB1, 0xA6, 0xD8, 0xFF,
    0xB1, 0xA6, 0xD8, 0xFF, 0xB1, 0xA6, 0xD8, 0xFF, 0xB1, 0xA6, 0xD8, 0xFF, 0xB1, 0xA6, 0xD8, 0xFF,
    0xB1, 0xA6, 0xD8, 0xFF, 0xB1, 0xA6, 0xD8, 0xFF, 0x95, 0x85, 0xD2, 0xFF, 0x95, 0x85, 0xD2, 0xFF,
    0x95, 0x85, 0xD2, 0xFF, 0x95, 0x85, 0xD2, 0xFF, 0x6C, 0x5A, 0x80, 0xFF, 0xB7, 0xAF, 0xB8, 0xFF,
    0xE2, 0xEB, 0xEB, 0xFF, 0xE1, 0xE9, 0xEB, 0xFF, 0xE0, 0xE9, 0xEA, 0xFF, 0xE2, 0xEB, 0xEB, 0xFF,
    0xE1, 0xE9, 0xEB, 0xFF, 0xE1, 0xE9, 0xEB, 0xFF, 0x54, 0x42, 0x52, 0xFF, 0xB3, 0xAB, 0xB3, 0xFF,
    0xB0, 0xA8, 0xB0, 0xFF, 0xB0, 0xA8, 0xB0, 0xFF, 0xB5, 0xAD, 0xB5, 0xFF, 0xB5, 0xAD, 0xB5, 0xFF,
    0xCA, 0xC7, 0xCF, 0xFF, 0xCA, 0xC7, 0xCF, 0xFF, 0xCA, 0xC7, 0xCF, 0xFF, 0x4E, 0x3D, 0x4E, 0xFF,
    0x47, 0x36, 0x4A, 0xFF, 0x00, 0x00, 0x00, 0x00, 0x00, 0x00, 0x00, 0x00, 0x00, 0x00, 0x00, 0x00,
    0x00, 0x00, 0x00, 0x00, 0x00, 0x00, 0x00, 0x00, 0x00, 0x00, 0x00, 0x00, 0x00, 0x00, 0x00, 0x00,
    0x00, 0x00, 0x00, 0x00, 0x00, 0x00, 0x00, 0x00, 0x00, 0x00, 0x00, 0x00, 0x00, 0x00, 0x00, 0x00,
    0x00, 0x00, 0x00, 0x00, 0x00, 0x00, 0x00, 0x00, 0x00, 0x00, 0x00, 0x00, 0x00, 0x00, 0x00, 0x00,
    0x00, 0x00, 0x00, 0x00, 0x00, 0x00, 0x00, 0x00, 0x00, 0x00, 0x00, 0x00, 0x00, 0x00, 0x00, 0x00,
    0x00, 0x00, 0x00, 0x00, 0x00, 0x00, 0x00, 0x00, 0x00, 0x00, 0x00, 0x00, 0x00, 0x00, 0x00, 0x00,
    0x00, 0x00, 0x00, 0x00, 0x00, 0x00, 0x00, 0x00, 0x00, 0x00, 0x00, 0x00, 0x00, 0x00, 0x00, 0x00,
    0x00, 0x00, 0x00, 0x00, 0x00, 0x00, 0x00, 0x00, 0x00, 0x00, 0x00, 0x00, 0x00, 0x00, 0x00, 0x00,
    0x00, 0x00, 0x00, 0x00, 0x00, 0x00, 0x00, 0x00, 0x00, 0x00, 0x00, 0x00, 0x4E, 0x3D, 0x4E, 0xFF,
    0xB5, 0xAD, 0xB5, 0xFF, 0xB0, 0xA8, 0xB0, 0xFF, 0xE0, 0xE7, 0xE9, 0xFF, 0xE0, 0xE7, 0xE9, 0xFF,
    0xE1, 0xEA, 0xEB, 0xFF, 0x95, 0x85, 0xD2, 0xFF, 0xB1, 0xA6, 0xD8, 0xFF, 0xB1, 0xA6, 0xD8, 0xFF,
    0xB1, 0xA6, 0xD8, 0xFF, 0xB1, 0xA6, 0xD8, 0xFF, 0xB1, 0xA6, 0xD8, 0xFF, 0xB1, 0xA6, 0xD8, 0xFF,
    0xB1, 0xA6, 0xD8, 0xFF, 0xB1, 0xA6, 0xD8, 0xFF, 0xB1, 0xA6, 0xD8, 0xFF, 0x95, 0x85, 0xD2, 0xFF,
    0x95, 0x85, 0xD2, 0xFF, 0x95, 0x85, 0xD2, 0xFF, 0x95, 0x85, 0xD2, 0xFF, 0x6C, 0x5A, 0x80, 0xFF,
    0xB7, 0xAF, 0xB8, 0xFF, 0xB3, 0xAB, 0xB3, 0xFF, 0xE2, 0xEB, 0xEB, 0xFF, 0xE1, 0xE9, 0xEB, 0xFF,
    0xE0, 0xE9, 0xEA, 0xFF, 0xE1, 0xE9, 0xEB, 0xFF, 0xCA, 0xC7, 0xCF, 0xFF, 0x54, 0x42, 0x52, 0xFF,
    0xB0, 0xA8, 0xB0, 0xFF, 0xE2, 0xEB, 0xEB, 0xFF, 0xE1, 0xE9, 0xEB, 0xFF, 0xB7, 0xAF, 0xB8, 0xFF,
    0xE2, 0xEB, 0xEB, 0xFF, 0xDF, 0xE9, 0xEB, 0xFF, 0xE0, 0xE9, 0xE9, 0xFF, 0xE2, 0xEB, 0xEB, 0xFF,
    0xE8, 0xEF, 0xF0, 0xFF, 0x4E, 0x3D, 0x4E, 0xFF, 0x00, 0x00, 0x00, 0x00, 0x00, 0x00, 0x00, 0x00,
    0x00, 0x00, 0x00, 0x00, 0x00, 0x00, 0x00, 0x00, 0x00, 0x00, 0x00, 0x00, 0x00, 0x00, 0x00, 0x00,
    0x00, 0x00, 0x00, 0x00, 0x00, 0x00, 0x00, 0x00, 0x00, 0x00, 0x00, 0x00, 0x00, 0x00, 0x00, 0x00,
    0x00, 0x00, 0x00, 0x00, 0x00, 0x00, 0x00, 0x00, 0x00, 0x00, 0x00, 0x00, 0x00, 0x00, 0x00, 0x00,
    0x00, 0x00, 0x00, 0x00, 0x00, 0x00, 0x00, 0x00, 0x00, 0x00, 0x00, 0x00, 0x00, 0x00, 0x00, 0x00,
    0x00, 0x00, 0x00, 0x00, 0x00, 0x00, 0x00, 0x00, 0x00, 0x00, 0x00, 0x00, 0x00, 0x00, 0x00, 0x00,
    0x00, 0x00, 0x00, 0x00, 0x00, 0x00, 0x00, 0x00, 0x00, 0x00, 0x00, 0x00, 0x00, 0x00, 0x00, 0x00,
    0x00, 0x00, 0x00, 0x00, 0x00, 0x00, 0x00, 0x00, 0x00, 0x00, 0x00, 0x00, 0x00, 0x00, 0x00, 0x00,
    0x00, 0x00, 0x00, 0x00, 0x00, 0x00, 0x00, 0x00, 0x00, 0x00, 0x00, 0x00, 0x00, 0x00, 0x00, 0x00,
    0x4E, 0x3D, 0x4E, 0xFF, 0xB3, 0xAB, 0xB3, 0xFF, 0xB0, 0xA8, 0xB0, 0xFF, 0xE0, 0xE7, 0xE9, 0xFF,
    0xE0, 0xE7, 0xE9, 0xFF, 0xE3, 0xE9, 0xED, 0xFF, 0x95, 0x85, 0xD2, 0xFF, 0x95, 0x85, 0xD2, 0xFF,
    0xB1, 0xA6, 0xD8, 0xFF, 0xB1, 0xA6, 0xD8, 0xFF, 0xB1, 0xA6, 0xD8, 0xFF, 0xB1, 0xA6, 0xD8, 0xFF,
    0xB1, 0xA6, 0xD8, 0xFF, 0xB1, 0xA6, 0xD8, 0xFF, 0xB1, 0xA6, 0xD8, 0xFF, 0xB1, 0xA6, 0xD8, 0xFF,
    0x95, 0x85, 0xD2, 0xFF, 0x95, 0x85, 0xD2, 0xFF, 0x95, 0x85, 0xD2, 0xFF, 0x95, 0x85, 0xD2, 0xFF,
    0x6C, 0x5A, 0x80, 0xFF, 0xB6, 0xAE, 0xB6, 0xFF, 0xB0, 0xA8, 0xB0, 0xFF, 0xE1, 0xE9, 0xEB, 0xFF,
    0xE1, 0xE9, 0xEB, 0xFF, 0xE1, 0xEA, 0xEB, 0xFF, 0xE2, 0xEB, 0xEB, 0xFF, 0x54, 0x42, 0x52, 0xFF,
    0xB0, 0xA8, 0xB0, 0xFF, 0xE1, 0xEA, 0xEB, 0xFF, 0xE0, 0xE9, 0xEA, 0xFF, 0xDF, 0xE9, 0xEB, 0xFF,
    0xE1, 0xE9, 0xEB, 0xFF, 0xDF, 0xE9, 0xEB, 0xFF, 0xE1, 0xEA, 0xEB, 0xFF, 0xE1, 0xE9, 0xEB, 0xFF,
    0xDF, 0xE9, 0xEB, 0xFF, 0xCA, 0xC7, 0xCF, 0xFF, 0x47, 0x36, 0x4A, 0xFF, 0x4E, 0x3D, 0x4E, 0xFF,
    0x00, 0x00, 0x00, 0x00, 0x00, 0x00, 0x00, 0x00, 0x00, 0x00, 0x00, 0x00, 0x00, 0x00, 0x00, 0x00,
    0x00, 0x00, 0x00, 0x00, 0x00, 0x00, 0x00, 0x00, 0x00, 0x00, 0x00, 0x00, 0x00, 0x00, 0x00, 0x00,
    0x00, 0x00, 0x00, 0x00, 0x00, 0x00, 0x00, 0x00, 0x00, 0x00, 0x00, 0x00, 0x00, 0x00, 0x00, 0x00,
    0x00, 0x00, 0x00, 0x00, 0x00, 0x00, 0x00, 0x00, 0x00, 0x00, 0x00, 0x00, 0x00, 0x00, 0x00, 0x00,
    0x00, 0x00, 0x00, 0x00, 0x00, 0x00, 0x00, 0x00, 0x00, 0x00, 0x00, 0x00, 0x00, 0x00, 0x00, 0x00,
    0x00, 0x00, 0x00, 0x00, 0x00, 0x00, 0x00, 0x00, 0x00, 0x00, 0x00, 0x00, 0x00, 0x00, 0x00, 0x00,
    0x00, 0x00, 0x00, 0x00, 0x00, 0x00, 0x00, 0x00, 0x00, 0x00, 0x00, 0x00, 0x00, 0x00, 0x00, 0x00,
    0x00, 0x00, 0x00, 0x00, 0x00, 0x00, 0x00, 0x00, 0x00, 0x00, 0x00, 0x00, 0x00, 0x00, 0x00, 0x00,
    0x4E, 0x3D, 0x4E, 0xFF, 0xB4, 0xAD, 0xB3, 0xFF, 0xB3, 0xAB, 0xB3, 0xFF, 0xB3, 0xAB, 0xB3, 0xFF,
    0xDF, 0xE9, 0xEB, 0xFF, 0xE0, 0xE9, 0xE9, 0xFF, 0xE0, 0xE7, 0xE9, 0xFF, 0xE8, 0xEF, 0xF0, 0xFF,
    0x95, 0x85, 0xD2, 0xFF, 0x95, 0x85, 0xD2, 0xFF, 0x95, 0x85, 0xD2, 0xFF, 0xB1, 0xA6, 0xD8, 0xFF,
    0xB1, 0xA6, 0xD8, 0xFF, 0xB1, 0xA6, 0xD8, 0xFF, 0xB1, 0xA6, 0xD8, 0xFF, 0x95, 0x85, 0xD2, 0xFF,
    0x95, 0x85, 0xD2, 0xFF, 0x95, 0x85, 0xD2, 0xFF, 0x95, 0x85, 0xD2, 0xFF, 0x95, 0x85, 0xD2, 0xFF,
    0x6C, 0x5A, 0x80, 0xFF, 0x6C, 0x5A, 0x80, 0xFF, 0xB3, 0xAB, 0xB3, 0xFF, 0xE0, 0xE9, 0xE9, 0xFF,
    0xE0, 0xE9, 0xEA, 0xFF, 0xE0, 0xE9, 0xEA, 0xFF, 0xE1, 0xE9, 0xEB, 0xFF, 0xE8, 0xEF, 0xF0, 0xFF,
    0xB0, 0xA8, 0xB0, 0xFF, 0xDF, 0xE9, 0xEB, 0xFF, 0xE1, 0xE9, 0xEB, 0xFF, 0xDF, 0xE9, 0xEB, 0xFF,
    0xDF, 0xE9, 0xEB, 0xFF, 0xE1, 0xEA, 0xEB, 0xFF, 0xE1, 0xE9, 0xEB, 0xFF, 0xE1, 0xEA, 0xEB, 0xFF,
    0xE1, 0xE9, 0xEB, 0xFF, 0xE1, 0xEA, 0xEB, 0xFF, 0xB5, 0xAD, 0xB5, 0xFF, 0xB7, 0xAF, 0xB8, 0xFF,
    0x47, 0x36, 0x4A, 0xFF, 0x00, 0x00, 0x00, 0x00, 0x00, 0x00, 0x00, 0x00, 0x00, 0x00, 0x00, 0x00,
    0x00, 0x00, 0x00, 0x00, 0x00, 0x00, 0x00, 0x00, 0x00, 0x00, 0x00, 0x00, 0x00, 0x00, 0x00, 0x00,
    0x00, 0x00, 0x00, 0x00, 0x00, 0x00, 0x00, 0x00, 0x00, 0x00, 0x00, 0x00, 0x00, 0x00, 0x00, 0x00,
    0x00, 0x00, 0x00, 0x00, 0x00, 0x00, 0x00, 0x00, 0x00, 0x00, 0x00, 0x00, 0x00, 0x00, 0x00, 0x00,
    0x00, 0x00, 0x00, 0x00, 0x00, 0x00, 0x00, 0x00, 0x00, 0x00, 0x00, 0x00, 0x00, 0x00, 0x00, 0x00,
    0x00, 0x00, 0x00, 0x00, 0x00, 0x00, 0x00, 0x00, 0x00, 0x00, 0x00, 0x00, 0x00, 0x00, 0x00, 0x00,
    0x00, 0x00, 0x00, 0x00, 0x00, 0x00, 0x00, 0x00, 0x00, 0x00, 0x00, 0x00, 0x00, 0x00, 0x00, 0x00,
    0x00, 0x00, 0x00, 0x00, 0x00, 0x00, 0x00, 0x00, 0x00, 0x00, 0x00, 0x00, 0x00, 0x00, 0x00, 0x00,
    0x00, 0x00, 0x00, 0x00, 0x4E, 0x3D, 0x4E, 0xFF, 0x54, 0x42, 0x52, 0xFF, 0xB5, 0xAD, 0xB5, 0xFF,
    0xB5, 0xAD, 0xB5, 0xFF, 0xE0, 0xE7, 0xE9, 0xFF, 0xE0, 0xE7, 0xE9, 0xFF, 0xE8, 0xEF, 0xF0, 0xFF,
    0xCA, 0xC7, 0xCF, 0xFF, 0xCA, 0xC7, 0xCF, 0xFF, 0xE0, 0xE7, 0xE9, 0xFF, 0x95, 0x85, 0xD2, 0xFF,
    0x95, 0x85, 0xD2, 0xFF, 0x95, 0x85, 0xD2, 0xFF, 0x95, 0x85, 0xD2, 0xFF, 0x95, 0x85, 0xD2, 0xFF,
    0x95, 0x85, 0xD2, 0xFF, 0x95, 0x85, 0xD2, 0xFF, 0x95, 0x85, 0xD2, 0xFF, 0x95, 0x85, 0xD2, 0xFF,
    0x95, 0x85, 0xD2, 0xFF, 0x6C, 0x5A, 0x80, 0xFF, 0xB5, 0xAD, 0xB5, 0xFF, 0xB5, 0xAD, 0xB5, 0xFF,
    0xB0, 0xA8, 0xB0, 0xFF, 0xE0, 0xE9, 0xEA, 0xFF, 0xE0, 0xE9, 0xEA, 0xFF, 0xE1, 0xE9, 0xEB, 0xFF,
    0xE2, 0xEB, 0xEB, 0xFF, 0xDF, 0xE9, 0xEB, 0xFF, 0xDF, 0xE9, 0xEB, 0xFF, 0xDF, 0xE9, 0xEB, 0xFF,
    0xDF, 0xE9, 0xEB, 0xFF, 0xDF, 0xE9, 0xEB, 0xFF, 0xDF, 0xE9, 0xEB, 0xFF, 0xDF, 0xE9, 0xEB, 0xFF,
    0xDF, 0xE9, 0xEB, 0xFF, 0xE2, 0xEB, 0xEB, 0xFF, 0xE8, 0xEF, 0xF0, 0xFF, 0xE8, 0xEF, 0xF0, 0xFF,
    0xB7, 0xAF, 0xB8, 0xFF, 0x47, 0x36, 0x4A, 0xFF, 0x00, 0x00, 0x00, 0x00, 0x00, 0x00, 0x00, 0x00,
    0x00, 0x00, 0x00, 0x00, 0x00, 0x00, 0x00, 0x00, 0x00, 0x00, 0x00, 0x00, 0x00, 0x00, 0x00, 0x00,
    0x00, 0x00, 0x00, 0x00, 0x00, 0x00, 0x00, 0x00, 0x00, 0x00, 0x00, 0x00, 0x00, 0x00, 0x00, 0x00,
    0x00, 0x00, 0x00, 0x00, 0x00, 0x00, 0x00, 0x00, 0x00, 0x00, 0x00, 0x00, 0x00, 0x00, 0x00, 0x00,
    0x00, 0x00, 0x00, 0x00, 0x00, 0x00, 0x00, 0x00, 0x00, 0x00, 0x00, 0x00, 0x00, 0x00, 0x00, 0x00,
    0x00, 0x00, 0x00, 0x00, 0x00, 0x00, 0x00, 0x00, 0x00, 0x00, 0x00, 0x00, 0x00, 0x00, 0x00, 0x00,
    0x00, 0x00, 0x00, 0x00, 0x00, 0x00, 0x00, 0x00, 0x00, 0x00, 0x00, 0x00, 0x00, 0x00, 0x00, 0x00,
    0x00, 0x00, 0x00, 0x00, 0x00, 0x00, 0x00, 0x00, 0x00, 0x00, 0x00, 0x00, 0x00, 0x00, 0x00, 0x00,
    0x00, 0x00, 0x00, 0x00, 0x00, 0x00, 0x00, 0x00, 0x00, 0x00, 0x00, 0x00, 0x4E, 0x3D, 0x4E, 0xFF,
    0xB5, 0xAD, 0xB5, 0xFF, 0xB5, 0xAD, 0xB5, 0xFF, 0xB6, 0xAE, 0xB6, 0xFF, 0xE8, 0xEF, 0xF0, 0xFF,
    0xE3, 0xE9, 0xED, 0xFF, 0xE0, 0xE9, 0xE9, 0xFF, 0xE3, 0xE9, 0xED, 0xFF, 0x95, 0x8A, 0x97, 0xFF,
    0x95, 0x8A, 0x97, 0xFF, 0x95, 0x8A, 0x97, 0xFF, 0x95, 0x85, 0xD2, 0xFF, 0x95, 0x85, 0xD2, 0xFF,
    0x95, 0x85, 0xD2, 0xFF, 0x95, 0x85, 0xD2, 0xFF, 0x95, 0x85, 0xD2, 0xFF, 0x95, 0x85, 0xD2, 0xFF,
    0x95, 0x85, 0xD2, 0xFF, 0x95, 0x85, 0xD2, 0xFF, 0x6C, 0x5A, 0x80, 0xFF, 0xB5, 0xAD, 0xB5, 0xFF,
    0xB3, 0xAB, 0xB3, 0xFF, 0xE0, 0xE9, 0xE9, 0xFF, 0xE0, 0xE9, 0xEA, 0xFF, 0xE0, 0xE9, 0xEA, 0xFF,
    0xDF, 0xE9, 0xEB, 0xFF, 0xDF, 0xE9, 0xEB, 0xFF, 0xDF, 0xE9, 0xEB, 0xFF, 0xDF, 0xE9, 0xEB, 0xFF,
    0xDF, 0xE9, 0xEB, 0xFF, 0xDF, 0xE9, 0xEB, 0xFF, 0xDF, 0xE9, 0xEB, 0xFF, 0xDF, 0xE9, 0xEB, 0xFF,
    0xDF, 0xE9, 0xEB, 0xFF, 0xDF, 0xE9, 0xEB, 0xFF, 0xE1, 0xEA, 0xEB, 0xFF, 0xE1, 0xEA, 0xEB, 0xFF,
    0xCA, 0xC7, 0xCF, 0xFF, 0x47, 0x36, 0x4A, 0xFF, 0x00, 0x00, 0x00, 0x00, 0x00, 0x00, 0x00, 0x00,
    0x00, 0x00, 0x00, 0x00, 0x00, 0x00, 0x00, 0x00, 0x00, 0x00, 0x00, 0x00, 0x00, 0x00, 0x00, 0x00,
    0x00, 0x00, 0x00, 0x00, 0x00, 0x00, 0x00, 0x00, 0x00, 0x00, 0x00, 0x00, 0x00, 0x00, 0x00, 0x00,
    0x00, 0x00, 0x00, 0x00, 0x00, 0x00, 0x00, 0x00, 0x00, 0x00, 0x00, 0x00, 0x00, 0x00, 0x00, 0x00,
    0x00, 0x00, 0x00, 0x00, 0x00, 0x00, 0x00, 0x00, 0x00, 0x00, 0x00, 0x00, 0x00, 0x00, 0x00, 0x00,
    0x00, 0x00, 0x00, 0x00, 0x00, 0x00, 0x00, 0x00, 0x00, 0x00, 0x00, 0x00, 0x00, 0x00, 0x00, 0x00,
    0x00, 0x00, 0x00, 0x00, 0x00, 0x00, 0x00, 0x00, 0x00, 0x00, 0x00, 0x00, 0x00, 0x00, 0x00, 0x00,
    0x00, 0x00, 0x00, 0x00, 0x00, 0x00, 0x00, 0x00, 0x00, 0x00, 0x00, 0x00, 0x00, 0x00, 0x00, 0x00,
    0x00, 0x00, 0x00, 0x00, 0x00, 0x00, 0x00, 0x00, 0x00, 0x00, 0x00, 0x00, 0x00, 0x00, 0x00, 0x00,
    0x47, 0x36, 0x4A, 0xFF, 0x4E, 0x3D, 0x4E, 0xFF, 0xB7, 0xAF, 0xB8, 0xFF, 0xB6, 0xAE, 0xB6, 0xFF,
    0xE0, 0xE7, 0xE9, 0xFF, 0xE2, 0xEB, 0xEB, 0xFF, 0xE3, 0xE9, 0xED, 0xFF, 0xE3, 0xE9, 0xED, 0xFF,
    0xE8, 0xEF, 0xF0, 0xFF, 0xE8, 0xEF, 0xF0, 0xFF, 0xB3, 0xAB, 0xB3, 0xFF, 0xB7, 0xAF, 0xB8, 0xFF,
    0x6C, 0x5A, 0x80, 0xFF, 0x6C, 0x5A, 0x80, 0xFF, 0x6C, 0x5A, 0x80, 0xFF, 0x6C, 0x5A, 0x80, 0xFF,
    0x95, 0x85, 0xD2, 0xFF, 0x95, 0x85, 0xD2, 0xFF, 0x6C, 0x5A, 0x80, 0xFF, 0xB7, 0xAF, 0xB8, 0xFF,
    0xB0, 0xA8, 0xB0, 0xFF, 0xE2, 0xEB, 0xEB, 0xFF, 0xE0, 0xE9, 0xEA, 0xFF, 0xDF, 0xE9, 0xEB, 0xFF,
    0xDF, 0xE9, 0xEB, 0xFF, 0xE0, 0xE9, 0xEA, 0xFF, 0xDF, 0xE9, 0xEB, 0xFF, 0xDF, 0xE9, 0xEB, 0xFF,
    0xDF, 0xE9, 0xEB, 0xFF, 0xDF, 0xE9, 0xEB, 0xFF, 0xDF, 0xE9, 0xEB, 0xFF, 0xDF, 0xE9, 0xEB, 0xFF,
    0xDF, 0xE9, 0xEB, 0xFF, 0xDF, 0xE9, 0xEB, 0xFF, 0xE1, 0xE9, 0xEB, 0xFF, 0xE1, 0xEA, 0xEB, 0xFF,
    0xE1, 0xEA, 0xEB, 0xFF, 0xE2, 0xEB, 0xEB, 0xFF, 0x4E, 0x3D, 0x4E, 0xFF, 0x00, 0x00, 0x00, 0x00,
    0x00, 0x00, 0x00, 0x00, 0x00, 0x00, 0x00, 0x00, 0x00, 0x00, 0x00, 0x00, 0x00, 0x00, 0x00, 0x00,
    0x00, 0x00, 0x00, 0x00, 0x00, 0x00, 0x00, 0x00, 0x00, 0x00, 0x00, 0x00, 0x00, 0x00, 0x00, 0x00,
    0x00, 0x00, 0x00, 0x00, 0x00, 0x00, 0x00, 0x00, 0x00, 0x00, 0x00, 0x00, 0x00, 0x00, 0x00, 0x00,
    0x00, 0x00, 0x00, 0x00, 0x00, 0x00, 0x00, 0x00, 0x00, 0x00, 0x00, 0x00, 0x00, 0x00, 0x00, 0x00,
    0x00, 0x00, 0x00, 0x00, 0x00, 0x00, 0x00, 0x00, 0x00, 0x00, 0x00, 0x00, 0x00, 0x00, 0x00, 0x00,
    0x00, 0x00, 0x00, 0x00, 0x00, 0x00, 0x00, 0x00, 0x00, 0x00, 0x00, 0x00, 0x00, 0x00, 0x00, 0x00,
    0x00, 0x00, 0x00, 0x00, 0x00, 0x00, 0x00, 0x00, 0x00, 0x00, 0x00, 0x00, 0x00, 0x00, 0x00, 0x00,
    0x00, 0x00, 0x00, 0x00, 0x00, 0x00, 0x00, 0x00, 0x00, 0x00, 0x00, 0x00, 0x00, 0x00, 0x00, 0x00,
    0x95, 0x8A, 0x97, 0xFF, 0xB0, 0xA8, 0xB0, 0xFF, 0x47, 0x36, 0x4A, 0xFF, 0x4E, 0x3D, 0x4E, 0xFF,
    0xB7, 0xAF, 0xB8, 0xFF, 0xB7, 0xAF, 0xB8, 0xFF, 0xB7, 0xAF, 0xB8, 0xFF, 0xB6, 0xAE, 0xB6, 0xFF,
    0xB6, 0xAE, 0xB6, 0xFF, 0xB4, 0xAD, 0xB3, 0xFF, 0xE8, 0xEF, 0xF0, 0xFF, 0xE8, 0xEF, 0xF0, 0xFF,
    0xE8, 0xEF, 0xF0, 0xFF, 0xB5, 0xAD, 0xB5, 0xFF, 0xB7, 0xAF, 0xB8, 0xFF, 0xB7, 0xAF, 0xB8, 0xFF,
    0x6C, 0x5A, 0x80, 0xFF, 0x95, 0x8A, 0x97, 0xFF, 0x6C, 0x5A, 0x80, 0xFF, 0x6C, 0x5A, 0x80, 0xFF,
    0xB5, 0xAD, 0xB5, 0xFF, 0xE1, 0xE9, 0xEB, 0xFF, 0xE0, 0xE9, 0xEA, 0xFF, 0xDF, 0xE9, 0xEB, 0xFF,
    0xE0, 0xE9, 0xEA, 0xFF, 0xE0, 0xE9, 0xEA, 0xFF, 0xDF, 0xE9, 0xEB, 0xFF, 0xDF, 0xE9, 0xEB, 0xFF,
    0xE0, 0xE9, 0xEA, 0xFF, 0xDF, 0xE9, 0xEB, 0xFF, 0xDF, 0xE9, 0xEB, 0xFF, 0xDF, 0xE9, 0xEB, 0xFF,
    0xDF, 0xE9, 0xEB, 0xFF, 0xDF, 0xE9, 0xEB, 0xFF, 0xDF, 0xE9, 0xEB, 0xFF, 0xDF, 0xE9, 0xEB, 0xFF,
    0xE1, 0xEA, 0xEB, 0xFF, 0xE1, 0xE9, 0xEB, 0xFF, 0xB3, 0xAB, 0xB3, 0xFF, 0x4E, 0x3D, 0x4E, 0xFF,
    0x00, 0x00, 0x00, 0x00, 0x00, 0x00, 0x00, 0x00, 0x00, 0x00, 0x00, 0x00, 0x00, 0x00, 0x00, 0x00,
    0x00, 0x00, 0x00, 0x00, 0x00, 0x00, 0x00, 0x00, 0x00, 0x00, 0x00, 0x00, 0x00, 0x00, 0x00, 0x00,
    0x00, 0x00, 0x00, 0x00, 0x00, 0x00, 0x00, 0x00, 0x00, 0x00, 0x00, 0x00, 0x00, 0x00, 0x00, 0x00,
    0x00, 0x00, 0x00, 0x00, 0x00, 0x00, 0x00, 0x00, 0x00, 0x00, 0x00, 0x00, 0x00, 0x00, 0x00, 0x00,
    0x00, 0x00, 0x00, 0x00, 0x00, 0x00, 0x00, 0x00, 0x00, 0x00, 0x00, 0x00, 0x00, 0x00, 0x00, 0x00,
    0x00, 0x00, 0x00, 0x00, 0x00, 0x00, 0x00, 0x00, 0x00, 0x00, 0x00, 0x00, 0x00, 0x00, 0x00, 0x00,
    0x00, 0x00, 0x00, 0x00, 0x00, 0x00, 0x00, 0x00, 0x00, 0x00, 0x00, 0x00, 0x00, 0x00, 0x00, 0x00,
    0x00, 0x00, 0x00, 0x00, 0x00, 0x00, 0x00, 0x00, 0x00, 0x00, 0x00, 0x00, 0x00, 0x00, 0x00, 0x00,
    0x00, 0x00, 0x00, 0x00, 0x00, 0x00, 0x00, 0x00, 0x6C, 0x5A, 0x80, 0xFF, 0x6C, 0x5A, 0x80, 0xFF,
    0x4E, 0x3D, 0x4E, 0xFF, 0x47, 0x36, 0x4A, 0xFF, 0x4E, 0x3D, 0x4E, 0xFF, 0x47, 0x36, 0x4A, 0xFF,
    0xB6, 0xAE, 0xB6, 0xFF, 0xB7, 0xAF, 0xB8, 0xFF, 0xB5, 0xAD, 0xB5, 0xFF, 0xB7, 0xAF, 0xB8, 0xFF,
    0xB6, 0xAE, 0xB6, 0xFF, 0xB7, 0xAF, 0xB8, 0xFF, 0xB7, 0xAF, 0xB8, 0xFF, 0xB6, 0xAE, 0xB6, 0xFF,
    0xB6, 0xAE, 0xB6, 0xFF, 0xB6, 0xAE, 0xB6, 0xFF, 0xB7, 0xAF, 0xB8, 0xFF, 0xE3, 0xE9, 0xED, 0xFF,
    0xE1, 0xE9, 0xEB, 0xFF, 0xE0, 0xE9, 0xEA, 0xFF, 0xDF, 0xE9, 0xEB, 0xFF, 0xDF, 0xE9, 0xEB, 0xFF,
    0xDF, 0xE9, 0xEB, 0xFF, 0xDF, 0xE9, 0xEB, 0xFF, 0xDF, 0xE9, 0xEB, 0xFF, 0xDF, 0xE9, 0xEB, 0xFF,
    0xDF, 0xE9, 0xEB, 0xFF, 0xDF, 0xE9, 0xEB, 0xFF, 0xDF, 0xE9, 0xEB, 0xFF, 0xDF, 0xE9, 0xEB, 0xFF,
    0xDF, 0xE9, 0xEB, 0xFF, 0xDF, 0xE9, 0xEB, 0xFF, 0xE1, 0xEA, 0xEB, 0xFF, 0xE1, 0xEA, 0xEB, 0xFF,
    0xE1, 0xEA, 0xEB, 0xFF, 0xE1, 0xE9, 0xEB, 0xFF, 0xE2, 0xEB, 0xEB, 0xFF, 0x54, 0x42, 0x52, 0xFF,
    0x00, 0x00, 0x00, 0x00, 0x00, 0x00, 0x00, 0x00, 0x00, 0x00, 0x00, 0x00, 0x00, 0x00, 0x00, 0x00,
    0x00, 0x00, 0x00, 0x00, 0x00, 0x00, 0x00, 0x00, 0x00, 0x00, 0x00, 0x00, 0x00, 0x00, 0x00, 0x00,
    0x00, 0x00, 0x00, 0x00, 0x00, 0x00, 0x00, 0x00, 0x00, 0x00, 0x00, 0x00, 0x00, 0x00, 0x00, 0x00,
    0x00, 0x00, 0x00, 0x00, 0x00, 0x00, 0x00, 0x00, 0x00, 0x00, 0x00, 0x00, 0x00, 0x00, 0x00, 0x00,
    0x00, 0x00, 0x00, 0x00, 0x00, 0x00, 0x00, 0x00, 0x00, 0x00, 0x00, 0x00, 0x00, 0x00, 0x00, 0x00,
    0x00, 0x00, 0x00, 0x00, 0x00, 0x00, 0x00, 0x00, 0x00, 0x00, 0x00, 0x00, 0x00, 0x00, 0x00, 0x00,
    0x00, 0x00, 0x00, 0x00, 0x00, 0x00, 0x00, 0x00, 0x00, 0x00, 0x00, 0x00, 0x00, 0x00, 0x00, 0x00,
    0x00, 0x00, 0x00, 0x00, 0x00, 0x00, 0x00, 0x00, 0x00, 0x00, 0x00, 0x00, 0x00, 0x00, 0x00, 0x00,
    0x00, 0x00, 0x00, 0x00, 0x00, 0x00, 0x00, 0x00, 0x00, 0x00, 0x00, 0x00, 0x00, 0x00, 0x00, 0x00,
    0x47, 0x36, 0x4A, 0xFF, 0x47, 0x36, 0x4A, 0xFF, 0x47, 0x36, 0x4A, 0xFF, 0x47, 0x36, 0x4A, 0xFF,
    0x54, 0x42, 0x52, 0xFF, 0x54, 0x42, 0x52, 0xFF, 0x54, 0x42, 0x52, 0xFF, 0x54, 0x42, 0x52, 0xFF,
    0xB7, 0xAF, 0xB8, 0xFF, 0xB6, 0xAE, 0xB6, 0xFF, 0xB6, 0xAE, 0xB6, 0xFF, 0xB7, 0xAF, 0xB8, 0xFF,
    0xB7, 0xAF, 0xB8, 0xFF, 0xB6, 0xAE, 0xB6, 0xFF, 0xB5, 0xAD, 0xB5, 0xFF, 0xE1, 0xE9, 0xEB, 0xFF,
    0xDF, 0xE9, 0xEB, 0xFF, 0xDF, 0xE9, 0xEB, 0xFF, 0xE0, 0xE9, 0xEA, 0xFF, 0xDF, 0xE9, 0xEB, 0xFF,
    0xDF, 0xE9, 0xEB, 0xFF, 0xDF, 0xE9, 0xEB, 0xFF, 0xE1, 0xE9, 0xEB, 0xFF, 0xE1, 0xE9, 0xEB, 0xFF,
    0xDF, 0xE9, 0xEB, 0xFF, 0xDF, 0xE9, 0xEB, 0xFF, 0xDF, 0xE9, 0xEB, 0xFF, 0xDF, 0xE9, 0xEB, 0xFF,
    0xDF, 0xE9, 0xEB, 0xFF, 0xE0, 0xE9, 0xEA, 0xFF, 0xDF, 0xE9, 0xEB, 0xFF, 0xDF, 0xE9, 0xEB, 0xFF,
    0xE1, 0xEA, 0xEB, 0xFF, 0xE1, 0xEA, 0xEB, 0xFF, 0xE2, 0xEB, 0xEB, 0xFF, 0x54, 0x42, 0x52, 0xFF,
    0x00, 0x00, 0x00, 0x00, 0x00, 0x00, 0x00, 0x00, 0x00, 0x00, 0x00, 0x00, 0x00, 0x00, 0x00, 0x00,
    0x00, 0x00, 0x00, 0x00, 0x00, 0x00, 0x00, 0x00, 0x00, 0x00, 0x00, 0x00, 0x00, 0x00, 0x00, 0x00,
    0x00, 0x00, 0x00, 0x00, 0x00, 0x00, 0x00, 0x00, 0x00, 0x00, 0x00, 0x00, 0x00, 0x00, 0x00, 0x00,
    0x00, 0x00, 0x00, 0x00, 0x00, 0x00, 0x00, 0x00, 0x00, 0x00, 0x00, 0x00, 0x00, 0x00, 0x00, 0x00,
    0x00, 0x00, 0x00, 0x00, 0x00, 0x00, 0x00, 0x00, 0x00, 0x00, 0x00, 0x00, 0x00, 0x00, 0x00, 0x00,
    0x00, 0x00, 0x00, 0x00, 0x00, 0x00, 0x00, 0x00, 0x00, 0x00, 0x00, 0x00, 0x00, 0x00, 0x00, 0x00,
    0x00, 0x00, 0x00, 0x00, 0x00, 0x00, 0x00, 0x00, 0x00, 0x00, 0x00, 0x00, 0x00, 0x00, 0x00, 0x00,
    0x00, 0x00, 0x00, 0x00, 0x00, 0x00, 0x00, 0x00, 0x00, 0x00, 0x00, 0x00, 0x00, 0x00, 0x00, 0x00,
    0x00, 0x00, 0x00, 0x00, 0x00, 0x00, 0x00, 0x00, 0x00, 0x00, 0x00, 0x00, 0x00, 0x00, 0x00, 0x00,
    0x00, 0x00, 0x00, 0x00, 0x00, 0x00, 0x00, 0x00, 0x00, 0x00, 0x00, 0x00, 0x00, 0x00, 0x00, 0x00,
    0x54, 0x42, 0x52, 0xFF, 0x54, 0x42, 0x52, 0xFF, 0xB7, 0xAF, 0xB8, 0xFF, 0xB7, 0xAF, 0xB8, 0xFF,
    0x54, 0x42, 0x52, 0xFF, 0x4E, 0x3D, 0x4E, 0xFF, 0x54, 0x42, 0x52, 0xFF, 0x54, 0x42, 0x52, 0xFF,
    0x95, 0x8A, 0x97, 0xFF, 0xB7, 0xAF, 0xB8, 0xFF, 0xB3, 0xAB, 0xB3, 0xFF, 0xE0, 0xE9, 0xEA, 0xFF,
    0xE0, 0xE9, 0xEA, 0xFF, 0xE1, 0xE9, 0xEB, 0xFF, 0xDF, 0xE9, 0xEB, 0xFF, 0xE0, 0xE9, 0xEA, 0xFF,
    0xDF, 0xE9, 0xEB, 0xFF, 0xE0, 0xE9, 0xEA, 0xFF, 0xE1, 0xE9, 0xEB, 0xFF, 0xE0, 0xE9, 0xEA, 0xFF,
    0xE1, 0xE9, 0xEB, 0xFF, 0xE1, 0xE9, 0xEB, 0xFF, 0xE0, 0xE9, 0xEA, 0xFF, 0xE0, 0xE9, 0xEA, 0xFF,
    0xE0, 0xE9, 0xEA, 0xFF, 0xDF, 0xE9, 0xEB, 0xFF, 0xE1, 0xE9, 0xEB, 0xFF, 0xDF, 0xE9, 0xEB, 0xFF,
    0xE1, 0xE9, 0xEB, 0xFF, 0xE1, 0xEA, 0xEB, 0xFF, 0xE1, 0xEA, 0xEB, 0xFF, 0xB6, 0xAE, 0xB6, 0xFF,
    0x4E, 0x3D, 0x4E, 0xFF, 0x00, 0x00, 0x00, 0x00, 0x00, 0x00, 0x00, 0x00, 0x00, 0x00, 0x00, 0x00,
    0x00, 0x00, 0x00, 0x00, 0x00, 0x00, 0x00, 0x00, 0x00, 0x00, 0x00, 0x00, 0x00, 0x00, 0x00, 0x00,
    0x00, 0x00, 0x00, 0x00, 0x00, 0x00, 0x00, 0x00, 0x00, 0x00, 0x00, 0x00, 0x00, 0x00, 0x00, 0x00,
    0x00, 0x00, 0x00, 0x00, 0x00, 0x00, 0x00, 0x00, 0x00, 0x00, 0x00, 0x00, 0x00, 0x00, 0x00, 0x00,
    0x00, 0x00, 0x00, 0x00, 0x00, 0x00, 0x00, 0x00, 0x00, 0x00, 0x00, 0x00, 0x00, 0x00, 0x00, 0x00,
    0x00, 0x00, 0x00, 0x00, 0x00, 0x00, 0x00, 0x00, 0x00, 0x00, 0x00, 0x00, 0x00, 0x00, 0x00, 0x00,
    0x00, 0x00, 0x00, 0x00, 0x00, 0x00, 0x00, 0x00, 0x00, 0x00, 0x00, 0x00, 0x00, 0x00, 0x00, 0x00,
    0x00, 0x00, 0x00, 0x00, 0x00, 0x00, 0x00, 0x00, 0x00, 0x00, 0x00, 0x00, 0x00, 0x00, 0x00, 0x00,
    0x00, 0x00, 0x00, 0x00, 0x00, 0x00, 0x00, 0x00, 0x00, 0x00, 0x00, 0x00, 0x00, 0x00, 0x00, 0x00,
    0x00, 0x00, 0x00, 0x00, 0x00, 0x00, 0x00, 0x00, 0x00, 0x00, 0x00, 0x00, 0x54, 0x42, 0x52, 0xFF,
    0x6C, 0x5A, 0x80, 0xFF, 0xB5, 0xAD, 0xB5, 0xFF, 0xB5, 0xAD, 0xB5, 0xFF, 0xB5, 0xAD, 0xB5, 0xFF,
    0xB5, 0xAD, 0xB5, 0xFF, 0xB7, 0xAF, 0xB8, 0xFF, 0xB5, 0xAD, 0xB5, 0xFF, 0xE8, 0xEF, 0xF0, 0xFF,
    0xDF, 0xE9, 0xEB, 0xFF, 0xE0, 0xE9, 0xEA, 0xFF, 0xE0, 0xE9, 0xEA, 0xFF, 0xE0, 0xE9, 0xEA, 0xFF,
    0xE0, 0xE9, 0xEA, 0xFF, 0xDF, 0xE9, 0xEB, 0xFF, 0xDF, 0xE9, 0xEB, 0xFF, 0xDF, 0xE9, 0xEB, 0xFF,
    0xDF, 0xE9, 0xEB, 0xFF, 0xE0, 0xE9, 0xEA, 0xFF, 0xE0, 0xE9, 0xEA, 0xFF, 0xE0, 0xE9, 0xEA, 0xFF,
    0xDF, 0xE9, 0xEB, 0xFF, 0xE1, 0xE9, 0xEB, 0xFF, 0xE1, 0xE9, 0xEB, 0xFF, 0xE1, 0xEA, 0xEB, 0xFF,
    0xDF, 0xE9, 0xEB, 0xFF, 0xDF, 0xE9, 0xEB, 0xFF, 0xDF, 0xE9, 0xEB, 0xFF, 0xDF, 0xE9, 0xEB, 0xFF,
    0xDF, 0xE9, 0xEB, 0xFF, 0xE1, 0xEA, 0xEB, 0xFF, 0xE1, 0xEA, 0xEB, 0xFF, 0xE2, 0xEB, 0xEB, 0xFF,
    0x4E, 0x3D, 0x4E, 0xFF, 0x00, 0x00, 0x00, 0x00, 0x00, 0x00, 0x00, 0x00, 0x00, 0x00, 0x00, 0x00,
    0x00, 0x00, 0x00, 0x00, 0x00, 0x00, 0x00, 0x00, 0x00, 0x00, 0x00, 0x00, 0x00, 0x00, 0x00, 0x00,
    0x00, 0x00, 0x00, 0x00, 0x00, 0x00, 0x00, 0x00, 0x00, 0x00, 0x00, 0x00, 0x00, 0x00, 0x00, 0x00,
    0x00, 0x00, 0x00, 0x00, 0x00, 0x00, 0x00, 0x00, 0x00, 0x00, 0x00, 0x00, 0x00, 0x00, 0x00, 0x00,
    0x00, 0x00, 0x00, 0x00, 0x00, 0x00, 0x00, 0x00, 0x00, 0x00, 0x00, 0x00, 0x00, 0x00, 0x00, 0x00,
    0x00, 0x00, 0x00, 0x00, 0x00, 0x00, 0x00, 0x00, 0x00, 0x00, 0x00, 0x00, 0x00, 0x00, 0x00, 0x00,
    0x00, 0x00, 0x00, 0x00, 0x00, 0x00, 0x00, 0x00, 0x00, 0x00, 0x00, 0x00, 0x00, 0x00, 0x00, 0x00,
    0x00, 0x00, 0x00, 0x00, 0x00, 0x00, 0x00, 0x00, 0x00, 0x00, 0x00, 0x00, 0x00, 0x00, 0x00, 0x00,
    0x00, 0x00, 0x00, 0x00, 0x00, 0x00, 0x00, 0x00, 0x00, 0x00, 0x00, 0x00, 0x00, 0x00, 0x00, 0x00,
    0x00, 0x00, 0x00, 0x00, 0x00, 0x00, 0x00, 0x00, 0x00, 0x00, 0x00, 0x00, 0x54, 0x42, 0x52, 0xFF,
    0xB7, 0xAF, 0xB8, 0xFF, 0xB0, 0xA8, 0xB0, 0xFF, 0xB5, 0xAD, 0xB5, 0xFF, 0xB5, 0xAD, 0xB5, 0xFF,
    0xB5, 0xAD, 0xB5, 0xFF, 0xE8, 0xEF, 0xF0, 0xFF, 0xE8, 0xEF, 0xF0, 0xFF, 0xB0, 0xA8, 0xB0, 0xFF,
    0xE3, 0xE9, 0xED, 0xFF, 0xE0, 0xE9, 0xEA, 0xFF, 0xDF, 0xE9, 0xEB, 0xFF, 0xDF, 0xE9, 0xEB, 0xFF,
    0xDF, 0xE9, 0xEB, 0xFF, 0xDF, 0xE9, 0xEB, 0xFF, 0xDF, 0xE9, 0xEB, 0xFF, 0xDF, 0xE9, 0xEB, 0xFF,
    0xDF, 0xE9, 0xEB, 0xFF, 0xE2, 0xEB, 0xEB, 0xFF, 0xE0, 0xE9, 0xEA, 0xFF, 0xE0, 0xE9, 0xEA, 0xFF,
    0xE0, 0xE7, 0xE9, 0xFF, 0xE0, 0xE7, 0xE9, 0xFF, 0xE0, 0xE7, 0xE9, 0xFF, 0xE2, 0xEB, 0xEB, 0xFF,
    0xE2, 0xEB, 0xEB, 0xFF, 0xDF, 0xE9, 0xEB, 0xFF, 0xDF, 0xE9, 0xEB, 0xFF, 0xDF, 0xE9, 0xEB, 0xFF,
    0xDF, 0xE9, 0xEB, 0xFF, 0xE2, 0xEB, 0xEB, 0xFF, 0xE2, 0xEB, 0xEB, 0xFF, 0xE0, 0xE9, 0xEA, 0xFF,
    0xB3, 0xAB, 0xB3, 0xFF, 0x4E, 0x3D, 0x4E, 0xFF, 0x00, 0x00, 0x00, 0x00, 0x00, 0x00, 0x00, 0x00,
    0x00, 0x00, 0x00, 0x00, 0x00, 0x00, 0x00, 0x00, 0x00, 0x00, 0x00, 0x00, 0x00, 0x00, 0x00, 0x00,
    0x00, 0x00, 0x00, 0x00, 0x00, 0x00, 0x00, 0x00, 0x00, 0x00, 0x00, 0x00, 0x00, 0x00, 0x00, 0x00,
    0x00, 0x00, 0x00, 0x00, 0x00, 0x00, 0x00, 0x00, 0x00, 0x00, 0x00, 0x00, 0x00, 0x00, 0x00, 0x00,
    0x00, 0x00, 0x00, 0x00, 0x00, 0x00, 0x00, 0x00, 0x00, 0x00, 0x00, 0x00, 0x00, 0x00, 0x00, 0x00,
    0x00, 0x00, 0x00, 0x00, 0x00, 0x00, 0x00, 0x00, 0x00, 0x00, 0x00, 0x00, 0x00, 0x00, 0x00, 0x00,
    0x00, 0x00, 0x00, 0x00, 0x00, 0x00, 0x00, 0x00, 0x00, 0x00, 0x00, 0x00, 0x00, 0x00, 0x00, 0x00,
    0x00, 0x00, 0x00, 0x00, 0x00, 0x00, 0x00, 0x00, 0x00, 0x00, 0x00, 0x00, 0x00, 0x00, 0x00, 0x00,
    0x00, 0x00, 0x00, 0x00, 0x00, 0x00, 0x00, 0x00, 0x00, 0x00, 0x00, 0x00, 0x00, 0x00, 0x00, 0x00,
    0x00, 0x00, 0x00, 0x00, 0x00, 0x00, 0x00, 0x00, 0x47, 0x36, 0x4A, 0xFF, 0xB0, 0xA8, 0xB0, 0xFF,
    0xB4, 0xAD, 0xB3, 0xFF, 0xB4, 0xAD, 0xB3, 0xFF, 0xB4, 0xAD, 0xB3, 0xFF, 0xB4, 0xAD, 0xB3, 0xFF,
    0xB3, 0xAB, 0xB3, 0xFF, 0xB0, 0xA8, 0xB0, 0xFF, 0xE0, 0xE7, 0xE9, 0xFF, 0xE0, 0xE7, 0xE9, 0xFF,
    0xDF, 0xE9, 0xEB, 0xFF, 0xE0, 0xE9, 0xEA, 0xFF, 0xE0, 0xE9, 0xEA, 0xFF, 0xDF, 0xE9, 0xEB, 0xFF,
    0xE0, 0xE9, 0xE9, 0xFF, 0xE1, 0xEA, 0xEB, 0xFF, 0xDF, 0xE9, 0xEB, 0xFF, 0xE0, 0xE9, 0xEA, 0xFF,
    0xE0, 0xE9, 0xEA, 0xFF, 0xE0, 0xE9, 0xEA, 0xFF, 0xE0, 0xE9, 0xE9, 0xFF, 0xE8, 0xEF, 0xF0, 0xFF,
    0xE8, 0xEF, 0xF0, 0xFF, 0x4E, 0x3D, 0x4E, 0xFF, 0x4E, 0x3D, 0x4E, 0xFF, 0xE8, 0xEF, 0xF0, 0xFF,
    0xE8, 0xEF, 0xF0, 0xFF, 0xDF, 0xE9, 0xEB, 0xFF, 0xE0, 0xE9, 0xEA, 0xFF, 0xDF, 0xE9, 0xEB, 0xFF,
    0xDF, 0xE9, 0xEB, 0xFF, 0xDF, 0xE9, 0xEB, 0xFF, 0xE0, 0xE9, 0xE9, 0xFF, 0xE2, 0xEB, 0xEB, 0xFF,
    0xE8, 0xEF, 0xF0, 0xFF, 0x4E, 0x3D, 0x4E, 0xFF, 0x00, 0x00, 0x00, 0x00, 0x00, 0x00, 0x00, 0x00,
    0x00, 0x00, 0x00, 0x00, 0x00, 0x00, 0x00, 0x00, 0x00, 0x00, 0x00, 0x00, 0x00, 0x00, 0x00, 0x00,
    0x00, 0x00, 0x00, 0x00, 0x00, 0x00, 0x00, 0x00, 0x00, 0x00, 0x00, 0x00, 0x00, 0x00, 0x00, 0x00,
    0x00, 0x00, 0x00, 0x00, 0x00, 0x00, 0x00, 0x00, 0x00, 0x00, 0x00, 0x00, 0x00, 0x00, 0x00, 0x00,
    0x00, 0x00, 0x00, 0x00, 0x00, 0x00, 0x00, 0x00, 0x00, 0x00, 0x00, 0x00, 0x00, 0x00, 0x00, 0x00,
    0x00, 0x00, 0x00, 0x00, 0x00, 0x00, 0x00, 0x00, 0x00, 0x00, 0x00, 0x00, 0x00, 0x00, 0x00, 0x00,
    0x00, 0x00, 0x00, 0x00, 0x00, 0x00, 0x00, 0x00, 0x00, 0x00, 0x00, 0x00, 0x00, 0x00, 0x00, 0x00,
    0x00, 0x00, 0x00, 0x00, 0x00, 0x00, 0x00, 0x00, 0x00, 0x00, 0x00, 0x00, 0x00, 0x00, 0x00, 0x00,
    0x00, 0x00, 0x00, 0x00, 0x00, 0x00, 0x00, 0x00, 0x00, 0x00, 0x00, 0x00, 0x00, 0x00, 0x00, 0x00,
    0x00, 0x00, 0x00, 0x00, 0x00, 0x00, 0x00, 0x00, 0x4E, 0x3D, 0x4E, 0xFF, 0xB0, 0xA8, 0xB0, 0xFF,
    0xB3, 0xAB, 0xB3, 0xFF, 0xB5, 0xAD, 0xB5, 0xFF, 0xB4, 0xAD, 0xB3, 0xFF, 0xB3, 0xAB, 0xB3, 0xFF,
    0xE1, 0xE9, 0xEB, 0xFF, 0xB3, 0xAB, 0xB3, 0xFF, 0xE0, 0xE9, 0xE9, 0xFF, 0xE0, 0xE9, 0xE9, 0xFF,
    0xE0, 0xE9, 0xEA, 0xFF, 0xE0, 0xE9, 0xEA, 0xFF, 0xDF, 0xE9, 0xEB, 0xFF, 0xE0, 0xE9, 0xEA, 0xFF,
    0xE0, 0xE9, 0xEA, 0xFF, 0xE0, 0xE9, 0xEA, 0xFF, 0xE0, 0xE9, 0xEA, 0xFF, 0xE0, 0xE9, 0xEA, 0xFF,
    0xE1, 0xE9, 0xEB, 0xFF, 0xE1, 0xE9, 0xEB, 0xFF, 0xE2, 0xEB, 0xEB, 0xFF, 0x6C, 0x5A, 0x80, 0xFF,
    0x4E, 0x3D, 0x4E, 0xFF, 0x4E, 0x3D, 0x4E, 0xFF, 0x4E, 0x3D, 0x4E, 0xFF, 0x4E, 0x3D, 0x4E, 0xFF,
    0x47, 0x36, 0x4A, 0xFF, 0xE3, 0xE9, 0xED, 0xFF, 0xE0, 0xE9, 0xEA, 0xFF, 0xDF, 0xE9, 0xEB, 0xFF,
    0xDF, 0xE9, 0xEB, 0xFF, 0xDF, 0xE9, 0xEB, 0xFF, 0xE0, 0xE9, 0xEA, 0xFF, 0xE0, 0xE9, 0xEA, 0xFF,
    0xE0, 0xE9, 0xE9, 0xFF, 0x4E, 0x3D, 0x4E, 0xFF, 0x00, 0x00, 0x00, 0x00, 0x00, 0x00, 0x00, 0x00,
    0x00, 0x00, 0x00, 0x00, 0x00, 0x00, 0x00, 0x00, 0x00, 0x00, 0x00, 0x00, 0x00, 0x00, 0x00, 0x00,
    0x00, 0x00, 0x00, 0x00, 0x00, 0x00, 0x00, 0x00, 0x00, 0x00, 0x00, 0x00, 0x00, 0x00, 0x00, 0x00,
    0x00, 0x00, 0x00, 0x00, 0x00, 0x00, 0x00, 0x00, 0x00, 0x00, 0x00, 0x00, 0x00, 0x00, 0x00, 0x00,
    0x00, 0x00, 0x00, 0x00, 0x00, 0x00, 0x00, 0x00, 0x00, 0x00, 0x00, 0x00, 0x00, 0x00, 0x00, 0x00,
    0x00, 0x00, 0x00, 0x00, 0x00, 0x00, 0x00, 0x00, 0x00, 0x00, 0x00, 0x00, 0x00, 0x00, 0x00, 0x00,
    0x00, 0x00, 0x00, 0x00, 0x00, 0x00, 0x00, 0x00, 0x00, 0x00, 0x00, 0x00, 0x00, 0x00, 0x00, 0x00,
    0x00, 0x00, 0x00, 0x00, 0x00, 0x00, 0x00, 0x00, 0x00, 0x00, 0x00, 0x00, 0x00, 0x00, 0x00, 0x00,
    0x00, 0x00, 0x00, 0x00, 0x00, 0x00, 0x00, 0x00, 0x00, 0x00, 0x00, 0x00, 0x00, 0x00, 0x00, 0x00,
    0x00, 0x00, 0x00, 0x00, 0x00, 0x00, 0x00, 0x00, 0x4E, 0x3D, 0x4E, 0xFF, 0xB5, 0xAD, 0xB5, 0xFF,
    0xB3, 0xAB, 0xB3, 0xFF, 0xB4, 0xAD, 0xB3, 0xFF, 0xB5, 0xAD, 0xB5, 0xFF, 0xB0, 0xA8, 0xB0, 0xFF,
    0xE0, 0xE9, 0xE9, 0xFF, 0xE0, 0xE7, 0xE9, 0xFF, 0xE1, 0xE9, 0xEB, 0xFF, 0xE0, 0xE9, 0xE9, 0xFF,
    0xE0, 0xE9, 0xEA, 0xFF, 0xE0, 0xE9, 0xEA, 0xFF, 0xDF, 0xE9, 0xEB, 0xFF, 0xDF, 0xE9, 0xEB, 0xFF,
    0xDF, 0xE9, 0xEB, 0xFF, 0xE1, 0xE9, 0xEB, 0xFF, 0xE1, 0xE9, 0xEB, 0xFF, 0xE1, 0xEA, 0xEB, 0xFF,
    0xE0, 0xE9, 0xEA, 0xFF, 0xE3, 0xE9, 0xED, 0xFF, 0x4E, 0x3D, 0x4E, 0xFF, 0x6C, 0x5A, 0x80, 0xFF,
    0x4E, 0x3D, 0x4E, 0xFF, 0x4E, 0x3D, 0x4E, 0xFF, 0x4E, 0x3D, 0x4E, 0xFF, 0xCA, 0xC7, 0xCF, 0xFF,
    0x95, 0x8A, 0x97, 0xFF, 0x47, 0x36, 0x4A, 0xFF, 0xDF, 0xE9, 0xEB, 0xFF, 0xDF, 0xE9, 0xEB, 0xFF,
    0xDF, 0xE9, 0xEB, 0xFF, 0xDF, 0xE9, 0xEB, 0xFF, 0xE1, 0xE9, 0xEB, 0xFF, 0xE1, 0xE9, 0xEB, 0xFF,
    0xE1, 0xE9, 0xEB, 0xFF, 0x4E, 0x3D, 0x4E, 0xFF, 0x00, 0x00, 0x00, 0x00, 0x00, 0x00, 0x00, 0x00,
    0x00, 0x00, 0x00, 0x00, 0x00, 0x00, 0x00, 0x00, 0x00, 0x00, 0x00, 0x00, 0x00, 0x00, 0x00, 0x00,
    0x00, 0x00, 0x00, 0x00, 0x00, 0x00, 0x00, 0x00, 0x00, 0x00, 0x00, 0x00, 0x00, 0x00, 0x00, 0x00,
    0x00, 0x00, 0x00, 0x00, 0x00, 0x00, 0x00, 0x00, 0x00, 0x00, 0x00, 0x00, 0x00, 0x00, 0x00, 0x00,
    0x00, 0x00, 0x00, 0x00, 0x00, 0x00, 0x00, 0x00, 0x00, 0x00, 0x00, 0x00, 0x00, 0x00, 0x00, 0x00,
    0x00, 0x00, 0x00, 0x00, 0x00, 0x00, 0x00, 0x00, 0x00, 0x00, 0x00, 0x00, 0x00, 0x00, 0x00, 0x00,
    0x00, 0x00, 0x00, 0x00, 0x00, 0x00, 0x00, 0x00, 0x00, 0x00, 0x00, 0x00, 0x00, 0x00, 0x00, 0x00,
    0x00, 0x00, 0x00, 0x00, 0x00, 0x00, 0x00, 0x00, 0x00, 0x00, 0x00, 0x00, 0x00, 0x00, 0x00, 0x00,
    0x00, 0x00, 0x00, 0x00, 0x00, 0x00, 0x00, 0x00, 0x00, 0x00, 0x00, 0x00, 0x00, 0x00, 0x00, 0x00,
    0x00, 0x00, 0x00, 0x00, 0x00, 0x00, 0x00, 0x00, 0x4E, 0x3D, 0x4E, 0xFF, 0xB5, 0xAD, 0xB5, 0xFF,
    0xB3, 0xAB, 0xB3, 0xFF, 0xB3, 0xAB, 0xB3, 0xFF, 0xB3, 0xAB, 0xB3, 0xFF, 0xDF, 0xE9, 0xEB, 0xFF,
    0xB0, 0xA8, 0xB0, 0xFF, 0xE0, 0xE9, 0xE9, 0xFF, 0xE0, 0xE7, 0xE9, 0xFF, 0xE1, 0xE9, 0xEB, 0xFF,
    0xE0, 0xE9, 0xEA, 0xFF, 0xE0, 0xE9, 0xEA, 0xFF, 0xE0, 0xE9, 0xEA, 0xFF, 0xDF, 0xE9, 0xEB, 0xFF,
    0xE1, 0xE9, 0xEB, 0xFF, 0xE1, 0xE9, 0xEB, 0xFF, 0xE1, 0xE9, 0xEB, 0xFF, 0xE1, 0xEA, 0xEB, 0xFF,
    0xE0, 0xE9, 0xE9, 0xFF, 0x4E, 0x3D, 0x4E, 0xFF, 0xB3, 0xAB, 0xB3, 0xFF, 0x95, 0x8A, 0x97, 0xFF,
    0x4E, 0x3D, 0x4E, 0xFF, 0x54, 0x42, 0x52, 0xFF, 0xE8, 0xEF, 0xF0, 0xFF, 0xE2, 0xEB, 0xEB, 0xFF,
    0xE8, 0xEF, 0xF0, 0xFF, 0x4E, 0x3D, 0x4E, 0xFF, 0xE8, 0xEF, 0xF0, 0xFF, 0xDF, 0xE9, 0xEB, 0xFF,
    0xDF, 0xE9, 0xEB, 0xFF, 0xDF, 0xE9, 0xEB, 0xFF, 0xDF, 0xE9, 0xEB, 0xFF, 0xE1, 0xE9, 0xEB, 0xFF,
    0xE0, 0xE9, 0xE9, 0xFF, 0x47, 0x36, 0x4A, 0xFF, 0x00, 0x00, 0x00, 0x00, 0x00, 0x00, 0x00, 0x00,
    0x00, 0x00, 0x00, 0x00, 0x00, 0x00, 0x00, 0x00, 0x00, 0x00, 0x00, 0x00, 0x00, 0x00, 0x00, 0x00,
    0x00, 0x00, 0x00, 0x00, 0x00, 0x00, 0x00, 0x00, 0x00, 0x00, 0x00, 0x00, 0x00, 0x00, 0x00, 0x00,
    0x00, 0x00, 0x00, 0x00, 0x00, 0x00, 0x00, 0x00, 0x00, 0x00, 0x00, 0x00, 0x00, 0x00, 0x00, 0x00,
    0x00, 0x00, 0x00, 0x00, 0x00, 0x00, 0x00, 0x00, 0x00, 0x00, 0x00, 0x00, 0x00, 0x00, 0x00, 0x00,
    0x00, 0x00, 0x00, 0x00, 0x00, 0x00, 0x00, 0x00, 0x00, 0x00, 0x00, 0x00, 0x00, 0x00, 0x00, 0x00,
    0x00, 0x00, 0x00, 0x00, 0x00, 0x00, 0x00, 0x00, 0x00, 0x00, 0x00, 0x00, 0x00, 0x00, 0x00, 0x00,
    0x00, 0x00, 0x00, 0x00, 0x00, 0x00, 0x00, 0x00, 0x00, 0x00, 0x00, 0x00, 0x00, 0x00, 0x00, 0x00,
    0x00, 0x00, 0x00, 0x00, 0x00, 0x00, 0x00, 0x00, 0x00, 0x00, 0x00, 0x00, 0x00, 0x00, 0x00, 0x00,
    0x00, 0x00, 0x00, 0x00, 0x00, 0x00, 0x00, 0x00, 0x4E, 0x3D, 0x4E, 0xFF, 0xB5, 0xAD, 0xB5, 0xFF,
    0xB5, 0xAD, 0xB5, 0xFF, 0xB4, 0xAD, 0xB3, 0xFF, 0xB4, 0xAD, 0xB3, 0xFF, 0xE8, 0xEF, 0xF0, 0xFF,
    0xB3, 0xAB, 0xB3, 0xFF, 0xB0, 0xA8, 0xB0, 0xFF, 0xB6, 0xAE, 0xB6, 0xFF, 0xE1, 0xE9, 0xEB, 0xFF,
    0xE0, 0xE9, 0xE9, 0xFF, 0xE0, 0xE9, 0xEA, 0xFF, 0xE0, 0xE9, 0xEA, 0xFF, 0xE0, 0xE9, 0xEA, 0xFF,
    0xDF, 0xE9, 0xEB, 0xFF, 0xE1, 0xE9, 0xEB, 0xFF, 0xE1, 0xEA, 0xEB, 0xFF, 0xE1, 0xEA, 0xEB, 0xFF,
    0xE2, 0xEB, 0xEB, 0xFF, 0x4E, 0x3D, 0x4E, 0xFF, 0xB0, 0xA8, 0xB0, 0xFF, 0x95, 0x8A, 0x97, 0xFF,
    0x54, 0x42, 0x52, 0xFF, 0x54, 0x42, 0x52, 0xFF, 0xE8, 0xEF, 0xF0, 0xFF, 0xE8, 0xEF, 0xF0, 0xFF,
    0xE8, 0xEF, 0xF0, 0xFF, 0x47, 0x36, 0x4A, 0xFF, 0xE8, 0xEF, 0xF0, 0xFF, 0xDF, 0xE9, 0xEB, 0xFF,
    0xDF, 0xE9, 0xEB, 0xFF, 0xE0, 0xE9, 0xEA, 0xFF, 0xE0, 0xE9, 0xEA, 0xFF, 0xE0, 0xE9, 0xEA, 0xFF,
    0xE0, 0xE7, 0xE9, 0xFF, 0xB7, 0xAF, 0xB8, 0xFF, 0x54, 0x42, 0x52, 0xFF, 0x00, 0x00, 0x00, 0x00,
    0x00, 0x00, 0x00, 0x00, 0x00, 0x00, 0x00, 0x00, 0x00, 0x00, 0x00, 0x00, 0x00, 0x00, 0x00, 0x00,
    0x00, 0x00, 0x00, 0x00, 0x00, 0x00, 0x00, 0x00, 0x00, 0x00, 0x00, 0x00, 0x00, 0x00, 0x00, 0x00,
    0x00, 0x00, 0x00, 0x00, 0x00, 0x00, 0x00, 0x00, 0x00, 0x00, 0x00, 0x00, 0x00, 0x00, 0x00, 0x00,
    0x00, 0x00, 0x00, 0x00, 0x00, 0x00, 0x00, 0x00, 0x00, 0x00, 0x00, 0x00, 0x00, 0x00, 0x00, 0x00,
    0x00, 0x00, 0x00, 0x00, 0x00, 0x00, 0x00, 0x00, 0x00, 0x00, 0x00, 0x00, 0x00, 0x00, 0x00, 0x00,
    0x00, 0x00, 0x00, 0x00, 0x00, 0x00, 0x00, 0x00, 0x00, 0x00, 0x00, 0x00, 0x00, 0x00, 0x00, 0x00,
    0x4E, 0x3D, 0x4E, 0xFF, 0x4E, 0x3D, 0x4E, 0xFF, 0x47, 0x36, 0x4A, 0xFF, 0x47, 0x36, 0x4A, 0xFF,
    0x47, 0x36, 0x4A, 0xFF, 0x47, 0x36, 0x4A, 0xFF, 0x47, 0x36, 0x4A, 0xFF, 0x00, 0x00, 0x00, 0x00,
    0x95, 0x8A, 0x97, 0xFF, 0x4E, 0x3D, 0x4E, 0xFF, 0x54, 0x42, 0x52, 0xFF, 0xB4, 0xAD, 0xB3, 0xFF,
    0xB5, 0xAD, 0xB5, 0xFF, 0xB4, 0xAD, 0xB3, 0xFF, 0xB4, 0xAD, 0xB3, 0xFF, 0xB3, 0xAB, 0xB3, 0xFF,
    0xB4, 0xAD, 0xB3, 0xFF, 0xB0, 0xA8, 0xB0, 0xFF, 0xB6, 0xAE, 0xB6, 0xFF, 0xE0, 0xE7, 0xE9, 0xFF,
    0xE1, 0xE9, 0xEB, 0xFF, 0xE2, 0xEB, 0xEB, 0xFF, 0xE0, 0xE9, 0xE9, 0xFF, 0xE0, 0xE9, 0xE9, 0xFF,
    0xE0, 0xE9, 0xEA, 0xFF, 0xDF, 0xE9, 0xEB, 0xFF, 0xE1, 0xEA, 0xEB, 0xFF, 0xE0, 0xE9, 0xEA, 0xFF,
    0xE2, 0xEB, 0xEB, 0xFF, 0x47, 0x36, 0x4A, 0xFF, 0xE0, 0xE7, 0xE9, 0xFF, 0xCA, 0xC7, 0xCF, 0xFF,
    0x4E, 0x3D, 0x4E, 0xFF, 0x54, 0x42, 0x52, 0xFF, 0x4E, 0x3D, 0x4E, 0xFF, 0x4E, 0x3D, 0x4E, 0xFF,
    0x4E, 0x3D, 0x4E, 0xFF, 0x4E, 0x3D, 0x4E, 0xFF, 0xE8, 0xEF, 0xF0, 0xFF, 0xE0, 0xE9, 0xEA, 0xFF,
    0xE0, 0xE9, 0xEA, 0xFF, 0xE0, 0xE9, 0xE9, 0xFF, 0xE0, 0xE9, 0xE9, 0xFF, 0xE0, 0xE9, 0xE9, 0xFF,
    0xE0, 0xE7, 0xE9, 0xFF, 0xE2, 0xEB, 0xEB, 0xFF, 0x4E, 0x3D, 0x4E, 0xFF, 0x00, 0x00, 0x00, 0x00,
    0x00, 0x00, 0x00, 0x00, 0x00, 0x00, 0x00, 0x00, 0x00, 0x00, 0x00, 0x00, 0x00, 0x00, 0x00, 0x00,
    0x00, 0x00, 0x00, 0x00, 0x00, 0x00, 0x00, 0x00, 0x00, 0x00, 0x00, 0x00, 0x00, 0x00, 0x00, 0x00,
    0x00, 0x00, 0x00, 0x00, 0x00, 0x00, 0x00, 0x00, 0x00, 0x00, 0x00, 0x00, 0x00, 0x00, 0x00, 0x00,
    0x00, 0x00, 0x00, 0x00, 0x00, 0x00, 0x00, 0x00, 0x00, 0x00, 0x00, 0x00, 0x00, 0x00, 0x00, 0x00,
    0x00, 0x00, 0x00, 0x00, 0x00, 0x00, 0x00, 0x00, 0x00, 0x00, 0x00, 0x00, 0x00, 0x00, 0x00, 0x00,
    0x47, 0x36, 0x4A, 0xFF, 0x4E, 0x3D, 0x4E, 0xFF, 0x4E, 0x3D, 0x4E, 0xFF, 0x4E, 0x3D, 0x4E, 0xFF,
    0xB0, 0xA8, 0xB0, 0xFF, 0xB0, 0xA8, 0xB0, 0xFF, 0xB3, 0xAB, 0xB3, 0xFF, 0xB4, 0xAD, 0xB3, 0xFF,
    0xB5, 0xAD, 0xB5, 0xFF, 0xB5, 0xAD, 0xB5, 0xFF, 0xB6, 0xAE, 0xB6, 0xFF, 0x54, 0x42, 0x52, 0xFF,
    0x4E, 0x3D, 0x4E, 0xFF, 0x4E, 0x3D, 0x4E, 0xFF, 0x4E, 0x3D, 0x4E, 0xFF, 0xB5, 0xAD, 0xB5, 0xFF,
    0xB4, 0xAD, 0xB3, 0xFF, 0xB5, 0xAD, 0xB5, 0xFF, 0xB5, 0xAD, 0xB5, 0xFF, 0xB3, 0xAB, 0xB3, 0xFF,
    0xB0, 0xA8, 0xB0, 0xFF, 0xE0, 0xE7, 0xE9, 0xFF, 0xE0, 0xE7, 0xE9, 0xFF, 0xE0, 0xE7, 0xE9, 0xFF,
    0xB3, 0xAB, 0xB3, 0xFF, 0xB5, 0xAD, 0xB5, 0xFF, 0xE0, 0xE9, 0xE9, 0xFF, 0xE0, 0xE9, 0xE9, 0xFF,
    0xE0, 0xE9, 0xE9, 0xFF, 0xE1, 0xEA, 0xEB, 0xFF, 0xE1, 0xE9, 0xEB, 0xFF, 0xE1, 0xEA, 0xEB, 0xFF,
    0xE1, 0xE9, 0xEB, 0xFF, 0x47, 0x36, 0x4A, 0xFF, 0xE3, 0xE9, 0xED, 0xFF, 0xCA, 0xC7, 0xCF, 0xFF,
    0x95, 0x8A, 0x97, 0xFF, 0x4E, 0x3D, 0x4E, 0xFF, 0x54, 0x42, 0x52, 0xFF, 0x4E, 0x3D, 0x4E, 0xFF,
    0x4E, 0x3D, 0x4E, 0xFF, 0x54, 0x42, 0x52, 0xFF, 0xE8, 0xEF, 0xF0, 0xFF, 0xE0, 0xE9, 0xE9, 0xFF,
    0xE0, 0xE9, 0xEA, 0xFF, 0xE0, 0xE9, 0xEA, 0xFF, 0xE0, 0xE9, 0xE9, 0xFF, 0xE2, 0xEB, 0xEB, 0xFF,
    0xE0, 0xE9, 0xE9, 0xFF, 0xE0, 0xE7, 0xE9, 0xFF, 0xE2, 0xEB, 0xEB, 0xFF, 0x4E, 0x3D, 0x4E, 0xFF,
    0x00, 0x00, 0x00, 0x00, 0x00, 0x00, 0x00, 0x00, 0x00, 0x00, 0x00, 0x00, 0x00, 0x00, 0x00, 0x00,
    0x00, 0x00, 0x00, 0x00, 0x00, 0x00, 0x00, 0x00, 0x00, 0x00, 0x00, 0x00, 0x00, 0x00, 0x00, 0x00,
    0x00, 0x00, 0x00, 0x00, 0x00, 0x00, 0x00, 0x00, 0x00, 0x00, 0x00, 0x00, 0x00, 0x00, 0x00, 0x00,
    0x00, 0x00, 0x00, 0x00, 0x00, 0x00, 0x00, 0x00, 0x00, 0x00, 0x00, 0x00, 0x00, 0x00, 0x00, 0x00,
    0x00, 0x00, 0x00, 0x00, 0x00, 0x00, 0x00, 0x00, 0x4E, 0x3D, 0x4E, 0xFF, 0x54, 0x42, 0x52, 0xFF,
    0xB7, 0xAF, 0xB8, 0xFF, 0xE3, 0xE9, 0xED, 0xFF, 0xE0, 0xE7, 0xE9, 0xFF, 0xE0, 0xE7, 0xE9, 0xFF,
    0xE0, 0xE9, 0xEA, 0xFF, 0xE0, 0xE9, 0xE9, 0xFF, 0xE8, 0xEF, 0xF0, 0xFF, 0xB7, 0xAF, 0xB8, 0xFF,
    0xB4, 0xAD, 0xB3, 0xFF, 0xB5, 0xAD, 0xB5, 0xFF, 0xB5, 0xAD, 0xB5, 0xFF, 0xB3, 0xAB, 0xB3, 0xFF,
    0xB5, 0xAD, 0xB5, 0xFF, 0xB6, 0xAE, 0xB6, 0xFF, 0x54, 0x42, 0x52, 0xFF, 0x54, 0x42, 0x52, 0xFF,
    0xB5, 0xAD, 0xB5, 0xFF, 0xB3, 0xAB, 0xB3, 0xFF, 0xB5, 0xAD, 0xB5, 0xFF, 0xB3, 0xAB, 0xB3, 0xFF,
    0xE3, 0xE9, 0xED, 0xFF, 0xB0, 0xA8, 0xB0, 0xFF, 0xE8, 0xEF, 0xF0, 0xFF, 0xB0, 0xA8, 0xB0, 0xFF,
    0xE2, 0xEB, 0xEB, 0xFF, 0xE0, 0xE7, 0xE9, 0xFF, 0xE0, 0xE7, 0xE9, 0xFF, 0xE0, 0xE9, 0xE9, 0xFF,
    0xE0, 0xE9, 0xEA, 0xFF, 0xE0, 0xE9, 0xEA, 0xFF, 0xE0, 0xE9, 0xEA, 0xFF, 0xE0, 0xE9, 0xEA, 0xFF,
    0xE1, 0xE9, 0xEB, 0xFF, 0xE1, 0xE9, 0xEB, 0xFF, 0x54, 0x42, 0x52, 0xFF, 0xE0, 0xE7, 0xE9, 0xFF,
    0x95, 0x8A, 0x97, 0xFF, 0x95, 0x85, 0xD2, 0xFF, 0x95, 0x8A, 0x97, 0xFF, 0x95, 0x8A, 0x97, 0xFF,
    0x95, 0x8A, 0x97, 0xFF, 0x54, 0x42, 0x52, 0xFF, 0xE8, 0xEF, 0xF0, 0xFF, 0xE0, 0xE9, 0xEA, 0xFF,
    0xE0, 0xE9, 0xEA, 0xFF, 0xE0, 0xE9, 0xE9, 0xFF, 0xE0, 0xE9, 0xE9, 0xFF, 0xE2, 0xEB, 0xEB, 0xFF,
    0xE0, 0xE9, 0xE9, 0xFF, 0xE0, 0xE9, 0xE9, 0xFF, 0xE2, 0xEB, 0xEB, 0xFF, 0x54, 0x42, 0x52, 0xFF,
    0x00, 0x00, 0x00, 0x00, 0x00, 0x00, 0x00, 0x00, 0x00, 0x00, 0x00, 0x00, 0x00, 0x00, 0x00, 0x00,
    0x00, 0x00, 0x00, 0x00, 0x00, 0x00, 0x00, 0x00, 0x00, 0x00, 0x00, 0x00, 0x00, 0x00, 0x00, 0x00,
    0x00, 0x00, 0x00, 0x00, 0x00, 0x00, 0x00, 0x00, 0x00, 0x00, 0x00, 0x00, 0x00, 0x00, 0x00, 0x00,
    0x00, 0x00, 0x00, 0x00, 0x00, 0x00, 0x00, 0x00, 0x00, 0x00, 0x00, 0x00, 0x00, 0x00, 0x00, 0x00,
    0x54, 0x42, 0x52, 0xFF, 0x54, 0x42, 0x52, 0xFF, 0xB7, 0xAF, 0xB8, 0xFF, 0xE1, 0xEA, 0xEB, 0xFF,
    0xE1, 0xE9, 0xEB, 0xFF, 0xE0, 0xE7, 0xE9, 0xFF, 0xE0, 0xE7, 0xE9, 0xFF, 0xE0, 0xE9, 0xE9, 0xFF,
    0xE0, 0xE9, 0xEA, 0xFF, 0xE0, 0xE9, 0xE9, 0xFF, 0xE0, 0xE9, 0xE9, 0xFF, 0xE0, 0xE9, 0xE9, 0xFF,
    0xDF, 0xE9, 0xEB, 0xFF, 0xB3, 0xAB, 0xB3, 0xFF, 0xB3, 0xAB, 0xB3, 0xFF, 0xB5, 0xAD, 0xB5, 0xFF,
    0xB5, 0xAD, 0xB5, 0xFF, 0xB5, 0xAD, 0xB5, 0xFF, 0xB7, 0xAF, 0xB8, 0xFF, 0x54, 0x42, 0x52, 0xFF,
    0xB3, 0xAB, 0xB3, 0xFF, 0xB4, 0xAD, 0xB3, 0xFF, 0xB3, 0xAB, 0xB3, 0xFF, 0xB3, 0xAB, 0xB3, 0xFF,
    0xE2, 0xEB, 0xEB, 0xFF, 0xB0, 0xA8, 0xB0, 0xFF, 0xE8, 0xEF, 0xF0, 0xFF, 0xB0, 0xA8, 0xB0, 0xFF,
    0xE0, 0xE9, 0xE9, 0xFF, 0xE0, 0xE9, 0xE9, 0xFF, 0xE0, 0xE9, 0xEA, 0xFF, 0xE0, 0xE9, 0xEA, 0xFF,
    0xE0, 0xE9, 0xEA, 0xFF, 0xE0, 0xE9, 0xEA, 0xFF, 0xE0, 0xE9, 0xEA, 0xFF, 0xE0, 0xE9, 0xEA, 0xFF,
    0xE1, 0xE9, 0xEB, 0xFF, 0xE1, 0xEA, 0xEB, 0xFF, 0x47, 0x36, 0x4A, 0xFF, 0xCA, 0xC7, 0xCF, 0xFF,
    0xE8, 0xEF, 0xF0, 0xFF, 0x95, 0x85, 0xD2, 0xFF, 0x95, 0x85, 0xD2, 0xFF, 0x95, 0x8A, 0x97, 0xFF,
    0x95, 0x8A, 0x97, 0xFF, 0x47, 0x36, 0x4A, 0xFF, 0xDF, 0xE9, 0xEB, 0xFF, 0xE0, 0xE9, 0xEA, 0xFF,
    0xE0, 0xE9, 0xEA, 0xFF, 0xE0, 0xE9, 0xEA, 0xFF, 0xDF, 0xE9, 0xEB, 0xFF, 0xE8, 0xEF, 0xF0, 0xFF,
    0x95, 0x85, 0xD2, 0xFF, 0x95, 0x85, 0xD2, 0xFF, 0x95, 0x85, 0xD2, 0xFF, 0x54, 0x42, 0x52, 0xFF,
    0x00, 0x00, 0x00, 0x00, 0x00, 0x00, 0x00, 0x00, 0x00, 0x00, 0x00, 0x00, 0x00, 0x00, 0x00, 0x00,
    0x00, 0x00, 0x00, 0x00, 0x00, 0x00, 0x00, 0x00, 0x00, 0x00, 0x00, 0x00, 0x00, 0x00, 0x00, 0x00,
    0x00, 0x00, 0x00, 0x00, 0x00, 0x00, 0x00, 0x00, 0x00, 0x00, 0x00, 0x00, 0x00, 0x00, 0x00, 0x00,
    0x00, 0x00, 0x00, 0x00, 0x00, 0x00, 0x00, 0x00, 0x00, 0x00, 0x00, 0x00, 0x4E, 0x3D, 0x4E, 0xFF,
    0xB6, 0xAE, 0xB6, 0xFF, 0xE2, 0xEB, 0xEB, 0xFF, 0xE0, 0xE7, 0xE9, 0xFF, 0xE0, 0xE7, 0xE9, 0xFF,
    0xE0, 0xE7, 0xE9, 0xFF, 0xE0, 0xE9, 0xE9, 0xFF, 0xE0, 0xE9, 0xEA, 0xFF, 0xE0, 0xE9, 0xEA, 0xFF,
    0xE0, 0xE7, 0xE9, 0xFF, 0xE0, 0xE9, 0xE9, 0xFF, 0xE0, 0xE9, 0xE9, 0xFF, 0xB0, 0xA8, 0xB0, 0xFF,
    0xB3, 0xAB, 0xB3, 0xFF, 0xB3, 0xAB, 0xB3, 0xFF, 0xB5, 0xAD, 0xB5, 0xFF, 0xB4, 0xAD, 0xB3, 0xFF,
    0xB5, 0xAD, 0xB5, 0xFF, 0xB3, 0xAB, 0xB3, 0xFF, 0xB7, 0xAF, 0xB8, 0xFF, 0x4E, 0x3D, 0x4E, 0xFF,
    0x95, 0x8A, 0x97, 0xFF, 0xB5, 0xAD, 0xB5, 0xFF, 0xB5, 0xAD, 0xB5, 0xFF, 0xB3, 0xAB, 0xB3, 0xFF,
    0xB3, 0xAB, 0xB3, 0xFF, 0xB0, 0xA8, 0xB0, 0xFF, 0xB3, 0xAB, 0xB3, 0xFF, 0xB3, 0xAB, 0xB3, 0xFF,
    0xE0, 0xE9, 0xE9, 0xFF, 0xE0, 0xE9, 0xE9, 0xFF, 0xE0, 0xE9, 0xE9, 0xFF, 0xE0, 0xE9, 0xEA, 0xFF,
    0xE0, 0xE7, 0xE9, 0xFF, 0xE0, 0xE9, 0xEA, 0xFF, 0xE0, 0xE9, 0xEA, 0xFF, 0xE0, 0xE9, 0xEA, 0xFF,
    0xE0, 0xE9, 0xEA, 0xFF, 0xE0, 0xE9, 0xE9, 0xFF, 0xE1, 0xE9, 0xEB, 0xFF, 0x6C, 0x5A, 0x80, 0xFF,
    0x47, 0x36, 0x4A, 0xFF, 0x4E, 0x3D, 0x4E, 0xFF, 0x4E, 0x3D, 0x4E, 0xFF, 0x4E, 0x3D, 0x4E, 0xFF,
    0x47, 0x36, 0x4A, 0xFF, 0xE0, 0xE9, 0xEA, 0xFF, 0xE0, 0xE7, 0xE9, 0xFF, 0xE0, 0xE9, 0xEA, 0xFF,
    0xE0, 0xE9, 0xEA, 0xFF, 0xE0, 0xE9, 0xE9, 0xFF, 0xE1, 0xE9, 0xEB, 0xFF, 0xE2, 0xEB, 0xEB, 0xFF,
    0x95, 0x8A, 0x97, 0xFF, 0x95, 0x85, 0xD2, 0xFF, 0x95, 0x85, 0xD2, 0xFF, 0x4E, 0x3D, 0x4E, 0xFF,
    0x00, 0x00, 0x00, 0x00, 0x00, 0x00, 0x00, 0x00, 0x00, 0x00, 0x00, 0x00, 0x00, 0x00, 0x00, 0x00,
    0x00, 0x00, 0x00, 0x00, 0x00, 0x00, 0x00, 0x00, 0x00, 0x00, 0x00, 0x00, 0x00, 0x00, 0x00, 0x00,
    0x00, 0x00, 0x00, 0x00, 0x00, 0x00, 0x00, 0x00, 0x00, 0x00, 0x00, 0x00, 0x00, 0x00, 0x00, 0x00,
    0x00, 0x00, 0x00, 0x00, 0xB7, 0xAF, 0xB8, 0xFF, 0x4E, 0x3D, 0x4E, 0xFF, 0xE0, 0xE7, 0xE9, 0xFF,
    0xE0, 0xE7, 0xE9, 0xFF, 0xE0, 0xE7, 0xE9, 0xFF, 0xDF, 0xE9, 0xEB, 0xFF, 0xE8, 0xEF, 0xF0, 0xFF,
    0xCA, 0xC7, 0xCF, 0xFF, 0xE0, 0xE9, 0xE9, 0xFF, 0xE0, 0xE7, 0xE9, 0xFF, 0xE3, 0xE9, 0xED, 0xFF,
    0xB0, 0xA8, 0xB0, 0xFF, 0xE0, 0xE9, 0xE9, 0xFF, 0xE0, 0xE9, 0xE9, 0xFF, 0xE1, 0xE9, 0xEB, 0xFF,
    0xB0, 0xA8, 0xB0, 0xFF, 0xB3, 0xAB, 0xB3, 0xFF, 0xB0, 0xA8, 0xB0, 0xFF, 0xB3, 0xAB, 0xB3, 0xFF,
    0xB5, 0xAD, 0xB5, 0xFF, 0xB5, 0xAD, 0xB5, 0xFF, 0xB5, 0xAD, 0xB5, 0xFF, 0xB7, 0xAF, 0xB8, 0xFF,
    0x54, 0x42, 0x52, 0xFF, 0xB3, 0xAB, 0xB3, 0xFF, 0xB5, 0xAD, 0xB5, 0xFF, 0xB5, 0xAD, 0xB5, 0xFF,
    0xB4, 0xAD, 0xB3, 0xFF, 0xB5, 0xAD, 0xB5, 0xFF, 0xB5, 0xAD, 0xB5, 0xFF, 0xB6, 0xAE, 0xB6, 0xFF,
    0xB4, 0xAD, 0xB3, 0xFF, 0xB3, 0xAB, 0xB3, 0xFF, 0xE2, 0xEB, 0xEB, 0xFF, 0xE0, 0xE9, 0xE9, 0xFF,
    0xE0, 0xE9, 0xE9, 0xFF, 0xE0, 0xE9, 0xEA, 0xFF, 0xE1, 0xE9, 0xEB, 0xFF, 0xE0, 0xE9, 0xE9, 0xFF,
    0xE0, 0xE9, 0xE9, 0xFF, 0xE0, 0xE9, 0xEA, 0xFF, 0xE0, 0xE9, 0xEA, 0xFF, 0xE0, 0xE9, 0xE9, 0xFF,
    0xE0, 0xE7, 0xE9, 0xFF, 0xE8, 0xEF, 0xF0, 0xFF, 0xE8, 0xEF, 0xF0, 0xFF, 0xE3, 0xE9, 0xED, 0xFF,
    0xE0, 0xE7, 0xE9, 0xFF, 0xE0, 0xE9, 0xEA, 0xFF, 0xE0, 0xE9, 0xEA, 0xFF, 0xE0, 0xE9, 0xE9, 0xFF,
    0xE0, 0xE9, 0xE9, 0xFF, 0xE0, 0xE9, 0xEA, 0xFF, 0xE0, 0xE9, 0xE9, 0xFF, 0xE0, 0xE9, 0xEA, 0xFF,
    0x6C, 0x5A, 0x80, 0xFF, 0x6C, 0x5A, 0x80, 0xFF, 0x54, 0x42, 0x52, 0xFF, 0x00, 0x00, 0x00, 0x00,
    0x00, 0x00, 0x00, 0x00, 0x00, 0x00, 0x00, 0x00, 0x00, 0x00, 0x00, 0x00, 0x00, 0x00, 0x00, 0x00,
    0x00, 0x00, 0x00, 0x00, 0x00, 0x00, 0x00, 0x00, 0x00, 0x00, 0x00, 0x00, 0x00, 0x00, 0x00, 0x00,
    0x00, 0x00, 0x00, 0x00, 0x00, 0x00, 0x00, 0x00, 0x00, 0x00, 0x00, 0x00, 0x00, 0x00, 0x00, 0x00,
    0x47, 0x36, 0x4A, 0xFF, 0x47, 0x36, 0x4A, 0xFF, 0xB0, 0xA8, 0xB0, 0xFF, 0xE0, 0xE7, 0xE9, 0xFF,
    0xE0, 0xE7, 0xE9, 0xFF, 0xE0, 0xE9, 0xE9, 0xFF, 0xE0, 0xE9, 0xEA, 0xFF, 0xE3, 0xE9, 0xED, 0xFF,
    0xE3, 0xE9, 0xED, 0xFF, 0xE0, 0xE9, 0xE9, 0xFF, 0xE1, 0xE9, 0xEB, 0xFF, 0xB0, 0xA8, 0xB0, 0xFF,
    0xE0, 0xE9, 0xE9, 0xFF, 0xE0, 0xE9, 0xEA, 0xFF, 0xE0, 0xE9, 0xEA, 0xFF, 0xE0, 0xE9, 0xEA, 0xFF,
    0xB0, 0xA8, 0xB0, 0xFF, 0xB3, 0xAB, 0xB3, 0xFF, 0xE8, 0xEF, 0xF0, 0xFF, 0xE2, 0xEB, 0xEB, 0xFF,
    0xB7, 0xAF, 0xB8, 0xFF, 0xB5, 0xAD, 0xB5, 0xFF, 0xB5, 0xAD, 0xB5, 0xFF, 0xB6, 0xAE, 0xB6, 0xFF,
    0xB0, 0xA8, 0xB0, 0xFF, 0x54, 0x42, 0x52, 0xFF, 0xB5, 0xAD, 0xB5, 0xFF, 0xB5, 0xAD, 0xB5, 0xFF,
    0xB5, 0xAD, 0xB5, 0xFF, 0xB5, 0xAD, 0xB5, 0xFF, 0xB5, 0xAD, 0xB5, 0xFF, 0xB5, 0xAD, 0xB5, 0xFF,
    0xE3, 0xE9, 0xED, 0xFF, 0xE3, 0xE9, 0xED, 0xFF, 0xE0, 0xE9, 0xE9, 0xFF, 0xE0, 0xE9, 0xE9, 0xFF,
    0xB0, 0xA8, 0xB0, 0xFF, 0xCA, 0xC7, 0xCF, 0xFF, 0xB7, 0xAF, 0xB8, 0xFF, 0xE2, 0xEB, 0xEB, 0xFF,
    0xE0, 0xE9, 0xE9, 0xFF, 0xE0, 0xE9, 0xE9, 0xFF, 0xE0, 0xE9, 0xE9, 0xFF, 0xE0, 0xE9, 0xE9, 0xFF,
    0xE0, 0xE9, 0xE9, 0xFF, 0xE0, 0xE9, 0xEA, 0xFF, 0xE0, 0xE9, 0xE9, 0xFF, 0xE2, 0xEB, 0xEB, 0xFF,
    0xE0, 0xE9, 0xE9, 0xFF, 0xE0, 0xE9, 0xE9, 0xFF, 0xE0, 0xE7, 0xE9, 0xFF, 0xE0, 0xE7, 0xE9, 0xFF,
    0xB0, 0xA8, 0xB0, 0xFF, 0xE1, 0xEA, 0xEB, 0xFF, 0xE0, 0xE9, 0xE9, 0xFF, 0xE1, 0xE9, 0xEB, 0xFF,
    0xE0, 0xE7, 0xE9, 0xFF, 0xB0, 0xA8, 0xB0, 0xFF, 0x54, 0x42, 0x52, 0xFF, 0x00, 0x00, 0x00, 0x00,
    0x00, 0x00, 0x00, 0x00, 0x00, 0x00, 0x00, 0x00, 0x00, 0x00, 0x00, 0x00, 0x00, 0x00, 0x00, 0x00,
    0x00, 0x00, 0x00, 0x00, 0x00, 0x00, 0x00, 0x00, 0x00, 0x00, 0x00, 0x00, 0x00, 0x00, 0x00, 0x00,
    0x00, 0x00, 0x00, 0x00, 0x00, 0x00, 0x00, 0x00, 0x00, 0x00, 0x00, 0x00, 0x00, 0x00, 0x00, 0x00,
    0x47, 0x36, 0x4A, 0xFF, 0x47, 0x36, 0x4A, 0xFF, 0xB4, 0xAD, 0xB3, 0xFF, 0xE0, 0xE9, 0xE9, 0xFF,
    0xE0, 0xE9, 0xE9, 0xFF, 0xE0, 0xE9, 0xE9, 0xFF, 0xE0, 0xE9, 0xEA, 0xFF, 0xE0, 0xE9, 0xEA, 0xFF,
    0xDF, 0xE9, 0xEB, 0xFF, 0xE0, 0xE9, 0xEA, 0xFF, 0xE0, 0xE9, 0xE9, 0xFF, 0xE0, 0xE9, 0xE9, 0xFF,
    0xE0, 0xE9, 0xEA, 0xFF, 0xE0, 0xE9, 0xEA, 0xFF, 0xE0, 0xE7, 0xE9, 0xFF, 0xE0, 0xE9, 0xE9, 0xFF,
    0xE1, 0xE9, 0xEB, 0xFF, 0xB0, 0xA8, 0xB0, 0xFF, 0xB0, 0xA8, 0xB0, 0xFF, 0xE0, 0xE7, 0xE9, 0xFF,
    0xE1, 0xE9, 0xEB, 0xFF, 0xB0, 0xA8, 0xB0, 0xFF, 0xB3, 0xAB, 0xB3, 0xFF, 0xB6, 0xAE, 0xB6, 0xFF,
    0xB7, 0xAF, 0xB8, 0xFF, 0x54, 0x42, 0x52, 0xFF, 0x54, 0x42, 0x52, 0xFF, 0xB6, 0xAE, 0xB6, 0xFF,
    0xB5, 0xAD, 0xB5, 0xFF, 0xB4, 0xAD, 0xB3, 0xFF, 0xB5, 0xAD, 0xB5, 0xFF, 0xB6, 0xAE, 0xB6, 0xFF,
    0xE1, 0xE9, 0xEB, 0xFF, 0xE2, 0xEB, 0xEB, 0xFF, 0xB3, 0xAB, 0xB3, 0xFF, 0xB3, 0xAB, 0xB3, 0xFF,
    0xB0, 0xA8, 0xB0, 0xFF, 0xB7, 0xAF, 0xB8, 0xFF, 0xB6, 0xAE, 0xB6, 0xFF, 0xE2, 0xEB, 0xEB, 0xFF,
    0xE0, 0xE9, 0xE9, 0xFF, 0xE0, 0xE9, 0xE9, 0xFF, 0xE0, 0xE9, 0xE9, 0xFF, 0xE0, 0xE9, 0xE9, 0xFF,
    0xE0, 0xE9, 0xE9, 0xFF, 0xE0, 0xE9, 0xE9, 0xFF, 0xE0, 0xE9, 0xE9, 0xFF, 0xE0, 0xE9, 0xE9, 0xFF,
    0xE0, 0xE9, 0xE9, 0xFF, 0xE2, 0xEB, 0xEB, 0xFF, 0xE0, 0xE9, 0xE9, 0xFF, 0xE1, 0xE9, 0xEB, 0xFF,
    0xB0, 0xA8, 0xB0, 0xFF, 0xE0, 0xE9, 0xE9, 0xFF, 0xE2, 0xEB, 0xEB, 0xFF, 0xB3, 0xAB, 0xB3, 0xFF,
    0x95, 0x8A, 0x97, 0xFF, 0x4E, 0x3D, 0x4E, 0xFF, 0x00, 0x00, 0x00, 0x00, 0x00, 0x00, 0x00, 0x00,
    0x00, 0x00, 0x00, 0x00, 0x00, 0x00, 0x00, 0x00, 0x00, 0x00, 0x00, 0x00, 0x00, 0x00, 0x00, 0x00,
    0x00, 0x00, 0x00, 0x00, 0x00, 0x00, 0x00, 0x00, 0x00, 0x00, 0x00, 0x00, 0x00, 0x00, 0x00, 0x00,
    0x00, 0x00, 0x00, 0x00, 0x00, 0x00, 0x00, 0x00, 0x00, 0x00, 0x00, 0x00, 0x47, 0x36, 0x4A, 0xFF,
    0xB5, 0xAD, 0xB5, 0xFF, 0xB0, 0xA8, 0xB0, 0xFF, 0xE0, 0xE7, 0xE9, 0xFF, 0xDF, 0xE9, 0xEB, 0xFF,
    0xDF, 0xE9, 0xEB, 0xFF, 0xDF, 0xE9, 0xEB, 0xFF, 0xDF, 0xE9, 0xEB, 0xFF, 0xDF, 0xE9, 0xEB, 0xFF,
    0xDF, 0xE9, 0xEB, 0xFF, 0xDF, 0xE9, 0xEB, 0xFF, 0xDF, 0xE9, 0xEB, 0xFF, 0xDF, 0xE9, 0xEB, 0xFF,
    0xE0, 0xE9, 0xEA, 0xFF, 0xDF, 0xE9, 0xEB, 0xFF, 0xE1, 0xE9, 0xEB, 0xFF, 0xE1, 0xE9, 0xEB, 0xFF,
    0xE1, 0xE9, 0xEB, 0xFF, 0xE1, 0xEA, 0xEB, 0xFF, 0xE1, 0xE9, 0xEB, 0xFF, 0xE0, 0xE9, 0xE9, 0xFF,
    0xE0, 0xE7, 0xE9, 0xFF, 0xE0, 0xE7, 0xE9, 0xFF, 0xE0, 0xE7, 0xE9, 0xFF, 0xB5, 0xAD, 0xB5, 0xFF,
    0xB6, 0xAE, 0xB6, 0xFF, 0xB6, 0xAE, 0xB6, 0xFF, 0x54, 0x42, 0x52, 0xFF, 0xB5, 0xAD, 0xB5, 0xFF,
    0xB5, 0xAD, 0xB5, 0xFF, 0xB3, 0xAB, 0xB3, 0xFF, 0xB5, 0xAD, 0xB5, 0xFF, 0xB5, 0xAD, 0xB5, 0xFF,
    0xB3, 0xAB, 0xB3, 0xFF, 0xB5, 0xAD, 0xB5, 0xFF, 0xB5, 0xAD, 0xB5, 0xFF, 0xB5, 0xAD, 0xB5, 0xFF,
    0xE1, 0xE9, 0xEB, 0xFF, 0xB6, 0xAE, 0xB6, 0xFF, 0xE0, 0xE9, 0xEA, 0xFF, 0xE0, 0xE7, 0xE9, 0xFF,
    0xB0, 0xA8, 0xB0, 0xFF, 0xB5, 0xAD, 0xB5, 0xFF, 0xB6, 0xAE, 0xB6, 0xFF, 0xB3, 0xAB, 0xB3, 0xFF,
    0xE1, 0xE9, 0xEB, 0xFF, 0xE0, 0xE9, 0xE9, 0xFF, 0xE0, 0xE9, 0xE9, 0xFF, 0xE0, 0xE7, 0xE9, 0xFF,
    0xE0, 0xE9, 0xE9, 0xFF, 0xE0, 0xE7, 0xE9, 0xFF, 0xE8, 0xEF, 0xF0, 0xFF, 0xE0, 0xE7, 0xE9, 0xFF,
    0xB3, 0xAB, 0xB3, 0xFF, 0xB3, 0xAB, 0xB3, 0xFF, 0xB3, 0xAB, 0xB3, 0xFF, 0xB5, 0xAD, 0xB5, 0xFF,
    0x6C, 0x5A, 0x80, 0xFF, 0x4E, 0x3D, 0x4E, 0xFF, 0x00, 0x00, 0x00, 0x00, 0x00, 0x00, 0x00, 0x00,
    0x00, 0x00, 0x00, 0x00, 0x00, 0x00, 0x00, 0x00, 0x00, 0x00, 0x00, 0x00, 0x00, 0x00, 0x00, 0x00,
    0x00, 0x00, 0x00, 0x00, 0x00, 0x00, 0x00, 0x00, 0x00, 0x00, 0x00, 0x00, 0x00, 0x00, 0x00, 0x00,
    0x00, 0x00, 0x00, 0x00, 0x00, 0x00, 0x00, 0x00, 0x4E, 0x3D, 0x4E, 0xFF, 0xB0, 0xA8, 0xB0, 0xFF,
    0xE0, 0xE7, 0xE9, 0xFF, 0xE2, 0xEB, 0xEB, 0xFF, 0xE0, 0xE9, 0xE9, 0xFF, 0xE0, 0xE9, 0xEA, 0xFF,
    0xE0, 0xE9, 0xEA, 0xFF, 0xE0, 0xE9, 0xEA, 0xFF, 0xDF, 0xE9, 0xEB, 0xFF, 0xDF, 0xE9, 0xEB, 0xFF,
    0xDF, 0xE9, 0xEB, 0xFF, 0xDF, 0xE9, 0xEB, 0xFF, 0xDF, 0xE9, 0xEB, 0xFF, 0xDF, 0xE9, 0xEB, 0xFF,
    0xE0, 0xE9, 0xEA, 0xFF, 0xE1, 0xEA, 0xEB, 0xFF, 0xE1, 0xE9, 0xEB, 0xFF, 0xE0, 0xE9, 0xEA, 0xFF,
    0xE1, 0xE9, 0xEB, 0xFF, 0xE0, 0xE9, 0xEA, 0xFF, 0xE0, 0xE9, 0xEA, 0xFF, 0xE0, 0xE9, 0xEA, 0xFF,
    0xE0, 0xE7, 0xE9, 0xFF, 0xE0, 0xE7, 0xE9, 0xFF, 0xE0, 0xE9, 0xE9, 0xFF, 0xE1, 0xEA, 0xEB, 0xFF,
    0xB3, 0xAB, 0xB3, 0xFF, 0xB5, 0xAD, 0xB5, 0xFF, 0xB7, 0xAF, 0xB8, 0xFF, 0x54, 0x42, 0x52, 0xFF,
    0x95, 0x8A, 0x97, 0xFF, 0xB5, 0xAD, 0xB5, 0xFF, 0xB5, 0xAD, 0xB5, 0xFF, 0xB5, 0xAD, 0xB5, 0xFF,
    0xB5, 0xAD, 0xB5, 0xFF, 0xB3, 0xAB, 0xB3, 0xFF, 0xB5, 0xAD, 0xB5, 0xFF, 0xB6, 0xAE, 0xB6, 0xFF,
    0xB6, 0xAE, 0xB6, 0xFF, 0xB3, 0xAB, 0xB3, 0xFF, 0xE1, 0xE9, 0xEB, 0xFF, 0xB0, 0xA8, 0xB0, 0xFF,
    0xB6, 0xAE, 0xB6, 0xFF, 0xB6, 0xAE, 0xB6, 0xFF, 0xB5, 0xAD, 0xB5, 0xFF, 0xE0, 0xE7, 0xE9, 0xFF,
    0xE0, 0xE7, 0xE9, 0xFF, 0xE0, 0xE9, 0xE9, 0xFF, 0xE0, 0xE9, 0xE9, 0xFF, 0xE0, 0xE9, 0xE9, 0xFF,
    0xE1, 0xE9, 0xEB, 0xFF, 0xB0, 0xA8, 0xB0, 0xFF, 0xB3, 0xAB, 0xB3, 0xFF, 0xB3, 0xAB, 0xB3, 0xFF,
    0xB3, 0xAB, 0xB3, 0xFF, 0xB7, 0xAF, 0xB8, 0xFF, 0xB5, 0xAD, 0xB5, 0xFF, 0xB0, 0xA8, 0xB0, 0xFF,
    0x95, 0x8A, 0x97, 0xFF, 0x00, 0x00, 0x00, 0x00, 0x00, 0x00, 0x00, 0x00, 0x00, 0x00, 0x00, 0x00,
    0x00, 0x00, 0x00, 0x00, 0x00, 0x00, 0x00, 0x00, 0x00, 0x00, 0x00, 0x00, 0x00, 0x00, 0x00, 0x00,
    0x00, 0x00, 0x00, 0x00, 0x00, 0x00, 0x00, 0x00, 0x00, 0x00, 0x00, 0x00, 0x00, 0x00, 0x00, 0x00,
    0x00, 0x00, 0x00, 0x00, 0x00, 0x00, 0x00, 0x00, 0x4E, 0x3D, 0x4E, 0xFF, 0xB3, 0xAB, 0xB3, 0xFF,
    0xE0, 0xE9, 0xEA, 0xFF, 0xE8, 0xEF, 0xF0, 0xFF, 0xB0, 0xA8, 0xB0, 0xFF, 0xB0, 0xA8, 0xB0, 0xFF,
    0xE0, 0xE7, 0xE9, 0xFF, 0xE1, 0xE9, 0xEB, 0xFF, 0xE0, 0xE9, 0xEA, 0xFF, 0xDF, 0xE9, 0xEB, 0xFF,
    0xDF, 0xE9, 0xEB, 0xFF, 0xDF, 0xE9, 0xEB, 0xFF, 0xDF, 0xE9, 0xEB, 0xFF, 0xDF, 0xE9, 0xEB, 0xFF,
    0xE1, 0xE9, 0xEB, 0xFF, 0xE0, 0xE9, 0xEA, 0xFF, 0xE0, 0xE9, 0xEA, 0xFF, 0xDF, 0xE9, 0xEB, 0xFF,
    0xE0, 0xE9, 0xEA, 0xFF, 0xE1, 0xE9, 0xEB, 0xFF, 0xDF, 0xE9, 0xEB, 0xFF, 0xE0, 0xE9, 0xEA, 0xFF,
    0xE0, 0xE9, 0xE9, 0xFF, 0xB0, 0xA8, 0xB0, 0xFF, 0xB0, 0xA8, 0xB0, 0xFF, 0xB3, 0xAB, 0xB3, 0xFF,
    0xB5, 0xAD, 0xB5, 0xFF, 0xB3, 0xAB, 0xB3, 0xFF, 0xB5, 0xAD, 0xB5, 0xFF, 0xB3, 0xAB, 0xB3, 0xFF,
    0x54, 0x42, 0x52, 0xFF, 0xB6, 0xAE, 0xB6, 0xFF, 0xB6, 0xAE, 0xB6, 0xFF, 0xB6, 0xAE, 0xB6, 0xFF,
    0xB6, 0xAE, 0xB6, 0xFF, 0xB5, 0xAD, 0xB5, 0xFF, 0xB5, 0xAD, 0xB5, 0xFF, 0xB6, 0xAE, 0xB6, 0xFF,
    0xB5, 0xAD, 0xB5, 0xFF, 0xB6, 0xAE, 0xB6, 0xFF, 0xB5, 0xAD, 0xB5, 0xFF, 0xB6, 0xAE, 0xB6, 0xFF,
    0xB5, 0xAD, 0xB5, 0xFF, 0xE3, 0xE9, 0xED, 0xFF, 0xE8, 0xEF, 0xF0, 0xFF, 0xCA, 0xC7, 0xCF, 0xFF,
    0xE2, 0xEB, 0xEB, 0xFF, 0xE2, 0xEB, 0xEB, 0xFF, 0xB0, 0xA8, 0xB0, 0xFF, 0xB0, 0xA8, 0xB0, 0xFF,
    0xE3, 0xE9, 0xED, 0xFF, 0xB0, 0xA8, 0xB0, 0xFF, 0xB3, 0xAB, 0xB3, 0xFF, 0xB5, 0xAD, 0xB5, 0xFF,
    0xB5, 0xAD, 0xB5, 0xFF, 0xB7, 0xAF, 0xB8, 0xFF, 0x4E, 0x3D, 0x4E, 0xFF, 0x54, 0x42, 0x52, 0xFF,
    0x00, 0x00, 0x00, 0x00, 0x00, 0x00, 0x00, 0x00, 0x00, 0x00, 0x00, 0x00, 0x00, 0x00, 0x00, 0x00,
    0x00, 0x00, 0x00, 0x00, 0x00, 0x00, 0x00, 0x00, 0x00, 0x00, 0x00, 0x00, 0x00, 0x00, 0x00, 0x00,
    0x00, 0x00, 0x00, 0x00, 0x00, 0x00, 0x00, 0x00, 0x00, 0x00, 0x00, 0x00, 0x00, 0x00, 0x00, 0x00,
    0x00, 0x00, 0x00, 0x00, 0x00, 0x00, 0x00, 0x00, 0x47, 0x36, 0x4A, 0xFF, 0xB3, 0xAB, 0xB3, 0xFF,
    0xE2, 0xEB, 0xEB, 0xFF, 0xE8, 0xEF, 0xF0, 0xFF, 0xB3, 0xAB, 0xB3, 0xFF, 0xB0, 0xA8, 0xB0, 0xFF,
    0xE1, 0xE9, 0xEB, 0xFF, 0xB0, 0xA8, 0xB0, 0xFF, 0xDF, 0xE9, 0xEB, 0xFF, 0xDF, 0xE9, 0xEB, 0xFF,
    0xDF, 0xE9, 0xEB, 0xFF, 0xDF, 0xE9, 0xEB, 0xFF, 0xDF, 0xE9, 0xEB, 0xFF, 0xDF, 0xE9, 0xEB, 0xFF,
    0xE1, 0xE9, 0xEB, 0xFF, 0xE1, 0xE9, 0xEB, 0xFF, 0xDF, 0xE9, 0xEB, 0xFF, 0xE0, 0xE9, 0xEA, 0xFF,
    0xB0, 0xA8, 0xB0, 0xFF, 0xE1, 0xEA, 0xEB, 0xFF, 0xDF, 0xE9, 0xEB, 0xFF, 0xE1, 0xE9, 0xEB, 0xFF,
    0xE0, 0xE9, 0xEA, 0xFF, 0xB0, 0xA8, 0xB0, 0xFF, 0xB0, 0xA8, 0xB0, 0xFF, 0xB0, 0xA8, 0xB0, 0xFF,
    0xB3, 0xAB, 0xB3, 0xFF, 0xB5, 0xAD, 0xB5, 0xFF, 0xB6, 0xAE, 0xB6, 0xFF, 0xB7, 0xAF, 0xB8, 0xFF,
    0xB7, 0xAF, 0xB8, 0xFF, 0x54, 0x42, 0x52, 0xFF, 0x54, 0x42, 0x52, 0xFF, 0xB6, 0xAE, 0xB6, 0xFF,
    0x95, 0x8A, 0x97, 0xFF, 0x95, 0x8A, 0x97, 0xFF, 0xB7, 0xAF, 0xB8, 0xFF, 0xB7, 0xAF, 0xB8, 0xFF,
    0xB7, 0xAF, 0xB8, 0xFF, 0xB6, 0xAE, 0xB6, 0xFF, 0xB6, 0xAE, 0xB6, 0xFF, 0xB6, 0xAE, 0xB6, 0xFF,
    0xB6, 0xAE, 0xB6, 0xFF, 0xB6, 0xAE, 0xB6, 0xFF, 0xB6, 0xAE, 0xB6, 0xFF, 0xB5, 0xAD, 0xB5, 0xFF,
    0xB5, 0xAD, 0xB5, 0xFF, 0xB5, 0xAD, 0xB5, 0xFF, 0xB3, 0xAB, 0xB3, 0xFF, 0xB5, 0xAD, 0xB5, 0xFF,
    0xB3, 0xAB, 0xB3, 0xFF, 0xB7, 0xAF, 0xB8, 0xFF, 0xB3, 0xAB, 0xB3, 0xFF, 0xB7, 0xAF, 0xB8, 0xFF,
    0x4E, 0x3D, 0x4E, 0xFF, 0x4E, 0x3D, 0x4E, 0xFF, 0x00, 0x00, 0x00, 0x00, 0x00, 0x00, 0x00, 0x00,
    0x00, 0x00, 0x00, 0x00, 0x00, 0x00, 0x00, 0x00, 0x00, 0x00, 0x00, 0x00, 0x00, 0x00, 0x00, 0x00,
    0x00, 0x00, 0x00, 0x00, 0x00, 0x00, 0x00, 0x00, 0x00, 0x00, 0x00, 0x00, 0x00, 0x00, 0x00, 0x00,
    0x00, 0x00, 0x00, 0x00, 0x00, 0x00, 0x00, 0x00, 0x00, 0x00, 0x00, 0x00, 0x00, 0x00, 0x00, 0x00,
    0x00, 0x00, 0x00, 0x00, 0x47, 0x36, 0x4A, 0xFF, 0xB5, 0xAD, 0xB5, 0xFF, 0xB5, 0xAD, 0xB5, 0xFF,
    0xB5, 0xAD, 0xB5, 0xFF, 0xB3, 0xAB, 0xB3, 0xFF, 0xB0, 0xA8, 0xB0, 0xFF, 0xE8, 0xEF, 0xF0, 0xFF,
    0xB0, 0xA8, 0xB0, 0xFF, 0xE0, 0xE9, 0xE9, 0xFF, 0xE0, 0xE9, 0xE9, 0xFF, 0xDF, 0xE9, 0xEB, 0xFF,
    0xDF, 0xE9, 0xEB, 0xFF, 0xDF, 0xE9, 0xEB, 0xFF, 0xDF, 0xE9, 0xEB, 0xFF, 0xE0, 0xE9, 0xEA, 0xFF,
    0xDF, 0xE9, 0xEB, 0xFF, 0xE1, 0xE9, 0xEB, 0xFF, 0xDF, 0xE9, 0xEB, 0xFF, 0xE0, 0xE9, 0xEA, 0xFF,
    0xDF, 0xE9, 0xEB, 0xFF, 0xE0, 0xE9, 0xEA, 0xFF, 0xE0, 0xE9, 0xEA, 0xFF, 0xE1, 0xE9, 0xEB, 0xFF,
    0xE0, 0xE9, 0xEA, 0xFF, 0xE2, 0xEB, 0xEB, 0xFF, 0xCA, 0xC7, 0xCF, 0xFF, 0xCA, 0xC7, 0xCF, 0xFF,
    0xE0, 0xE9, 0xE9, 0xFF, 0xB0, 0xA8, 0xB0, 0xFF, 0xB6, 0xAE, 0xB6, 0xFF, 0xB7, 0xAF, 0xB8, 0xFF,
    0xB6, 0xAE, 0xB6, 0xFF, 0xB7, 0xAF, 0xB8, 0xFF, 0xB5, 0xAD, 0xB5, 0xFF, 0x54, 0x42, 0x52, 0xFF,
    0x4E, 0x3D, 0x4E, 0xFF, 0x4E, 0x3D, 0x4E, 0xFF, 0x4E, 0x3D, 0x4E, 0xFF, 0x95, 0x8A, 0x97, 0xFF,
    0x95, 0x8A, 0x97, 0xFF, 0xB7, 0xAF, 0xB8, 0xFF, 0xB7, 0xAF, 0xB8, 0xFF, 0xB7, 0xAF, 0xB8, 0xFF,
    0xB7, 0xAF, 0xB8, 0xFF, 0xB6, 0xAE, 0xB6, 0xFF, 0xB6, 0xAE, 0xB6, 0xFF, 0xB6, 0xAE, 0xB6, 0xFF,
    0xB7, 0xAF, 0xB8, 0xFF, 0xB6, 0xAE, 0xB6, 0xFF, 0xB6, 0xAE, 0xB6, 0xFF, 0xB5, 0xAD, 0xB5, 0xFF,
    0xB5, 0xAD, 0xB5, 0xFF, 0xB0, 0xA8, 0xB0, 0xFF, 0x54, 0x42, 0x52, 0xFF, 0x47, 0x36, 0x4A, 0xFF,
    0x00, 0x00, 0x00, 0x00, 0x00, 0x00, 0x00, 0x00, 0x00, 0x00, 0x00, 0x00, 0x00, 0x00, 0x00, 0x00,
    0x00, 0x00, 0x00, 0x00, 0x00, 0x00, 0x00, 0x00, 0x00, 0x00, 0x00, 0x00, 0x00, 0x00, 0x00, 0x00,
    0x00, 0x00, 0x00, 0x00, 0x00, 0x00, 0x00, 0x00, 0x00, 0x00, 0x00, 0x00, 0x00, 0x00, 0x00, 0x00,
    0x47, 0x36, 0x4A, 0xFF, 0x47, 0x36, 0x4A, 0xFF, 0x47, 0x36, 0x4A, 0xFF, 0x47, 0x36, 0x4A, 0xFF,
    0x00, 0x00, 0x00, 0x00, 0x54, 0x42, 0x52, 0xFF, 0xB5, 0xAD, 0xB5, 0xFF, 0xB6, 0xAE, 0xB6, 0xFF,
    0xB3, 0xAB, 0xB3, 0xFF, 0xB0, 0xA8, 0xB0, 0xFF, 0xE0, 0xE9, 0xEA, 0xFF, 0xE0, 0xE9, 0xE9, 0xFF,
    0xE0, 0xE9, 0xEA, 0xFF, 0xE0, 0xE9, 0xE9, 0xFF, 0xE1, 0xE9, 0xEB, 0xFF, 0xDF, 0xE9, 0xEB, 0xFF,
    0xDF, 0xE9, 0xEB, 0xFF, 0xDF, 0xE9, 0xEB, 0xFF, 0xE0, 0xE9, 0xEA, 0xFF, 0xE0, 0xE9, 0xEA, 0xFF,
    0xDF, 0xE9, 0xEB, 0xFF, 0xE0, 0xE9, 0xEA, 0xFF, 0xDF, 0xE9, 0xEB, 0xFF, 0xE0, 0xE9, 0xEA, 0xFF,
    0xE0, 0xE9, 0xEA, 0xFF, 0xE0, 0xE9, 0xE9, 0xFF, 0xDF, 0xE9, 0xEB, 0xFF, 0xE0, 0xE9, 0xEA, 0xFF,
    0xE0, 0xE9, 0xEA, 0xFF, 0xB5, 0xAD, 0xB5, 0xFF, 0xB0, 0xA8, 0xB0, 0xFF, 0xB6, 0xAE, 0xB6, 0xFF,
    0xE0, 0xE9, 0xE9, 0xFF, 0xE2, 0xEB, 0xEB, 0xFF, 0xE1, 0xE9, 0xEB, 0xFF, 0xB7, 0xAF, 0xB8, 0xFF,
    0xB7, 0xAF, 0xB8, 0xFF, 0xB7, 0xAF, 0xB8, 0xFF, 0x4E, 0x3D, 0x4E, 0xFF, 0x95, 0x85, 0xD2, 0xFF,
    0xB1, 0xA6, 0xD8, 0xFF, 0xB1, 0xA6, 0xD8, 0xFF, 0x95, 0x85, 0xD2, 0xFF, 0x6C, 0x5A, 0x80, 0xFF,
    0x6C, 0x5A, 0x80, 0xFF, 0x6C, 0x5A, 0x80, 0xFF, 0x6C, 0x5A, 0x80, 0xFF, 0xB7, 0xAF, 0xB8, 0xFF,
    0xB7, 0xAF, 0xB8, 0xFF, 0xB6, 0xAE, 0xB6, 0xFF, 0xB7, 0xAF, 0xB8, 0xFF, 0xB6, 0xAE, 0xB6, 0xFF,
    0xB7, 0xAF, 0xB8, 0xFF, 0x4E, 0x3D, 0x4E, 0xFF, 0x4E, 0x3D, 0x4E, 0xFF, 0x4E, 0x3D, 0x4E, 0xFF,
    0x47, 0x36, 0x4A, 0xFF, 0x47, 0x36, 0x4A, 0xFF, 0x00, 0x00, 0x00, 0x00, 0x00, 0x00, 0x00, 0x00,
    0x00, 0x00, 0x00, 0x00, 0x00, 0x00, 0x00, 0x00, 0x00, 0x00, 0x00, 0x00, 0x00, 0x00, 0x00, 0x00,
    0x00, 0x00, 0x00, 0x00, 0x00, 0x00, 0x00, 0x00, 0x00, 0x00, 0x00, 0x00, 0x00, 0x00, 0x00, 0x00,
    0x00, 0x00, 0x00, 0x00, 0x00, 0x00, 0x00, 0x00, 0x00, 0x00, 0x00, 0x00, 0x47, 0x36, 0x4A, 0xFF,
    0xCA, 0xC7, 0xCF, 0xFF, 0xCA, 0xC7, 0xCF, 0xFF, 0xCA, 0xC7, 0xCF, 0xFF, 0xB0, 0xA8, 0xB0, 0xFF,
    0x54, 0x42, 0x52, 0xFF, 0x4E, 0x3D, 0x4E, 0xFF, 0xB6, 0xAE, 0xB6, 0xFF, 0xB6, 0xAE, 0xB6, 0xFF,
    0xE0, 0xE7, 0xE9, 0xFF, 0xE3, 0xE9, 0xED, 0xFF, 0xE0, 0xE7, 0xE9, 0xFF, 0xE0, 0xE7, 0xE9, 0xFF,
    0xE0, 0xE9, 0xE9, 0xFF, 0xE0, 0xE9, 0xE9, 0xFF, 0xE0, 0xE9, 0xE9, 0xFF, 0xE0, 0xE9, 0xEA, 0xFF,
    0xE0, 0xE9, 0xEA, 0xFF, 0xDF, 0xE9, 0xEB, 0xFF, 0xE0, 0xE9, 0xEA, 0xFF, 0xE0, 0xE9, 0xEA, 0xFF,
    0xE0, 0xE9, 0xEA, 0xFF, 0xE0, 0xE9, 0xEA, 0xFF, 0xDF, 0xE9, 0xEB, 0xFF, 0xE0, 0xE9, 0xEA, 0xFF,
    0xE0, 0xE9, 0xEA, 0xFF, 0xE0, 0xE9, 0xE9, 0xFF, 0xE0, 0xE9, 0xE9, 0xFF, 0xE0, 0xE9, 0xE9, 0xFF,
    0xE1, 0xE9, 0xEB, 0xFF, 0xB3, 0xAB, 0xB3, 0xFF, 0xB3, 0xAB, 0xB3, 0xFF, 0xE0, 0xE7, 0xE9, 0xFF,
    0xE0, 0xE9, 0xE9, 0xFF, 0xE0, 0xE9, 0xE9, 0xFF, 0xE2, 0xEB, 0xEB, 0xFF, 0xB0, 0xA8, 0xB0, 0xFF,
    0xB7, 0xAF, 0xB8, 0xFF, 0x47, 0x36, 0x4A, 0xFF, 0x95, 0x8A, 0x97, 0xFF, 0xB1, 0xA6, 0xD8, 0xFF,
    0xB1, 0xA6, 0xD8, 0xFF, 0xB1, 0xA6, 0xD8, 0xFF, 0xB1, 0xA6, 0xD8, 0xFF, 0xB1, 0xA6, 0xD8, 0xFF,
    0xB1, 0xA6, 0xD8, 0xFF, 0x54, 0x42, 0x52, 0xFF, 0x4E, 0x3D, 0x4E, 0xFF, 0x47, 0x36, 0x4A, 0xFF,
    0x47, 0x36, 0x4A, 0xFF, 0x47, 0x36, 0x4A, 0xFF, 0x47, 0x36, 0x4A, 0xFF, 0x47, 0x36, 0x4A, 0xFF,
    0x47, 0x36, 0x4A, 0xFF, 0x6C, 0x5A, 0x80, 0xFF, 0x95, 0x85, 0xD2, 0xFF, 0xB1, 0xA6, 0xD8, 0xFF,
    0xB1, 0xA6, 0xD8, 0xFF, 0x47, 0x36, 0x4A, 0xFF, 0x00, 0x00, 0x00, 0x00, 0x00, 0x00, 0x00, 0x00,
    0x00, 0x00, 0x00, 0x00, 0x00, 0x00, 0x00, 0x00, 0x00, 0x00, 0x00, 0x00, 0x00, 0x00, 0x00, 0x00,
    0x00, 0x00, 0x00, 0x00, 0x00, 0x00, 0x00, 0x00, 0x00, 0x00, 0x00, 0x00, 0x00, 0x00, 0x00, 0x00,
    0x00, 0x00, 0x00, 0x00, 0x00, 0x00, 0x00, 0x00, 0x00, 0x00, 0x00, 0x00, 0x47, 0x36, 0x4A, 0xFF,
    0xE0, 0xE9, 0xE9, 0xFF, 0xE2, 0xEB, 0xEB, 0xFF, 0xE0, 0xE9, 0xE9, 0xFF, 0xB0, 0xA8, 0xB0, 0xFF,
    0x54, 0x42, 0x52, 0xFF, 0x4E, 0x3D, 0x4E, 0xFF, 0xB7, 0xAF, 0xB8, 0xFF, 0xB5, 0xAD, 0xB5, 0xFF,
    0xE1, 0xE9, 0xEB, 0xFF, 0xE8, 0xEF, 0xF0, 0xFF, 0xB0, 0xA8, 0xB0, 0xFF, 0xB0, 0xA8, 0xB0, 0xFF,
    0xE0, 0xE7, 0xE9, 0xFF, 0xE0, 0xE9, 0xEA, 0xFF, 0xE0, 0xE9, 0xEA, 0xFF, 0xE0, 0xE9, 0xEA, 0xFF,
    0xDF, 0xE9, 0xEB, 0xFF, 0xDF, 0xE9, 0xEB, 0xFF, 0xE0, 0xE9, 0xEA, 0xFF, 0xE0, 0xE9, 0xEA, 0xFF,
    0xE0, 0xE9, 0xEA, 0xFF, 0xE1, 0xE9, 0xEB, 0xFF, 0xE0, 0xE9, 0xEA, 0xFF, 0xE1, 0xE9, 0xEB, 0xFF,
    0xE1, 0xE9, 0xEB, 0xFF, 0xE0, 0xE9, 0xEA, 0xFF, 0xE0, 0xE9, 0xEA, 0xFF, 0xE0, 0xE9, 0xE9, 0xFF,
    0xE0, 0xE9, 0xE9, 0xFF, 0xE0, 0xE9, 0xE9, 0xFF, 0xE8, 0xEF, 0xF0, 0xFF, 0xE0, 0xE7, 0xE9, 0xFF,
    0xE0, 0xE9, 0xE9, 0xFF, 0xE0, 0xE9, 0xE9, 0xFF, 0xE0, 0xE9, 0xE9, 0xFF, 0xE2, 0xEB, 0xEB, 0xFF,
    0xB6, 0xAE, 0xB6, 0xFF, 0x47, 0x36, 0x4A, 0xFF, 0x95, 0x85, 0xD2, 0xFF, 0xB1, 0xA6, 0xD8, 0xFF,
    0xB1, 0xA6, 0xD8, 0xFF, 0xB1, 0xA6, 0xD8, 0xFF, 0xB1, 0xA6, 0xD8, 0xFF, 0xB1, 0xA6, 0xD8, 0xFF,
    0xB1, 0xA6, 0xD8, 0xFF, 0x54, 0x42, 0x52, 0xFF, 0x54, 0x42, 0x52, 0xFF, 0x54, 0x42, 0x52, 0xFF,
    0x4E, 0x3D, 0x4E, 0xFF, 0x54, 0x42, 0x52, 0xFF, 0x54, 0x42, 0x52, 0xFF, 0x54, 0x42, 0x52, 0xFF,
    0x4E, 0x3D, 0x4E, 0xFF, 0x6C, 0x5A, 0x80, 0xFF, 0x95, 0x85, 0xD2, 0xFF, 0xB1, 0xA6, 0xD8, 0xFF,
    0xB1, 0xA6, 0xD8, 0xFF, 0x54, 0x42, 0x52, 0xFF, 0x00, 0x00, 0x00, 0x00, 0x00, 0x00, 0x00, 0x00,
    0x00, 0x00, 0x00, 0x00, 0x00, 0x00, 0x00, 0x00, 0x00, 0x00, 0x00, 0x00, 0x00, 0x00, 0x00, 0x00,
    0x00, 0x00, 0x00, 0x00, 0x00, 0x00, 0x00, 0x00, 0x00, 0x00, 0x00, 0x00, 0x00, 0x00, 0x00, 0x00,
    0x00, 0x00, 0x00, 0x00, 0x00, 0x00, 0x00, 0x00, 0x4E, 0x3D, 0x4E, 0xFF, 0xB0, 0xA8, 0xB0, 0xFF,
    0xE0, 0xE7, 0xE9, 0xFF, 0xE0, 0xE9, 0xE9, 0xFF, 0xE1, 0xE9, 0xEB, 0xFF, 0xE8, 0xEF, 0xF0, 0xFF,
    0x54, 0x42, 0x52, 0xFF, 0xB6, 0xAE, 0xB6, 0xFF, 0xB3, 0xAB, 0xB3, 0xFF, 0xB5, 0xAD, 0xB5, 0xFF,
    0xB5, 0xAD, 0xB5, 0xFF, 0xB5, 0xAD, 0xB5, 0xFF, 0xB4, 0xAD, 0xB3, 0xFF, 0xE0, 0xE7, 0xE9, 0xFF,
    0xE0, 0xE9, 0xE9, 0xFF, 0xE1, 0xE9, 0xEB, 0xFF, 0xE2, 0xEB, 0xEB, 0xFF, 0xE0, 0xE7, 0xE9, 0xFF,
    0xDF, 0xE9, 0xEB, 0xFF, 0xDF, 0xE9, 0xEB, 0xFF, 0xE1, 0xE9, 0xEB, 0xFF, 0xE1, 0xE9, 0xEB, 0xFF,
    0xE0, 0xE9, 0xE9, 0xFF, 0xE0, 0xE9, 0xEA, 0xFF, 0xE1, 0xEA, 0xEB, 0xFF, 0xE0, 0xE9, 0xEA, 0xFF,
    0xE1, 0xE9, 0xEB, 0xFF, 0xE0, 0xE9, 0xE9, 0xFF, 0xE0, 0xE9, 0xEA, 0xFF, 0xE0, 0xE9, 0xE9, 0xFF,
    0xE0, 0xE9, 0xE9, 0xFF, 0xE0, 0xE9, 0xEA, 0xFF, 0xE0, 0xE7, 0xE9, 0xFF, 0xE0, 0xE7, 0xE9, 0xFF,
    0xE0, 0xE7, 0xE9, 0xFF, 0xE0, 0xE9, 0xE9, 0xFF, 0xE0, 0xE9, 0xE9, 0xFF, 0xE0, 0xE9, 0xE9, 0xFF,
    0xB5, 0xAD, 0xB5, 0xFF, 0x47, 0x36, 0x4A, 0xFF, 0x95, 0x85, 0xD2, 0xFF, 0xB1, 0xA6, 0xD8, 0xFF,
    0xB1, 0xA6, 0xD8, 0xFF, 0xB1, 0xA6, 0xD8, 0xFF, 0xB1, 0xA6, 0xD8, 0xFF, 0x6C, 0x5A, 0x80, 0xFF,
    0x6C, 0x5A, 0x80, 0xFF, 0x95, 0x85, 0xD2, 0xFF, 0x4E, 0x3D, 0x4E, 0xFF, 0x95, 0x85, 0xD2, 0xFF,
    0x95, 0x85, 0xD2, 0xFF, 0x95, 0x85, 0xD2, 0xFF, 0x95, 0x8A, 0x97, 0xFF, 0x6C, 0x5A, 0x80, 0xFF,
    0x95, 0x85, 0xD2, 0xFF, 0xB1, 0xA6, 0xD8, 0xFF, 0xB1, 0xA6, 0xD8, 0xFF, 0xB1, 0xA6, 0xD8, 0xFF,
    0xB1, 0xA6, 0xD8, 0xFF, 0x95, 0x8A, 0x97, 0xFF, 0x00, 0x00, 0x00, 0x00, 0x00, 0x00, 0x00, 0x00,
    0x00, 0x00, 0x00, 0x00, 0x00, 0x00, 0x00, 0x00, 0x00, 0x00, 0x00, 0x00, 0x00, 0x00, 0x00, 0x00,
    0x00, 0x00, 0x00, 0x00, 0x00, 0x00, 0x00, 0x00, 0x00, 0x00, 0x00, 0x00, 0x00, 0x00, 0x00, 0x00,
    0x00, 0x00, 0x00, 0x00, 0x4E, 0x3D, 0x4E, 0xFF, 0xE2, 0xEB, 0xEB, 0xFF, 0xE2, 0xEB, 0xEB, 0xFF,
    0xE0, 0xE9, 0xEA, 0xFF, 0xE1, 0xEA, 0xEB, 0xFF, 0xE2, 0xEB, 0xEB, 0xFF, 0xB7, 0xAF, 0xB8, 0xFF,
    0x54, 0x42, 0x52, 0xFF, 0xB6, 0xAE, 0xB6, 0xFF, 0xB5, 0xAD, 0xB5, 0xFF, 0xB5, 0xAD, 0xB5, 0xFF,
    0xB5, 0xAD, 0xB5, 0xFF, 0xB5, 0xAD, 0xB5, 0xFF, 0xB3, 0xAB, 0xB3, 0xFF, 0xE0, 0xE7, 0xE9, 0xFF,
    0xE0, 0xE7, 0xE9, 0xFF, 0xE2, 0xEB, 0xEB, 0xFF, 0xB0, 0xA8, 0xB0, 0xFF, 0xE1, 0xEA, 0xEB, 0xFF,
    0xDF, 0xE9, 0xEB, 0xFF, 0xDF, 0xE9, 0xEB, 0xFF, 0xDF, 0xE9, 0xEB, 0xFF, 0xE2, 0xEB, 0xEB, 0xFF,
    0xB3, 0xAB, 0xB3, 0xFF, 0xB0, 0xA8, 0xB0, 0xFF, 0xB0, 0xA8, 0xB0, 0xFF, 0xE1, 0xE9, 0xEB, 0xFF,
    0xB5, 0xAD, 0xB5, 0xFF, 0xE1, 0xE9, 0xEB, 0xFF, 0xE0, 0xE9, 0xEA, 0xFF, 0xB7, 0xAF, 0xB8, 0xFF,
    0xE0, 0xE7, 0xE9, 0xFF, 0xE0, 0xE9, 0xE9, 0xFF, 0xE0, 0xE9, 0xE9, 0xFF, 0xE0, 0xE9, 0xE9, 0xFF,
    0xE1, 0xE9, 0xEB, 0xFF, 0xE1, 0xE9, 0xEB, 0xFF, 0xE1, 0xE9, 0xEB, 0xFF, 0xE2, 0xEB, 0xEB, 0xFF,
    0xB5, 0xAD, 0xB5, 0xFF, 0x4E, 0x3D, 0x4E, 0xFF, 0x95, 0x85, 0xD2, 0xFF, 0xB1, 0xA6, 0xD8, 0xFF,
    0xB1, 0xA6, 0xD8, 0xFF, 0xB1, 0xA6, 0xD8, 0xFF, 0x6C, 0x5A, 0x80, 0xFF, 0x95, 0x85, 0xD2, 0xFF,
    0x95, 0x85, 0xD2, 0xFF, 0x6C, 0x5A, 0x80, 0xFF, 0x4E, 0x3D, 0x4E, 0xFF, 0xB1, 0xA6, 0xD8, 0xFF,
    0xB1, 0xA6, 0xD8, 0xFF, 0xB1, 0xA6, 0xD8, 0xFF, 0xB1, 0xA6, 0xD8, 0xFF, 0x6C, 0x5A, 0x80, 0xFF,
    0x6C, 0x5A, 0x80, 0xFF, 0x6C, 0x5A, 0x80, 0xFF, 0xB1, 0xA6, 0xD8, 0xFF, 0xB1, 0xA6, 0xD8, 0xFF,
    0xB1, 0xA6, 0xD8, 0xFF, 0x6C, 0x5A, 0x80, 0xFF, 0x00, 0x00, 0x00, 0x00, 0x00, 0x00, 0x00, 0x00,
    0x00, 0x00, 0x00, 0x00, 0x00, 0x00, 0x00, 0x00, 0x00, 0x00, 0x00, 0x00, 0x00, 0x00, 0x00, 0x00,
    0x00, 0x00, 0x00, 0x00, 0x00, 0x00, 0x00, 0x00, 0x00, 0x00, 0x00, 0x00, 0x00, 0x00, 0x00, 0x00,
    0x00, 0x00, 0x00, 0x00, 0x4E, 0x3D, 0x4E, 0xFF, 0xE0, 0xE9, 0xE9, 0xFF, 0xE0, 0xE9, 0xE9, 0xFF,
    0xE0, 0xE9, 0xE9, 0xFF, 0xE8, 0xEF, 0xF0, 0xFF, 0xE8, 0xEF, 0xF0, 0xFF, 0xCA, 0xC7, 0xCF, 0xFF,
    0x6C, 0x5A, 0x80, 0xFF, 0xB5, 0xAD, 0xB5, 0xFF, 0xB4, 0xAD, 0xB3, 0xFF, 0xB5, 0xAD, 0xB5, 0xFF,
    0xB5, 0xAD, 0xB5, 0xFF, 0xB0, 0xA8, 0xB0, 0xFF, 0xE3, 0xE9, 0xED, 0xFF, 0xE0, 0xE9, 0xE9, 0xFF,
    0xDF, 0xE9, 0xEB, 0xFF, 0xE3, 0xE9, 0xED, 0xFF, 0xE2, 0xEB, 0xEB, 0xFF, 0xE1, 0xE9, 0xEB, 0xFF,
    0xDF, 0xE9, 0xEB, 0xFF, 0xDF, 0xE9, 0xEB, 0xFF, 0xE1, 0xEA, 0xEB, 0xFF, 0xE0, 0xE9, 0xEA, 0xFF,
    0xE0, 0xE9, 0xE9, 0xFF, 0xE8, 0xEF, 0xF0, 0xFF, 0xE3, 0xE9, 0xED, 0xFF, 0x54, 0x42, 0x52, 0xFF,
    0xB7, 0xAF, 0xB8, 0xFF, 0xB5, 0xAD, 0xB5, 0xFF, 0xB3, 0xAB, 0xB3, 0xFF, 0xE0, 0xE9, 0xE9, 0xFF,
    0xE1, 0xE9, 0xEB, 0xFF, 0xE0, 0xE9, 0xE9, 0xFF, 0xE0, 0xE9, 0xE9, 0xFF, 0xE0, 0xE9, 0xE9, 0xFF,
    0xE0, 0xE9, 0xE9, 0xFF, 0xE0, 0xE7, 0xE9, 0xFF, 0xE0, 0xE9, 0xE9, 0xFF, 0xE8, 0xEF, 0xF0, 0xFF,
    0xB5, 0xAD, 0xB5, 0xFF, 0x4E, 0x3D, 0x4E, 0xFF, 0x95, 0x85, 0xD2, 0xFF, 0xB1, 0xA6, 0xD8, 0xFF,
    0xB1, 0xA6, 0xD8, 0xFF, 0xB1, 0xA6, 0xD8, 0xFF, 0xB1, 0xA6, 0xD8, 0xFF, 0xB1, 0xA6, 0xD8, 0xFF,
    0x95, 0x8A, 0x97, 0xFF, 0x95, 0x85, 0xD2, 0xFF, 0x4E, 0x3D, 0x4E, 0xFF, 0xB1, 0xA6, 0xD8, 0xFF,
    0xB1, 0xA6, 0xD8, 0xFF, 0xB1, 0xA6, 0xD8, 0xFF, 0xB1, 0xA6, 0xD8, 0xFF, 0x95, 0x8A, 0x97, 0xFF,
    0x95, 0x85, 0xD2, 0xFF, 0x6C, 0x5A, 0x80, 0xFF, 0xB1, 0xA6, 0xD8, 0xFF, 0xB1, 0xA6, 0xD8, 0xFF,
    0xB1, 0xA6, 0xD8, 0xFF, 0x6C, 0x5A, 0x80, 0xFF, 0x00, 0x00, 0x00, 0x00, 0x00, 0x00, 0x00, 0x00,
    0x00, 0x00, 0x00, 0x00, 0x00, 0x00, 0x00, 0x00, 0x00, 0x00, 0x00, 0x00, 0x00, 0x00, 0x00, 0x00,
    0x00, 0x00, 0x00, 0x00, 0x00, 0x00, 0x00, 0x00, 0x00, 0x00, 0x00, 0x00, 0x00, 0x00, 0x00, 0x00,
    0x4E, 0x3D, 0x4E, 0xFF, 0xB7, 0xAF, 0xB8, 0xFF, 0xE0, 0xE9, 0xE9, 0xFF, 0xE0, 0xE9, 0xEA, 0xFF,
    0xE0, 0xE9, 0xE9, 0xFF, 0xB3, 0xAB, 0xB3, 0xFF, 0xB6, 0xAE, 0xB6, 0xFF, 0xCA, 0xC7, 0xCF, 0xFF,
    0x6C, 0x5A, 0x80, 0xFF, 0xB4, 0xAD, 0xB3, 0xFF, 0xB5, 0xAD, 0xB5, 0xFF, 0xB4, 0xAD, 0xB3, 0xFF,
    0xB3, 0xAB, 0xB3, 0xFF, 0xB0, 0xA8, 0xB0, 0xFF, 0xE0, 0xE9, 0xE9, 0xFF, 0xE0, 0xE7, 0xE9, 0xFF,
    0xE0, 0xE9, 0xE9, 0xFF, 0xE0, 0xE9, 0xE9, 0xFF, 0xE0, 0xE9, 0xE9, 0xFF, 0xE1, 0xE9, 0xEB, 0xFF,
    0xDF, 0xE9, 0xEB, 0xFF, 0xDF, 0xE9, 0xEB, 0xFF, 0xE1, 0xEA, 0xEB, 0xFF, 0xDF, 0xE9, 0xEB, 0xFF,
    0xE1, 0xE9, 0xEB, 0xFF, 0xDF, 0xE9, 0xEB, 0xFF, 0xE0, 0xE7, 0xE9, 0xFF, 0x6C, 0x5A, 0x80, 0xFF,
    0xB7, 0xAF, 0xB8, 0xFF, 0xB5, 0xAD, 0xB5, 0xFF, 0xB0, 0xA8, 0xB0, 0xFF, 0xE0, 0xE9, 0xE9, 0xFF,
    0xE0, 0xE7, 0xE9, 0xFF, 0xE0, 0xE9, 0xE9, 0xFF, 0xE0, 0xE9, 0xE9, 0xFF, 0xE0, 0xE9, 0xE9, 0xFF,
    0xE2, 0xEB, 0xEB, 0xFF, 0xE0, 0xE9, 0xE9, 0xFF, 0xE2, 0xEB, 0xEB, 0xFF, 0xB5, 0xAD, 0xB5, 0xFF,
    0xB5, 0xAD, 0xB5, 0xFF, 0x4E, 0x3D, 0x4E, 0xFF, 0x95, 0x85, 0xD2, 0xFF, 0xB1, 0xA6, 0xD8, 0xFF,
    0xB1, 0xA6, 0xD8, 0xFF, 0xB1, 0xA6, 0xD8, 0xFF, 0xB1, 0xA6, 0xD8, 0xFF, 0xB1, 0xA6, 0xD8, 0xFF,
    0xB1, 0xA6, 0xD8, 0xFF, 0x95, 0x85, 0xD2, 0xFF, 0x54, 0x42, 0x52, 0xFF, 0x95, 0x8A, 0x97, 0xFF,
    0x6C, 0x5A, 0x80, 0xFF, 0xB1, 0xA6, 0xD8, 0xFF, 0x95, 0x8A, 0x97, 0xFF, 0x6C, 0x5A, 0x80, 0xFF,
    0x95, 0x85, 0xD2, 0xFF, 0xB1, 0xA6, 0xD8, 0xFF, 0xB1, 0xA6, 0xD8, 0xFF, 0xB1, 0xA6, 0xD8, 0xFF,
    0xB1, 0xA6, 0xD8, 0xFF, 0x47, 0x36, 0x4A, 0xFF, 0x00, 0x00, 0x00, 0x00, 0x00, 0x00, 0x00, 0x00,
    0x00, 0x00, 0x00, 0x00, 0x00, 0x00, 0x00, 0x00, 0x00, 0x00, 0x00, 0x00, 0x00, 0x00, 0x00, 0x00,
    0x00, 0x00, 0x00, 0x00, 0x00, 0x00, 0x00, 0x00, 0x00, 0x00, 0x00, 0x00, 0x00, 0x00, 0x00, 0x00,
    0x47, 0x36, 0x4A, 0xFF, 0xB6, 0xAE, 0xB6, 0xFF, 0xB5, 0xAD, 0xB5, 0xFF, 0xE0, 0xE7, 0xE9, 0xFF,
    0xE0, 0xE9, 0xE9, 0xFF, 0xB5, 0xAD, 0xB5, 0xFF, 0xB7, 0xAF, 0xB8, 0xFF, 0xCA, 0xC7, 0xCF, 0xFF,
    0x6C, 0x5A, 0x80, 0xFF, 0xB4, 0xAD, 0xB3, 0xFF, 0xB5, 0xAD, 0xB5, 0xFF, 0xB3, 0xAB, 0xB3, 0xFF,
    0xE2, 0xEB, 0xEB, 0xFF, 0xE1, 0xEA, 0xEB, 0xFF, 0xE0, 0xE9, 0xE9, 0xFF, 0xE0, 0xE9, 0xEA, 0xFF,
    0xE0, 0xE9, 0xE9, 0xFF, 0xE0, 0xE9, 0xE9, 0xFF, 0xE0, 0xE9, 0xE9, 0xFF, 0xE0, 0xE9, 0xEA, 0xFF,
    0xE0, 0xE9, 0xEA, 0xFF, 0xDF, 0xE9, 0xEB, 0xFF, 0xE0, 0xE9, 0xEA, 0xFF, 0xDF, 0xE9, 0xEB, 0xFF,
    0xE0, 0xE9, 0xE9, 0xFF, 0xE0, 0xE9, 0xE9, 0xFF, 0xDF, 0xE9, 0xEB, 0xFF, 0xB0, 0xA8, 0xB0, 0xFF,
    0x54, 0x42, 0x52, 0xFF, 0xB4, 0xAD, 0xB3, 0xFF, 0xB3, 0xAB, 0xB3, 0xFF, 0xE1, 0xE9, 0xEB, 0xFF,
    0xE2, 0xEB, 0xEB, 0xFF, 0xE0, 0xE9, 0xE9, 0xFF, 0xE0, 0xE9, 0xE9, 0xFF, 0xE0, 0xE9, 0xE9, 0xFF,
    0xB5, 0xAD, 0xB5, 0xFF, 0xB5, 0xAD, 0xB5, 0xFF, 0xB4, 0xAD, 0xB3, 0xFF, 0xB5, 0xAD, 0xB5, 0xFF,
    0xB6, 0xAE, 0xB6, 0xFF, 0x4E, 0x3D, 0x4E, 0xFF, 0x95, 0x85, 0xD2, 0xFF, 0x95, 0x85, 0xD2, 0xFF,
    0xB1, 0xA6, 0xD8, 0xFF, 0xB1, 0xA6, 0xD8, 0xFF, 0xB1, 0xA6, 0xD8, 0xFF, 0xB1, 0xA6, 0xD8, 0xFF,
    0xB1, 0xA6, 0xD8, 0xFF, 0x95, 0x85, 0xD2, 0xFF, 0x54, 0x42, 0x52, 0xFF, 0x54, 0x42, 0x52, 0xFF,
    0x54, 0x42, 0x52, 0xFF, 0x4E, 0x3D, 0x4E, 0xFF, 0x4E, 0x3D, 0x4E, 0xFF, 0x95, 0x8A, 0x97, 0xFF,
    0x95, 0x85, 0xD2, 0xFF, 0xB1, 0xA6, 0xD8, 0xFF, 0xB1, 0xA6, 0xD8, 0xFF, 0xB1, 0xA6, 0xD8, 0xFF,
    0xB1, 0xA6, 0xD8, 0xFF, 0x47, 0x36, 0x4A, 0xFF, 0x00, 0x00, 0x00, 0x00, 0x00, 0x00, 0x00, 0x00,
    0x00, 0x00, 0x00, 0x00, 0x00, 0x00, 0x00, 0x00, 0x00, 0x00, 0x00, 0x00, 0x00, 0x00, 0x00, 0x00,
    0x00, 0x00, 0x00, 0x00, 0x00, 0x00, 0x00, 0x00, 0x00, 0x00, 0x00, 0x00, 0x00, 0x00, 0x00, 0x00,
    0x4E, 0x3D, 0x4E, 0xFF, 0xB4, 0xAD, 0xB3, 0xFF, 0xB5, 0xAD, 0xB5, 0xFF, 0xB0, 0xA8, 0xB0, 0xFF,
    0xE0, 0xE9, 0xE9, 0xFF, 0xE2, 0xEB, 0xEB, 0xFF, 0xE3, 0xE9, 0xED, 0xFF, 0xB0, 0xA8, 0xB0, 0xFF,
    0x6C, 0x5A, 0x80, 0xFF, 0xB4, 0xAD, 0xB3, 0xFF, 0xB3, 0xAB, 0xB3, 0xFF, 0xE2, 0xEB, 0xEB, 0xFF,
    0xB0, 0xA8, 0xB0, 0xFF, 0xB0, 0xA8, 0xB0, 0xFF, 0xE0, 0xE9, 0xEA, 0xFF, 0xE8, 0xEF, 0xF0, 0xFF,
    0xB0, 0xA8, 0xB0, 0xFF, 0xE0, 0xE7, 0xE9, 0xFF, 0xE0, 0xE9, 0xE9, 0xFF, 0xE0, 0xE9, 0xE9, 0xFF,
    0xE1, 0xE9, 0xEB, 0xFF, 0xE0, 0xE9, 0xEA, 0xFF, 0xE1, 0xE9, 0xEB, 0xFF, 0xE0, 0xE9, 0xEA, 0xFF,
    0xE0, 0xE9, 0xE9, 0xFF, 0xE1, 0xEA, 0xEB, 0xFF, 0xE0, 0xE9, 0xE9, 0xFF, 0xE1, 0xEA, 0xEB, 0xFF,
    0xB6, 0xAE, 0xB6, 0xFF, 0x54, 0x42, 0x52, 0xFF, 0x54, 0x42, 0x52, 0xFF, 0xB5, 0xAD, 0xB5, 0xFF,
    0xE1, 0xE9, 0xEB, 0xFF, 0xE0, 0xE9, 0xE9, 0xFF, 0xE2, 0xEB, 0xEB, 0xFF, 0xB3, 0xAB, 0xB3, 0xFF,
    0xB3, 0xAB, 0xB3, 0xFF, 0xE3, 0xE9, 0xED, 0xFF, 0xB5, 0xAD, 0xB5, 0xFF, 0xB5, 0xAD, 0xB5, 0xFF,
    0xB6, 0xAE, 0xB6, 0xFF, 0xB7, 0xAF, 0xB8, 0xFF, 0x47, 0x36, 0x4A, 0xFF, 0x95, 0x85, 0xD2, 0xFF,
    0x95, 0x85, 0xD2, 0xFF, 0x95, 0x85, 0xD2, 0xFF, 0x95, 0x85, 0xD2, 0xFF, 0x95, 0x85, 0xD2, 0xFF,
    0x95, 0x8A, 0x97, 0xFF, 0x4E, 0x3D, 0x4E, 0xFF, 0xB7, 0xAF, 0xB8, 0xFF, 0x54, 0x42, 0x52, 0xFF,
    0x6C, 0x5A, 0x80, 0xFF, 0xB0, 0xA8, 0xB0, 0xFF, 0xB0, 0xA8, 0xB0, 0xFF, 0x4E, 0x3D, 0x4E, 0xFF,
    0x47, 0x36, 0x4A, 0xFF, 0x95, 0x85, 0xD2, 0xFF, 0x95, 0x85, 0xD2, 0xFF, 0x6C, 0x5A, 0x80, 0xFF,
    0x47, 0x36, 0x4A, 0xFF, 0x00, 0x00, 0x00, 0x00, 0x00, 0x00, 0x00, 0x00, 0x00, 0x00, 0x00, 0x00,
    0x00, 0x00, 0x00, 0x00, 0x00, 0x00, 0x00, 0x00, 0x00, 0x00, 0x00, 0x00, 0x00, 0x00, 0x00, 0x00,
    0x00, 0x00, 0x00, 0x00, 0x00, 0x00, 0x00, 0x00, 0x00, 0x00, 0x00, 0x00, 0x00, 0x00, 0x00, 0x00,
    0x4E, 0x3D, 0x4E, 0xFF, 0xB6, 0xAE, 0xB6, 0xFF, 0xB3, 0xAB, 0xB3, 0xFF, 0xB0, 0xA8, 0xB0, 0xFF,
    0xE1, 0xEA, 0xEB, 0xFF, 0xB3, 0xAB, 0xB3, 0xFF, 0xB0, 0xA8, 0xB0, 0xFF, 0xB7, 0xAF, 0xB8, 0xFF,
    0x95, 0x8A, 0x97, 0xFF, 0xB5, 0xAD, 0xB5, 0xFF, 0xB3, 0xAB, 0xB3, 0xFF, 0xB3, 0xAB, 0xB3, 0xFF,
    0xE1, 0xE9, 0xEB, 0xFF, 0xE8, 0xEF, 0xF0, 0xFF, 0xB0, 0xA8, 0xB0, 0xFF, 0xB3, 0xAB, 0xB3, 0xFF,
    0xB5, 0xAD, 0xB5, 0xFF, 0xE0, 0xE7, 0xE9, 0xFF, 0xE0, 0xE7, 0xE9, 0xFF, 0xE0, 0xE9, 0xEA, 0xFF,
    0xE1, 0xEA, 0xEB, 0xFF, 0xE1, 0xE9, 0xEB, 0xFF, 0xE1, 0xE9, 0xEB, 0xFF, 0xE1, 0xE9, 0xEB, 0xFF,
    0xE1, 0xE9, 0xEB, 0xFF, 0xE0, 0xE9, 0xE9, 0xFF, 0xE0, 0xE9, 0xE9, 0xFF, 0xE0, 0xE9, 0xEA, 0xFF,
    0xB6, 0xAE, 0xB6, 0xFF, 0x54, 0x42, 0x52, 0xFF, 0x54, 0x42, 0x52, 0xFF, 0xB5, 0xAD, 0xB5, 0xFF,
    0xB5, 0xAD, 0xB5, 0xFF, 0xE3, 0xE9, 0xED, 0xFF, 0xE2, 0xEB, 0xEB, 0xFF, 0xB5, 0xAD, 0xB5, 0xFF,
    0xB5, 0xAD, 0xB5, 0xFF, 0xB6, 0xAE, 0xB6, 0xFF, 0xB6, 0xAE, 0xB6, 0xFF, 0xB6, 0xAE, 0xB6, 0xFF,
    0xB6, 0xAE, 0xB6, 0xFF, 0xB7, 0xAF, 0xB8, 0xFF, 0x4E, 0x3D, 0x4E, 0xFF, 0x95, 0x85, 0xD2, 0xFF,
    0x95, 0x85, 0xD2, 0xFF, 0x95, 0x85, 0xD2, 0xFF, 0x54, 0x42, 0x52, 0xFF, 0x54, 0x42, 0x52, 0xFF,
    0x47, 0x36, 0x4A, 0xFF, 0xB3, 0xAB, 0xB3, 0xFF, 0xB7, 0xAF, 0xB8, 0xFF, 0xB3, 0xAB, 0xB3, 0xFF,
    0x6C, 0x5A, 0x80, 0xFF, 0x95, 0x8A, 0x97, 0xFF, 0xB0, 0xA8, 0xB0, 0xFF, 0x54, 0x42, 0x52, 0xFF,
    0x4E, 0x3D, 0x4E, 0xFF, 0x4E, 0x3D, 0x4E, 0xFF, 0x4E, 0x3D, 0x4E, 0xFF, 0x47, 0x36, 0x4A, 0xFF,
    0x00, 0x00, 0x00, 0x00, 0x00, 0x00, 0x00, 0x00, 0x00, 0x00, 0x00, 0x00, 0x00, 0x00, 0x00, 0x00,
    0x00, 0x00, 0x00, 0x00, 0x00, 0x00, 0x00, 0x00, 0x00, 0x00, 0x00, 0x00, 0x00, 0x00, 0x00, 0x00,
    0x00, 0x00, 0x00, 0x00, 0x00, 0x00, 0x00, 0x00, 0x00, 0x00, 0x00, 0x00, 0x00, 0x00, 0x00, 0x00,
    0x00, 0x00, 0x00, 0x00, 0x4E, 0x3D, 0x4E, 0xFF, 0xB4, 0xAD, 0xB3, 0xFF, 0xB3, 0xAB, 0xB3, 0xFF,
    0xB3, 0xAB, 0xB3, 0xFF, 0xB3, 0xAB, 0xB3, 0xFF, 0xB3, 0xAB, 0xB3, 0xFF, 0xB6, 0xAE, 0xB6, 0xFF,
    0x4E, 0x3D, 0x4E, 0xFF, 0xB4, 0xAD, 0xB3, 0xFF, 0xB3, 0xAB, 0xB3, 0xFF, 0xB3, 0xAB, 0xB3, 0xFF,
    0xE2, 0xEB, 0xEB, 0xFF, 0xE3, 0xE9, 0xED, 0xFF, 0xB3, 0xAB, 0xB3, 0xFF, 0xB4, 0xAD, 0xB3, 0xFF,
    0xB3, 0xAB, 0xB3, 0xFF, 0xE0, 0xE9, 0xE9, 0xFF, 0xE0, 0xE9, 0xE9, 0xFF, 0xE8, 0xEF, 0xF0, 0xFF,
    0xB7, 0xAF, 0xB8, 0xFF, 0xE0, 0xE9, 0xEA, 0xFF, 0xE0, 0xE9, 0xEA, 0xFF, 0xE1, 0xE9, 0xEB, 0xFF,
    0xE1, 0xE9, 0xEB, 0xFF, 0xE0, 0xE9, 0xE9, 0xFF, 0xE1, 0xE9, 0xEB, 0xFF, 0xB3, 0xAB, 0xB3, 0xFF,
    0xB6, 0xAE, 0xB6, 0xFF, 0xB6, 0xAE, 0xB6, 0xFF, 0x54, 0x42, 0x52, 0xFF, 0xB7, 0xAF, 0xB8, 0xFF,
    0xB7, 0xAF, 0xB8, 0xFF, 0xB0, 0xA8, 0xB0, 0xFF, 0xB7, 0xAF, 0xB8, 0xFF, 0xB6, 0xAE, 0xB6, 0xFF,
    0xB5, 0xAD, 0xB5, 0xFF, 0xB5, 0xAD, 0xB5, 0xFF, 0xB6, 0xAE, 0xB6, 0xFF, 0xB6, 0xAE, 0xB6, 0xFF,
    0xB5, 0xAD, 0xB5, 0xFF, 0xB6, 0xAE, 0xB6, 0xFF, 0x47, 0x36, 0x4A, 0xFF, 0x54, 0x42, 0x52, 0xFF,
    0x47, 0x36, 0x4A, 0xFF, 0x4E, 0x3D, 0x4E, 0xFF, 0x4E, 0x3D, 0x4E, 0xFF, 0xB7, 0xAF, 0xB8, 0xFF,
    0xB6, 0xAE, 0xB6, 0xFF, 0xB7, 0xAF, 0xB8, 0xFF, 0xB6, 0xAE, 0xB6, 0xFF, 0xB3, 0xAB, 0xB3, 0xFF,
    0x6C, 0x5A, 0x80, 0xFF, 0xB0, 0xA8, 0xB0, 0xFF, 0xB0, 0xA8, 0xB0, 0xFF, 0x54, 0x42, 0x52, 0xFF,
    0x00, 0x00, 0x00, 0x00, 0x4E, 0x3D, 0x4E, 0xFF, 0x4E, 0x3D, 0x4E, 0xFF, 0x47, 0x36, 0x4A, 0xFF,
    0x00, 0x00, 0x00, 0x00, 0x00, 0x00, 0x00, 0x00, 0x00, 0x00, 0x00, 0x00, 0x00, 0x00, 0x00, 0x00,
    0x00, 0x00, 0x00, 0x00, 0x00, 0x00, 0x00, 0x00, 0x00, 0x00, 0x00, 0x00, 0x00, 0x00, 0x00, 0x00,
    0x00, 0x00, 0x00, 0x00, 0x00, 0x00, 0x00, 0x00, 0x00, 0x00, 0x00, 0x00, 0x00, 0x00, 0x00, 0x00,
    0x00, 0x00, 0x00, 0x00, 0x4E, 0x3D, 0x4E, 0xFF, 0xB6, 0xAE, 0xB6, 0xFF, 0xB3, 0xAB, 0xB3, 0xFF,
    0xB3, 0xAB, 0xB3, 0xFF, 0xB3, 0xAB, 0xB3, 0xFF, 0xB5, 0xAD, 0xB5, 0xFF, 0xB5, 0xAD, 0xB5, 0xFF,
    0x4E, 0x3D, 0x4E, 0xFF, 0xB5, 0xAD, 0xB5, 0xFF, 0xB3, 0xAB, 0xB3, 0xFF, 0xB5, 0xAD, 0xB5, 0xFF,
    0xB4, 0xAD, 0xB3, 0xFF, 0xB0, 0xA8, 0xB0, 0xFF, 0xE8, 0xEF, 0xF0, 0xFF, 0xB5, 0xAD, 0xB5, 0xFF,
    0xB6, 0xAE, 0xB6, 0xFF, 0xB6, 0xAE, 0xB6, 0xFF, 0xB7, 0xAF, 0xB8, 0xFF, 0xB6, 0xAE, 0xB6, 0xFF,
    0xB5, 0xAD, 0xB5, 0xFF, 0xE0, 0xE7, 0xE9, 0xFF, 0xE0, 0xE9, 0xEA, 0xFF, 0xE0, 0xE9, 0xEA, 0xFF,
    0xE0, 0xE9, 0xE9, 0xFF, 0xE0, 0xE9, 0xE9, 0xFF, 0xE3, 0xE9, 0xED, 0xFF, 0xB5, 0xAD, 0xB5, 0xFF,
    0xB7, 0xAF, 0xB8, 0xFF, 0xB7, 0xAF, 0xB8, 0xFF, 0x54, 0x42, 0x52, 0xFF, 0x95, 0x8A, 0x97, 0xFF,
    0xB6, 0xAE, 0xB6, 0xFF, 0xB6, 0xAE, 0xB6, 0xFF, 0xB6, 0xAE, 0xB6, 0xFF, 0xB6, 0xAE, 0xB6, 0xFF,
    0xB7, 0xAF, 0xB8, 0xFF, 0xB7, 0xAF, 0xB8, 0xFF, 0x95, 0x8A, 0x97, 0xFF, 0xB7, 0xAF, 0xB8, 0xFF,
    0xB6, 0xAE, 0xB6, 0xFF, 0xB6, 0xAE, 0xB6, 0xFF, 0xB6, 0xAE, 0xB6, 0xFF, 0x47, 0x36, 0x4A, 0xFF,
    0x47, 0x36, 0x4A, 0xFF, 0x47, 0x36, 0x4A, 0xFF, 0x54, 0x42, 0x52, 0xFF, 0xB6, 0xAE, 0xB6, 0xFF,
    0xB5, 0xAD, 0xB5, 0xFF, 0x95, 0x8A, 0x97, 0xFF, 0xB7, 0xAF, 0xB8, 0xFF, 0x54, 0x42, 0x52, 0xFF,
    0x54, 0x42, 0x52, 0xFF, 0xB0, 0xA8, 0xB0, 0xFF, 0x54, 0x42, 0x52, 0xFF, 0x54, 0x42, 0x52, 0xFF,
    0x00, 0x00, 0x00, 0x00, 0x00, 0x00, 0x00, 0x00, 0x00, 0x00, 0x00, 0x00, 0x00, 0x00, 0x00, 0x00,
    0x00, 0x00, 0x00, 0x00, 0x00, 0x00, 0x00, 0x00, 0x00, 0x00, 0x00, 0x00, 0x00, 0x00, 0x00, 0x00,
    0x00, 0x00, 0x00, 0x00, 0x00, 0x00, 0x00, 0x00, 0x00, 0x00, 0x00, 0x00, 0x00, 0x00, 0x00, 0x00,
    0x00, 0x00, 0x00, 0x00, 0x00, 0x00, 0x00, 0x00, 0x00, 0x00, 0x00, 0x00, 0x00, 0x00, 0x00, 0x00,
    0x00, 0x00, 0x00, 0x00, 0x00, 0x00, 0x00, 0x00, 0x54, 0x42, 0x52, 0xFF, 0xB6, 0xAE, 0xB6, 0xFF,
    0xB3, 0xAB, 0xB3, 0xFF, 0xB5, 0xAD, 0xB5, 0xFF, 0xB5, 0xAD, 0xB5, 0xFF, 0xB5, 0xAD, 0xB5, 0xFF,
    0x4E, 0x3D, 0x4E, 0xFF, 0xB5, 0xAD, 0xB5, 0xFF, 0xB5, 0xAD, 0xB5, 0xFF, 0xB5, 0xAD, 0xB5, 0xFF,
    0xB5, 0xAD, 0xB5, 0xFF, 0xB0, 0xA8, 0xB0, 0xFF, 0xE8, 0xEF, 0xF0, 0xFF, 0xB7, 0xAF, 0xB8, 0xFF,
    0xB5, 0xAD, 0xB5, 0xFF, 0xB5, 0xAD, 0xB5, 0xFF, 0xB5, 0xAD, 0xB5, 0xFF, 0xB6, 0xAE, 0xB6, 0xFF,
    0xB3, 0xAB, 0xB3, 0xFF, 0xE0, 0xE7, 0xE9, 0xFF, 0xE2, 0xEB, 0xEB, 0xFF, 0xE0, 0xE9, 0xE9, 0xFF,
    0xE0, 0xE9, 0xE9, 0xFF, 0xE2, 0xEB, 0xEB, 0xFF, 0xB3, 0xAB, 0xB3, 0xFF, 0xB5, 0xAD, 0xB5, 0xFF,
    0xB7, 0xAF, 0xB8, 0xFF, 0xB7, 0xAF, 0xB8, 0xFF, 0x54, 0x42, 0x52, 0xFF, 0x95, 0x8A, 0x97, 0xFF,
    0xB7, 0xAF, 0xB8, 0xFF, 0xB7, 0xAF, 0xB8, 0xFF, 0xB7, 0xAF, 0xB8, 0xFF, 0xB7, 0xAF, 0xB8, 0xFF,
    0x95, 0x8A, 0x97, 0xFF, 0x95, 0x8A, 0x97, 0xFF, 0xB0, 0xA8, 0xB0, 0xFF, 0xE2, 0xEB, 0xEB, 0xFF,
    0xB7, 0xAF, 0xB8, 0xFF, 0xB6, 0xAE, 0xB6, 0xFF, 0xB6, 0xAE, 0xB6, 0xFF, 0xB7, 0xAF, 0xB8, 0xFF,
    0xB6, 0xAE, 0xB6, 0xFF, 0xB5, 0xAD, 0xB5, 0xFF, 0xB6, 0xAE, 0xB6, 0xFF, 0xB3, 0xAB, 0xB3, 0xFF,
    0xB7, 0xAF, 0xB8, 0xFF, 0x6C, 0x5A, 0x80, 0xFF, 0x54, 0x42, 0x52, 0xFF, 0xB0, 0xA8, 0xB0, 0xFF,
    0xB0, 0xA8, 0xB0, 0xFF, 0xB0, 0xA8, 0xB0, 0xFF, 0x54, 0x42, 0x52, 0xFF, 0x54, 0x42, 0x52, 0xFF,
    0x00, 0x00, 0x00, 0x00, 0x00, 0x00, 0x00, 0x00, 0x00, 0x00, 0x00, 0x00, 0x00, 0x00, 0x00, 0x00,
    0x00, 0x00, 0x00, 0x00, 0x00, 0x00, 0x00, 0x00, 0x00, 0x00, 0x00, 0x00, 0x00, 0x00, 0x00, 0x00,
    0x00, 0x00, 0x00, 0x00, 0x00, 0x00, 0x00, 0x00, 0x00, 0x00, 0x00, 0x00, 0x00, 0x00, 0x00, 0x00,
    0x00, 0x00, 0x00, 0x00, 0x00, 0x00, 0x00, 0x00, 0x00, 0x00, 0x00, 0x00, 0x00, 0x00, 0x00, 0x00,
    0x00, 0x00, 0x00, 0x00, 0x00, 0x00, 0x00, 0x00, 0x00, 0x00, 0x00, 0x00, 0x4E, 0x3D, 0x4E, 0xFF,
    0xB4, 0xAD, 0xB3, 0xFF, 0xB3, 0xAB, 0xB3, 0xFF, 0xB4, 0xAD, 0xB3, 0xFF, 0xB5, 0xAD, 0xB5, 0xFF,
    0xB0, 0xA8, 0xB0, 0xFF, 0x4E, 0x3D, 0x4E, 0xFF, 0xB7, 0xAF, 0xB8, 0xFF, 0xB4, 0xAD, 0xB3, 0xFF,
    0xB6, 0xAE, 0xB6, 0xFF, 0xB5, 0xAD, 0xB5, 0xFF, 0xB4, 0xAD, 0xB3, 0xFF, 0xB4, 0xAD, 0xB3, 0xFF,
    0xB0, 0xA8, 0xB0, 0xFF, 0xB6, 0xAE, 0xB6, 0xFF, 0xE8, 0xEF, 0xF0, 0xFF, 0xB5, 0xAD, 0xB5, 0xFF,
    0xE0, 0xE9, 0xE9, 0xFF, 0xE0, 0xE7, 0xE9, 0xFF, 0xDF, 0xE9, 0xEB, 0xFF, 0xE0, 0xE9, 0xE9, 0xFF,
    0xE8, 0xEF, 0xF0, 0xFF, 0xE8, 0xEF, 0xF0, 0xFF, 0xB5, 0xAD, 0xB5, 0xFF, 0xB5, 0xAD, 0xB5, 0xFF,
    0xB7, 0xAF, 0xB8, 0xFF, 0x95, 0x8A, 0x97, 0xFF, 0x54, 0x42, 0x52, 0xFF, 0x95, 0x8A, 0x97, 0xFF,
    0xB7, 0xAF, 0xB8, 0xFF, 0xB7, 0xAF, 0xB8, 0xFF, 0xB7, 0xAF, 0xB8, 0xFF, 0xB7, 0xAF, 0xB8, 0xFF,
    0x95, 0x8A, 0x97, 0xFF, 0x95, 0x8A, 0x97, 0xFF, 0xB4, 0xAD, 0xB3, 0xFF, 0xB5, 0xAD, 0xB5, 0xFF,
    0xB5, 0xAD, 0xB5, 0xFF, 0xB5, 0xAD, 0xB5, 0xFF, 0xB5, 0xAD, 0xB5, 0xFF, 0xB6, 0xAE, 0xB6, 0xFF,
    0xB5, 0xAD, 0xB5, 0xFF, 0xB6, 0xAE, 0xB6, 0xFF, 0xE2, 0xEB, 0xEB, 0xFF, 0xE8, 0xEF, 0xF0, 0xFF,
    0xB6, 0xAE, 0xB6, 0xFF, 0x6C, 0x5A, 0x80, 0xFF, 0x54, 0x42, 0x52, 0xFF, 0xB0, 0xA8, 0xB0, 0xFF,
    0xB0, 0xA8, 0xB0, 0xFF, 0x54, 0x42, 0x52, 0xFF, 0x95, 0x8A, 0x97, 0xFF, 0x95, 0x8A, 0x97, 0xFF,
    0x4E, 0x3D, 0x4E, 0xFF, 0x00, 0x00, 0x00, 0x00, 0x00, 0x00, 0x00, 0x00, 0x00, 0x00, 0x00, 0x00,
    0x00, 0x00, 0x00, 0x00, 0x00, 0x00, 0x00, 0x00, 0x00, 0x00, 0x00, 0x00, 0x00, 0x00, 0x00, 0x00,
    0x00, 0x00, 0x00, 0x00, 0x00, 0x00, 0x00, 0x00, 0x00, 0x00, 0x00, 0x00, 0x00, 0x00, 0x00, 0x00,
    0x00, 0x00, 0x00, 0x00, 0x00, 0x00, 0x00, 0x00, 0x00, 0x00, 0x00, 0x00, 0x00, 0x00, 0x00, 0x00,
    0x00, 0x00, 0x00, 0x00, 0x00, 0x00, 0x00, 0x00, 0x00, 0x00, 0x00, 0x00, 0x00, 0x00, 0x00, 0x00,
    0x4E, 0x3D, 0x4E, 0xFF, 0xB7, 0xAF, 0xB8, 0xFF, 0xB5, 0xAD, 0xB5, 0xFF, 0xB0, 0xA8, 0xB0, 0xFF,
    0x4E, 0x3D, 0x4E, 0xFF, 0x54, 0x42, 0x52, 0xFF, 0x4E, 0x3D, 0x4E, 0xFF, 0xB5, 0xAD, 0xB5, 0xFF,
    0xB5, 0xAD, 0xB5, 0xFF, 0xB6, 0xAE, 0xB6, 0xFF, 0xB6, 0xAE, 0xB6, 0xFF, 0xB3, 0xAB, 0xB3, 0xFF,
    0xE8, 0xEF, 0xF0, 0xFF, 0xB3, 0xAB, 0xB3, 0xFF, 0xB5, 0xAD, 0xB5, 0xFF, 0xB3, 0xAB, 0xB3, 0xFF,
    0xE2, 0xEB, 0xEB, 0xFF, 0xE0, 0xE7, 0xE9, 0xFF, 0xE0, 0xE9, 0xE9, 0xFF, 0xB7, 0xAF, 0xB8, 0xFF,
    0xB3, 0xAB, 0xB3, 0xFF, 0xB5, 0xAD, 0xB5, 0xFF, 0xB5, 0xAD, 0xB5, 0xFF, 0xB5, 0xAD, 0xB5, 0xFF,
    0x95, 0x8A, 0x97, 0xFF, 0x95, 0x8A, 0x97, 0xFF, 0x54, 0x42, 0x52, 0xFF, 0x95, 0x8A, 0x97, 0xFF,
    0x95, 0x8A, 0x97, 0xFF, 0x95, 0x8A, 0x97, 0xFF, 0x95, 0x8A, 0x97, 0xFF, 0x95, 0x8A, 0x97, 0xFF,
    0x95, 0x8A, 0x97, 0xFF, 0x95, 0x8A, 0x97, 0xFF, 0xB7, 0xAF, 0xB8, 0xFF, 0xB3, 0xAB, 0xB3, 0xFF,
    0xB3, 0xAB, 0xB3, 0xFF, 0xB4, 0xAD, 0xB3, 0xFF, 0xE8, 0xEF, 0xF0, 0xFF, 0xB3, 0xAB, 0xB3, 0xFF,
    0xE3, 0xE9, 0xED, 0xFF, 0xE2, 0xEB, 0xEB, 0xFF, 0xE1, 0xE9, 0xEB, 0xFF, 0xE1, 0xEA, 0xEB, 0xFF,
    0xE8, 0xEF, 0xF0, 0xFF, 0xB5, 0xAD, 0xB5, 0xFF, 0x54, 0x42, 0x52, 0xFF, 0x54, 0x42, 0x52, 0xFF,
    0x54, 0x42, 0x52, 0xFF, 0x95, 0x8A, 0x97, 0xFF, 0x95, 0x8A, 0x97, 0xFF, 0x95, 0x8A, 0x97, 0xFF,
    0xB0, 0xA8, 0xB0, 0xFF, 0x4E, 0x3D, 0x4E, 0xFF, 0x00, 0x00, 0x00, 0x00, 0x00, 0x00, 0x00, 0x00,
    0x00, 0x00, 0x00, 0x00, 0x00, 0x00, 0x00, 0x00, 0x00, 0x00, 0x00, 0x00, 0x00, 0x00, 0x00, 0x00,
    0x00, 0x00, 0x00, 0x00, 0x00, 0x00, 0x00, 0x00, 0x00, 0x00, 0x00, 0x00, 0x00, 0x00, 0x00, 0x00,
    0x00, 0x00, 0x00, 0x00, 0x00, 0x00, 0x00, 0x00, 0x00, 0x00, 0x00, 0x00, 0x00, 0x00, 0x00, 0x00,
    0x00, 0x00, 0x00, 0x00, 0x00, 0x00, 0x00, 0x00, 0x00, 0x00, 0x00, 0x00, 0x00, 0x00, 0x00, 0x00,
    0x00, 0x00, 0x00, 0x00, 0x47, 0x36, 0x4A, 0xFF, 0x47, 0x36, 0x4A, 0xFF, 0x54, 0x42, 0x52, 0xFF,
    0x00, 0x00, 0x00, 0x00, 0x00, 0x00, 0x00, 0x00, 0x54, 0x42, 0x52, 0xFF, 0xB4, 0xAD, 0xB3, 0xFF,
    0xB7, 0xAF, 0xB8, 0xFF, 0xB6, 0xAE, 0xB6, 0xFF, 0xB6, 0xAE, 0xB6, 0xFF, 0xB6, 0xAE, 0xB6, 0xFF,
    0xB5, 0xAD, 0xB5, 0xFF, 0xB3, 0xAB, 0xB3, 0xFF, 0xB5, 0xAD, 0xB5, 0xFF, 0xB6, 0xAE, 0xB6, 0xFF,
    0xB5, 0xAD, 0xB5, 0xFF, 0xE0, 0xE7, 0xE9, 0xFF, 0xB0, 0xA8, 0xB0, 0xFF, 0xB3, 0xAB, 0xB3, 0xFF,
    0xB5, 0xAD, 0xB5, 0xFF, 0xB5, 0xAD, 0xB5, 0xFF, 0xB5, 0xAD, 0xB5, 0xFF, 0xB6, 0xAE, 0xB6, 0xFF,
    0x95, 0x8A, 0x97, 0xFF, 0x54, 0x42, 0x52, 0xFF, 0x54, 0x42, 0x52, 0xFF, 0x54, 0x42, 0x52, 0xFF,
    0x95, 0x8A, 0x97, 0xFF, 0x95, 0x8A, 0x97, 0xFF, 0x95, 0x8A, 0x97, 0xFF, 0x95, 0x8A, 0x97, 0xFF,
    0x95, 0x8A, 0x97, 0xFF, 0x95, 0x8A, 0x97, 0xFF, 0x54, 0x42, 0x52, 0xFF, 0xB5, 0xAD, 0xB5, 0xFF,
    0xB5, 0xAD, 0xB5, 0xFF, 0xE0, 0xE7, 0xE9, 0xFF, 0xE0, 0xE9, 0xE9, 0xFF, 0xB0, 0xA8, 0xB0, 0xFF,
    0xE0, 0xE9, 0xE9, 0xFF, 0xE0, 0xE9, 0xEA, 0xFF, 0xE0, 0xE9, 0xE9, 0xFF, 0xE0, 0xE9, 0xEA, 0xFF,
    0xE0, 0xE7, 0xE9, 0xFF, 0xB3, 0xAB, 0xB3, 0xFF, 0x54, 0x42, 0x52, 0xFF, 0x6C, 0x5A, 0x80, 0xFF,
    0x95, 0x8A, 0x97, 0xFF, 0x95, 0x8A, 0x97, 0xFF, 0x95, 0x8A, 0x97, 0xFF, 0x95, 0x8A, 0x97, 0xFF,
    0xB0, 0xA8, 0xB0, 0xFF, 0xB0, 0xA8, 0xB0, 0xFF, 0x4E, 0x3D, 0x4E, 0xFF, 0x00, 0x00, 0x00, 0x00,
    0x00, 0x00, 0x00, 0x00, 0x00, 0x00, 0x00, 0x00, 0x00, 0x00, 0x00, 0x00, 0x00, 0x00, 0x00, 0x00,
    0x00, 0x00, 0x00, 0x00, 0x00, 0x00, 0x00, 0x00, 0x00, 0x00, 0x00, 0x00, 0x00, 0x00, 0x00, 0x00,
    0x00, 0x00, 0x00, 0x00, 0x00, 0x00, 0x00, 0x00, 0x00, 0x00, 0x00, 0x00, 0x00, 0x00, 0x00, 0x00,
    0x00, 0x00, 0x00, 0x00, 0x00, 0x00, 0x00, 0x00, 0x00, 0x00, 0x00, 0x00, 0x00, 0x00, 0x00, 0x00,
    0x00, 0x00, 0x00, 0x00, 0x00, 0x00, 0x00, 0x00, 0x00, 0x00, 0x00, 0x00, 0x00, 0x00, 0x00, 0x00,
    0x00, 0x00, 0x00, 0x00, 0x00, 0x00, 0x00, 0x00, 0x54, 0x42, 0x52, 0xFF, 0xB7, 0xAF, 0xB8, 0xFF,
    0xB5, 0xAD, 0xB5, 0xFF, 0xB6, 0xAE, 0xB6, 0xFF, 0xB6, 0xAE, 0xB6, 0xFF, 0xB6, 0xAE, 0xB6, 0xFF,
    0xB5, 0xAD, 0xB5, 0xFF, 0xB6, 0xAE, 0xB6, 0xFF, 0xB5, 0xAD, 0xB5, 0xFF, 0xB6, 0xAE, 0xB6, 0xFF,
    0xB4, 0xAD, 0xB3, 0xFF, 0xB5, 0xAD, 0xB5, 0xFF, 0xB5, 0xAD, 0xB5, 0xFF, 0xB5, 0xAD, 0xB5, 0xFF,
    0xB5, 0xAD, 0xB5, 0xFF, 0xB5, 0xAD, 0xB5, 0xFF, 0xB7, 0xAF, 0xB8, 0xFF, 0x6C, 0x5A, 0x80, 0xFF,
    0xB6, 0xAE, 0xB6, 0xFF, 0xB5, 0xAD, 0xB5, 0xFF, 0xB7, 0xAF, 0xB8, 0xFF, 0xB7, 0xAF, 0xB8, 0xFF,
    0x54, 0x42, 0x52, 0xFF, 0x54, 0x42, 0x52, 0xFF, 0x54, 0x42, 0x52, 0xFF, 0x54, 0x42, 0x52, 0xFF,
    0x54, 0x42, 0x52, 0xFF, 0x54, 0x42, 0x52, 0xFF, 0x54, 0x42, 0x52, 0xFF, 0xB5, 0xAD, 0xB5, 0xFF,
    0xB5, 0xAD, 0xB5, 0xFF, 0xE0, 0xE9, 0xE9, 0xFF, 0xE0, 0xE7, 0xE9, 0xFF, 0xE0, 0xE9, 0xE9, 0xFF,
    0xE0, 0xE9, 0xE9, 0xFF, 0xE0, 0xE9, 0xE9, 0xFF, 0xE0, 0xE9, 0xEA, 0xFF, 0xE0, 0xE9, 0xEA, 0xFF,
    0xE0, 0xE9, 0xEA, 0xFF, 0xE1, 0xE9, 0xEB, 0xFF, 0xB0, 0xA8, 0xB0, 0xFF, 0x47, 0x36, 0x4A, 0xFF,
    0x95, 0x8A, 0x97, 0xFF, 0x95, 0x8A, 0x97, 0xFF, 0x95, 0x8A, 0x97, 0xFF, 0xB0, 0xA8, 0xB0, 0xFF,
    0xB0, 0xA8, 0xB0, 0xFF, 0xB0, 0xA8, 0xB0, 0xFF, 0x4E, 0x3D, 0x4E, 0xFF, 0x00, 0x00, 0x00, 0x00,
    0x00, 0x00, 0x00, 0x00, 0x00, 0x00, 0x00, 0x00, 0x00, 0x00, 0x00, 0x00, 0x00, 0x00, 0x00, 0x00,
    0x00, 0x00, 0x00, 0x00, 0x00, 0x00, 0x00, 0x00, 0x00, 0x00, 0x00, 0x00, 0x00, 0x00, 0x00, 0x00,
    0x00, 0x00, 0x00, 0x00, 0x00, 0x00, 0x00, 0x00, 0x00, 0x00, 0x00, 0x00, 0x00, 0x00, 0x00, 0x00,
    0x00, 0x00, 0x00, 0x00, 0x00, 0x00, 0x00, 0x00, 0x00, 0x00, 0x00, 0x00, 0x00, 0x00, 0x00, 0x00,
    0x00, 0x00, 0x00, 0x00, 0x00, 0x00, 0x00, 0x00, 0x00, 0x00, 0x00, 0x00, 0x00, 0x00, 0x00, 0x00,
    0x00, 0x00, 0x00, 0x00, 0x00, 0x00, 0x00, 0x00, 0x00, 0x00, 0x00, 0x00, 0x4E, 0x3D, 0x4E, 0xFF,
    0xB7, 0xAF, 0xB8, 0xFF, 0xB6, 0xAE, 0xB6, 0xFF, 0xB6, 0xAE, 0xB6, 0xFF, 0xB6, 0xAE, 0xB6, 0xFF,
    0xB6, 0xAE, 0xB6, 0xFF, 0xB6, 0xAE, 0xB6, 0xFF, 0xB7, 0xAF, 0xB8, 0xFF, 0xB6, 0xAE, 0xB6, 0xFF,
    0xB6, 0xAE, 0xB6, 0xFF, 0xB6, 0xAE, 0xB6, 0xFF, 0xB6, 0xAE, 0xB6, 0xFF, 0xB6, 0xAE, 0xB6, 0xFF,
    0xB6, 0xAE, 0xB6, 0xFF, 0xB7, 0xAF, 0xB8, 0xFF, 0x6C, 0x5A, 0x80, 0xFF, 0xE0, 0xE7, 0xE9, 0xFF,
    0xE0, 0xE7, 0xE9, 0xFF, 0xE0, 0xE7, 0xE9, 0xFF, 0xE0, 0xE7, 0xE9, 0xFF, 0xE1, 0xE9, 0xEB, 0xFF,
    0xE0, 0xE7, 0xE9, 0xFF, 0xE3, 0xE9, 0xED, 0xFF, 0xB3, 0xAB, 0xB3, 0xFF, 0x54, 0x42, 0x52, 0xFF,
    0x54, 0x42, 0x52, 0xFF, 0x54, 0x42, 0x52, 0xFF, 0x54, 0x42, 0x52, 0xFF, 0x95, 0x8A, 0x97, 0xFF,
    0xB6, 0xAE, 0xB6, 0xFF, 0xE0, 0xE9, 0xE9, 0xFF, 0xE0, 0xE9, 0xE9, 0xFF, 0xB0, 0xA8, 0xB0, 0xFF,
    0xE0, 0xE9, 0xEA, 0xFF, 0xE0, 0xE9, 0xEA, 0xFF, 0xE0, 0xE9, 0xEA, 0xFF, 0xE0, 0xE9, 0xE9, 0xFF,
    0xE1, 0xEA, 0xEB, 0xFF, 0xE0, 0xE9, 0xE9, 0xFF, 0xE2, 0xEB, 0xEB, 0xFF, 0xB0, 0xA8, 0xB0, 0xFF,
    0x4E, 0x3D, 0x4E, 0xFF, 0x95, 0x8A, 0x97, 0xFF, 0x95, 0x8A, 0x97, 0xFF, 0x95, 0x8A, 0x97, 0xFF,
    0x95, 0x8A, 0x97, 0xFF, 0xB0, 0xA8, 0xB0, 0xFF, 0x4E, 0x3D, 0x4E, 0xFF, 0x00, 0x00, 0x00, 0x00,
    0x00, 0x00, 0x00, 0x00, 0x00, 0x00, 0x00, 0x00, 0x00, 0x00, 0x00, 0x00, 0x00, 0x00, 0x00, 0x00,
    0x00, 0x00, 0x00, 0x00, 0x00, 0x00, 0x00, 0x00, 0x00, 0x00, 0x00, 0x00, 0x00, 0x00, 0x00, 0x00,
    0x00, 0x00, 0x00, 0x00, 0x00, 0x00, 0x00, 0x00, 0x00, 0x00, 0x00, 0x00, 0x00, 0x00, 0x00, 0x00,
    0x00, 0x00, 0x00, 0x00, 0x00, 0x00, 0x00, 0x00, 0x00, 0x00, 0x00, 0x00, 0x00, 0x00, 0x00, 0x00,
    0x00, 0x00, 0x00, 0x00, 0x00, 0x00, 0x00, 0x00, 0x00, 0x00, 0x00, 0x00, 0x00, 0x00, 0x00, 0x00,
    0x00, 0x00, 0x00, 0x00, 0x00, 0x00, 0x00, 0x00, 0x00, 0x00, 0x00, 0x00, 0x00, 0x00, 0x00, 0x00,
    0x4E, 0x3D, 0x4E, 0xFF, 0x4E, 0x3D, 0x4E, 0xFF, 0xB7, 0xAF, 0xB8, 0xFF, 0xB7, 0xAF, 0xB8, 0xFF,
    0xB7, 0xAF, 0xB8, 0xFF, 0xB6, 0xAE, 0xB6, 0xFF, 0xB6, 0xAE, 0xB6, 0xFF, 0xB6, 0xAE, 0xB6, 0xFF,
    0xB6, 0xAE, 0xB6, 0xFF, 0xB6, 0xAE, 0xB6, 0xFF, 0xB6, 0xAE, 0xB6, 0xFF, 0xB7, 0xAF, 0xB8, 0xFF,
    0xB6, 0xAE, 0xB6, 0xFF, 0xB5, 0xAD, 0xB5, 0xFF, 0xB3, 0xAB, 0xB3, 0xFF, 0xE0, 0xE9, 0xE9, 0xFF,
    0xDF, 0xE9, 0xEB, 0xFF, 0xE0, 0xE9, 0xEA, 0xFF, 0xE0, 0xE9, 0xEA, 0xFF, 0xE0, 0xE9, 0xE9, 0xFF,
    0xE0, 0xE9, 0xE9, 0xFF, 0xE0, 0xE9, 0xE9, 0xFF, 0xE2, 0xEB, 0xEB, 0xFF, 0xB7, 0xAF, 0xB8, 0xFF,
    0x54, 0x42, 0x52, 0xFF, 0x00, 0x00, 0x00, 0x00, 0x00, 0x00, 0x00, 0x00, 0x54, 0x42, 0x52, 0xFF,
    0xB7, 0xAF, 0xB8, 0xFF, 0xB3, 0xAB, 0xB3, 0xFF, 0xB0, 0xA8, 0xB0, 0xFF, 0xE8, 0xEF, 0xF0, 0xFF,
    0xE0, 0xE9, 0xEA, 0xFF, 0xE0, 0xE9, 0xEA, 0xFF, 0xE0, 0xE9, 0xE9, 0xFF, 0xE2, 0xEB, 0xEB, 0xFF,
    0xE2, 0xEB, 0xEB, 0xFF, 0xE1, 0xEA, 0xEB, 0xFF, 0xE1, 0xE9, 0xEB, 0xFF, 0xE0, 0xE9, 0xE9, 0xFF,
    0xCA, 0xC7, 0xCF, 0xFF, 0x4E, 0x3D, 0x4E, 0xFF, 0x95, 0x8A, 0x97, 0xFF, 0xB0, 0xA8, 0xB0, 0xFF,
    0xB0, 0xA8, 0xB0, 0xFF, 0x95, 0x8A, 0x97, 0xFF, 0x4E, 0x3D, 0x4E, 0xFF, 0x00, 0x00, 0x00, 0x00,
    0x00, 0x00, 0x00, 0x00, 0x00, 0x00, 0x00, 0x00, 0x00, 0x00, 0x00, 0x00, 0x00, 0x00, 0x00, 0x00,
    0x00, 0x00, 0x00, 0x00, 0x00, 0x00, 0x00, 0x00, 0x00, 0x00, 0x00, 0x00, 0x00, 0x00, 0x00, 0x00,
    0x00, 0x00, 0x00, 0x00, 0x00, 0x00, 0x00, 0x00, 0x00, 0x00, 0x00, 0x00, 0x00, 0x00, 0x00, 0x00,
    0x00, 0x00, 0x00, 0x00, 0x00, 0x00, 0x00, 0x00, 0x00, 0x00, 0x00, 0x00, 0x00, 0x00, 0x00, 0x00,
    0x00, 0x00, 0x00, 0x00, 0x00, 0x00, 0x00, 0x00, 0x00, 0x00, 0x00, 0x00, 0x00, 0x00, 0x00, 0x00,
    0x00, 0x00, 0x00, 0x00, 0x00, 0x00, 0x00, 0x00, 0x00, 0x00, 0x00, 0x00, 0x00, 0x00, 0x00, 0x00,
    0x47, 0x36, 0x4A, 0xFF, 0x4E, 0x3D, 0x4E, 0xFF, 0x95, 0x8A, 0x97, 0xFF, 0xB7, 0xAF, 0xB8, 0xFF,
    0xB6, 0xAE, 0xB6, 0xFF, 0xB7, 0xAF, 0xB8, 0xFF, 0xB6, 0xAE, 0xB6, 0xFF, 0xB7, 0xAF, 0xB8, 0xFF,
    0xB7, 0xAF, 0xB8, 0xFF, 0xB6, 0xAE, 0xB6, 0xFF, 0xB6, 0xAE, 0xB6, 0xFF, 0xB6, 0xAE, 0xB6, 0xFF,
    0xB6, 0xAE, 0xB6, 0xFF, 0xB4, 0xAD, 0xB3, 0xFF, 0xE0, 0xE9, 0xE9, 0xFF, 0xE8, 0xEF, 0xF0, 0xFF,
    0xCA, 0xC7, 0xCF, 0xFF, 0xE1, 0xEA, 0xEB, 0xFF, 0xE0, 0xE9, 0xEA, 0xFF, 0xE0, 0xE7, 0xE9, 0xFF,
    0xE1, 0xE9, 0xEB, 0xFF, 0xE0, 0xE9, 0xE9, 0xFF, 0xE0, 0xE9, 0xE9, 0xFF, 0xB7, 0xAF, 0xB8, 0xFF,
    0x54, 0x42, 0x52, 0xFF, 0x00, 0x00, 0x00, 0x00, 0x00, 0x00, 0x00, 0x00, 0x4E, 0x3D, 0x4E, 0xFF,
    0xB3, 0xAB, 0xB3, 0xFF, 0xB3, 0xAB, 0xB3, 0xFF, 0xB3, 0xAB, 0xB3, 0xFF, 0xE2, 0xEB, 0xEB, 0xFF,
    0xE0, 0xE7, 0xE9, 0xFF, 0xE0, 0xE9, 0xEA, 0xFF, 0xE2, 0xEB, 0xEB, 0xFF, 0xE1, 0xEA, 0xEB, 0xFF,
    0xE2, 0xEB, 0xEB, 0xFF, 0xE2, 0xEB, 0xEB, 0xFF, 0xE0, 0xE9, 0xE9, 0xFF, 0xE0, 0xE9, 0xE9, 0xFF,
    0xE2, 0xEB, 0xEB, 0xFF, 0x4E, 0x3D, 0x4E, 0xFF, 0x95, 0x8A, 0x97, 0xFF, 0x95, 0x8A, 0x97, 0xFF,
    0xB0, 0xA8, 0xB0, 0xFF, 0x4E, 0x3D, 0x4E, 0xFF, 0x00, 0x00, 0x00, 0x00, 0x00, 0x00, 0x00, 0x00,
    0x00, 0x00, 0x00, 0x00, 0x00, 0x00, 0x00, 0x00, 0x00, 0x00, 0x00, 0x00, 0x00, 0x00, 0x00, 0x00,
    0x00, 0x00, 0x00, 0x00, 0x00, 0x00, 0x00, 0x00, 0x00, 0x00, 0x00, 0x00, 0x00, 0x00, 0x00, 0x00,
    0x00, 0x00, 0x00, 0x00, 0x00, 0x00, 0x00, 0x00, 0x00, 0x00, 0x00, 0x00, 0x00, 0x00, 0x00, 0x00,
    0x00, 0x00, 0x00, 0x00, 0x00, 0x00, 0x00, 0x00, 0x00, 0x00, 0x00, 0x00, 0x00, 0x00, 0x00, 0x00,
    0x00, 0x00, 0x00, 0x00, 0x00, 0x00, 0x00, 0x00, 0x00, 0x00, 0x00, 0x00, 0x00, 0x00, 0x00, 0x00,
    0x00, 0x00, 0x00, 0x00, 0x00, 0x00, 0x00, 0x00, 0x00, 0x00, 0x00, 0x00, 0x00, 0x00, 0x00, 0x00,
    0x00, 0x00, 0x00, 0x00, 0x00, 0x00, 0x00, 0x00, 0x4E, 0x3D, 0x4E, 0xFF, 0xB7, 0xAF, 0xB8, 0xFF,
    0xB7, 0xAF, 0xB8, 0xFF, 0xB7, 0xAF, 0xB8, 0xFF, 0xB5, 0xAD, 0xB5, 0xFF, 0xB7, 0xAF, 0xB8, 0xFF,
    0xB7, 0xAF, 0xB8, 0xFF, 0xB7, 0xAF, 0xB8, 0xFF, 0xB6, 0xAE, 0xB6, 0xFF, 0xB6, 0xAE, 0xB6, 0xFF,
    0xB6, 0xAE, 0xB6, 0xFF, 0xB5, 0xAD, 0xB5, 0xFF, 0xB3, 0xAB, 0xB3, 0xFF, 0xB3, 0xAB, 0xB3, 0xFF,
    0xE2, 0xEB, 0xEB, 0xFF, 0xE0, 0xE9, 0xE9, 0xFF, 0xE0, 0xE9, 0xE9, 0xFF, 0xE0, 0xE9, 0xE9, 0xFF,
    0xCA, 0xC7, 0xCF, 0xFF, 0xE2, 0xEB, 0xEB, 0xFF, 0xE2, 0xEB, 0xEB, 0xFF, 0x95, 0x8A, 0x97, 0xFF,
    0x54, 0x42, 0x52, 0xFF, 0x00, 0x00, 0x00, 0x00, 0x00, 0x00, 0x00, 0x00, 0x00, 0x00, 0x00, 0x00,
    0x54, 0x42, 0x52, 0xFF, 0xB3, 0xAB, 0xB3, 0xFF, 0xB6, 0xAE, 0xB6, 0xFF, 0xB3, 0xAB, 0xB3, 0xFF,
    0xB3, 0xAB, 0xB3, 0xFF, 0xB0, 0xA8, 0xB0, 0xFF, 0xE1, 0xE9, 0xEB, 0xFF, 0xE1, 0xEA, 0xEB, 0xFF,
    0xE0, 0xE9, 0xEA, 0xFF, 0xE8, 0xEF, 0xF0, 0xFF, 0xE0, 0xE9, 0xE9, 0xFF, 0xE2, 0xEB, 0xEB, 0xFF,
    0xE1, 0xEA, 0xEB, 0xFF, 0x4E, 0x3D, 0x4E, 0xFF, 0x54, 0x42, 0x52, 0xFF, 0x54, 0x42, 0x52, 0xFF,
    0x54, 0x42, 0x52, 0xFF, 0x00, 0x00, 0x00, 0x00, 0x00, 0x00, 0x00, 0x00, 0x00, 0x00, 0x00, 0x00,
    0x00, 0x00, 0x00, 0x00, 0x00, 0x00, 0x00, 0x00, 0x00, 0x00, 0x00, 0x00, 0x00, 0x00, 0x00, 0x00,
    0x00, 0x00, 0x00, 0x00, 0x00, 0x00, 0x00, 0x00, 0x00, 0x00, 0x00, 0x00, 0x00, 0x00, 0x00, 0x00,
    0x00, 0x00, 0x00, 0x00, 0x00, 0x00, 0x00, 0x00, 0x00, 0x00, 0x00, 0x00, 0x00, 0x00, 0x00, 0x00,
    0x00, 0x00, 0x00, 0x00, 0x00, 0x00, 0x00, 0x00, 0x00, 0x00, 0x00, 0x00, 0x00, 0x00, 0x00, 0x00,
    0x00, 0x00, 0x00, 0x00, 0x00, 0x00, 0x00, 0x00, 0x00, 0x00, 0x00, 0x00, 0x00, 0x00, 0x00, 0x00,
    0x00, 0x00, 0x00, 0x00, 0x00, 0x00, 0x00, 0x00, 0x00, 0x00, 0x00, 0x00, 0x00, 0x00, 0x00, 0x00,
    0x00, 0x00, 0x00, 0x00, 0x00, 0x00, 0x00, 0x00, 0x00, 0x00, 0x00, 0x00, 0x4E, 0x3D, 0x4E, 0xFF,
    0x4E, 0x3D, 0x4E, 0xFF, 0x4E, 0x3D, 0x4E, 0xFF, 0xB7, 0xAF, 0xB8, 0xFF, 0xB7, 0xAF, 0xB8, 0xFF,
    0xB6, 0xAE, 0xB6, 0xFF, 0xB6, 0xAE, 0xB6, 0xFF, 0xB7, 0xAF, 0xB8, 0xFF, 0xB6, 0xAE, 0xB6, 0xFF,
    0xB6, 0xAE, 0xB6, 0xFF, 0xB5, 0xAD, 0xB5, 0xFF, 0xB3, 0xAB, 0xB3, 0xFF, 0xB5, 0xAD, 0xB5, 0xFF,
    0xB7, 0xAF, 0xB8, 0xFF, 0xB3, 0xAB, 0xB3, 0xFF, 0xB0, 0xA8, 0xB0, 0xFF, 0xE2, 0xEB, 0xEB, 0xFF,
    0xCA, 0xC7, 0xCF, 0xFF, 0xB0, 0xA8, 0xB0, 0xFF, 0xB5, 0xAD, 0xB5, 0xFF, 0x4E, 0x3D, 0x4E, 0xFF,
    0x00, 0x00, 0x00, 0x00, 0x00, 0x00, 0x00, 0x00, 0x00, 0x00, 0x00, 0x00, 0x00, 0x00, 0x00, 0x00,
    0x4E, 0x3D, 0x4E, 0xFF, 0xB7, 0xAF, 0xB8, 0xFF, 0xB0, 0xA8, 0xB0, 0xFF, 0xB3, 0xAB, 0xB3, 0xFF,
    0xB3, 0xAB, 0xB3, 0xFF, 0xB3, 0xAB, 0xB3, 0xFF, 0xE2, 0xEB, 0xEB, 0xFF, 0xE3, 0xE9, 0xED, 0xFF,
    0xE0, 0xE9, 0xE9, 0xFF, 0xB4, 0xAD, 0xB3, 0xFF, 0xE8, 0xEF, 0xF0, 0xFF, 0xE8, 0xEF, 0xF0, 0xFF,
    0xB5, 0xAD, 0xB5, 0xFF, 0x54, 0x42, 0x52, 0xFF, 0x00, 0x00, 0x00, 0x00, 0x00, 0x00, 0x00, 0x00,
    0x00, 0x00, 0x00, 0x00, 0x00, 0x00, 0x00, 0x00, 0x00, 0x00, 0x00, 0x00, 0x00, 0x00, 0x00, 0x00,
    0x00, 0x00, 0x00, 0x00, 0x00, 0x00, 0x00, 0x00, 0x00, 0x00, 0x00, 0x00, 0x00, 0x00, 0x00, 0x00,
    0x00, 0x00, 0x00, 0x00, 0x00, 0x00, 0x00, 0x00, 0x00, 0x00, 0x00, 0x00, 0x00, 0x00, 0x00, 0x00,
    0x00, 0x00, 0x00, 0x00, 0x00, 0x00, 0x00, 0x00, 0x00, 0x00, 0x00, 0x00, 0x00, 0x00, 0x00, 0x00,
    0x00, 0x00, 0x00, 0x00, 0x00, 0x00, 0x00, 0x00, 0x00, 0x00, 0x00, 0x00, 0x00, 0x00, 0x00, 0x00,
    0x00, 0x00, 0x00, 0x00, 0x00, 0x00, 0x00, 0x00, 0x00, 0x00, 0x00, 0x00, 0x00, 0x00, 0x00, 0x00,
    0x00, 0x00, 0x00, 0x00, 0x00, 0x00, 0x00, 0x00, 0x00, 0x00, 0x00, 0x00, 0x00, 0x00, 0x00, 0x00,
    0x00, 0x00, 0x00, 0x00, 0x00, 0x00, 0x00, 0x00, 0x00, 0x00, 0x00, 0x00, 0x00, 0x00, 0x00, 0x00,
    0x00, 0x00, 0x00, 0x00, 0x00, 0x00, 0x00, 0x00, 0x4E, 0x3D, 0x4E, 0xFF, 0x4E, 0x3D, 0x4E, 0xFF,
    0x4E, 0x3D, 0x4E, 0xFF, 0x4E, 0x3D, 0x4E, 0xFF, 0x4E, 0x3D, 0x4E, 0xFF, 0x4E, 0x3D, 0x4E, 0xFF,
    0x4E, 0x3D, 0x4E, 0xFF, 0xB6, 0xAE, 0xB6, 0xFF, 0xB5, 0xAD, 0xB5, 0xFF, 0xB7, 0xAF, 0xB8, 0xFF,
    0xB6, 0xAE, 0xB6, 0xFF, 0xB3, 0xAB, 0xB3, 0xFF, 0xB5, 0xAD, 0xB5, 0xFF, 0xB5, 0xAD, 0xB5, 0xFF,
    0xB7, 0xAF, 0xB8, 0xFF, 0xB3, 0xAB, 0xB3, 0xFF, 0xB5, 0xAD, 0xB5, 0xFF, 0x54, 0x42, 0x52, 0xFF,
    0x00, 0x00, 0x00, 0x00, 0x00, 0x00, 0x00, 0x00, 0x00, 0x00, 0x00, 0x00, 0x00, 0x00, 0x00, 0x00,
    0x00, 0x00, 0x00, 0x00, 0x47, 0x36, 0x4A, 0xFF, 0xB7, 0xAF, 0xB8, 0xFF, 0xB5, 0xAD, 0xB5, 0xFF,
    0xB5, 0xAD, 0xB5, 0xFF, 0xB5, 0xAD, 0xB5, 0xFF, 0xB6, 0xAE, 0xB6, 0xFF, 0xB3, 0xAB, 0xB3, 0xFF,
    0xE1, 0xE9, 0xEB, 0xFF, 0xB4, 0xAD, 0xB3, 0xFF, 0xB5, 0xAD, 0xB5, 0xFF, 0xB7, 0xAF, 0xB8, 0xFF,
    0xB7, 0xAF, 0xB8, 0xFF, 0x47, 0x36, 0x4A, 0xFF, 0x00, 0x00, 0x00, 0x00, 0x00, 0x00, 0x00, 0x00,
    0x00, 0x00, 0x00, 0x00, 0x00, 0x00, 0x00, 0x00, 0x00, 0x00, 0x00, 0x00, 0x00, 0x00, 0x00, 0x00,
    0x00, 0x00, 0x00, 0x00, 0x00, 0x00, 0x00, 0x00, 0x00, 0x00, 0x00, 0x00, 0x00, 0x00, 0x00, 0x00,
    0x00, 0x00, 0x00, 0x00, 0x00, 0x00, 0x00, 0x00, 0x00, 0x00, 0x00, 0x00, 0x00, 0x00, 0x00, 0x00,
    0x00, 0x00, 0x00, 0x00, 0x00, 0x00, 0x00, 0x00, 0x00, 0x00, 0x00, 0x00, 0x00, 0x00, 0x00, 0x00,
};

const lv_image_dsc_t rabbit_side_r = {
    .header.magic = LV_IMAGE_HEADER_MAGIC,
    .header.cf = LV_COLOR_FORMAT_ARGB8888,
    .header.w = 72,
    .header.h = 72,
    .header.stride = 288,
    .data_size = sizeof(rabbit_side_r_map),
    .data = rabbit_side_r_map,
};
