// 本文件由 tools/gen_game_sprites.py 自动生成，请勿手工编辑。
#include "lvgl.h"
#include "pet_game_sprites.h"

static const uint8_t spr_carrot_map[] = {
    0x00, 0x00, 0x00, 0x00, 0x00, 0x00, 0x00, 0x00, 0x00, 0x00, 0x00, 0x00, 0x00, 0x00, 0x00, 0x00,
    0x00, 0x00, 0x00, 0x00, 0x00, 0x00, 0x00, 0x00, 0x00, 0x00, 0x00, 0x00, 0x00, 0x00, 0x00, 0x00,
    0x00, 0x00, 0x00, 0x00, 0x00, 0x00, 0x00, 0x00, 0x00, 0x00, 0x00, 0x00, 0x3A, 0x8E, 0x46, 0xFF,
    0x3A, 0x8E, 0x46, 0xFF, 0x3A, 0x8E, 0x46, 0xFF, 0x00, 0x00, 0x00, 0x00, 0x00, 0x00, 0x00, 0x00,
    0x00, 0x00, 0x00, 0x00, 0x00, 0x00, 0x00, 0x00, 0x00, 0x00, 0x00, 0x00, 0x00, 0x00, 0x00, 0x00,
    0x00, 0x00, 0x00, 0x00, 0x00, 0x00, 0x00, 0x00, 0x00, 0x00, 0x00, 0x00, 0x00, 0x00, 0x00, 0x00,
    0x00, 0x00, 0x00, 0x00, 0x00, 0x00, 0x00, 0x00, 0x00, 0x00, 0x00, 0x00, 0x00, 0x00, 0x00, 0x00,
    0x00, 0x00, 0x00, 0x00, 0x00, 0x00, 0x00, 0x00, 0x50, 0xB2, 0x60, 0xFF, 0x50, 0xB2, 0x60, 0xFF,
    0x50, 0xB2, 0x60, 0xFF, 0x00, 0x00, 0x00, 0x00, 0x00, 0x00, 0x00, 0x00, 0x3A, 0x8E, 0x46, 0xFF,
    0x3A, 0x8E, 0x46, 0xFF, 0x3A, 0x8E, 0x46, 0xFF, 0x00, 0x00, 0x00, 0x00, 0x00, 0x00, 0x00, 0x00,
    0x50, 0xB2, 0x60, 0xFF, 0x50, 0xB2, 0x60, 0xFF, 0x50, 0xB2, 0x60, 0xFF, 0x00, 0x00, 0x00, 0x00,
    0x00, 0x00, 0x00, 0x00, 0x00, 0x00, 0x00, 0x00, 0x00, 0x00, 0x00, 0x00, 0x00, 0x00, 0x00, 0x00,
    0x00, 0x00, 0x00, 0x00, 0x00, 0x00, 0x00, 0x00, 0x00, 0x00, 0x00, 0x00, 0x00, 0x00, 0x00, 0x00,
    0x00, 0x00, 0x00, 0x00, 0x00, 0x00, 0x00, 0x00, 0x50, 0xB2, 0x60, 0xFF, 0x50, 0xB2, 0x60, 0xFF,
    0x50, 0xB2, 0x60, 0xFF, 0x00, 0x00, 0x00, 0x00, 0x00, 0x00, 0x00, 0x00, 0x3A, 0x8E, 0x46, 0xFF,
    0x3A, 0x8E, 0x46, 0xFF, 0x3A, 0x8E, 0x46, 0xFF, 0x00, 0x00, 0x00, 0x00, 0x00, 0x00, 0x00, 0x00,
    0x50, 0xB2, 0x60, 0xFF, 0x50, 0xB2, 0x60, 0xFF, 0x50, 0xB2, 0x60, 0xFF, 0x00, 0x00, 0x00, 0x00,
    0x00, 0x00, 0x00, 0x00, 0x00, 0x00, 0x00, 0x00, 0x00, 0x00, 0x00, 0x00, 0x00, 0x00, 0x00, 0x00,
    0x00, 0x00, 0x00, 0x00, 0x00, 0x00, 0x00, 0x00, 0x00, 0x00, 0x00, 0x00, 0x00, 0x00, 0x00, 0x00,
    0x00, 0x00, 0x00, 0x00, 0x00, 0x00, 0x00, 0x00, 0x00, 0x00, 0x00, 0x00, 0x50, 0xB2, 0x60, 0xFF,
    0x50, 0xB2, 0x60, 0xFF, 0x50, 0xB2, 0x60, 0xFF, 0x00, 0x00, 0x00, 0x00, 0x3A, 0x8E, 0x46, 0xFF,
    0x3A, 0x8E, 0x46, 0xFF, 0x3A, 0x8E, 0x46, 0xFF, 0x00, 0x00, 0x00, 0x00, 0x50, 0xB2, 0x60, 0xFF,
    0x50, 0xB2, 0x60, 0xFF, 0x50, 0xB2, 0x60, 0xFF, 0x00, 0x00, 0x00, 0x00, 0x00, 0x00, 0x00, 0x00,
    0x00, 0x00, 0x00, 0x00, 0x00, 0x00, 0x00, 0x00, 0x00, 0x00, 0x00, 0x00, 0x00, 0x00, 0x00, 0x00,
    0x00, 0x00, 0x00, 0x00, 0x00, 0x00, 0x00, 0x00, 0x00, 0x00, 0x00, 0x00, 0x00, 0x00, 0x00, 0x00,
    0x00, 0x00, 0x00, 0x00, 0x00, 0x00, 0x00, 0x00, 0x00, 0x00, 0x00, 0x00, 0x50, 0xB2, 0x60, 0xFF,
    0x50, 0xB2, 0x60, 0xFF, 0x50, 0xB2, 0x60, 0xFF, 0x00, 0x00, 0x00, 0x00, 0x3A, 0x8E, 0x46, 0xFF,
    0x3A, 0x8E, 0x46, 0xFF, 0x3A, 0x8E, 0x46, 0xFF, 0x00, 0x00, 0x00, 0x00, 0x50, 0xB2, 0x60, 0xFF,
    0x50, 0xB2, 0x60, 0xFF, 0x50, 0xB2, 0x60, 0xFF, 0x00, 0x00, 0x00, 0x00, 0x00, 0x00, 0x00, 0x00,
    0x00, 0x00, 0x00, 0x00, 0x00, 0x00, 0x00, 0x00, 0x00, 0x00, 0x00, 0x00, 0x00, 0x00, 0x00, 0x00,
    0x00, 0x00, 0x00, 0x00, 0x00, 0x00, 0x00, 0x00, 0x00, 0x00, 0x00, 0x00, 0x00, 0x00, 0x00, 0x00,
    0x00, 0x00, 0x00, 0x00, 0x00, 0x00, 0x00, 0x00, 0x00, 0x00, 0x00, 0x00, 0x50, 0xB2, 0x60, 0xFF,
    0x50, 0xB2, 0x60, 0xFF, 0x50, 0xB2, 0x60, 0xFF, 0x00, 0x00, 0x00, 0x00, 0x3A, 0x8E, 0x46, 0xFF,
    0x3A, 0x8E, 0x46, 0xFF, 0x3A, 0x8E, 0x46, 0xFF, 0x00, 0x00, 0x00, 0x00, 0x50, 0xB2, 0x60, 0xFF,
    0x50, 0xB2, 0x60, 0xFF, 0x50, 0xB2, 0x60, 0xFF, 0x00, 0x00, 0x00, 0x00, 0x00, 0x00, 0x00, 0x00,
    0x00, 0x00, 0x00, 0x00, 0x00, 0x00, 0x00, 0x00, 0x00, 0x00, 0x00, 0x00, 0x00, 0x00, 0x00, 0x00,
    0x00, 0x00, 0x00, 0x00, 0x00, 0x00, 0x00, 0x00, 0x00, 0x00, 0x00, 0x00, 0x00, 0x00, 0x00, 0x00,
    0x00, 0x00, 0x00, 0x00, 0x00, 0x00, 0x00, 0x00, 0x00, 0x00, 0x00, 0x00, 0x50, 0xB2, 0x60, 0xFF,
    0x50, 0xB2, 0x60, 0xFF, 0x50, 0xB2, 0x60, 0xFF, 0x00, 0x00, 0x00, 0x00, 0x3A, 0x8E, 0x46, 0xFF,
    0x3A, 0x8E, 0x46, 0xFF, 0x3A, 0x8E, 0x46, 0xFF, 0x00, 0x00, 0x00, 0x00, 0x50, 0xB2, 0x60, 0xFF,
    0x50, 0xB2, 0x60, 0xFF, 0x50, 0xB2, 0x60, 0xFF, 0x00, 0x00, 0x00, 0x00, 0x00, 0x00, 0x00, 0x00,
    0x00, 0x00, 0x00, 0x00, 0x00, 0x00, 0x00, 0x00, 0x00, 0x00, 0x00, 0x00, 0x00, 0x00, 0x00, 0x00,
    0x00, 0x00, 0x00, 0x00, 0x00, 0x00, 0x00, 0x00, 0x00, 0x00, 0x00, 0x00, 0x00, 0x00, 0x00, 0x00,
    0x00, 0x00, 0x00, 0x00, 0x00, 0x00, 0x00, 0x00, 0x00, 0x00, 0x00, 0x00, 0x00, 0x00, 0x00, 0x00,
    0x50, 0xB2, 0x60, 0xFF, 0x50, 0xB2, 0x60, 0xFF, 0x50, 0xB2, 0x60, 0xFF, 0x3A, 0x8E, 0x46, 0xFF,
    0x3A, 0x8E, 0x46, 0xFF, 0x3A, 0x8E, 0x46, 0xFF, 0x50, 0xB2, 0x60, 0xFF, 0x50, 0xB2, 0x60, 0xFF,
    0x50, 0xB2, 0x60, 0xFF, 0x00, 0x00, 0x00, 0x00, 0x00, 0x00, 0x00, 0x00, 0x00, 0x00, 0x00, 0x00,
    0x00, 0x00, 0x00, 0x00, 0x00, 0x00, 0x00, 0x00, 0x00, 0x00, 0x00, 0x00, 0x00, 0x00, 0x00, 0x00,
    0x00, 0x00, 0x00, 0x00, 0x00, 0x00, 0x00, 0x00, 0x00, 0x00, 0x00, 0x00, 0x00, 0x00, 0x00, 0x00,
    0x00, 0x00, 0x00, 0x00, 0x00, 0x00, 0x00, 0x00, 0x00, 0x00, 0x00, 0x00, 0x00, 0x00, 0x00, 0x00,
    0x50, 0xB2, 0x60, 0xFF, 0x50, 0xB2, 0x60, 0xFF, 0x50, 0xB2, 0x60, 0xFF, 0x00, 0x00, 0x00, 0x00,
    0x00, 0x00, 0x00, 0x00, 0x00, 0x00, 0x00, 0x00, 0x50, 0xB2, 0x60, 0xFF, 0x50, 0xB2, 0x60, 0xFF,
    0x50, 0xB2, 0x60, 0xFF, 0x00, 0x00, 0x00, 0x00, 0x00, 0x00, 0x00, 0x00, 0x00, 0x00, 0x00, 0x00,
    0x00, 0x00, 0x00, 0x00, 0x00, 0x00, 0x00, 0x00, 0x00, 0x00, 0x00, 0x00, 0x00, 0x00, 0x00, 0x00,
    0x00, 0x00, 0x00, 0x00, 0x00, 0x00, 0x00, 0x00, 0x00, 0x00, 0x00, 0x00, 0x00, 0x00, 0x00, 0x00,
    0x00, 0x00, 0x00, 0x00, 0x00, 0x00, 0x00, 0x00, 0x00, 0x00, 0x00, 0x00, 0x00, 0x00, 0x00, 0x00,
    0x00, 0x00, 0x00, 0x00, 0x00, 0x00, 0x00, 0x00, 0x00, 0x00, 0x00, 0x00, 0x00, 0x00, 0x00, 0x00,
    0x00, 0x00, 0x00, 0x00, 0x00, 0x00, 0x00, 0x00, 0x00, 0x00, 0x00, 0x00, 0x00, 0x00, 0x00, 0x00,
    0x00, 0x00, 0x00, 0x00, 0x00, 0x00, 0x00, 0x00, 0x00, 0x00, 0x00, 0x00, 0x00, 0x00, 0x00, 0x00,
    0x00, 0x00, 0x00, 0x00, 0x00, 0x00, 0x00, 0x00, 0x00, 0x00, 0x00, 0x00, 0x00, 0x00, 0x00, 0x00,
    0x00, 0x00, 0x00, 0x00, 0x00, 0x00, 0x00, 0x00, 0x00, 0x00, 0x00, 0x00, 0x00, 0x00, 0x00, 0x00,
    0x32, 0x8C, 0xF0, 0xFF, 0x32, 0x8C, 0xF0, 0xFF, 0x32, 0x8C, 0xF0, 0xFF, 0x32, 0x8C, 0xF0, 0xFF,
    0x32, 0x8C, 0xF0, 0xFF, 0x32, 0x8C, 0xF0, 0xFF, 0x32, 0x8C, 0xF0, 0xFF, 0x32, 0x8C, 0xF0, 0xFF,
    0x32, 0x8C, 0xF0, 0xFF, 0x32, 0x8C, 0xF0, 0xFF, 0x32, 0x8C, 0xF0, 0xFF, 0x32, 0x8C, 0xF0, 0xFF,
    0x32, 0x8C, 0xF0, 0xFF, 0x32, 0x8C, 0xF0, 0xFF, 0x32, 0x8C, 0xF0, 0xFF, 0x32, 0x8C, 0xF0, 0xFF,
    0x00, 0x00, 0x00, 0x00, 0x00, 0x00, 0x00, 0x00, 0x00, 0x00, 0x00, 0x00, 0x00, 0x00, 0x00, 0x00,
    0x00, 0x00, 0x00, 0x00, 0x00, 0x00, 0x00, 0x00, 0x00, 0x00, 0x00, 0x00, 0x00, 0x00, 0x00, 0x00,
    0x00, 0x00, 0x00, 0x00, 0x32, 0x8C, 0xF0, 0xFF, 0x32, 0x8C, 0xF0, 0xFF, 0x32, 0x8C, 0xF0, 0xFF,
    0x32, 0x8C, 0xF0, 0xFF, 0x32, 0x8C, 0xF0, 0xFF, 0x32, 0x8C, 0xF0, 0xFF, 0x32, 0x8C, 0xF0, 0xFF,
    0x32, 0x8C, 0xF0, 0xFF, 0x32, 0x8C, 0xF0, 0xFF, 0x32, 0x8C, 0xF0, 0xFF, 0x32, 0x8C, 0xF0, 0xFF,
    0x32, 0x8C, 0xF0, 0xFF, 0x32, 0x8C, 0xF0, 0xFF, 0x22, 0x70, 0xCE, 0xFF, 0x00, 0x00, 0x00, 0x00,
    0x00, 0x00, 0x00, 0x00, 0x00, 0x00, 0x00, 0x00, 0x00, 0x00, 0x00, 0x00, 0x00, 0x00, 0x00, 0x00,
    0x00, 0x00, 0x00, 0x00, 0x00, 0x00, 0x00, 0x00, 0x00, 0x00, 0x00, 0x00, 0x00, 0x00, 0x00, 0x00,
    0x00, 0x00, 0x00, 0x00, 0x32, 0x8C, 0xF0, 0xFF, 0x32, 0x8C, 0xF0, 0xFF, 0x32, 0x8C, 0xF0, 0xFF,
    0x32, 0x8C, 0xF0, 0xFF, 0x32, 0x8C, 0xF0, 0xFF, 0x32, 0x8C, 0xF0, 0xFF, 0x32, 0x8C, 0xF0, 0xFF,
    0x32, 0x8C, 0xF0, 0xFF, 0x32, 0x8C, 0xF0, 0xFF, 0x32, 0x8C, 0xF0, 0xFF, 0x32, 0x8C, 0xF0, 0xFF,
    0x32, 0x8C, 0xF0, 0xFF, 0x32, 0x8C, 0xF0, 0xFF, 0x22, 0x70, 0xCE, 0xFF, 0x00, 0x00, 0x00, 0x00,
    0x00, 0x00, 0x00, 0x00, 0x00, 0x00, 0x00, 0x00, 0x00, 0x00, 0x00, 0x00, 0x00, 0x00, 0x00, 0x00,
    0x00, 0x00, 0x00, 0x00, 0x00, 0x00, 0x00, 0x00, 0x00, 0x00, 0x00, 0x00, 0x00, 0x00, 0x00, 0x00,
    0x00, 0x00, 0x00, 0x00, 0x00, 0x00, 0x00, 0x00, 0x32, 0x8C, 0xF0, 0xFF, 0x32, 0x8C, 0xF0, 0xFF,
    0x32, 0x8C, 0xF0, 0xFF, 0x32, 0x8C, 0xF0, 0xFF, 0x32, 0x8C, 0xF0, 0xFF, 0x32, 0x8C, 0xF0, 0xFF,
    0x32, 0x8C, 0xF0, 0xFF, 0x32, 0x8C, 0xF0, 0xFF, 0x32, 0x8C, 0xF0, 0xFF, 0x32, 0x8C, 0xF0, 0xFF,
    0x32, 0x8C, 0xF0, 0xFF, 0x22, 0x70, 0xCE, 0xFF, 0x00, 0x00, 0x00, 0x00, 0x00, 0x00, 0x00, 0x00,
    0x00, 0x00, 0x00, 0x00, 0x00, 0x00, 0x00, 0x00, 0x00, 0x00, 0x00, 0x00, 0x00, 0x00, 0x00, 0x00,
    0x00, 0x00, 0x00, 0x00, 0x00, 0x00, 0x00, 0x00, 0x00, 0x00, 0x00, 0x00, 0x00, 0x00, 0x00, 0x00,
    0x00, 0x00, 0x00, 0x00, 0x00, 0x00, 0x00, 0x00, 0x32, 0x8C, 0xF0, 0xFF, 0x22, 0x70, 0xCE, 0xFF,
    0x22, 0x70, 0xCE, 0xFF, 0x22, 0x70, 0xCE, 0xFF, 0x22, 0x70, 0xCE, 0xFF, 0x22, 0x70, 0xCE, 0xFF,
    0x32, 0x8C, 0xF0, 0xFF, 0x32, 0x8C, 0xF0, 0xFF, 0x32, 0x8C, 0xF0, 0xFF, 0x32, 0x8C, 0xF0, 0xFF,
    0x32, 0x8C, 0xF0, 0xFF, 0x22, 0x70, 0xCE, 0xFF, 0x00, 0x00, 0x00, 0x00, 0x00, 0x00, 0x00, 0x00,
    0x00, 0x00, 0x00, 0x00, 0x00, 0x00, 0x00, 0x00, 0x00, 0x00, 0x00, 0x00, 0x00, 0x00, 0x00, 0x00,
    0x00, 0x00, 0x00, 0x00, 0x00, 0x00, 0x00, 0x00, 0x00, 0x00, 0x00, 0x00, 0x00, 0x00, 0x00, 0x00,
    0x00, 0x00, 0x00, 0x00, 0x00, 0x00, 0x00, 0x00, 0x00, 0x00, 0x00, 0x00, 0x32, 0x8C, 0xF0, 0xFF,
    0x32, 0x8C, 0xF0, 0xFF, 0x32, 0x8C, 0xF0, 0xFF, 0x32, 0x8C, 0xF0, 0xFF, 0x32, 0x8C, 0xF0, 0xFF,
    0x32, 0x8C, 0xF0, 0xFF, 0x32, 0x8C, 0xF0, 0xFF, 0x32, 0x8C, 0xF0, 0xFF, 0x32, 0x8C, 0xF0, 0xFF,
    0x22, 0x70, 0xCE, 0xFF, 0x00, 0x00, 0x00, 0x00, 0x00, 0x00, 0x00, 0x00, 0x00, 0x00, 0x00, 0x00,
    0x00, 0x00, 0x00, 0x00, 0x00, 0x00, 0x00, 0x00, 0x00, 0x00, 0x00, 0x00, 0x00, 0x00, 0x00, 0x00,
    0x00, 0x00, 0x00, 0x00, 0x00, 0x00, 0x00, 0x00, 0x00, 0x00, 0x00, 0x00, 0x00, 0x00, 0x00, 0x00,
    0x00, 0x00, 0x00, 0x00, 0x00, 0x00, 0x00, 0x00, 0x00, 0x00, 0x00, 0x00, 0x32, 0x8C, 0xF0, 0xFF,
    0x32, 0x8C, 0xF0, 0xFF, 0x32, 0x8C, 0xF0, 0xFF, 0x32, 0x8C, 0xF0, 0xFF, 0x32, 0x8C, 0xF0, 0xFF,
    0x32, 0x8C, 0xF0, 0xFF, 0x32, 0x8C, 0xF0, 0xFF, 0x32, 0x8C, 0xF0, 0xFF, 0x32, 0x8C, 0xF0, 0xFF,
    0x22, 0x70, 0xCE, 0xFF, 0x00, 0x00, 0x00, 0x00, 0x00, 0x00, 0x00, 0x00, 0x00, 0x00, 0x00, 0x00,
    0x00, 0x00, 0x00, 0x00, 0x00, 0x00, 0x00, 0x00, 0x00, 0x00, 0x00, 0x00, 0x00, 0x00, 0x00, 0x00,
    0x00, 0x00, 0x00, 0x00, 0x00, 0x00, 0x00, 0x00, 0x00, 0x00, 0x00, 0x00, 0x00, 0x00, 0x00, 0x00,
    0x00, 0x00, 0x00, 0x00, 0x00, 0x00, 0x00, 0x00, 0x00, 0x00, 0x00, 0x00, 0x00, 0x00, 0x00, 0x00,
    0x32, 0x8C, 0xF0, 0xFF, 0x32, 0x8C, 0xF0, 0xFF, 0x32, 0x8C, 0xF0, 0xFF, 0x32, 0x8C, 0xF0, 0xFF,
    0x32, 0x8C, 0xF0, 0xFF, 0x32, 0x8C, 0xF0, 0xFF, 0x32, 0x8C, 0xF0, 0xFF, 0x32, 0x8C, 0xF0, 0xFF,
    0x22, 0x70, 0xCE, 0xFF, 0x00, 0x00, 0x00, 0x00, 0x00, 0x00, 0x00, 0x00, 0x00, 0x00, 0x00, 0x00,
    0x00, 0x00, 0x00, 0x00, 0x00, 0x00, 0x00, 0x00, 0x00, 0x00, 0x00, 0x00, 0x00, 0x00, 0x00, 0x00,
    0x00, 0x00, 0x00, 0x00, 0x00, 0x00, 0x00, 0x00, 0x00, 0x00, 0x00, 0x00, 0x00, 0x00, 0x00, 0x00,
    0x00, 0x00, 0x00, 0x00, 0x00, 0x00, 0x00, 0x00, 0x00, 0x00, 0x00, 0x00, 0x22, 0x70, 0xCE, 0xFF,
    0x22, 0x70, 0xCE, 0xFF, 0x22, 0x70, 0xCE, 0xFF, 0x22, 0x70, 0xCE, 0xFF, 0x22, 0x70, 0xCE, 0xFF,
    0x32, 0x8C, 0xF0, 0xFF, 0x32, 0x8C, 0xF0, 0xFF, 0x32, 0x8C, 0xF0, 0xFF, 0x22, 0x70, 0xCE, 0xFF,
    0x00, 0x00, 0x00, 0x00, 0x00, 0x00, 0x00, 0x00, 0x00, 0x00, 0x00, 0x00, 0x00, 0x00, 0x00, 0x00,
    0x00, 0x00, 0x00, 0x00, 0x00, 0x00, 0x00, 0x00, 0x00, 0x00, 0x00, 0x00, 0x00, 0x00, 0x00, 0x00,
    0x00, 0x00, 0x00, 0x00, 0x00, 0x00, 0x00, 0x00, 0x00, 0x00, 0x00, 0x00, 0x00, 0x00, 0x00, 0x00,
    0x00, 0x00, 0x00, 0x00, 0x00, 0x00, 0x00, 0x00, 0x00, 0x00, 0x00, 0x00, 0x00, 0x00, 0x00, 0x00,
    0x00, 0x00, 0x00, 0x00, 0x32, 0x8C, 0xF0, 0xFF, 0x32, 0x8C, 0xF0, 0xFF, 0x32, 0x8C, 0xF0, 0xFF,
    0x32, 0x8C, 0xF0, 0xFF, 0x32, 0x8C, 0xF0, 0xFF, 0x32, 0x8C, 0xF0, 0xFF, 0x22, 0x70, 0xCE, 0xFF,
    0x00, 0x00, 0x00, 0x00, 0x00, 0x00, 0x00, 0x00, 0x00, 0x00, 0x00, 0x00, 0x00, 0x00, 0x00, 0x00,
    0x00, 0x00, 0x00, 0x00, 0x00, 0x00, 0x00, 0x00, 0x00, 0x00, 0x00, 0x00, 0x00, 0x00, 0x00, 0x00,
    0x00, 0x00, 0x00, 0x00, 0x00, 0x00, 0x00, 0x00, 0x00, 0x00, 0x00, 0x00, 0x00, 0x00, 0x00, 0x00,
    0x00, 0x00, 0x00, 0x00, 0x00, 0x00, 0x00, 0x00, 0x00, 0x00, 0x00, 0x00, 0x00, 0x00, 0x00, 0x00,
    0x00, 0x00, 0x00, 0x00, 0x32, 0x8C, 0xF0, 0xFF, 0x32, 0x8C, 0xF0, 0xFF, 0x32, 0x8C, 0xF0, 0xFF,
    0x32, 0x8C, 0xF0, 0xFF, 0x32, 0x8C, 0xF0, 0xFF, 0x22, 0x70, 0xCE, 0xFF, 0x00, 0x00, 0x00, 0x00,
    0x00, 0x00, 0x00, 0x00, 0x00, 0x00, 0x00, 0x00, 0x00, 0x00, 0x00, 0x00, 0x00, 0x00, 0x00, 0x00,
    0x00, 0x00, 0x00, 0x00, 0x00, 0x00, 0x00, 0x00, 0x00, 0x00, 0x00, 0x00, 0x00, 0x00, 0x00, 0x00,
    0x00, 0x00, 0x00, 0x00, 0x00, 0x00, 0x00, 0x00, 0x00, 0x00, 0x00, 0x00, 0x00, 0x00, 0x00, 0x00,
    0x00, 0x00, 0x00, 0x00, 0x00, 0x00, 0x00, 0x00, 0x00, 0x00, 0x00, 0x00, 0x00, 0x00, 0x00, 0x00,
    0x00, 0x00, 0x00, 0x00, 0x00, 0x00, 0x00, 0x00, 0x32, 0x8C, 0xF0, 0xFF, 0x32, 0x8C, 0xF0, 0xFF,
    0x32, 0x8C, 0xF0, 0xFF, 0x32, 0x8C, 0xF0, 0xFF, 0x22, 0x70, 0xCE, 0xFF, 0x00, 0x00, 0x00, 0x00,
    0x00, 0x00, 0x00, 0x00, 0x00, 0x00, 0x00, 0x00, 0x00, 0x00, 0x00, 0x00, 0x00, 0x00, 0x00, 0x00,
    0x00, 0x00, 0x00, 0x00, 0x00, 0x00, 0x00, 0x00, 0x00, 0x00, 0x00, 0x00, 0x00, 0x00, 0x00, 0x00,
    0x00, 0x00, 0x00, 0x00, 0x00, 0x00, 0x00, 0x00, 0x00, 0x00, 0x00, 0x00, 0x00, 0x00, 0x00, 0x00,
    0x00, 0x00, 0x00, 0x00, 0x00, 0x00, 0x00, 0x00, 0x00, 0x00, 0x00, 0x00, 0x22, 0x70, 0xCE, 0xFF,
    0x22, 0x70, 0xCE, 0xFF, 0x22, 0x70, 0xCE, 0xFF, 0x22, 0x70, 0xCE, 0xFF, 0x22, 0x70, 0xCE, 0xFF,
    0x32, 0x8C, 0xF0, 0xFF, 0x32, 0x8C, 0xF0, 0xFF, 0x22, 0x70, 0xCE, 0xFF, 0x00, 0x00, 0x00, 0x00,
    0x00, 0x00, 0x00, 0x00, 0x00, 0x00, 0x00, 0x00, 0x00, 0x00, 0x00, 0x00, 0x00, 0x00, 0x00, 0x00,
    0x00, 0x00, 0x00, 0x00, 0x00, 0x00, 0x00, 0x00, 0x00, 0x00, 0x00, 0x00, 0x00, 0x00, 0x00, 0x00,
    0x00, 0x00, 0x00, 0x00, 0x00, 0x00, 0x00, 0x00, 0x00, 0x00, 0x00, 0x00, 0x00, 0x00, 0x00, 0x00,
    0x00, 0x00, 0x00, 0x00, 0x00, 0x00, 0x00, 0x00, 0x00, 0x00, 0x00, 0x00, 0x00, 0x00, 0x00, 0x00,
    0x00, 0x00, 0x00, 0x00, 0x00, 0x00, 0x00, 0x00, 0x00, 0x00, 0x00, 0x00, 0x32, 0x8C, 0xF0, 0xFF,
    0x32, 0x8C, 0xF0, 0xFF, 0x22, 0x70, 0xCE, 0xFF, 0x00, 0x00, 0x00, 0x00, 0x00, 0x00, 0x00, 0x00,
    0x00, 0x00, 0x00, 0x00, 0x00, 0x00, 0x00, 0x00, 0x00, 0x00, 0x00, 0x00, 0x00, 0x00, 0x00, 0x00,
    0x00, 0x00, 0x00, 0x00, 0x00, 0x00, 0x00, 0x00, 0x00, 0x00, 0x00, 0x00, 0x00, 0x00, 0x00, 0x00,
    0x00, 0x00, 0x00, 0x00, 0x00, 0x00, 0x00, 0x00, 0x00, 0x00, 0x00, 0x00, 0x00, 0x00, 0x00, 0x00,
    0x00, 0x00, 0x00, 0x00, 0x00, 0x00, 0x00, 0x00, 0x00, 0x00, 0x00, 0x00, 0x00, 0x00, 0x00, 0x00,
    0x00, 0x00, 0x00, 0x00, 0x00, 0x00, 0x00, 0x00, 0x00, 0x00, 0x00, 0x00, 0x32, 0x8C, 0xF0, 0xFF,
    0x32, 0x8C, 0xF0, 0xFF, 0x22, 0x70, 0xCE, 0xFF, 0x00, 0x00, 0x00, 0x00, 0x00, 0x00, 0x00, 0x00,
    0x00, 0x00, 0x00, 0x00, 0x00, 0x00, 0x00, 0x00, 0x00, 0x00, 0x00, 0x00, 0x00, 0x00, 0x00, 0x00,
    0x00, 0x00, 0x00, 0x00, 0x00, 0x00, 0x00, 0x00, 0x00, 0x00, 0x00, 0x00, 0x00, 0x00, 0x00, 0x00,
    0x00, 0x00, 0x00, 0x00, 0x00, 0x00, 0x00, 0x00, 0x00, 0x00, 0x00, 0x00, 0x00, 0x00, 0x00, 0x00,
    0x00, 0x00, 0x00, 0x00, 0x00, 0x00, 0x00, 0x00, 0x00, 0x00, 0x00, 0x00, 0x00, 0x00, 0x00, 0x00,
    0x00, 0x00, 0x00, 0x00, 0x00, 0x00, 0x00, 0x00, 0x00, 0x00, 0x00, 0x00, 0x32, 0x8C, 0xF0, 0xFF,
    0x22, 0x70, 0xCE, 0xFF, 0x00, 0x00, 0x00, 0x00, 0x00, 0x00, 0x00, 0x00, 0x00, 0x00, 0x00, 0x00,
    0x00, 0x00, 0x00, 0x00, 0x00, 0x00, 0x00, 0x00, 0x00, 0x00, 0x00, 0x00, 0x00, 0x00, 0x00, 0x00,
    0x00, 0x00, 0x00, 0x00, 0x00, 0x00, 0x00, 0x00, 0x00, 0x00, 0x00, 0x00, 0x00, 0x00, 0x00, 0x00,
    0x00, 0x00, 0x00, 0x00, 0x00, 0x00, 0x00, 0x00, 0x00, 0x00, 0x00, 0x00, 0x00, 0x00, 0x00, 0x00,
    0x00, 0x00, 0x00, 0x00, 0x00, 0x00, 0x00, 0x00, 0x00, 0x00, 0x00, 0x00, 0x00, 0x00, 0x00, 0x00,
    0x00, 0x00, 0x00, 0x00, 0x00, 0x00, 0x00, 0x00, 0x00, 0x00, 0x00, 0x00, 0x32, 0x8C, 0xF0, 0xFF,
    0x22, 0x70, 0xCE, 0xFF, 0x00, 0x00, 0x00, 0x00, 0x00, 0x00, 0x00, 0x00, 0x00, 0x00, 0x00, 0x00,
    0x00, 0x00, 0x00, 0x00, 0x00, 0x00, 0x00, 0x00, 0x00, 0x00, 0x00, 0x00, 0x00, 0x00, 0x00, 0x00,
    0x00, 0x00, 0x00, 0x00, 0x00, 0x00, 0x00, 0x00, 0x00, 0x00, 0x00, 0x00, 0x00, 0x00, 0x00, 0x00,
    0x00, 0x00, 0x00, 0x00, 0x00, 0x00, 0x00, 0x00, 0x00, 0x00, 0x00, 0x00, 0x00, 0x00, 0x00, 0x00,
    0x00, 0x00, 0x00, 0x00, 0x00, 0x00, 0x00, 0x00, 0x00, 0x00, 0x00, 0x00, 0x00, 0x00, 0x00, 0x00,
    0x00, 0x00, 0x00, 0x00, 0x00, 0x00, 0x00, 0x00, 0x00, 0x00, 0x00, 0x00, 0x00, 0x00, 0x00, 0x00,
    0x00, 0x00, 0x00, 0x00, 0x00, 0x00, 0x00, 0x00, 0x00, 0x00, 0x00, 0x00, 0x00, 0x00, 0x00, 0x00,
    0x00, 0x00, 0x00, 0x00, 0x00, 0x00, 0x00, 0x00, 0x00, 0x00, 0x00, 0x00, 0x00, 0x00, 0x00, 0x00,
    0x00, 0x00, 0x00, 0x00, 0x00, 0x00, 0x00, 0x00, 0x00, 0x00, 0x00, 0x00, 0x00, 0x00, 0x00, 0x00,
    0x00, 0x00, 0x00, 0x00, 0x00, 0x00, 0x00, 0x00, 0x00, 0x00, 0x00, 0x00, 0x00, 0x00, 0x00, 0x00,
    0x00, 0x00, 0x00, 0x00, 0x00, 0x00, 0x00, 0x00, 0x00, 0x00, 0x00, 0x00, 0x00, 0x00, 0x00, 0x00,
    0x00, 0x00, 0x00, 0x00, 0x00, 0x00, 0x00, 0x00, 0x00, 0x00, 0x00, 0x00, 0x00, 0x00, 0x00, 0x00,
    0x00, 0x00, 0x00, 0x00, 0x00, 0x00, 0x00, 0x00, 0x00, 0x00, 0x00, 0x00, 0x00, 0x00, 0x00, 0x00,
    0x00, 0x00, 0x00, 0x00, 0x00, 0x00, 0x00, 0x00, 0x00, 0x00, 0x00, 0x00, 0x00, 0x00, 0x00, 0x00,
    0x00, 0x00, 0x00, 0x00, 0x00, 0x00, 0x00, 0x00, 0x00, 0x00, 0x00, 0x00, 0x00, 0x00, 0x00, 0x00,
    0x00, 0x00, 0x00, 0x00, 0x00, 0x00, 0x00, 0x00, 0x00, 0x00, 0x00, 0x00, 0x00, 0x00, 0x00, 0x00,
    0x00, 0x00, 0x00, 0x00, 0x00, 0x00, 0x00, 0x00, 0x00, 0x00, 0x00, 0x00, 0x00, 0x00, 0x00, 0x00,
    0x00, 0x00, 0x00, 0x00, 0x00, 0x00, 0x00, 0x00, 0x00, 0x00, 0x00, 0x00, 0x00, 0x00, 0x00, 0x00,
    0x00, 0x00, 0x00, 0x00, 0x00, 0x00, 0x00, 0x00, 0x00, 0x00, 0x00, 0x00, 0x00, 0x00, 0x00, 0x00,
    0x00, 0x00, 0x00, 0x00, 0x00, 0x00, 0x00, 0x00, 0x00, 0x00, 0x00, 0x00, 0x00, 0x00, 0x00, 0x00,
    0x00, 0x00, 0x00, 0x00, 0x00, 0x00, 0x00, 0x00, 0x00, 0x00, 0x00, 0x00, 0x00, 0x00, 0x00, 0x00,
    0x00, 0x00, 0x00, 0x00, 0x00, 0x00, 0x00, 0x00, 0x00, 0x00, 0x00, 0x00, 0x00, 0x00, 0x00, 0x00,
    0x00, 0x00, 0x00, 0x00, 0x00, 0x00, 0x00, 0x00, 0x00, 0x00, 0x00, 0x00, 0x00, 0x00, 0x00, 0x00,
    0x00, 0x00, 0x00, 0x00, 0x00, 0x00, 0x00, 0x00, 0x00, 0x00, 0x00, 0x00, 0x00, 0x00, 0x00, 0x00,
    0x00, 0x00, 0x00, 0x00, 0x00, 0x00, 0x00, 0x00, 0x00, 0x00, 0x00, 0x00, 0x00, 0x00, 0x00, 0x00,
    0x00, 0x00, 0x00, 0x00, 0x00, 0x00, 0x00, 0x00, 0x00, 0x00, 0x00, 0x00, 0x00, 0x00, 0x00, 0x00,
    0x00, 0x00, 0x00, 0x00, 0x00, 0x00, 0x00, 0x00, 0x00, 0x00, 0x00, 0x00, 0x00, 0x00, 0x00, 0x00,
    0x00, 0x00, 0x00, 0x00, 0x00, 0x00, 0x00, 0x00, 0x00, 0x00, 0x00, 0x00, 0x00, 0x00, 0x00, 0x00,
    0x00, 0x00, 0x00, 0x00, 0x00, 0x00, 0x00, 0x00, 0x00, 0x00, 0x00, 0x00, 0x00, 0x00, 0x00, 0x00,
    0x00, 0x00, 0x00, 0x00, 0x00, 0x00, 0x00, 0x00, 0x00, 0x00, 0x00, 0x00, 0x00, 0x00, 0x00, 0x00,
    0x00, 0x00, 0x00, 0x00, 0x00, 0x00, 0x00, 0x00, 0x00, 0x00, 0x00, 0x00, 0x00, 0x00, 0x00, 0x00,
    0x00, 0x00, 0x00, 0x00, 0x00, 0x00, 0x00, 0x00, 0x00, 0x00, 0x00, 0x00, 0x00, 0x00, 0x00, 0x00,
    0x00, 0x00, 0x00, 0x00, 0x00, 0x00, 0x00, 0x00, 0x00, 0x00, 0x00, 0x00, 0x00, 0x00, 0x00, 0x00,
};

const lv_image_dsc_t spr_carrot = {
    .header.magic = LV_IMAGE_HEADER_MAGIC,
    .header.cf = LV_COLOR_FORMAT_ARGB8888,
    .header.w = 24,
    .header.h = 32,
    .header.stride = 96,
    .data_size = sizeof(spr_carrot_map),
    .data = spr_carrot_map,

static const uint8_t spr_egg_red_map[] = {
    0x00, 0x00, 0x00, 0x00, 0x00, 0x00, 0x00, 0x00, 0x00, 0x00, 0x00, 0x00, 0x00, 0x00, 0x00, 0x00,
    0x00, 0x00, 0x00, 0x00, 0x00, 0x00, 0x00, 0x00, 0x00, 0x00, 0x00, 0x00, 0x00, 0x00, 0x00, 0x00,
    0x00, 0x00, 0x00, 0x00, 0x00, 0x00, 0x00, 0x00, 0x00, 0x00, 0x00, 0x00, 0x00, 0x00, 0x00, 0x00,
    0x00, 0x00, 0x00, 0x00, 0x00, 0x00, 0x00, 0x00, 0x00, 0x00, 0x00, 0x00, 0x00, 0x00, 0x00, 0x00,
    0x00, 0x00, 0x00, 0x00, 0x00, 0x00, 0x00, 0x00, 0x00, 0x00, 0x00, 0x00, 0x00, 0x00, 0x00, 0x00,
    0x00, 0x00, 0x00, 0x00, 0x00, 0x00, 0x00, 0x00, 0x00, 0x00, 0x00, 0x00, 0x00, 0x00, 0x00, 0x00,
    0x00, 0x00, 0x00, 0x00, 0x00, 0x00, 0x00, 0x00, 0x00, 0x00, 0x00, 0x00, 0x00, 0x00, 0x00, 0x00,
    0x00, 0x00, 0x00, 0x00, 0x00, 0x00, 0x00, 0x00, 0x00, 0x00, 0x00, 0x00, 0x00, 0x00, 0x00, 0x00,
    0x00, 0x00, 0x00, 0x00, 0x00, 0x00, 0x00, 0x00, 0x00, 0x00, 0x00, 0x00, 0x00, 0x00, 0x00, 0x00,
    0x00, 0x00, 0x00, 0x00, 0x00, 0x00, 0x00, 0x00, 0x00, 0x00, 0x00, 0x00, 0x00, 0x00, 0x00, 0x00,
    0x00, 0x00, 0x00, 0x00, 0x00, 0x00, 0x00, 0x00, 0x00, 0x00, 0x00, 0x00, 0x00, 0x00, 0x00, 0x00,
    0x00, 0x00, 0x00, 0x00, 0x00, 0x00, 0x00, 0x00, 0x00, 0x00, 0x00, 0x00, 0x00, 0x00, 0x00, 0x00,
    0x00, 0x00, 0x00, 0x00, 0x00, 0x00, 0x00, 0x00, 0x00, 0x00, 0x00, 0x00, 0x00, 0x00, 0x00, 0x00,
    0x00, 0x00, 0x00, 0x00, 0x00, 0x00, 0x00, 0x00, 0x00, 0x00, 0x00, 0x00, 0x00, 0x00, 0x00, 0x00,
    0x00, 0x00, 0x00, 0x00, 0x00, 0x00, 0x00, 0x00, 0x00, 0x00, 0x00, 0x00, 0x00, 0x00, 0x00, 0x00,
    0x00, 0x00, 0x00, 0x00, 0x00, 0x00, 0x00, 0x00, 0x00, 0x00, 0x00, 0x00, 0x00, 0x00, 0x00, 0x00,
    0x00, 0x00, 0x00, 0x00, 0x00, 0x00, 0x00, 0x00, 0x00, 0x00, 0x00, 0x00, 0x00, 0x00, 0x00, 0x00,
    0x00, 0x00, 0x00, 0x00, 0x00, 0x00, 0x00, 0x00, 0x00, 0x00, 0x00, 0x00, 0x00, 0x00, 0x00, 0x00,
    0x00, 0x00, 0x00, 0x00, 0x00, 0x00, 0x00, 0x00, 0x00, 0x00, 0x00, 0x00, 0x00, 0x00, 0x00, 0x00,
    0x00, 0x00, 0x00, 0x00, 0x00, 0x00, 0x00, 0x00, 0x00, 0x00, 0x00, 0x00, 0x00, 0x00, 0x00, 0x00,
    0x00, 0x00, 0x00, 0x00, 0x00, 0x00, 0x00, 0x00, 0x00, 0x00, 0x00, 0x00, 0x00, 0x00, 0x00, 0x00,
    0x00, 0x00, 0x00, 0x00, 0x00, 0x00, 0x00, 0x00, 0x00, 0x00, 0x00, 0x00, 0x00, 0x00, 0x00, 0x00,
    0x00, 0x00, 0x00, 0x00, 0x00, 0x00, 0x00, 0x00, 0x00, 0x00, 0x00, 0x00, 0x00, 0x00, 0x00, 0x00,
    0x00, 0x00, 0x00, 0x00, 0x00, 0x00, 0x00, 0x00, 0x00, 0x00, 0x00, 0x00, 0x00, 0x00, 0x00, 0x00,
    0x00, 0x00, 0x00, 0x00, 0x00, 0x00, 0x00, 0x00, 0x00, 0x00, 0x00, 0x00, 0x00, 0x00, 0x00, 0x00,
    0x00, 0x00, 0x00, 0x00, 0x00, 0x00, 0x00, 0x00, 0x00, 0x00, 0x00, 0x00, 0x00, 0x00, 0x00, 0x00,
    0x00, 0x00, 0x00, 0x00, 0x00, 0x00, 0x00, 0x00, 0x00, 0x00, 0x00, 0x00, 0x00, 0x00, 0x00, 0x00,
    0x00, 0x00, 0x00, 0x00, 0x00, 0x00, 0x00, 0x00, 0x00, 0x00, 0x00, 0x00, 0x00, 0x00, 0x00, 0x00,
    0x00, 0x00, 0x00, 0x00, 0x00, 0x00, 0x00, 0x00, 0x00, 0x00, 0x00, 0x00, 0x00, 0x00, 0x00, 0x00,
    0x00, 0x00, 0x00, 0x00, 0x00, 0x00, 0x00, 0x00, 0x00, 0x00, 0x00, 0x00, 0x00, 0x00, 0x00, 0x00,
    0x00, 0x00, 0x00, 0x00, 0x00, 0x00, 0x00, 0x00, 0x00, 0x00, 0x00, 0x00, 0x00, 0x00, 0x00, 0x00,
    0x00, 0x00, 0x00, 0x00, 0x00, 0x00, 0x00, 0x00, 0x00, 0x00, 0x00, 0x00, 0x00, 0x00, 0x00, 0x00,
    0x00, 0x00, 0x00, 0x00, 0x00, 0x00, 0x00, 0x00, 0x00, 0x00, 0x00, 0x00, 0x00, 0x00, 0x00, 0x00,
    0x00, 0x00, 0x00, 0x00, 0x00, 0x00, 0x00, 0x00, 0x00, 0x00, 0x00, 0x00, 0x00, 0x00, 0x00, 0x00,
    0x00, 0x00, 0x00, 0x00, 0x00, 0x00, 0x00, 0x00, 0x00, 0x00, 0x00, 0x00, 0x00, 0x00, 0x00, 0x00,
    0x00, 0x00, 0x00, 0x00, 0x00, 0x00, 0x00, 0x00, 0x00, 0x00, 0x00, 0x00, 0x00, 0x00, 0x00, 0x00,
    0x00, 0x00, 0x00, 0x00, 0x00, 0x00, 0x00, 0x00, 0x00, 0x00, 0x00, 0x00, 0x00, 0x00, 0x00, 0x00,
    0x00, 0x00, 0x00, 0x00, 0x00, 0x00, 0x00, 0x00, 0x00, 0x00, 0x00, 0x00, 0x00, 0x00, 0x00, 0x00,
    0x00, 0x00, 0x00, 0x00, 0x00, 0x00, 0x00, 0x00, 0x00, 0x00, 0x00, 0x00, 0x00, 0x00, 0x00, 0x00,
    0x00, 0x00, 0x00, 0x00, 0x00, 0x00, 0x00, 0x00, 0x00, 0x00, 0x00, 0x00, 0x00, 0x00, 0x00, 0x00,
    0x00, 0x00, 0x00, 0x00, 0x00, 0x00, 0x00, 0x00, 0x00, 0x00, 0x00, 0x00, 0x00, 0x00, 0x00, 0x00,
    0x00, 0x00, 0x00, 0x00, 0x00, 0x00, 0x00, 0x00, 0x00, 0x00, 0x00, 0x00, 0x00, 0x00, 0x00, 0x00,
    0x00, 0x00, 0x00, 0x00, 0x00, 0x00, 0x00, 0x00, 0x00, 0x00, 0x00, 0x00, 0x00, 0x00, 0x00, 0x00,
    0x00, 0x00, 0x00, 0x00, 0x00, 0x00, 0x00, 0x00, 0x00, 0x00, 0x00, 0x00, 0x00, 0x00, 0x00, 0x00,
    0x00, 0x00, 0x00, 0x00, 0x00, 0x00, 0x00, 0x00, 0x00, 0x00, 0x00, 0x00, 0x00, 0x00, 0x00, 0x00,
    0x00, 0x00, 0x00, 0x00, 0x00, 0x00, 0x00, 0x00, 0x00, 0x00, 0x00, 0x00, 0x00, 0x00, 0x00, 0x00,
    0x00, 0x00, 0x00, 0x00, 0x00, 0x00, 0x00, 0x00, 0x00, 0x00, 0x00, 0x00, 0x00, 0x00, 0x00, 0x00,
    0x00, 0x00, 0x00, 0x00, 0x00, 0x00, 0x00, 0x00, 0x00, 0x00, 0x00, 0x00, 0x00, 0x00, 0x00, 0x00,
    0x00, 0x00, 0x00, 0x00, 0x00, 0x00, 0x00, 0x00, 0x00, 0x00, 0x00, 0x00, 0x00, 0x00, 0x00, 0x00,
    0x00, 0x00, 0x00, 0x00, 0x00, 0x00, 0x00, 0x00, 0x00, 0x00, 0x00, 0x00, 0x00, 0x00, 0x00, 0x00,
    0x00, 0x00, 0x00, 0x00, 0x00, 0x00, 0x00, 0x00, 0x00, 0x00, 0x00, 0x00, 0x00, 0x00, 0x00, 0x00,
    0x00, 0x00, 0x00, 0x00, 0x00, 0x00, 0x00, 0x00, 0x00, 0x00, 0x00, 0x00, 0x00, 0x00, 0x00, 0x00,
    0x00, 0x00, 0x00, 0x00, 0x00, 0x00, 0x00, 0x00, 0x00, 0x00, 0x00, 0x00, 0x00, 0x00, 0x00, 0x00,
    0x00, 0x00, 0x00, 0x00, 0x00, 0x00, 0x00, 0x00, 0x00, 0x00, 0x00, 0x00, 0x00, 0x00, 0x00, 0x00,
    0x00, 0x00, 0x00, 0x00, 0x00, 0x00, 0x00, 0x00, 0x00, 0x00, 0x00, 0x00, 0x00, 0x00, 0x00, 0x00,
    0x00, 0x00, 0x00, 0x00, 0x00, 0x00, 0x00, 0x00, 0x00, 0x00, 0x00, 0x00, 0x00, 0x00, 0x00, 0x00,
    0x00, 0x00, 0x00, 0x00, 0x00, 0x00, 0x00, 0x00, 0x00, 0x00, 0x00, 0x00, 0x00, 0x00, 0x00, 0x00,
    0x00, 0x00, 0x00, 0x00, 0x00, 0x00, 0x00, 0x00, 0x00, 0x00, 0x00, 0x00, 0x00, 0x00, 0x00, 0x00,
    0x00, 0x00, 0x00, 0x00, 0x00, 0x00, 0x00, 0x00, 0x00, 0x00, 0x00, 0x00, 0x00, 0x00, 0x00, 0x00,
    0x00, 0x00, 0x00, 0x00, 0x00, 0x00, 0x00, 0x00, 0x00, 0x00, 0x00, 0x00, 0x00, 0x00, 0x00, 0x00,
    0x00, 0x00, 0x00, 0x00, 0x00, 0x00, 0x00, 0x00, 0x00, 0x00, 0x00, 0x00, 0x00, 0x00, 0x00, 0x00,
    0x00, 0x00, 0x00, 0x00, 0x00, 0x00, 0x00, 0x00, 0x00, 0x00, 0x00, 0x00, 0x00, 0x00, 0x00, 0x00,
    0x00, 0x00, 0x00, 0x00, 0x00, 0x00, 0x00, 0x00, 0x00, 0x00, 0x00, 0x00, 0x00, 0x00, 0x00, 0x00,
    0x00, 0x00, 0x00, 0x00, 0x00, 0x00, 0x00, 0x00, 0x00, 0x00, 0x00, 0x00, 0x00, 0x00, 0x00, 0x00,
    0x00, 0x00, 0x00, 0x00, 0x00, 0x00, 0x00, 0x00, 0x00, 0x00, 0x00, 0x00, 0x00, 0x00, 0x00, 0x00,
    0x00, 0x00, 0x00, 0x00, 0x00, 0x00, 0x00, 0x00, 0x00, 0x00, 0x00, 0x00, 0x00, 0x00, 0x00, 0x00,
    0x00, 0x00, 0x00, 0x00, 0x00, 0x00, 0x00, 0x00, 0x00, 0x00, 0x00, 0x00, 0x00, 0x00, 0x00, 0x00,
    0x00, 0x00, 0x00, 0x00, 0x00, 0x00, 0x00, 0x00, 0x00, 0x00, 0x00, 0x00, 0x00, 0x00, 0x00, 0x00,
    0x00, 0x00, 0x00, 0x00, 0x00, 0x00, 0x00, 0x00, 0x00, 0x00, 0x00, 0x00, 0x00, 0x00, 0x00, 0x00,
    0x00, 0x00, 0x00, 0x00, 0x00, 0x00, 0x00, 0x00, 0x00, 0x00, 0x00, 0x00, 0x00, 0x00, 0x00, 0x00,
    0x00, 0x00, 0x00, 0x00, 0x00, 0x00, 0x00, 0x00, 0x00, 0x00, 0x00, 0x00, 0x00, 0x00, 0x00, 0x00,
    0x00, 0x00, 0x00, 0x00, 0x00, 0x00, 0x00, 0x00, 0x00, 0x00, 0x00, 0x00, 0x00, 0x00, 0x00, 0x00,
    0x00, 0x00, 0x00, 0x00, 0x00, 0x00, 0x00, 0x00, 0x00, 0x00, 0x00, 0x00, 0x00, 0x00, 0x00, 0x00,
    0x00, 0x00, 0x00, 0x00, 0x00, 0x00, 0x00, 0x00, 0x00, 0x00, 0x00, 0x00, 0x00, 0x00, 0x00, 0x00,
    0x00, 0x00, 0x00, 0x00, 0x00, 0x00, 0x00, 0x00, 0x00, 0x00, 0x00, 0x00, 0x00, 0x00, 0x00, 0x00,
    0x00, 0x00, 0x00, 0x00, 0x00, 0x00, 0x00, 0x00, 0x00, 0x00, 0x00, 0x00, 0x00, 0x00, 0x00, 0x00,
    0x00, 0x00, 0x00, 0x00, 0x00, 0x00, 0x00, 0x00, 0x00, 0x00, 0x00, 0x00, 0x00, 0x00, 0x00, 0x00,
    0x00, 0x00, 0x00, 0x00, 0x20, 0x00, 0x9A, 0xFF, 0x20, 0x00, 0x9A, 0xFF, 0x20, 0x00, 0x9A, 0xFF,
    0x20, 0x00, 0x9A, 0xFF, 0x20, 0x00, 0x9A, 0xFF, 0x20, 0x00, 0x9A, 0xFF, 0x20, 0x00, 0x9A, 0xFF,
    0x00, 0x00, 0x00, 0x00, 0x00, 0x00, 0x00, 0x00, 0x00, 0x00, 0x00, 0x00, 0x00, 0x00, 0x00, 0x00,
    0x00, 0x00, 0x00, 0x00, 0x00, 0x00, 0x00, 0x00, 0x00, 0x00, 0x00, 0x00, 0x00, 0x00, 0x00, 0x00,
    0x00, 0x00, 0x00, 0x00, 0x00, 0x00, 0x00, 0x00, 0x00, 0x00, 0x00, 0x00, 0x00, 0x00, 0x00, 0x00,
    0x00, 0x00, 0x00, 0x00, 0x00, 0x00, 0x00, 0x00, 0x00, 0x00, 0x00, 0x00, 0x00, 0x00, 0x00, 0x00,
    0x00, 0x00, 0x00, 0x00, 0x00, 0x00, 0x00, 0x00, 0x00, 0x00, 0x00, 0x00, 0x00, 0x00, 0x00, 0x00,
    0x00, 0x00, 0x00, 0x00, 0x00, 0x00, 0x00, 0x00, 0x00, 0x00, 0x00, 0x00, 0x00, 0x00, 0x00, 0x00,
    0x00, 0x00, 0x00, 0x00, 0x00, 0x00, 0x00, 0x00, 0x00, 0x00, 0x00, 0x00, 0x00, 0x00, 0x00, 0x00,
    0x00, 0x00, 0x00, 0x00, 0x00, 0x00, 0x00, 0x00, 0x00, 0x00, 0x00, 0x00, 0x00, 0x00, 0x00, 0x00,
    0x00, 0x00, 0x00, 0x00, 0x00, 0x00, 0x00, 0x00, 0x00, 0x00, 0x00, 0x00, 0x00, 0x00, 0x00, 0x00,
    0x00, 0x00, 0x00, 0x00, 0x00, 0x00, 0x00, 0x00, 0x00, 0x00, 0x00, 0x00, 0x20, 0x00, 0x9A, 0xFF,
    0x20, 0x00, 0x9A, 0xFF, 0x20, 0x00, 0x9A, 0xFF, 0x20, 0x00, 0x9A, 0xFF, 0x20, 0x00, 0x9A, 0xFF,
    0x20, 0x00, 0x9A, 0xFF, 0x20, 0x00, 0x9A, 0xFF, 0x20, 0x00, 0x9A, 0xFF, 0x20, 0x00, 0x9A, 0xFF,
    0x20, 0x00, 0x9A, 0xFF, 0x20, 0x00, 0x9A, 0xFF, 0x00, 0x00, 0x00, 0x00, 0x00, 0x00, 0x00, 0x00,
    0x00, 0x00, 0x00, 0x00, 0x00, 0x00, 0x00, 0x00, 0x00, 0x00, 0x00, 0x00, 0x00, 0x00, 0x00, 0x00,
    0x00, 0x00, 0x00, 0x00, 0x00, 0x00, 0x00, 0x00, 0x00, 0x00, 0x00, 0x00, 0x00, 0x00, 0x00, 0x00,
    0x00, 0x00, 0x00, 0x00, 0x00, 0x00, 0x00, 0x00, 0x00, 0x00, 0x00, 0x00, 0x00, 0x00, 0x00, 0x00,
    0x00, 0x00, 0x00, 0x00, 0x00, 0x00, 0x00, 0x00, 0x00, 0x00, 0x00, 0x00, 0x00, 0x00, 0x00, 0x00,
    0x00, 0x00, 0x00, 0x00, 0x00, 0x00, 0x00, 0x00, 0x00, 0x00, 0x00, 0x00, 0x00, 0x00, 0x00, 0x00,
    0x00, 0x00, 0x00, 0x00, 0x00, 0x00, 0x00, 0x00, 0x00, 0x00, 0x00, 0x00, 0x00, 0x00, 0x00, 0x00,
    0x00, 0x00, 0x00, 0x00, 0x00, 0x00, 0x00, 0x00, 0x00, 0x00, 0x00, 0x00, 0x00, 0x00, 0x00, 0x00,
    0x00, 0x00, 0x00, 0x00, 0x00, 0x00, 0x00, 0x00, 0x00, 0x00, 0x00, 0x00, 0x00, 0x00, 0x00, 0x00,
    0x00, 0x00, 0x00, 0x00, 0x20, 0x00, 0x9A, 0xFF, 0x20, 0x00, 0x9A, 0xFF, 0x20, 0x00, 0x9A, 0xFF,
    0x20, 0x00, 0x9A, 0xFF, 0x5C, 0x28, 0xD6, 0xFF, 0x5C, 0x28, 0xD6, 0xFF, 0x5C, 0x28, 0xD6, 0xFF,
    0x5C, 0x28, 0xD6, 0xFF, 0x5C, 0x28, 0xD6, 0xFF, 0x5C, 0x28, 0xD6, 0xFF, 0x5C, 0x28, 0xD6, 0xFF,
    0x20, 0x00, 0x9A, 0xFF, 0x20, 0x00, 0x9A, 0xFF, 0x20, 0x00, 0x9A, 0xFF, 0x20, 0x00, 0x9A, 0xFF,
    0x00, 0x00, 0x00, 0x00, 0x00, 0x00, 0x00, 0x00, 0x00, 0x00, 0x00, 0x00, 0x00, 0x00, 0x00, 0x00,
    0x00, 0x00, 0x00, 0x00, 0x00, 0x00, 0x00, 0x00, 0x00, 0x00, 0x00, 0x00, 0x00, 0x00, 0x00, 0x00,
    0x00, 0x00, 0x00, 0x00, 0x00, 0x00, 0x00, 0x00, 0x00, 0x00, 0x00, 0x00, 0x00, 0x00, 0x00, 0x00,
    0x00, 0x00, 0x00, 0x00, 0x00, 0x00, 0x00, 0x00, 0x00, 0x00, 0x00, 0x00, 0x00, 0x00, 0x00, 0x00,
    0x00, 0x00, 0x00, 0x00, 0x00, 0x00, 0x00, 0x00, 0x00, 0x00, 0x00, 0x00, 0x00, 0x00, 0x00, 0x00,
    0x00, 0x00, 0x00, 0x00, 0x00, 0x00, 0x00, 0x00, 0x00, 0x00, 0x00, 0x00, 0x00, 0x00, 0x00, 0x00,
    0x00, 0x00, 0x00, 0x00, 0x00, 0x00, 0x00, 0x00, 0x00, 0x00, 0x00, 0x00, 0x00, 0x00, 0x00, 0x00,
    0x00, 0x00, 0x00, 0x00, 0x00, 0x00, 0x00, 0x00, 0x00, 0x00, 0x00, 0x00, 0x00, 0x00, 0x00, 0x00,
    0x20, 0x00, 0x9A, 0xFF, 0x20, 0x00, 0x9A, 0xFF, 0x20, 0x00, 0x9A, 0xFF, 0x5C, 0x28, 0xD6, 0xFF,
    0x5C, 0x28, 0xD6, 0xFF, 0x5C, 0x28, 0xD6, 0xFF, 0x5C, 0x28, 0xD6, 0xFF, 0x5C, 0x28, 0xD6, 0xFF,
    0x5C, 0x28, 0xD6, 0xFF, 0x5C, 0x28, 0xD6, 0xFF, 0x5C, 0x28, 0xD6, 0xFF, 0x5C, 0x28, 0xD6, 0xFF,
    0x5C, 0x28, 0xD6, 0xFF, 0x5C, 0x28, 0xD6, 0xFF, 0x20, 0x00, 0x9A, 0xFF, 0x20, 0x00, 0x9A, 0xFF,
    0x20, 0x00, 0x9A, 0xFF, 0x00, 0x00, 0x00, 0x00, 0x00, 0x00, 0x00, 0x00, 0x00, 0x00, 0x00, 0x00,
    0x00, 0x00, 0x00, 0x00, 0x00, 0x00, 0x00, 0x00, 0x00, 0x00, 0x00, 0x00, 0x00, 0x00, 0x00, 0x00,
    0x00, 0x00, 0x00, 0x00, 0x00, 0x00, 0x00, 0x00, 0x00, 0x00, 0x00, 0x00, 0x00, 0x00, 0x00, 0x00,
    0x00, 0x00, 0x00, 0x00, 0x00, 0x00, 0x00, 0x00, 0x00, 0x00, 0x00, 0x00, 0x00, 0x00, 0x00, 0x00,
    0x00, 0x00, 0x00, 0x00, 0x00, 0x00, 0x00, 0x00, 0x00, 0x00, 0x00, 0x00, 0x00, 0x00, 0x00, 0x00,
    0x00, 0x00, 0x00, 0x00, 0x00, 0x00, 0x00, 0x00, 0x00, 0x00, 0x00, 0x00, 0x00, 0x00, 0x00, 0x00,
    0x00, 0x00, 0x00, 0x00, 0x00, 0x00, 0x00, 0x00, 0x00, 0x00, 0x00, 0x00, 0x00, 0x00, 0x00, 0x00,
    0x00, 0x00, 0x00, 0x00, 0x00, 0x00, 0x00, 0x00, 0x00, 0x00, 0x00, 0x00, 0x20, 0x00, 0x9A, 0xFF,
    0x20, 0x00, 0x9A, 0xFF, 0x5C, 0x28, 0xD6, 0xFF, 0x5C, 0x28, 0xD6, 0xFF, 0x5C, 0x28, 0xD6, 0xFF,
    0x5C, 0x28, 0xD6, 0xFF, 0x5C, 0x28, 0xD6, 0xFF, 0x5C, 0x28, 0xD6, 0xFF, 0x5C, 0x28, 0xD6, 0xFF,
    0x5C, 0x28, 0xD6, 0xFF, 0x5C, 0x28, 0xD6, 0xFF, 0x5C, 0x28, 0xD6, 0xFF, 0x5C, 0x28, 0xD6, 0xFF,
    0x5C, 0x28, 0xD6, 0xFF, 0x5C, 0x28, 0xD6, 0xFF, 0x5C, 0x28, 0xD6, 0xFF, 0x5C, 0x28, 0xD6, 0xFF,
    0x20, 0x00, 0x9A, 0xFF, 0x20, 0x00, 0x9A, 0xFF, 0x00, 0x00, 0x00, 0x00, 0x00, 0x00, 0x00, 0x00,
    0x00, 0x00, 0x00, 0x00, 0x00, 0x00, 0x00, 0x00, 0x00, 0x00, 0x00, 0x00, 0x00, 0x00, 0x00, 0x00,
    0x00, 0x00, 0x00, 0x00, 0x00, 0x00, 0x00, 0x00, 0x00, 0x00, 0x00, 0x00, 0x00, 0x00, 0x00, 0x00,
    0x00, 0x00, 0x00, 0x00, 0x00, 0x00, 0x00, 0x00, 0x00, 0x00, 0x00, 0x00, 0x00, 0x00, 0x00, 0x00,
    0x00, 0x00, 0x00, 0x00, 0x00, 0x00, 0x00, 0x00, 0x00, 0x00, 0x00, 0x00, 0x00, 0x00, 0x00, 0x00,
    0x00, 0x00, 0x00, 0x00, 0x00, 0x00, 0x00, 0x00, 0x00, 0x00, 0x00, 0x00, 0x00, 0x00, 0x00, 0x00,
    0x00, 0x00, 0x00, 0x00, 0x00, 0x00, 0x00, 0x00, 0x00, 0x00, 0x00, 0x00, 0x00, 0x00, 0x00, 0x00,
    0x00, 0x00, 0x00, 0x00, 0x00, 0x00, 0x00, 0x00, 0x20, 0x00, 0x9A, 0xFF, 0x20, 0x00, 0x9A, 0xFF,
    0x5C, 0x28, 0xD6, 0xFF, 0x5C, 0x28, 0xD6, 0xFF, 0x89, 0x55, 0xFF, 0xFF, 0x89, 0x55, 0xFF, 0xFF,
    0x89, 0x55, 0xFF, 0xFF, 0x5C, 0x28, 0xD6, 0xFF, 0x5C, 0x28, 0xD6, 0xFF, 0x5C, 0x28, 0xD6, 0xFF,
    0x5C, 0x28, 0xD6, 0xFF, 0x5C, 0x28, 0xD6, 0xFF, 0x5C, 0x28, 0xD6, 0xFF, 0x5C, 0x28, 0xD6, 0xFF,
    0x5C, 0x28, 0xD6, 0xFF, 0x5C, 0x28, 0xD6, 0xFF, 0x5C, 0x28, 0xD6, 0xFF, 0x5C, 0x28, 0xD6, 0xFF,
    0x5C, 0x28, 0xD6, 0xFF, 0x20, 0x00, 0x9A, 0xFF, 0x20, 0x00, 0x9A, 0xFF, 0x00, 0x00, 0x00, 0x00,
    0x00, 0x00, 0x00, 0x00, 0x00, 0x00, 0x00, 0x00, 0x00, 0x00, 0x00, 0x00, 0x00, 0x00, 0x00, 0x00,
    0x00, 0x00, 0x00, 0x00, 0x00, 0x00, 0x00, 0x00, 0x00, 0x00, 0x00, 0x00, 0x00, 0x00, 0x00, 0x00,
    0x00, 0x00, 0x00, 0x00, 0x00, 0x00, 0x00, 0x00, 0x00, 0x00, 0x00, 0x00, 0x00, 0x00, 0x00, 0x00,
    0x00, 0x00, 0x00, 0x00, 0x00, 0x00, 0x00, 0x00, 0x00, 0x00, 0x00, 0x00, 0x00, 0x00, 0x00, 0x00,
    0x00, 0x00, 0x00, 0x00, 0x00, 0x00, 0x00, 0x00, 0x00, 0x00, 0x00, 0x00, 0x00, 0x00, 0x00, 0x00,
    0x00, 0x00, 0x00, 0x00, 0x00, 0x00, 0x00, 0x00, 0x00, 0x00, 0x00, 0x00, 0x00, 0x00, 0x00, 0x00,
    0x00, 0x00, 0x00, 0x00, 0x20, 0x00, 0x9A, 0xFF, 0x20, 0x00, 0x9A, 0xFF, 0x5C, 0x28, 0xD6, 0xFF,
    0x5C, 0x28, 0xD6, 0xFF, 0x89, 0x55, 0xFF, 0xFF, 0x89, 0x55, 0xFF, 0xFF, 0x89, 0x55, 0xFF, 0xFF,
    0x89, 0x55, 0xFF, 0xFF, 0x89, 0x55, 0xFF, 0xFF, 0x5C, 0x28, 0xD6, 0xFF, 0x5C, 0x28, 0xD6, 0xFF,
    0x5C, 0x28, 0xD6, 0xFF, 0x5C, 0x28, 0xD6, 0xFF, 0x89, 0x55, 0xFF, 0xFF, 0x5C, 0x28, 0xD6, 0xFF,
    0x5C, 0x28, 0xD6, 0xFF, 0x5C, 0x28, 0xD6, 0xFF, 0x5C, 0x28, 0xD6, 0xFF, 0x5C, 0x28, 0xD6, 0xFF,
    0x5C, 0x28, 0xD6, 0xFF, 0x5C, 0x28, 0xD6, 0xFF, 0x20, 0x00, 0x9A, 0xFF, 0x20, 0x00, 0x9A, 0xFF,
    0x00, 0x00, 0x00, 0x00, 0x00, 0x00, 0x00, 0x00, 0x00, 0x00, 0x00, 0x00, 0x00, 0x00, 0x00, 0x00,
    0x00, 0x00, 0x00, 0x00, 0x00, 0x00, 0x00, 0x00, 0x00, 0x00, 0x00, 0x00, 0x00, 0x00, 0x00, 0x00,
    0x00, 0x00, 0x00, 0x00, 0x00, 0x00, 0x00, 0x00, 0x00, 0x00, 0x00, 0x00, 0x00, 0x00, 0x00, 0x00,
    0x00, 0x00, 0x00, 0x00, 0x00, 0x00, 0x00, 0x00, 0x00, 0x00, 0x00, 0x00, 0x00, 0x00, 0x00, 0x00,
    0x00, 0x00, 0x00, 0x00, 0x00, 0x00, 0x00, 0x00, 0x00, 0x00, 0x00, 0x00, 0x00, 0x00, 0x00, 0x00,
    0x00, 0x00, 0x00, 0x00, 0x00, 0x00, 0x00, 0x00, 0x00, 0x00, 0x00, 0x00, 0x00, 0x00, 0x00, 0x00,
    0x20, 0x00, 0x9A, 0xFF, 0x20, 0x00, 0x9A, 0xFF, 0x20, 0x00, 0x9A, 0xFF, 0x5C, 0x28, 0xD6, 0xFF,
    0x89, 0x55, 0xFF, 0xFF, 0x89, 0x55, 0xFF, 0xFF, 0x89, 0x55, 0xFF, 0xFF, 0x89, 0x55, 0xFF, 0xFF,
    0x89, 0x55, 0xFF, 0xFF, 0x89, 0x55, 0xFF, 0xFF, 0x89, 0x55, 0xFF, 0xFF, 0x5C, 0x28, 0xD6, 0xFF,
    0x5C, 0x28, 0xD6, 0xFF, 0x5C, 0x28, 0xD6, 0xFF, 0x5C, 0x28, 0xD6, 0xFF, 0x5C, 0x28, 0xD6, 0xFF,
    0x5C, 0x28, 0xD6, 0xFF, 0x5C, 0x28, 0xD6, 0xFF, 0x5C, 0x28, 0xD6, 0xFF, 0x5C, 0x28, 0xD6, 0xFF,
    0x5C, 0x28, 0xD6, 0xFF, 0x5C, 0x28, 0xD6, 0xFF, 0x20, 0x00, 0x9A, 0xFF, 0x20, 0x00, 0x9A, 0xFF,
    0x20, 0x00, 0x9A, 0xFF, 0x00, 0x00, 0x00, 0x00, 0x00, 0x00, 0x00, 0x00, 0x00, 0x00, 0x00, 0x00,
    0x00, 0x00, 0x00, 0x00, 0x00, 0x00, 0x00, 0x00, 0x00, 0x00, 0x00, 0x00, 0x00, 0x00, 0x00, 0x00,
    0x00, 0x00, 0x00, 0x00, 0x00, 0x00, 0x00, 0x00, 0x00, 0x00, 0x00, 0x00, 0x00, 0x00, 0x00, 0x00,
    0x00, 0x00, 0x00, 0x00, 0x00, 0x00, 0x00, 0x00, 0x00, 0x00, 0x00, 0x00, 0x00, 0x00, 0x00, 0x00,
    0x00, 0x00, 0x00, 0x00, 0x00, 0x00, 0x00, 0x00, 0x00, 0x00, 0x00, 0x00, 0x00, 0x00, 0x00, 0x00,
    0x00, 0x00, 0x00, 0x00, 0x00, 0x00, 0x00, 0x00, 0x00, 0x00, 0x00, 0x00, 0x00, 0x00, 0x00, 0x00,
    0x20, 0x00, 0x9A, 0xFF, 0x20, 0x00, 0x9A, 0xFF, 0x5C, 0x28, 0xD6, 0xFF, 0x89, 0x55, 0xFF, 0xFF,
    0x89, 0x55, 0xFF, 0xFF, 0x89, 0x55, 0xFF, 0xFF, 0x89, 0x55, 0xFF, 0xFF, 0x89, 0x55, 0xFF, 0xFF,
    0x89, 0x55, 0xFF, 0xFF, 0x89, 0x55, 0xFF, 0xFF, 0x89, 0x55, 0xFF, 0xFF, 0x89, 0x55, 0xFF, 0xFF,
    0x5C, 0x28, 0xD6, 0xFF, 0x5C, 0x28, 0xD6, 0xFF, 0x5C, 0x28, 0xD6, 0xFF, 0x5C, 0x28, 0xD6, 0xFF,
    0x5C, 0x28, 0xD6, 0xFF, 0x5C, 0x28, 0xD6, 0xFF, 0x5C, 0x28, 0xD6, 0xFF, 0x5C, 0x28, 0xD6, 0xFF,
    0x5C, 0x28, 0xD6, 0xFF, 0x5C, 0x28, 0xD6, 0xFF, 0x5C, 0x28, 0xD6, 0xFF, 0x20, 0x00, 0x9A, 0xFF,
    0x20, 0x00, 0x9A, 0xFF, 0x00, 0x00, 0x00, 0x00, 0x00, 0x00, 0x00, 0x00, 0x00, 0x00, 0x00, 0x00,
    0x00, 0x00, 0x00, 0x00, 0x00, 0x00, 0x00, 0x00, 0x00, 0x00, 0x00, 0x00, 0x00, 0x00, 0x00, 0x00,
    0x00, 0x00, 0x00, 0x00, 0x00, 0x00, 0x00, 0x00, 0x00, 0x00, 0x00, 0x00, 0x00, 0x00, 0x00, 0x00,
    0x00, 0x00, 0x00, 0x00, 0x00, 0x00, 0x00, 0x00, 0x00, 0x00, 0x00, 0x00, 0x00, 0x00, 0x00, 0x00,
    0x00, 0x00, 0x00, 0x00, 0x00, 0x00, 0x00, 0x00, 0x00, 0x00, 0x00, 0x00, 0x00, 0x00, 0x00, 0x00,
    0x00, 0x00, 0x00, 0x00, 0x00, 0x00, 0x00, 0x00, 0x00, 0x00, 0x00, 0x00, 0x20, 0x00, 0x9A, 0xFF,
    0x20, 0x00, 0x9A, 0xFF, 0x5C, 0x28, 0xD6, 0xFF, 0x5C, 0x28, 0xD6, 0xFF, 0x89, 0x55, 0xFF, 0xFF,
    0x89, 0x55, 0xFF, 0xFF, 0x89, 0x55, 0xFF, 0xFF, 0x89, 0x55, 0xFF, 0xFF, 0x89, 0x55, 0xFF, 0xFF,
    0x89, 0x55, 0xFF, 0xFF, 0x89, 0x55, 0xFF, 0xFF, 0x89, 0x55, 0xFF, 0xFF, 0x89, 0x55, 0xFF, 0xFF,
    0x5C, 0x28, 0xD6, 0xFF, 0x5C, 0x28, 0xD6, 0xFF, 0x5C, 0x28, 0xD6, 0xFF, 0x5C, 0x28, 0xD6, 0xFF,
    0x5C, 0x28, 0xD6, 0xFF, 0x5C, 0x28, 0xD6, 0xFF, 0x5C, 0x28, 0xD6, 0xFF, 0x5C, 0x28, 0xD6, 0xFF,
    0x5C, 0x28, 0xD6, 0xFF, 0x5C, 0x28, 0xD6, 0xFF, 0x5C, 0x28, 0xD6, 0xFF, 0x5C, 0x28, 0xD6, 0xFF,
    0x20, 0x00, 0x9A, 0xFF, 0x20, 0x00, 0x9A, 0xFF, 0x00, 0x00, 0x00, 0x00, 0x00, 0x00, 0x00, 0x00,
    0x00, 0x00, 0x00, 0x00, 0x00, 0x00, 0x00, 0x00, 0x00, 0x00, 0x00, 0x00, 0x00, 0x00, 0x00, 0x00,
    0x00, 0x00, 0x00, 0x00, 0x00, 0x00, 0x00, 0x00, 0x00, 0x00, 0x00, 0x00, 0x00, 0x00, 0x00, 0x00,
    0x00, 0x00, 0x00, 0x00, 0x00, 0x00, 0x00, 0x00, 0x00, 0x00, 0x00, 0x00, 0x00, 0x00, 0x00, 0x00,
    0x00, 0x00, 0x00, 0x00, 0x00, 0x00, 0x00, 0x00, 0x00, 0x00, 0x00, 0x00, 0x00, 0x00, 0x00, 0x00,
    0x00, 0x00, 0x00, 0x00, 0x00, 0x00, 0x00, 0x00, 0x00, 0x00, 0x00, 0x00, 0x20, 0x00, 0x9A, 0xFF,
    0x20, 0x00, 0x9A, 0xFF, 0x5C, 0x28, 0xD6, 0xFF, 0x5C, 0x28, 0xD6, 0xFF, 0x89, 0x55, 0xFF, 0xFF,
    0x89, 0x55, 0xFF, 0xFF, 0x89, 0x55, 0xFF, 0xFF, 0x89, 0x55, 0xFF, 0xFF, 0x89, 0x55, 0xFF, 0xFF,
    0x89, 0x55, 0xFF, 0xFF, 0x89, 0x55, 0xFF, 0xFF, 0x89, 0x55, 0xFF, 0xFF, 0x89, 0x55, 0xFF, 0xFF,
    0x5C, 0x28, 0xD6, 0xFF, 0x5C, 0x28, 0xD6, 0xFF, 0x5C, 0x28, 0xD6, 0xFF, 0x5C, 0x28, 0xD6, 0xFF,
    0x5C, 0x28, 0xD6, 0xFF, 0x5C, 0x28, 0xD6, 0xFF, 0x5C, 0x28, 0xD6, 0xFF, 0x5C, 0x28, 0xD6, 0xFF,
    0x5C, 0x28, 0xD6, 0xFF, 0x5C, 0x28, 0xD6, 0xFF, 0x5C, 0x28, 0xD6, 0xFF, 0x5C, 0x28, 0xD6, 0xFF,
    0x20, 0x00, 0x9A, 0xFF, 0x20, 0x00, 0x9A, 0xFF, 0x00, 0x00, 0x00, 0x00, 0x00, 0x00, 0x00, 0x00,
    0x00, 0x00, 0x00, 0x00, 0x00, 0x00, 0x00, 0x00, 0x00, 0x00, 0x00, 0x00, 0x00, 0x00, 0x00, 0x00,
    0x00, 0x00, 0x00, 0x00, 0x00, 0x00, 0x00, 0x00, 0x00, 0x00, 0x00, 0x00, 0x00, 0x00, 0x00, 0x00,
    0x00, 0x00, 0x00, 0x00, 0x00, 0x00, 0x00, 0x00, 0x00, 0x00, 0x00, 0x00, 0x00, 0x00, 0x00, 0x00,
    0x00, 0x00, 0x00, 0x00, 0x00, 0x00, 0x00, 0x00, 0x00, 0x00, 0x00, 0x00, 0x00, 0x00, 0x00, 0x00,
    0x00, 0x00, 0x00, 0x00, 0x00, 0x00, 0x00, 0x00, 0x20, 0x00, 0x9A, 0xFF, 0x20, 0x00, 0x9A, 0xFF,
    0x5C, 0x28, 0xD6, 0xFF, 0x5C, 0x28, 0xD6, 0xFF, 0x5C, 0x28, 0xD6, 0xFF, 0x89, 0x55, 0xFF, 0xFF,
    0x89, 0x55, 0xFF, 0xFF, 0x89, 0x55, 0xFF, 0xFF, 0x89, 0x55, 0xFF, 0xFF, 0x89, 0x55, 0xFF, 0xFF,
    0x89, 0x55, 0xFF, 0xFF, 0x89, 0x55, 0xFF, 0xFF, 0x89, 0x55, 0xFF, 0xFF, 0x89, 0x55, 0xFF, 0xFF,
    0x5C, 0x28, 0xD6, 0xFF, 0x5C, 0x28, 0xD6, 0xFF, 0x5C, 0x28, 0xD6, 0xFF, 0x5C, 0x28, 0xD6, 0xFF,
    0x5C, 0x28, 0xD6, 0xFF, 0x5C, 0x28, 0xD6, 0xFF, 0x5C, 0x28, 0xD6, 0xFF, 0x5C, 0x28, 0xD6, 0xFF,
    0x5C, 0x28, 0xD6, 0xFF, 0x5C, 0x28, 0xD6, 0xFF, 0x5C, 0x28, 0xD6, 0xFF, 0x5C, 0x28, 0xD6, 0xFF,
    0x5C, 0x28, 0xD6, 0xFF, 0x20, 0x00, 0x9A, 0xFF, 0x20, 0x00, 0x9A, 0xFF, 0x00, 0x00, 0x00, 0x00,
    0x00, 0x00, 0x00, 0x00, 0x00, 0x00, 0x00, 0x00, 0x00, 0x00, 0x00, 0x00, 0x00, 0x00, 0x00, 0x00,
    0x00, 0x00, 0x00, 0x00, 0x00, 0x00, 0x00, 0x00, 0x00, 0x00, 0x00, 0x00, 0x00, 0x00, 0x00, 0x00,
    0x00, 0x00, 0x00, 0x00, 0x00, 0x00, 0x00, 0x00, 0x00, 0x00, 0x00, 0x00, 0x00, 0x00, 0x00, 0x00,
    0x00, 0x00, 0x00, 0x00, 0x00, 0x00, 0x00, 0x00, 0x00, 0x00, 0x00, 0x00, 0x00, 0x00, 0x00, 0x00,
    0x00, 0x00, 0x00, 0x00, 0x00, 0x00, 0x00, 0x00, 0x20, 0x00, 0x9A, 0xFF, 0x20, 0x00, 0x9A, 0xFF,
    0x5C, 0x28, 0xD6, 0xFF, 0x5C, 0x28, 0xD6, 0xFF, 0x5C, 0x28, 0xD6, 0xFF, 0x89, 0x55, 0xFF, 0xFF,
    0x89, 0x55, 0xFF, 0xFF, 0x89, 0x55, 0xFF, 0xFF, 0x89, 0x55, 0xFF, 0xFF, 0x89, 0x55, 0xFF, 0xFF,
    0x89, 0x55, 0xFF, 0xFF, 0x89, 0x55, 0xFF, 0xFF, 0x89, 0x55, 0xFF, 0xFF, 0x89, 0x55, 0xFF, 0xFF,
    0x5C, 0x28, 0xD6, 0xFF, 0x5C, 0x28, 0xD6, 0xFF, 0x5C, 0x28, 0xD6, 0xFF, 0x5C, 0x28, 0xD6, 0xFF,
    0x5C, 0x28, 0xD6, 0xFF, 0x5C, 0x28, 0xD6, 0xFF, 0x5C, 0x28, 0xD6, 0xFF, 0x5C, 0x28, 0xD6, 0xFF,
    0x5C, 0x28, 0xD6, 0xFF, 0x5C, 0x28, 0xD6, 0xFF, 0x5C, 0x28, 0xD6, 0xFF, 0x5C, 0x28, 0xD6, 0xFF,
    0x5C, 0x28, 0xD6, 0xFF, 0x20, 0x00, 0x9A, 0xFF, 0x20, 0x00, 0x9A, 0xFF, 0x00, 0x00, 0x00, 0x00,
    0x00, 0x00, 0x00, 0x00, 0x00, 0x00, 0x00, 0x00, 0x00, 0x00, 0x00, 0x00, 0x00, 0x00, 0x00, 0x00,
    0x00, 0x00, 0x00, 0x00, 0x00, 0x00, 0x00, 0x00, 0x00, 0x00, 0x00, 0x00, 0x00, 0x00, 0x00, 0x00,
    0x00, 0x00, 0x00, 0x00, 0x00, 0x00, 0x00, 0x00, 0x00, 0x00, 0x00, 0x00, 0x00, 0x00, 0x00, 0x00,
    0x00, 0x00, 0x00, 0x00, 0x00, 0x00, 0x00, 0x00, 0x00, 0x00, 0x00, 0x00, 0x00, 0x00, 0x00, 0x00,
    0x00, 0x00, 0x00, 0x00, 0x00, 0x00, 0x00, 0x00, 0x20, 0x00, 0x9A, 0xFF, 0x20, 0x00, 0x9A, 0xFF,
    0x5C, 0x28, 0xD6, 0xFF, 0x5C, 0x28, 0xD6, 0xFF, 0x5C, 0x28, 0xD6, 0xFF, 0x5C, 0x28, 0xD6, 0xFF,
    0x89, 0x55, 0xFF, 0xFF, 0x89, 0x55, 0xFF, 0xFF, 0x89, 0x55, 0xFF, 0xFF, 0x89, 0x55, 0xFF, 0xFF,
    0x89, 0x55, 0xFF, 0xFF, 0x89, 0x55, 0xFF, 0xFF, 0x89, 0x55, 0xFF, 0xFF, 0x5C, 0x28, 0xD6, 0xFF,
    0x5C, 0x28, 0xD6, 0xFF, 0x5C, 0x28, 0xD6, 0xFF, 0x5C, 0x28, 0xD6, 0xFF, 0x5C, 0x28, 0xD6, 0xFF,
    0x5C, 0x28, 0xD6, 0xFF, 0x5C, 0x28, 0xD6, 0xFF, 0x5C, 0x28, 0xD6, 0xFF, 0x5C, 0x28, 0xD6, 0xFF,
    0x5C, 0x28, 0xD6, 0xFF, 0x5C, 0x28, 0xD6, 0xFF, 0x5C, 0x28, 0xD6, 0xFF, 0x5C, 0x28, 0xD6, 0xFF,
    0x5C, 0x28, 0xD6, 0xFF, 0x20, 0x00, 0x9A, 0xFF, 0x20, 0x00, 0x9A, 0xFF, 0x00, 0x00, 0x00, 0x00,
    0x00, 0x00, 0x00, 0x00, 0x00, 0x00, 0x00, 0x00, 0x00, 0x00, 0x00, 0x00, 0x00, 0x00, 0x00, 0x00,
    0x00, 0x00, 0x00, 0x00, 0x00, 0x00, 0x00, 0x00, 0x00, 0x00, 0x00, 0x00, 0x00, 0x00, 0x00, 0x00,
    0x00, 0x00, 0x00, 0x00, 0x00, 0x00, 0x00, 0x00, 0x00, 0x00, 0x00, 0x00, 0x00, 0x00, 0x00, 0x00,
    0x00, 0x00, 0x00, 0x00, 0x00, 0x00, 0x00, 0x00, 0x00, 0x00, 0x00, 0x00, 0x00, 0x00, 0x00, 0x00,
    0x00, 0x00, 0x00, 0x00, 0x00, 0x00, 0x00, 0x00, 0x20, 0x00, 0x9A, 0xFF, 0x20, 0x00, 0x9A, 0xFF,
    0x5C, 0x28, 0xD6, 0xFF, 0x5C, 0x28, 0xD6, 0xFF, 0x5C, 0x28, 0xD6, 0xFF, 0x5C, 0x28, 0xD6, 0xFF,
    0x5C, 0x28, 0xD6, 0xFF, 0x89, 0x55, 0xFF, 0xFF, 0x89, 0x55, 0xFF, 0xFF, 0x89, 0x55, 0xFF, 0xFF,
    0x89, 0x55, 0xFF, 0xFF, 0x89, 0x55, 0xFF, 0xFF, 0x5C, 0x28, 0xD6, 0xFF, 0x5C, 0x28, 0xD6, 0xFF,
    0x5C, 0x28, 0xD6, 0xFF, 0x5C, 0x28, 0xD6, 0xFF, 0x5C, 0x28, 0xD6, 0xFF, 0x5C, 0x28, 0xD6, 0xFF,
    0x5C, 0x28, 0xD6, 0xFF, 0x5C, 0x28, 0xD6, 0xFF, 0x5C, 0x28, 0xD6, 0xFF, 0x5C, 0x28, 0xD6, 0xFF,
    0x5C, 0x28, 0xD6, 0xFF, 0x5C, 0x28, 0xD6, 0xFF, 0x5C, 0x28, 0xD6, 0xFF, 0x5C, 0x28, 0xD6, 0xFF,
    0x5C, 0x28, 0xD6, 0xFF, 0x20, 0x00, 0x9A, 0xFF, 0x20, 0x00, 0x9A, 0xFF, 0x00, 0x00, 0x00, 0x00,
    0x00, 0x00, 0x00, 0x00, 0x00, 0x00, 0x00, 0x00, 0x00, 0x00, 0x00, 0x00, 0x00, 0x00, 0x00, 0x00,
    0x00, 0x00, 0x00, 0x00, 0x00, 0x00, 0x00, 0x00, 0x00, 0x00, 0x00, 0x00, 0x00, 0x00, 0x00, 0x00,
    0x00, 0x00, 0x00, 0x00, 0x00, 0x00, 0x00, 0x00, 0x00, 0x00, 0x00, 0x00, 0x00, 0x00, 0x00, 0x00,
    0x00, 0x00, 0x00, 0x00, 0x00, 0x00, 0x00, 0x00, 0x00, 0x00, 0x00, 0x00, 0x00, 0x00, 0x00, 0x00,
    0x00, 0x00, 0x00, 0x00, 0x20, 0x00, 0x9A, 0xFF, 0x20, 0x00, 0x9A, 0xFF, 0x5C, 0x28, 0xD6, 0xFF,
    0x5C, 0x28, 0xD6, 0xFF, 0x5C, 0x28, 0xD6, 0xFF, 0x5C, 0x28, 0xD6, 0xFF, 0x5C, 0x28, 0xD6, 0xFF,
    0x5C, 0x28, 0xD6, 0xFF, 0x5C, 0x28, 0xD6, 0xFF, 0x89, 0x55, 0xFF, 0xFF, 0x89, 0x55, 0xFF, 0xFF,
    0x89, 0x55, 0xFF, 0xFF, 0x5C, 0x28, 0xD6, 0xFF, 0x5C, 0x28, 0xD6, 0xFF, 0x5C, 0x28, 0xD6, 0xFF,
    0x5C, 0x28, 0xD6, 0xFF, 0x5C, 0x28, 0xD6, 0xFF, 0x5C, 0x28, 0xD6, 0xFF, 0x5C, 0x28, 0xD6, 0xFF,
    0x5C, 0x28, 0xD6, 0xFF, 0x5C, 0x28, 0xD6, 0xFF, 0x5C, 0x28, 0xD6, 0xFF, 0x5C, 0x28, 0xD6, 0xFF,
    0x5C, 0x28, 0xD6, 0xFF, 0x5C, 0x28, 0xD6, 0xFF, 0x5C, 0x28, 0xD6, 0xFF, 0x5C, 0x28, 0xD6, 0xFF,
    0x5C, 0x28, 0xD6, 0xFF, 0x5C, 0x28, 0xD6, 0xFF, 0x20, 0x00, 0x9A, 0xFF, 0x20, 0x00, 0x9A, 0xFF,
    0x00, 0x00, 0x00, 0x00, 0x00, 0x00, 0x00, 0x00, 0x00, 0x00, 0x00, 0x00, 0x00, 0x00, 0x00, 0x00,
    0x00, 0x00, 0x00, 0x00, 0x00, 0x00, 0x00, 0x00, 0x00, 0x00, 0x00, 0x00, 0x00, 0x00, 0x00, 0x00,
    0x00, 0x00, 0x00, 0x00, 0x00, 0x00, 0x00, 0x00, 0x00, 0x00, 0x00, 0x00, 0x00, 0x00, 0x00, 0x00,
    0x00, 0x00, 0x00, 0x00, 0x00, 0x00, 0x00, 0x00, 0x00, 0x00, 0x00, 0x00, 0x00, 0x00, 0x00, 0x00,
    0x00, 0x00, 0x00, 0x00, 0x20, 0x00, 0x9A, 0xFF, 0x20, 0x00, 0x9A, 0xFF, 0x5C, 0x28, 0xD6, 0xFF,
    0x5C, 0x28, 0xD6, 0xFF, 0x5C, 0x28, 0xD6, 0xFF, 0x5C, 0x28, 0xD6, 0xFF, 0x5C, 0x28, 0xD6, 0xFF,
    0x5C, 0x28, 0xD6, 0xFF, 0x5C, 0x28, 0xD6, 0xFF, 0x5C, 0x28, 0xD6, 0xFF, 0x5C, 0x28, 0xD6, 0xFF,
    0x5C, 0x28, 0xD6, 0xFF, 0x5C, 0x28, 0xD6, 0xFF, 0x5C, 0x28, 0xD6, 0xFF, 0x5C, 0x28, 0xD6, 0xFF,
    0x5C, 0x28, 0xD6, 0xFF, 0x5C, 0x28, 0xD6, 0xFF, 0x5C, 0x28, 0xD6, 0xFF, 0x5C, 0x28, 0xD6, 0xFF,
    0x5C, 0x28, 0xD6, 0xFF, 0x5C, 0x28, 0xD6, 0xFF, 0x5C, 0x28, 0xD6, 0xFF, 0x5C, 0x28, 0xD6, 0xFF,
    0x5C, 0x28, 0xD6, 0xFF, 0x5C, 0x28, 0xD6, 0xFF, 0x5C, 0x28, 0xD6, 0xFF, 0x5C, 0x28, 0xD6, 0xFF,
    0x5C, 0x28, 0xD6, 0xFF, 0x5C, 0x28, 0xD6, 0xFF, 0x20, 0x00, 0x9A, 0xFF, 0x20, 0x00, 0x9A, 0xFF,
    0x00, 0x00, 0x00, 0x00, 0x00, 0x00, 0x00, 0x00, 0x00, 0x00, 0x00, 0x00, 0x00, 0x00, 0x00, 0x00,
    0x00, 0x00, 0x00, 0x00, 0x00, 0x00, 0x00, 0x00, 0x00, 0x00, 0x00, 0x00, 0x00, 0x00, 0x00, 0x00,
    0x00, 0x00, 0x00, 0x00, 0x00, 0x00, 0x00, 0x00, 0x00, 0x00, 0x00, 0x00, 0x00, 0x00, 0x00, 0x00,
    0x00, 0x00, 0x00, 0x00, 0x00, 0x00, 0x00, 0x00, 0x00, 0x00, 0x00, 0x00, 0x00, 0x00, 0x00, 0x00,
    0x00, 0x00, 0x00, 0x00, 0x20, 0x00, 0x9A, 0xFF, 0x20, 0x00, 0x9A, 0xFF, 0x5C, 0x28, 0xD6, 0xFF,
    0x5C, 0x28, 0xD6, 0xFF, 0x5C, 0x28, 0xD6, 0xFF, 0x5C, 0x28, 0xD6, 0xFF, 0x5C, 0x28, 0xD6, 0xFF,
    0x5C, 0x28, 0xD6, 0xFF, 0x5C, 0x28, 0xD6, 0xFF, 0x5C, 0x28, 0xD6, 0xFF, 0x5C, 0x28, 0xD6, 0xFF,
    0x5C, 0x28, 0xD6, 0xFF, 0x5C, 0x28, 0xD6, 0xFF, 0x5C, 0x28, 0xD6, 0xFF, 0x5C, 0x28, 0xD6, 0xFF,
    0x5C, 0x28, 0xD6, 0xFF, 0x5C, 0x28, 0xD6, 0xFF, 0x5C, 0x28, 0xD6, 0xFF, 0x5C, 0x28, 0xD6, 0xFF,
    0x5C, 0x28, 0xD6, 0xFF, 0x5C, 0x28, 0xD6, 0xFF, 0x5C, 0x28, 0xD6, 0xFF, 0x5C, 0x28, 0xD6, 0xFF,
    0x5C, 0x28, 0xD6, 0xFF, 0x5C, 0x28, 0xD6, 0xFF, 0x5C, 0x28, 0xD6, 0xFF, 0x5C, 0x28, 0xD6, 0xFF,
    0x5C, 0x28, 0xD6, 0xFF, 0x5C, 0x28, 0xD6, 0xFF, 0x20, 0x00, 0x9A, 0xFF, 0x20, 0x00, 0x9A, 0xFF,
    0x00, 0x00, 0x00, 0x00, 0x00, 0x00, 0x00, 0x00, 0x00, 0x00, 0x00, 0x00, 0x00, 0x00, 0x00, 0x00,
    0x00, 0x00, 0x00, 0x00, 0x00, 0x00, 0x00, 0x00, 0x00, 0x00, 0x00, 0x00, 0x00, 0x00, 0x00, 0x00,
    0x00, 0x00, 0x00, 0x00, 0x00, 0x00, 0x00, 0x00, 0x00, 0x00, 0x00, 0x00, 0x00, 0x00, 0x00, 0x00,
    0x00, 0x00, 0x00, 0x00, 0x00, 0x00, 0x00, 0x00, 0x00, 0x00, 0x00, 0x00, 0x00, 0x00, 0x00, 0x00,
    0x00, 0x00, 0x00, 0x00, 0x20, 0x00, 0x9A, 0xFF, 0x20, 0x00, 0x9A, 0xFF, 0x5C, 0x28, 0xD6, 0xFF,
    0x5C, 0x28, 0xD6, 0xFF, 0x5C, 0x28, 0xD6, 0xFF, 0x5C, 0x28, 0xD6, 0xFF, 0x5C, 0x28, 0xD6, 0xFF,
    0x5C, 0x28, 0xD6, 0xFF, 0x5C, 0x28, 0xD6, 0xFF, 0x5C, 0x28, 0xD6, 0xFF, 0x5C, 0x28, 0xD6, 0xFF,
    0x5C, 0x28, 0xD6, 0xFF, 0x5C, 0x28, 0xD6, 0xFF, 0x5C, 0x28, 0xD6, 0xFF, 0x5C, 0x28, 0xD6, 0xFF,
    0x5C, 0x28, 0xD6, 0xFF, 0x5C, 0x28, 0xD6, 0xFF, 0x5C, 0x28, 0xD6, 0xFF, 0x5C, 0x28, 0xD6, 0xFF,
    0x5C, 0x28, 0xD6, 0xFF, 0x5C, 0x28, 0xD6, 0xFF, 0x5C, 0x28, 0xD6, 0xFF, 0x5C, 0x28, 0xD6, 0xFF,
    0x5C, 0x28, 0xD6, 0xFF, 0x5C, 0x28, 0xD6, 0xFF, 0x5C, 0x28, 0xD6, 0xFF, 0x5C, 0x28, 0xD6, 0xFF,
    0x5C, 0x28, 0xD6, 0xFF, 0x5C, 0x28, 0xD6, 0xFF, 0x20, 0x00, 0x9A, 0xFF, 0x20, 0x00, 0x9A, 0xFF,
    0x00, 0x00, 0x00, 0x00, 0x00, 0x00, 0x00, 0x00, 0x00, 0x00, 0x00, 0x00, 0x00, 0x00, 0x00, 0x00,
    0x00, 0x00, 0x00, 0x00, 0x00, 0x00, 0x00, 0x00, 0x00, 0x00, 0x00, 0x00, 0x00, 0x00, 0x00, 0x00,
    0x00, 0x00, 0x00, 0x00, 0x00, 0x00, 0x00, 0x00, 0x00, 0x00, 0x00, 0x00, 0x00, 0x00, 0x00, 0x00,
    0x00, 0x00, 0x00, 0x00, 0x00, 0x00, 0x00, 0x00, 0x00, 0x00, 0x00, 0x00, 0x00, 0x00, 0x00, 0x00,
    0x00, 0x00, 0x00, 0x00, 0x20, 0x00, 0x9A, 0xFF, 0x20, 0x00, 0x9A, 0xFF, 0x5C, 0x28, 0xD6, 0xFF,
    0x5C, 0x28, 0xD6, 0xFF, 0x5C, 0x28, 0xD6, 0xFF, 0x5C, 0x28, 0xD6, 0xFF, 0x5C, 0x28, 0xD6, 0xFF,
    0x5C, 0x28, 0xD6, 0xFF, 0x5C, 0x28, 0xD6, 0xFF, 0x5C, 0x28, 0xD6, 0xFF, 0x5C, 0x28, 0xD6, 0xFF,
    0x5C, 0x28, 0xD6, 0xFF, 0x5C, 0x28, 0xD6, 0xFF, 0x5C, 0x28, 0xD6, 0xFF, 0x5C, 0x28, 0xD6, 0xFF,
    0x5C, 0x28, 0xD6, 0xFF, 0x5C, 0x28, 0xD6, 0xFF, 0x5C, 0x28, 0xD6, 0xFF, 0x5C, 0x28, 0xD6, 0xFF,
    0x5C, 0x28, 0xD6, 0xFF, 0x5C, 0x28, 0xD6, 0xFF, 0x5C, 0x28, 0xD6, 0xFF, 0x5C, 0x28, 0xD6, 0xFF,
    0x5C, 0x28, 0xD6, 0xFF, 0x5C, 0x28, 0xD6, 0xFF, 0x5C, 0x28, 0xD6, 0xFF, 0x5C, 0x28, 0xD6, 0xFF,
    0x5C, 0x28, 0xD6, 0xFF, 0x5C, 0x28, 0xD6, 0xFF, 0x20, 0x00, 0x9A, 0xFF, 0x20, 0x00, 0x9A, 0xFF,
    0x00, 0x00, 0x00, 0x00, 0x00, 0x00, 0x00, 0x00, 0x00, 0x00, 0x00, 0x00, 0x00, 0x00, 0x00, 0x00,
    0x00, 0x00, 0x00, 0x00, 0x00, 0x00, 0x00, 0x00, 0x00, 0x00, 0x00, 0x00, 0x00, 0x00, 0x00, 0x00,
    0x00, 0x00, 0x00, 0x00, 0x00, 0x00, 0x00, 0x00, 0x00, 0x00, 0x00, 0x00, 0x00, 0x00, 0x00, 0x00,
    0x00, 0x00, 0x00, 0x00, 0x00, 0x00, 0x00, 0x00, 0x00, 0x00, 0x00, 0x00, 0x00, 0x00, 0x00, 0x00,
    0x00, 0x00, 0x00, 0x00, 0x20, 0x00, 0x9A, 0xFF, 0x20, 0x00, 0x9A, 0xFF, 0x5C, 0x28, 0xD6, 0xFF,
    0x5C, 0x28, 0xD6, 0xFF, 0x5C, 0x28, 0xD6, 0xFF, 0x5C, 0x28, 0xD6, 0xFF, 0x5C, 0x28, 0xD6, 0xFF,
    0x5C, 0x28, 0xD6, 0xFF, 0x5C, 0x28, 0xD6, 0xFF, 0x5C, 0x28, 0xD6, 0xFF, 0x5C, 0x28, 0xD6, 0xFF,
    0x5C, 0x28, 0xD6, 0xFF, 0x5C, 0x28, 0xD6, 0xFF, 0x5C, 0x28, 0xD6, 0xFF, 0x5C, 0x28, 0xD6, 0xFF,
    0x5C, 0x28, 0xD6, 0xFF, 0x5C, 0x28, 0xD6, 0xFF, 0x5C, 0x28, 0xD6, 0xFF, 0x5C, 0x28, 0xD6, 0xFF,
    0x5C, 0x28, 0xD6, 0xFF, 0x5C, 0x28, 0xD6, 0xFF, 0x5C, 0x28, 0xD6, 0xFF, 0x5C, 0x28, 0xD6, 0xFF,
    0x5C, 0x28, 0xD6, 0xFF, 0x5C, 0x28, 0xD6, 0xFF, 0x5C, 0x28, 0xD6, 0xFF, 0x5C, 0x28, 0xD6, 0xFF,
    0x5C, 0x28, 0xD6, 0xFF, 0x5C, 0x28, 0xD6, 0xFF, 0x20, 0x00, 0x9A, 0xFF, 0x20, 0x00, 0x9A, 0xFF,
    0x00, 0x00, 0x00, 0x00, 0x00, 0x00, 0x00, 0x00, 0x00, 0x00, 0x00, 0x00, 0x00, 0x00, 0x00, 0x00,
    0x00, 0x00, 0x00, 0x00, 0x00, 0x00, 0x00, 0x00, 0x00, 0x00, 0x00, 0x00, 0x00, 0x00, 0x00, 0x00,
    0x00, 0x00, 0x00, 0x00, 0x00, 0x00, 0x00, 0x00, 0x00, 0x00, 0x00, 0x00, 0x00, 0x00, 0x00, 0x00,
    0x00, 0x00, 0x00, 0x00, 0x00, 0x00, 0x00, 0x00, 0x00, 0x00, 0x00, 0x00, 0x00, 0x00, 0x00, 0x00,
    0x00, 0x00, 0x00, 0x00, 0x20, 0x00, 0x9A, 0xFF, 0x20, 0x00, 0x9A, 0xFF, 0x5C, 0x28, 0xD6, 0xFF,
    0x5C, 0x28, 0xD6, 0xFF, 0x5C, 0x28, 0xD6, 0xFF, 0x5C, 0x28, 0xD6, 0xFF, 0x5C, 0x28, 0xD6, 0xFF,
    0x5C, 0x28, 0xD6, 0xFF, 0x5C, 0x28, 0xD6, 0xFF, 0x5C, 0x28, 0xD6, 0xFF, 0x5C, 0x28, 0xD6, 0xFF,
    0x5C, 0x28, 0xD6, 0xFF, 0x5C, 0x28, 0xD6, 0xFF, 0x5C, 0x28, 0xD6, 0xFF, 0x5C, 0x28, 0xD6, 0xFF,
    0x5C, 0x28, 0xD6, 0xFF, 0x5C, 0x28, 0xD6, 0xFF, 0x5C, 0x28, 0xD6, 0xFF, 0x5C, 0x28, 0xD6, 0xFF,
    0x5C, 0x28, 0xD6, 0xFF, 0x5C, 0x28, 0xD6, 0xFF, 0x5C, 0x28, 0xD6, 0xFF, 0x5C, 0x28, 0xD6, 0xFF,
    0x5C, 0x28, 0xD6, 0xFF, 0x5C, 0x28, 0xD6, 0xFF, 0x5C, 0x28, 0xD6, 0xFF, 0x5C, 0x28, 0xD6, 0xFF,
    0x5C, 0x28, 0xD6, 0xFF, 0x5C, 0x28, 0xD6, 0xFF, 0x20, 0x00, 0x9A, 0xFF, 0x20, 0x00, 0x9A, 0xFF,
    0x00, 0x00, 0x00, 0x00, 0x00, 0x00, 0x00, 0x00, 0x00, 0x00, 0x00, 0x00, 0x00, 0x00, 0x00, 0x00,
    0x00, 0x00, 0x00, 0x00, 0x00, 0x00, 0x00, 0x00, 0x00, 0x00, 0x00, 0x00, 0x00, 0x00, 0x00, 0x00,
    0x00, 0x00, 0x00, 0x00, 0x00, 0x00, 0x00, 0x00, 0x00, 0x00, 0x00, 0x00, 0x00, 0x00, 0x00, 0x00,
    0x00, 0x00, 0x00, 0x00, 0x00, 0x00, 0x00, 0x00, 0x00, 0x00, 0x00, 0x00, 0x00, 0x00, 0x00, 0x00,
    0x00, 0x00, 0x00, 0x00, 0x20, 0x00, 0x9A, 0xFF, 0x20, 0x00, 0x9A, 0xFF, 0x5C, 0x28, 0xD6, 0xFF,
    0x5C, 0x28, 0xD6, 0xFF, 0x5C, 0x28, 0xD6, 0xFF, 0x5C, 0x28, 0xD6, 0xFF, 0x5C, 0x28, 0xD6, 0xFF,
    0x5C, 0x28, 0xD6, 0xFF, 0x5C, 0x28, 0xD6, 0xFF, 0x5C, 0x28, 0xD6, 0xFF, 0x5C, 0x28, 0xD6, 0xFF,
    0x5C, 0x28, 0xD6, 0xFF, 0x5C, 0x28, 0xD6, 0xFF, 0x5C, 0x28, 0xD6, 0xFF, 0x5C, 0x28, 0xD6, 0xFF,
    0x5C, 0x28, 0xD6, 0xFF, 0x5C, 0x28, 0xD6, 0xFF, 0x5C, 0x28, 0xD6, 0xFF, 0x5C, 0x28, 0xD6, 0xFF,
    0x5C, 0x28, 0xD6, 0xFF, 0x5C, 0x28, 0xD6, 0xFF, 0x5C, 0x28, 0xD6, 0xFF, 0x5C, 0x28, 0xD6, 0xFF,
    0x5C, 0x28, 0xD6, 0xFF, 0x5C, 0x28, 0xD6, 0xFF, 0x5C, 0x28, 0xD6, 0xFF, 0x5C, 0x28, 0xD6, 0xFF,
    0x5C, 0x28, 0xD6, 0xFF, 0x5C, 0x28, 0xD6, 0xFF, 0x20, 0x00, 0x9A, 0xFF, 0x20, 0x00, 0x9A, 0xFF,
    0x00, 0x00, 0x00, 0x00, 0x00, 0x00, 0x00, 0x00, 0x00, 0x00, 0x00, 0x00, 0x00, 0x00, 0x00, 0x00,
    0x00, 0x00, 0x00, 0x00, 0x00, 0x00, 0x00, 0x00, 0x00, 0x00, 0x00, 0x00, 0x00, 0x00, 0x00, 0x00,
    0x00, 0x00, 0x00, 0x00, 0x00, 0x00, 0x00, 0x00, 0x00, 0x00, 0x00, 0x00, 0x00, 0x00, 0x00, 0x00,
    0x00, 0x00, 0x00, 0x00, 0x00, 0x00, 0x00, 0x00, 0x00, 0x00, 0x00, 0x00, 0x00, 0x00, 0x00, 0x00,
    0x00, 0x00, 0x00, 0x00, 0x20, 0x00, 0x9A, 0xFF, 0x20, 0x00, 0x9A, 0xFF, 0x5C, 0x28, 0xD6, 0xFF,
    0x5C, 0x28, 0xD6, 0xFF, 0x5C, 0x28, 0xD6, 0xFF, 0x5C, 0x28, 0xD6, 0xFF, 0x5C, 0x28, 0xD6, 0xFF,
    0x5C, 0x28, 0xD6, 0xFF, 0x5C, 0x28, 0xD6, 0xFF, 0x5C, 0x28, 0xD6, 0xFF, 0x5C, 0x28, 0xD6, 0xFF,
    0x5C, 0x28, 0xD6, 0xFF, 0x5C, 0x28, 0xD6, 0xFF, 0x5C, 0x28, 0xD6, 0xFF, 0x5C, 0x28, 0xD6, 0xFF,
    0x5C, 0x28, 0xD6, 0xFF, 0x5C, 0x28, 0xD6, 0xFF, 0x5C, 0x28, 0xD6, 0xFF, 0x5C, 0x28, 0xD6, 0xFF,
    0x5C, 0x28, 0xD6, 0xFF, 0x5C, 0x28, 0xD6, 0xFF, 0x5C, 0x28, 0xD6, 0xFF, 0x5C, 0x28, 0xD6, 0xFF,
    0x5C, 0x28, 0xD6, 0xFF, 0x5C, 0x28, 0xD6, 0xFF, 0x5C, 0x28, 0xD6, 0xFF, 0x5C, 0x28, 0xD6, 0xFF,
    0x5C, 0x28, 0xD6, 0xFF, 0x5C, 0x28, 0xD6, 0xFF, 0x20, 0x00, 0x9A, 0xFF, 0x20, 0x00, 0x9A, 0xFF,
    0x00, 0x00, 0x00, 0x00, 0x00, 0x00, 0x00, 0x00, 0x00, 0x00, 0x00, 0x00, 0x00, 0x00, 0x00, 0x00,
    0x00, 0x00, 0x00, 0x00, 0x00, 0x00, 0x00, 0x00, 0x00, 0x00, 0x00, 0x00, 0x00, 0x00, 0x00, 0x00,
    0x00, 0x00, 0x00, 0x00, 0x00, 0x00, 0x00, 0x00, 0x00, 0x00, 0x00, 0x00, 0x00, 0x00, 0x00, 0x00,
    0x00, 0x00, 0x00, 0x00, 0x00, 0x00, 0x00, 0x00, 0x00, 0x00, 0x00, 0x00, 0x00, 0x00, 0x00, 0x00,
    0x00, 0x00, 0x00, 0x00, 0x00, 0x00, 0x00, 0x00, 0x20, 0x00, 0x9A, 0xFF, 0x20, 0x00, 0x9A, 0xFF,
    0x5C, 0x28, 0xD6, 0xFF, 0x5C, 0x28, 0xD6, 0xFF, 0x5C, 0x28, 0xD6, 0xFF, 0x5C, 0x28, 0xD6, 0xFF,
    0x5C, 0x28, 0xD6, 0xFF, 0x5C, 0x28, 0xD6, 0xFF, 0x5C, 0x28, 0xD6, 0xFF, 0x5C, 0x28, 0xD6, 0xFF,
    0x5C, 0x28, 0xD6, 0xFF, 0x5C, 0x28, 0xD6, 0xFF, 0x5C, 0x28, 0xD6, 0xFF, 0x5C, 0x28, 0xD6, 0xFF,
    0x5C, 0x28, 0xD6, 0xFF, 0x5C, 0x28, 0xD6, 0xFF, 0x5C, 0x28, 0xD6, 0xFF, 0x5C, 0x28, 0xD6, 0xFF,
    0x5C, 0x28, 0xD6, 0xFF, 0x5C, 0x28, 0xD6, 0xFF, 0x5C, 0x28, 0xD6, 0xFF, 0x5C, 0x28, 0xD6, 0xFF,
    0x5C, 0x28, 0xD6, 0xFF, 0x5C, 0x28, 0xD6, 0xFF, 0x5C, 0x28, 0xD6, 0xFF, 0x5C, 0x28, 0xD6, 0xFF,
    0x5C, 0x28, 0xD6, 0xFF, 0x20, 0x00, 0x9A, 0xFF, 0x20, 0x00, 0x9A, 0xFF, 0x00, 0x00, 0x00, 0x00,
    0x00, 0x00, 0x00, 0x00, 0x00, 0x00, 0x00, 0x00, 0x00, 0x00, 0x00, 0x00, 0x00, 0x00, 0x00, 0x00,
    0x00, 0x00, 0x00, 0x00, 0x00, 0x00, 0x00, 0x00, 0x00, 0x00, 0x00, 0x00, 0x00, 0x00, 0x00, 0x00,
    0x00, 0x00, 0x00, 0x00, 0x00, 0x00, 0x00, 0x00, 0x00, 0x00, 0x00, 0x00, 0x00, 0x00, 0x00, 0x00,
    0x00, 0x00, 0x00, 0x00, 0x00, 0x00, 0x00, 0x00, 0x00, 0x00, 0x00, 0x00, 0x00, 0x00, 0x00, 0x00,
    0x00, 0x00, 0x00, 0x00, 0x00, 0x00, 0x00, 0x00, 0x20, 0x00, 0x9A, 0xFF, 0x20, 0x00, 0x9A, 0xFF,
    0x5C, 0x28, 0xD6, 0xFF, 0x5C, 0x28, 0xD6, 0xFF, 0x5C, 0x28, 0xD6, 0xFF, 0x5C, 0x28, 0xD6, 0xFF,
    0x5C, 0x28, 0xD6, 0xFF, 0x5C, 0x28, 0xD6, 0xFF, 0x5C, 0x28, 0xD6, 0xFF, 0x5C, 0x28, 0xD6, 0xFF,
    0x5C, 0x28, 0xD6, 0xFF, 0x5C, 0x28, 0xD6, 0xFF, 0x5C, 0x28, 0xD6, 0xFF, 0x5C, 0x28, 0xD6, 0xFF,
    0x5C, 0x28, 0xD6, 0xFF, 0x5C, 0x28, 0xD6, 0xFF, 0x5C, 0x28, 0xD6, 0xFF, 0x5C, 0x28, 0xD6, 0xFF,
    0x5C, 0x28, 0xD6, 0xFF, 0x5C, 0x28, 0xD6, 0xFF, 0x5C, 0x28, 0xD6, 0xFF, 0x5C, 0x28, 0xD6, 0xFF,
    0x5C, 0x28, 0xD6, 0xFF, 0x5C, 0x28, 0xD6, 0xFF, 0x5C, 0x28, 0xD6, 0xFF, 0x5C, 0x28, 0xD6, 0xFF,
    0x5C, 0x28, 0xD6, 0xFF, 0x20, 0x00, 0x9A, 0xFF, 0x20, 0x00, 0x9A, 0xFF, 0x00, 0x00, 0x00, 0x00,
    0x00, 0x00, 0x00, 0x00, 0x00, 0x00, 0x00, 0x00, 0x00, 0x00, 0x00, 0x00, 0x00, 0x00, 0x00, 0x00,
    0x00, 0x00, 0x00, 0x00, 0x00, 0x00, 0x00, 0x00, 0x00, 0x00, 0x00, 0x00, 0x00, 0x00, 0x00, 0x00,
    0x00, 0x00, 0x00, 0x00, 0x00, 0x00, 0x00, 0x00, 0x00, 0x00, 0x00, 0x00, 0x00, 0x00, 0x00, 0x00,
    0x00, 0x00, 0x00, 0x00, 0x00, 0x00, 0x00, 0x00, 0x00, 0x00, 0x00, 0x00, 0x00, 0x00, 0x00, 0x00,
    0x00, 0x00, 0x00, 0x00, 0x00, 0x00, 0x00, 0x00, 0x20, 0x00, 0x9A, 0xFF, 0x20, 0x00, 0x9A, 0xFF,
    0x5C, 0x28, 0xD6, 0xFF, 0x5C, 0x28, 0xD6, 0xFF, 0x5C, 0x28, 0xD6, 0xFF, 0x5C, 0x28, 0xD6, 0xFF,
    0x5C, 0x28, 0xD6, 0xFF, 0x5C, 0x28, 0xD6, 0xFF, 0x5C, 0x28, 0xD6, 0xFF, 0x5C, 0x28, 0xD6, 0xFF,
    0x5C, 0x28, 0xD6, 0xFF, 0x5C, 0x28, 0xD6, 0xFF, 0x5C, 0x28, 0xD6, 0xFF, 0x5C, 0x28, 0xD6, 0xFF,
    0x5C, 0x28, 0xD6, 0xFF, 0x5C, 0x28, 0xD6, 0xFF, 0x5C, 0x28, 0xD6, 0xFF, 0x5C, 0x28, 0xD6, 0xFF,
    0x5C, 0x28, 0xD6, 0xFF, 0x5C, 0x28, 0xD6, 0xFF, 0x5C, 0x28, 0xD6, 0xFF, 0x5C, 0x28, 0xD6, 0xFF,
    0x5C, 0x28, 0xD6, 0xFF, 0x5C, 0x28, 0xD6, 0xFF, 0x5C, 0x28, 0xD6, 0xFF, 0x5C, 0x28, 0xD6, 0xFF,
    0x5C, 0x28, 0xD6, 0xFF, 0x20, 0x00, 0x9A, 0xFF, 0x20, 0x00, 0x9A, 0xFF, 0x00, 0x00, 0x00, 0x00,
    0x00, 0x00, 0x00, 0x00, 0x00, 0x00, 0x00, 0x00, 0x00, 0x00, 0x00, 0x00, 0x00, 0x00, 0x00, 0x00,
    0x00, 0x00, 0x00, 0x00, 0x00, 0x00, 0x00, 0x00, 0x00, 0x00, 0x00, 0x00, 0x00, 0x00, 0x00, 0x00,
    0x00, 0x00, 0x00, 0x00, 0x00, 0x00, 0x00, 0x00, 0x00, 0x00, 0x00, 0x00, 0x00, 0x00, 0x00, 0x00,
    0x00, 0x00, 0x00, 0x00, 0x00, 0x00, 0x00, 0x00, 0x00, 0x00, 0x00, 0x00, 0x00, 0x00, 0x00, 0x00,
    0x00, 0x00, 0x00, 0x00, 0x00, 0x00, 0x00, 0x00, 0x20, 0x00, 0x9A, 0xFF, 0x20, 0x00, 0x9A, 0xFF,
    0x5C, 0x28, 0xD6, 0xFF, 0x5C, 0x28, 0xD6, 0xFF, 0x5C, 0x28, 0xD6, 0xFF, 0x5C, 0x28, 0xD6, 0xFF,
    0x5C, 0x28, 0xD6, 0xFF, 0x5C, 0x28, 0xD6, 0xFF, 0x5C, 0x28, 0xD6, 0xFF, 0x5C, 0x28, 0xD6, 0xFF,
    0x5C, 0x28, 0xD6, 0xFF, 0x5C, 0x28, 0xD6, 0xFF, 0x5C, 0x28, 0xD6, 0xFF, 0x5C, 0x28, 0xD6, 0xFF,
    0x5C, 0x28, 0xD6, 0xFF, 0x5C, 0x28, 0xD6, 0xFF, 0x5C, 0x28, 0xD6, 0xFF, 0x5C, 0x28, 0xD6, 0xFF,
    0x5C, 0x28, 0xD6, 0xFF, 0x5C, 0x28, 0xD6, 0xFF, 0x5C, 0x28, 0xD6, 0xFF, 0x5C, 0x28, 0xD6, 0xFF,
    0x5C, 0x28, 0xD6, 0xFF, 0x5C, 0x28, 0xD6, 0xFF, 0x5C, 0x28, 0xD6, 0xFF, 0x5C, 0x28, 0xD6, 0xFF,
    0x5C, 0x28, 0xD6, 0xFF, 0x20, 0x00, 0x9A, 0xFF, 0x20, 0x00, 0x9A, 0xFF, 0x00, 0x00, 0x00, 0x00,
    0x00, 0x00, 0x00, 0x00, 0x00, 0x00, 0x00, 0x00, 0x00, 0x00, 0x00, 0x00, 0x00, 0x00, 0x00, 0x00,
    0x00, 0x00, 0x00, 0x00, 0x00, 0x00, 0x00, 0x00, 0x00, 0x00, 0x00, 0x00, 0x00, 0x00, 0x00, 0x00,
    0x00, 0x00, 0x00, 0x00, 0x00, 0x00, 0x00, 0x00, 0x00, 0x00, 0x00, 0x00, 0x00, 0x00, 0x00, 0x00,
    0x00, 0x00, 0x00, 0x00, 0x00, 0x00, 0x00, 0x00, 0x00, 0x00, 0x00, 0x00, 0x00, 0x00, 0x00, 0x00,
    0x00, 0x00, 0x00, 0x00, 0x00, 0x00, 0x00, 0x00, 0x00, 0x00, 0x00, 0x00, 0x20, 0x00, 0x9A, 0xFF,
    0x20, 0x00, 0x9A, 0xFF, 0x5C, 0x28, 0xD6, 0xFF, 0x5C, 0x28, 0xD6, 0xFF, 0x5C, 0x28, 0xD6, 0xFF,
    0x5C, 0x28, 0xD6, 0xFF, 0x5C, 0x28, 0xD6, 0xFF, 0x5C, 0x28, 0xD6, 0xFF, 0x5C, 0x28, 0xD6, 0xFF,
    0x5C, 0x28, 0xD6, 0xFF, 0x5C, 0x28, 0xD6, 0xFF, 0x5C, 0x28, 0xD6, 0xFF, 0x5C, 0x28, 0xD6, 0xFF,
    0x5C, 0x28, 0xD6, 0xFF, 0x5C, 0x28, 0xD6, 0xFF, 0x5C, 0x28, 0xD6, 0xFF, 0x5C, 0x28, 0xD6, 0xFF,
    0x5C, 0x28, 0xD6, 0xFF, 0x5C, 0x28, 0xD6, 0xFF, 0x5C, 0x28, 0xD6, 0xFF, 0x5C, 0x28, 0xD6, 0xFF,
    0x5C, 0x28, 0xD6, 0xFF, 0x5C, 0x28, 0xD6, 0xFF, 0x5C, 0x28, 0xD6, 0xFF, 0x5C, 0x28, 0xD6, 0xFF,
    0x20, 0x00, 0x9A, 0xFF, 0x20, 0x00, 0x9A, 0xFF, 0x00, 0x00, 0x00, 0x00, 0x00, 0x00, 0x00, 0x00,
    0x00, 0x00, 0x00, 0x00, 0x00, 0x00, 0x00, 0x00, 0x00, 0x00, 0x00, 0x00, 0x00, 0x00, 0x00, 0x00,
    0x00, 0x00, 0x00, 0x00, 0x00, 0x00, 0x00, 0x00, 0x00, 0x00, 0x00, 0x00, 0x00, 0x00, 0x00, 0x00,
    0x00, 0x00, 0x00, 0x00, 0x00, 0x00, 0x00, 0x00, 0x00, 0x00, 0x00, 0x00, 0x00, 0x00, 0x00, 0x00,
    0x00, 0x00, 0x00, 0x00, 0x00, 0x00, 0x00, 0x00, 0x00, 0x00, 0x00, 0x00, 0x00, 0x00, 0x00, 0x00,
    0x00, 0x00, 0x00, 0x00, 0x00, 0x00, 0x00, 0x00, 0x00, 0x00, 0x00, 0x00, 0x20, 0x00, 0x9A, 0xFF,
    0x20, 0x00, 0x9A, 0xFF, 0x5C, 0x28, 0xD6, 0xFF, 0x5C, 0x28, 0xD6, 0xFF, 0x5C, 0x28, 0xD6, 0xFF,
    0x5C, 0x28, 0xD6, 0xFF, 0x5C, 0x28, 0xD6, 0xFF, 0x5C, 0x28, 0xD6, 0xFF, 0x5C, 0x28, 0xD6, 0xFF,
    0x5C, 0x28, 0xD6, 0xFF, 0x5C, 0x28, 0xD6, 0xFF, 0x5C, 0x28, 0xD6, 0xFF, 0x5C, 0x28, 0xD6, 0xFF,
    0x5C, 0x28, 0xD6, 0xFF, 0x5C, 0x28, 0xD6, 0xFF, 0x5C, 0x28, 0xD6, 0xFF, 0x5C, 0x28, 0xD6, 0xFF,
    0x5C, 0x28, 0xD6, 0xFF, 0x5C, 0x28, 0xD6, 0xFF, 0x5C, 0x28, 0xD6, 0xFF, 0x5C, 0x28, 0xD6, 0xFF,
    0x5C, 0x28, 0xD6, 0xFF, 0x5C, 0x28, 0xD6, 0xFF, 0x5C, 0x28, 0xD6, 0xFF, 0x5C, 0x28, 0xD6, 0xFF,
    0x20, 0x00, 0x9A, 0xFF, 0x20, 0x00, 0x9A, 0xFF, 0x00, 0x00, 0x00, 0x00, 0x00, 0x00, 0x00, 0x00,
    0x00, 0x00, 0x00, 0x00, 0x00, 0x00, 0x00, 0x00, 0x00, 0x00, 0x00, 0x00, 0x00, 0x00, 0x00, 0x00,
    0x00, 0x00, 0x00, 0x00, 0x00, 0x00, 0x00, 0x00, 0x00, 0x00, 0x00, 0x00, 0x00, 0x00, 0x00, 0x00,
    0x00, 0x00, 0x00, 0x00, 0x00, 0x00, 0x00, 0x00, 0x00, 0x00, 0x00, 0x00, 0x00, 0x00, 0x00, 0x00,
    0x00, 0x00, 0x00, 0x00, 0x00, 0x00, 0x00, 0x00, 0x00, 0x00, 0x00, 0x00, 0x00, 0x00, 0x00, 0x00,
    0x00, 0x00, 0x00, 0x00, 0x00, 0x00, 0x00, 0x00, 0x00, 0x00, 0x00, 0x00, 0x00, 0x00, 0x00, 0x00,
    0x20, 0x00, 0x9A, 0xFF, 0x20, 0x00, 0x9A, 0xFF, 0x5C, 0x28, 0xD6, 0xFF, 0x5C, 0x28, 0xD6, 0xFF,
    0x5C, 0x28, 0xD6, 0xFF, 0x5C, 0x28, 0xD6, 0xFF, 0x5C, 0x28, 0xD6, 0xFF, 0x5C, 0x28, 0xD6, 0xFF,
    0x5C, 0x28, 0xD6, 0xFF, 0x5C, 0x28, 0xD6, 0xFF, 0x5C, 0x28, 0xD6, 0xFF, 0x5C, 0x28, 0xD6, 0xFF,
    0x5C, 0x28, 0xD6, 0xFF, 0x5C, 0x28, 0xD6, 0xFF, 0x5C, 0x28, 0xD6, 0xFF, 0x5C, 0x28, 0xD6, 0xFF,
    0x5C, 0x28, 0xD6, 0xFF, 0x5C, 0x28, 0xD6, 0xFF, 0x5C, 0x28, 0xD6, 0xFF, 0x5C, 0x28, 0xD6, 0xFF,
    0x5C, 0x28, 0xD6, 0xFF, 0x5C, 0x28, 0xD6, 0xFF, 0x5C, 0x28, 0xD6, 0xFF, 0x20, 0x00, 0x9A, 0xFF,
    0x20, 0x00, 0x9A, 0xFF, 0x00, 0x00, 0x00, 0x00, 0x00, 0x00, 0x00, 0x00, 0x00, 0x00, 0x00, 0x00,
    0x00, 0x00, 0x00, 0x00, 0x00, 0x00, 0x00, 0x00, 0x00, 0x00, 0x00, 0x00, 0x00, 0x00, 0x00, 0x00,
    0x00, 0x00, 0x00, 0x00, 0x00, 0x00, 0x00, 0x00, 0x00, 0x00, 0x00, 0x00, 0x00, 0x00, 0x00, 0x00,
    0x00, 0x00, 0x00, 0x00, 0x00, 0x00, 0x00, 0x00, 0x00, 0x00, 0x00, 0x00, 0x00, 0x00, 0x00, 0x00,
    0x00, 0x00, 0x00, 0x00, 0x00, 0x00, 0x00, 0x00, 0x00, 0x00, 0x00, 0x00, 0x00, 0x00, 0x00, 0x00,
    0x00, 0x00, 0x00, 0x00, 0x00, 0x00, 0x00, 0x00, 0x00, 0x00, 0x00, 0x00, 0x00, 0x00, 0x00, 0x00,
    0x20, 0x00, 0x9A, 0xFF, 0x20, 0x00, 0x9A, 0xFF, 0x20, 0x00, 0x9A, 0xFF, 0x5C, 0x28, 0xD6, 0xFF,
    0x5C, 0x28, 0xD6, 0xFF, 0x5C, 0x28, 0xD6, 0xFF, 0x5C, 0x28, 0xD6, 0xFF, 0x5C, 0x28, 0xD6, 0xFF,
    0x5C, 0x28, 0xD6, 0xFF, 0x5C, 0x28, 0xD6, 0xFF, 0x5C, 0x28, 0xD6, 0xFF, 0x5C, 0x28, 0xD6, 0xFF,
    0x5C, 0x28, 0xD6, 0xFF, 0x5C, 0x28, 0xD6, 0xFF, 0x5C, 0x28, 0xD6, 0xFF, 0x5C, 0x28, 0xD6, 0xFF,
    0x5C, 0x28, 0xD6, 0xFF, 0x5C, 0x28, 0xD6, 0xFF, 0x5C, 0x28, 0xD6, 0xFF, 0x5C, 0x28, 0xD6, 0xFF,
    0x5C, 0x28, 0xD6, 0xFF, 0x5C, 0x28, 0xD6, 0xFF, 0x20, 0x00, 0x9A, 0xFF, 0x20, 0x00, 0x9A, 0xFF,
    0x20, 0x00, 0x9A, 0xFF, 0x00, 0x00, 0x00, 0x00, 0x00, 0x00, 0x00, 0x00, 0x00, 0x00, 0x00, 0x00,
    0x00, 0x00, 0x00, 0x00, 0x00, 0x00, 0x00, 0x00, 0x00, 0x00, 0x00, 0x00, 0x00, 0x00, 0x00, 0x00,
    0x00, 0x00, 0x00, 0x00, 0x00, 0x00, 0x00, 0x00, 0x00, 0x00, 0x00, 0x00, 0x00, 0x00, 0x00, 0x00,
    0x00, 0x00, 0x00, 0x00, 0x00, 0x00, 0x00, 0x00, 0x00, 0x00, 0x00, 0x00, 0x00, 0x00, 0x00, 0x00,
    0x00, 0x00, 0x00, 0x00, 0x00, 0x00, 0x00, 0x00, 0x00, 0x00, 0x00, 0x00, 0x00, 0x00, 0x00, 0x00,
    0x00, 0x00, 0x00, 0x00, 0x00, 0x00, 0x00, 0x00, 0x00, 0x00, 0x00, 0x00, 0x00, 0x00, 0x00, 0x00,
    0x00, 0x00, 0x00, 0x00, 0x20, 0x00, 0x9A, 0xFF, 0x20, 0x00, 0x9A, 0xFF, 0x5C, 0x28, 0xD6, 0xFF,
    0x5C, 0x28, 0xD6, 0xFF, 0x5C, 0x28, 0xD6, 0xFF, 0x5C, 0x28, 0xD6, 0xFF, 0x5C, 0x28, 0xD6, 0xFF,
    0x5C, 0x28, 0xD6, 0xFF, 0x5C, 0x28, 0xD6, 0xFF, 0x5C, 0x28, 0xD6, 0xFF, 0x5C, 0x28, 0xD6, 0xFF,
    0x5C, 0x28, 0xD6, 0xFF, 0x5C, 0x28, 0xD6, 0xFF, 0x5C, 0x28, 0xD6, 0xFF, 0x5C, 0x28, 0xD6, 0xFF,
    0x5C, 0x28, 0xD6, 0xFF, 0x5C, 0x28, 0xD6, 0xFF, 0x5C, 0x28, 0xD6, 0xFF, 0x5C, 0x28, 0xD6, 0xFF,
    0x5C, 0x28, 0xD6, 0xFF, 0x5C, 0x28, 0xD6, 0xFF, 0x20, 0x00, 0x9A, 0xFF, 0x20, 0x00, 0x9A, 0xFF,
    0x00, 0x00, 0x00, 0x00, 0x00, 0x00, 0x00, 0x00, 0x00, 0x00, 0x00, 0x00, 0x00, 0x00, 0x00, 0x00,
    0x00, 0x00, 0x00, 0x00, 0x00, 0x00, 0x00, 0x00, 0x00, 0x00, 0x00, 0x00, 0x00, 0x00, 0x00, 0x00,
    0x00, 0x00, 0x00, 0x00, 0x00, 0x00, 0x00, 0x00, 0x00, 0x00, 0x00, 0x00, 0x00, 0x00, 0x00, 0x00,
    0x00, 0x00, 0x00, 0x00, 0x00, 0x00, 0x00, 0x00, 0x00, 0x00, 0x00, 0x00, 0x00, 0x00, 0x00, 0x00,
    0x00, 0x00, 0x00, 0x00, 0x00, 0x00, 0x00, 0x00, 0x00, 0x00, 0x00, 0x00, 0x00, 0x00, 0x00, 0x00,
    0x00, 0x00, 0x00, 0x00, 0x00, 0x00, 0x00, 0x00, 0x00, 0x00, 0x00, 0x00, 0x00, 0x00, 0x00, 0x00,
    0x00, 0x00, 0x00, 0x00, 0x00, 0x00, 0x00, 0x00, 0x20, 0x00, 0x9A, 0xFF, 0x20, 0x00, 0x9A, 0xFF,
    0x5C, 0x28, 0xD6, 0xFF, 0x5C, 0x28, 0xD6, 0xFF, 0x5C, 0x28, 0xD6, 0xFF, 0x5C, 0x28, 0xD6, 0xFF,
    0x5C, 0x28, 0xD6, 0xFF, 0x5C, 0x28, 0xD6, 0xFF, 0x5C, 0x28, 0xD6, 0xFF, 0x5C, 0x28, 0xD6, 0xFF,
    0x5C, 0x28, 0xD6, 0xFF, 0x5C, 0x28, 0xD6, 0xFF, 0x5C, 0x28, 0xD6, 0xFF, 0x5C, 0x28, 0xD6, 0xFF,
    0x5C, 0x28, 0xD6, 0xFF, 0x5C, 0x28, 0xD6, 0xFF, 0x5C, 0x28, 0xD6, 0xFF, 0x5C, 0x28, 0xD6, 0xFF,
    0x5C, 0x28, 0xD6, 0xFF, 0x20, 0x00, 0x9A, 0xFF, 0x20, 0x00, 0x9A, 0xFF, 0x00, 0x00, 0x00, 0x00,
    0x00, 0x00, 0x00, 0x00, 0x00, 0x00, 0x00, 0x00, 0x00, 0x00, 0x00, 0x00, 0x00, 0x00, 0x00, 0x00,
    0x00, 0x00, 0x00, 0x00, 0x00, 0x00, 0x00, 0x00, 0x00, 0x00, 0x00, 0x00, 0x00, 0x00, 0x00, 0x00,
    0x00, 0x00, 0x00, 0x00, 0x00, 0x00, 0x00, 0x00, 0x00, 0x00, 0x00, 0x00, 0x00, 0x00, 0x00, 0x00,
    0x00, 0x00, 0x00, 0x00, 0x00, 0x00, 0x00, 0x00, 0x00, 0x00, 0x00, 0x00, 0x00, 0x00, 0x00, 0x00,
    0x00, 0x00, 0x00, 0x00, 0x00, 0x00, 0x00, 0x00, 0x00, 0x00, 0x00, 0x00, 0x00, 0x00, 0x00, 0x00,
    0x00, 0x00, 0x00, 0x00, 0x00, 0x00, 0x00, 0x00, 0x00, 0x00, 0x00, 0x00, 0x00, 0x00, 0x00, 0x00,
    0x00, 0x00, 0x00, 0x00, 0x00, 0x00, 0x00, 0x00, 0x00, 0x00, 0x00, 0x00, 0x20, 0x00, 0x9A, 0xFF,
    0x20, 0x00, 0x9A, 0xFF, 0x5C, 0x28, 0xD6, 0xFF, 0x5C, 0x28, 0xD6, 0xFF, 0x5C, 0x28, 0xD6, 0xFF,
    0x5C, 0x28, 0xD6, 0xFF, 0x5C, 0x28, 0xD6, 0xFF, 0x5C, 0x28, 0xD6, 0xFF, 0x5C, 0x28, 0xD6, 0xFF,
    0x5C, 0x28, 0xD6, 0xFF, 0x5C, 0x28, 0xD6, 0xFF, 0x5C, 0x28, 0xD6, 0xFF, 0x5C, 0x28, 0xD6, 0xFF,
    0x5C, 0x28, 0xD6, 0xFF, 0x5C, 0x28, 0xD6, 0xFF, 0x5C, 0x28, 0xD6, 0xFF, 0x5C, 0x28, 0xD6, 0xFF,
    0x20, 0x00, 0x9A, 0xFF, 0x20, 0x00, 0x9A, 0xFF, 0x00, 0x00, 0x00, 0x00, 0x00, 0x00, 0x00, 0x00,
    0x00, 0x00, 0x00, 0x00, 0x00, 0x00, 0x00, 0x00, 0x00, 0x00, 0x00, 0x00, 0x00, 0x00, 0x00, 0x00,
    0x00, 0x00, 0x00, 0x00, 0x00, 0x00, 0x00, 0x00, 0x00, 0x00, 0x00, 0x00, 0x00, 0x00, 0x00, 0x00,
    0x00, 0x00, 0x00, 0x00, 0x00, 0x00, 0x00, 0x00, 0x00, 0x00, 0x00, 0x00, 0x00, 0x00, 0x00, 0x00,
    0x00, 0x00, 0x00, 0x00, 0x00, 0x00, 0x00, 0x00, 0x00, 0x00, 0x00, 0x00, 0x00, 0x00, 0x00, 0x00,
    0x00, 0x00, 0x00, 0x00, 0x00, 0x00, 0x00, 0x00, 0x00, 0x00, 0x00, 0x00, 0x00, 0x00, 0x00, 0x00,
    0x00, 0x00, 0x00, 0x00, 0x00, 0x00, 0x00, 0x00, 0x00, 0x00, 0x00, 0x00, 0x00, 0x00, 0x00, 0x00,
    0x00, 0x00, 0x00, 0x00, 0x00, 0x00, 0x00, 0x00, 0x00, 0x00, 0x00, 0x00, 0x00, 0x00, 0x00, 0x00,
    0x20, 0x00, 0x9A, 0xFF, 0x20, 0x00, 0x9A, 0xFF, 0x20, 0x00, 0x9A, 0xFF, 0x5C, 0x28, 0xD6, 0xFF,
    0x5C, 0x28, 0xD6, 0xFF, 0x5C, 0x28, 0xD6, 0xFF, 0x5C, 0x28, 0xD6, 0xFF, 0x5C, 0x28, 0xD6, 0xFF,
    0x5C, 0x28, 0xD6, 0xFF, 0x5C, 0x28, 0xD6, 0xFF, 0x5C, 0x28, 0xD6, 0xFF, 0x5C, 0x28, 0xD6, 0xFF,
    0x5C, 0x28, 0xD6, 0xFF, 0x5C, 0x28, 0xD6, 0xFF, 0x20, 0x00, 0x9A, 0xFF, 0x20, 0x00, 0x9A, 0xFF,
    0x20, 0x00, 0x9A, 0xFF, 0x00, 0x00, 0x00, 0x00, 0x00, 0x00, 0x00, 0x00, 0x00, 0x00, 0x00, 0x00,
    0x00, 0x00, 0x00, 0x00, 0x00, 0x00, 0x00, 0x00, 0x00, 0x00, 0x00, 0x00, 0x00, 0x00, 0x00, 0x00,
    0x00, 0x00, 0x00, 0x00, 0x00, 0x00, 0x00, 0x00, 0x00, 0x00, 0x00, 0x00, 0x00, 0x00, 0x00, 0x00,
    0x00, 0x00, 0x00, 0x00, 0x00, 0x00, 0x00, 0x00, 0x00, 0x00, 0x00, 0x00, 0x00, 0x00, 0x00, 0x00,
    0x00, 0x00, 0x00, 0x00, 0x00, 0x00, 0x00, 0x00, 0x00, 0x00, 0x00, 0x00, 0x00, 0x00, 0x00, 0x00,
    0x00, 0x00, 0x00, 0x00, 0x00, 0x00, 0x00, 0x00, 0x00, 0x00, 0x00, 0x00, 0x00, 0x00, 0x00, 0x00,
    0x00, 0x00, 0x00, 0x00, 0x00, 0x00, 0x00, 0x00, 0x00, 0x00, 0x00, 0x00, 0x00, 0x00, 0x00, 0x00,
    0x00, 0x00, 0x00, 0x00, 0x00, 0x00, 0x00, 0x00, 0x00, 0x00, 0x00, 0x00, 0x00, 0x00, 0x00, 0x00,
    0x00, 0x00, 0x00, 0x00, 0x20, 0x00, 0x9A, 0xFF, 0x20, 0x00, 0x9A, 0xFF, 0x20, 0x00, 0x9A, 0xFF,
    0x20, 0x00, 0x9A, 0xFF, 0x5C, 0x28, 0xD6, 0xFF, 0x5C, 0x28, 0xD6, 0xFF, 0x5C, 0x28, 0xD6, 0xFF,
    0x5C, 0x28, 0xD6, 0xFF, 0x5C, 0x28, 0xD6, 0xFF, 0x5C, 0x28, 0xD6, 0xFF, 0x5C, 0x28, 0xD6, 0xFF,
    0x20, 0x00, 0x9A, 0xFF, 0x20, 0x00, 0x9A, 0xFF, 0x20, 0x00, 0x9A, 0xFF, 0x20, 0x00, 0x9A, 0xFF,
    0x00, 0x00, 0x00, 0x00, 0x00, 0x00, 0x00, 0x00, 0x00, 0x00, 0x00, 0x00, 0x00, 0x00, 0x00, 0x00,
    0x00, 0x00, 0x00, 0x00, 0x00, 0x00, 0x00, 0x00, 0x00, 0x00, 0x00, 0x00, 0x00, 0x00, 0x00, 0x00,
    0x00, 0x00, 0x00, 0x00, 0x00, 0x00, 0x00, 0x00, 0x00, 0x00, 0x00, 0x00, 0x00, 0x00, 0x00, 0x00,
    0x00, 0x00, 0x00, 0x00, 0x00, 0x00, 0x00, 0x00, 0x00, 0x00, 0x00, 0x00, 0x00, 0x00, 0x00, 0x00,
    0x00, 0x00, 0x00, 0x00, 0x00, 0x00, 0x00, 0x00, 0x00, 0x00, 0x00, 0x00, 0x00, 0x00, 0x00, 0x00,
    0x00, 0x00, 0x00, 0x00, 0x00, 0x00, 0x00, 0x00, 0x00, 0x00, 0x00, 0x00, 0x00, 0x00, 0x00, 0x00,
    0x00, 0x00, 0x00, 0x00, 0x00, 0x00, 0x00, 0x00, 0x00, 0x00, 0x00, 0x00, 0x00, 0x00, 0x00, 0x00,
    0x00, 0x00, 0x00, 0x00, 0x00, 0x00, 0x00, 0x00, 0x00, 0x00, 0x00, 0x00, 0x00, 0x00, 0x00, 0x00,
    0x00, 0x00, 0x00, 0x00, 0x00, 0x00, 0x00, 0x00, 0x00, 0x00, 0x00, 0x00, 0x20, 0x00, 0x9A, 0xFF,
    0x20, 0x00, 0x9A, 0xFF, 0x20, 0x00, 0x9A, 0xFF, 0x20, 0x00, 0x9A, 0xFF, 0x20, 0x00, 0x9A, 0xFF,
    0x20, 0x00, 0x9A, 0xFF, 0x20, 0x00, 0x9A, 0xFF, 0x20, 0x00, 0x9A, 0xFF, 0x20, 0x00, 0x9A, 0xFF,
    0x20, 0x00, 0x9A, 0xFF, 0x20, 0x00, 0x9A, 0xFF, 0x00, 0x00, 0x00, 0x00, 0x00, 0x00, 0x00, 0x00,
    0x00, 0x00, 0x00, 0x00, 0x00, 0x00, 0x00, 0x00, 0x00, 0x00, 0x00, 0x00, 0x00, 0x00, 0x00, 0x00,
    0x00, 0x00, 0x00, 0x00, 0x00, 0x00, 0x00, 0x00, 0x00, 0x00, 0x00, 0x00, 0x00, 0x00, 0x00, 0x00,
    0x00, 0x00, 0x00, 0x00, 0x00, 0x00, 0x00, 0x00, 0x00, 0x00, 0x00, 0x00, 0x00, 0x00, 0x00, 0x00,
    0x00, 0x00, 0x00, 0x00, 0x00, 0x00, 0x00, 0x00, 0x00, 0x00, 0x00, 0x00, 0x00, 0x00, 0x00, 0x00,
    0x00, 0x00, 0x00, 0x00, 0x00, 0x00, 0x00, 0x00, 0x00, 0x00, 0x00, 0x00, 0x00, 0x00, 0x00, 0x00,
    0x00, 0x00, 0x00, 0x00, 0x00, 0x00, 0x00, 0x00, 0x00, 0x00, 0x00, 0x00, 0x00, 0x00, 0x00, 0x00,
    0x00, 0x00, 0x00, 0x00, 0x00, 0x00, 0x00, 0x00, 0x00, 0x00, 0x00, 0x00, 0x00, 0x00, 0x00, 0x00,
    0x00, 0x00, 0x00, 0x00, 0x00, 0x00, 0x00, 0x00, 0x00, 0x00, 0x00, 0x00, 0x00, 0x00, 0x00, 0x00,
    0x00, 0x00, 0x00, 0x00, 0x00, 0x00, 0x00, 0x00, 0x00, 0x00, 0x00, 0x00, 0x00, 0x00, 0x00, 0x00,
    0x00, 0x00, 0x00, 0x00, 0x20, 0x00, 0x9A, 0xFF, 0x20, 0x00, 0x9A, 0xFF, 0x20, 0x00, 0x9A, 0xFF,
    0x20, 0x00, 0x9A, 0xFF, 0x20, 0x00, 0x9A, 0xFF, 0x20, 0x00, 0x9A, 0xFF, 0x20, 0x00, 0x9A, 0xFF,
    0x00, 0x00, 0x00, 0x00, 0x00, 0x00, 0x00, 0x00, 0x00, 0x00, 0x00, 0x00, 0x00, 0x00, 0x00, 0x00,
    0x00, 0x00, 0x00, 0x00, 0x00, 0x00, 0x00, 0x00, 0x00, 0x00, 0x00, 0x00, 0x00, 0x00, 0x00, 0x00,
    0x00, 0x00, 0x00, 0x00, 0x00, 0x00, 0x00, 0x00, 0x00, 0x00, 0x00, 0x00, 0x00, 0x00, 0x00, 0x00,
    0x00, 0x00, 0x00, 0x00, 0x00, 0x00, 0x00, 0x00, 0x00, 0x00, 0x00, 0x00, 0x00, 0x00, 0x00, 0x00,
    0x00, 0x00, 0x00, 0x00, 0x00, 0x00, 0x00, 0x00, 0x00, 0x00, 0x00, 0x00, 0x00, 0x00, 0x00, 0x00,
    0x00, 0x00, 0x00, 0x00, 0x00, 0x00, 0x00, 0x00, 0x00, 0x00, 0x00, 0x00, 0x00, 0x00, 0x00, 0x00,
    0x00, 0x00, 0x00, 0x00, 0x00, 0x00, 0x00, 0x00, 0x00, 0x00, 0x00, 0x00, 0x00, 0x00, 0x00, 0x00,
    0x00, 0x00, 0x00, 0x00, 0x00, 0x00, 0x00, 0x00, 0x00, 0x00, 0x00, 0x00, 0x00, 0x00, 0x00, 0x00,
    0x00, 0x00, 0x00, 0x00, 0x00, 0x00, 0x00, 0x00, 0x00, 0x00, 0x00, 0x00, 0x00, 0x00, 0x00, 0x00,
    0x00, 0x00, 0x00, 0x00, 0x00, 0x00, 0x00, 0x00, 0x00, 0x00, 0x00, 0x00, 0x00, 0x00, 0x00, 0x00,
    0x00, 0x00, 0x00, 0x00, 0x00, 0x00, 0x00, 0x00, 0x00, 0x00, 0x00, 0x00, 0x00, 0x00, 0x00, 0x00,
    0x00, 0x00, 0x00, 0x00, 0x00, 0x00, 0x00, 0x00, 0x00, 0x00, 0x00, 0x00, 0x00, 0x00, 0x00, 0x00,
    0x00, 0x00, 0x00, 0x00, 0x00, 0x00, 0x00, 0x00, 0x00, 0x00, 0x00, 0x00, 0x00, 0x00, 0x00, 0x00,
    0x00, 0x00, 0x00, 0x00, 0x00, 0x00, 0x00, 0x00, 0x00, 0x00, 0x00, 0x00, 0x00, 0x00, 0x00, 0x00,
    0x00, 0x00, 0x00, 0x00, 0x00, 0x00, 0x00, 0x00, 0x00, 0x00, 0x00, 0x00, 0x00, 0x00, 0x00, 0x00,
    0x00, 0x00, 0x00, 0x00, 0x00, 0x00, 0x00, 0x00, 0x00, 0x00, 0x00, 0x00, 0x00, 0x00, 0x00, 0x00,
    0x00, 0x00, 0x00, 0x00, 0x00, 0x00, 0x00, 0x00, 0x00, 0x00, 0x00, 0x00, 0x00, 0x00, 0x00, 0x00,
    0x00, 0x00, 0x00, 0x00, 0x00, 0x00, 0x00, 0x00, 0x00, 0x00, 0x00, 0x00, 0x00, 0x00, 0x00, 0x00,
    0x00, 0x00, 0x00, 0x00, 0x00, 0x00, 0x00, 0x00, 0x00, 0x00, 0x00, 0x00, 0x00, 0x00, 0x00, 0x00,
    0x00, 0x00, 0x00, 0x00, 0x00, 0x00, 0x00, 0x00, 0x00, 0x00, 0x00, 0x00, 0x00, 0x00, 0x00, 0x00,
    0x00, 0x00, 0x00, 0x00, 0x00, 0x00, 0x00, 0x00, 0x00, 0x00, 0x00, 0x00, 0x00, 0x00, 0x00, 0x00,
    0x00, 0x00, 0x00, 0x00, 0x00, 0x00, 0x00, 0x00, 0x00, 0x00, 0x00, 0x00, 0x00, 0x00, 0x00, 0x00,
    0x00, 0x00, 0x00, 0x00, 0x00, 0x00, 0x00, 0x00, 0x00, 0x00, 0x00, 0x00, 0x00, 0x00, 0x00, 0x00,
    0x00, 0x00, 0x00, 0x00, 0x00, 0x00, 0x00, 0x00, 0x00, 0x00, 0x00, 0x00, 0x00, 0x00, 0x00, 0x00,
    0x00, 0x00, 0x00, 0x00, 0x00, 0x00, 0x00, 0x00, 0x00, 0x00, 0x00, 0x00, 0x00, 0x00, 0x00, 0x00,
    0x00, 0x00, 0x00, 0x00, 0x00, 0x00, 0x00, 0x00, 0x00, 0x00, 0x00, 0x00, 0x00, 0x00, 0x00, 0x00,
    0x00, 0x00, 0x00, 0x00, 0x00, 0x00, 0x00, 0x00, 0x00, 0x00, 0x00, 0x00, 0x00, 0x00, 0x00, 0x00,
    0x00, 0x00, 0x00, 0x00, 0x00, 0x00, 0x00, 0x00, 0x00, 0x00, 0x00, 0x00, 0x00, 0x00, 0x00, 0x00,
    0x00, 0x00, 0x00, 0x00, 0x00, 0x00, 0x00, 0x00, 0x00, 0x00, 0x00, 0x00, 0x00, 0x00, 0x00, 0x00,
    0x00, 0x00, 0x00, 0x00, 0x00, 0x00, 0x00, 0x00, 0x00, 0x00, 0x00, 0x00, 0x00, 0x00, 0x00, 0x00,
    0x00, 0x00, 0x00, 0x00, 0x00, 0x00, 0x00, 0x00, 0x00, 0x00, 0x00, 0x00, 0x00, 0x00, 0x00, 0x00,
    0x00, 0x00, 0x00, 0x00, 0x00, 0x00, 0x00, 0x00, 0x00, 0x00, 0x00, 0x00, 0x00, 0x00, 0x00, 0x00,
    0x00, 0x00, 0x00, 0x00, 0x00, 0x00, 0x00, 0x00, 0x00, 0x00, 0x00, 0x00, 0x00, 0x00, 0x00, 0x00,
    0x00, 0x00, 0x00, 0x00, 0x00, 0x00, 0x00, 0x00, 0x00, 0x00, 0x00, 0x00, 0x00, 0x00, 0x00, 0x00,
    0x00, 0x00, 0x00, 0x00, 0x00, 0x00, 0x00, 0x00, 0x00, 0x00, 0x00, 0x00, 0x00, 0x00, 0x00, 0x00,
    0x00, 0x00, 0x00, 0x00, 0x00, 0x00, 0x00, 0x00, 0x00, 0x00, 0x00, 0x00, 0x00, 0x00, 0x00, 0x00,
    0x00, 0x00, 0x00, 0x00, 0x00, 0x00, 0x00, 0x00, 0x00, 0x00, 0x00, 0x00, 0x00, 0x00, 0x00, 0x00,
    0x00, 0x00, 0x00, 0x00, 0x00, 0x00, 0x00, 0x00, 0x00, 0x00, 0x00, 0x00, 0x00, 0x00, 0x00, 0x00,
    0x00, 0x00, 0x00, 0x00, 0x00, 0x00, 0x00, 0x00, 0x00, 0x00, 0x00, 0x00, 0x00, 0x00, 0x00, 0x00,
    0x00, 0x00, 0x00, 0x00, 0x00, 0x00, 0x00, 0x00, 0x00, 0x00, 0x00, 0x00, 0x00, 0x00, 0x00, 0x00,
    0x00, 0x00, 0x00, 0x00, 0x00, 0x00, 0x00, 0x00, 0x00, 0x00, 0x00, 0x00, 0x00, 0x00, 0x00, 0x00,
};

const lv_image_dsc_t spr_egg_red = {
    .header.magic = LV_IMAGE_HEADER_MAGIC,
    .header.cf = LV_COLOR_FORMAT_ARGB8888,
    .header.w = 48,
    .header.h = 48,
    .header.stride = 192,
    .data_size = sizeof(spr_egg_red_map),
    .data = spr_egg_red_map,

static const uint8_t spr_egg_blue_map[] = {
    0x00, 0x00, 0x00, 0x00, 0x00, 0x00, 0x00, 0x00, 0x00, 0x00, 0x00, 0x00, 0x00, 0x00, 0x00, 0x00,
    0x00, 0x00, 0x00, 0x00, 0x00, 0x00, 0x00, 0x00, 0x00, 0x00, 0x00, 0x00, 0x00, 0x00, 0x00, 0x00,
    0x00, 0x00, 0x00, 0x00, 0x00, 0x00, 0x00, 0x00, 0x00, 0x00, 0x00, 0x00, 0x00, 0x00, 0x00, 0x00,
    0x00, 0x00, 0x00, 0x00, 0x00, 0x00, 0x00, 0x00, 0x00, 0x00, 0x00, 0x00, 0x00, 0x00, 0x00, 0x00,
    0x00, 0x00, 0x00, 0x00, 0x00, 0x00, 0x00, 0x00, 0x00, 0x00, 0x00, 0x00, 0x00, 0x00, 0x00, 0x00,
    0x00, 0x00, 0x00, 0x00, 0x00, 0x00, 0x00, 0x00, 0x00, 0x00, 0x00, 0x00, 0x00, 0x00, 0x00, 0x00,
    0x00, 0x00, 0x00, 0x00, 0x00, 0x00, 0x00, 0x00, 0x00, 0x00, 0x00, 0x00, 0x00, 0x00, 0x00, 0x00,
    0x00, 0x00, 0x00, 0x00, 0x00, 0x00, 0x00, 0x00, 0x00, 0x00, 0x00, 0x00, 0x00, 0x00, 0x00, 0x00,
    0x00, 0x00, 0x00, 0x00, 0x00, 0x00, 0x00, 0x00, 0x00, 0x00, 0x00, 0x00, 0x00, 0x00, 0x00, 0x00,
    0x00, 0x00, 0x00, 0x00, 0x00, 0x00, 0x00, 0x00, 0x00, 0x00, 0x00, 0x00, 0x00, 0x00, 0x00, 0x00,
    0x00, 0x00, 0x00, 0x00, 0x00, 0x00, 0x00, 0x00, 0x00, 0x00, 0x00, 0x00, 0x00, 0x00, 0x00, 0x00,
    0x00, 0x00, 0x00, 0x00, 0x00, 0x00, 0x00, 0x00, 0x00, 0x00, 0x00, 0x00, 0x00, 0x00, 0x00, 0x00,
    0x00, 0x00, 0x00, 0x00, 0x00, 0x00, 0x00, 0x00, 0x00, 0x00, 0x00, 0x00, 0x00, 0x00, 0x00, 0x00,
    0x00, 0x00, 0x00, 0x00, 0x00, 0x00, 0x00, 0x00, 0x00, 0x00, 0x00, 0x00, 0x00, 0x00, 0x00, 0x00,
    0x00, 0x00, 0x00, 0x00, 0x00, 0x00, 0x00, 0x00, 0x00, 0x00, 0x00, 0x00, 0x00, 0x00, 0x00, 0x00,
    0x00, 0x00, 0x00, 0x00, 0x00, 0x00, 0x00, 0x00, 0x00, 0x00, 0x00, 0x00, 0x00, 0x00, 0x00, 0x00,
    0x00, 0x00, 0x00, 0x00, 0x00, 0x00, 0x00, 0x00, 0x00, 0x00, 0x00, 0x00, 0x00, 0x00, 0x00, 0x00,
    0x00, 0x00, 0x00, 0x00, 0x00, 0x00, 0x00, 0x00, 0x00, 0x00, 0x00, 0x00, 0x00, 0x00, 0x00, 0x00,
    0x00, 0x00, 0x00, 0x00, 0x00, 0x00, 0x00, 0x00, 0x00, 0x00, 0x00, 0x00, 0x00, 0x00, 0x00, 0x00,
    0x00, 0x00, 0x00, 0x00, 0x00, 0x00, 0x00, 0x00, 0x00, 0x00, 0x00, 0x00, 0x00, 0x00, 0x00, 0x00,
    0x00, 0x00, 0x00, 0x00, 0x00, 0x00, 0x00, 0x00, 0x00, 0x00, 0x00, 0x00, 0x00, 0x00, 0x00, 0x00,
    0x00, 0x00, 0x00, 0x00, 0x00, 0x00, 0x00, 0x00, 0x00, 0x00, 0x00, 0x00, 0x00, 0x00, 0x00, 0x00,
    0x00, 0x00, 0x00, 0x00, 0x00, 0x00, 0x00, 0x00, 0x00, 0x00, 0x00, 0x00, 0x00, 0x00, 0x00, 0x00,
    0x00, 0x00, 0x00, 0x00, 0x00, 0x00, 0x00, 0x00, 0x00, 0x00, 0x00, 0x00, 0x00, 0x00, 0x00, 0x00,
    0x00, 0x00, 0x00, 0x00, 0x00, 0x00, 0x00, 0x00, 0x00, 0x00, 0x00, 0x00, 0x00, 0x00, 0x00, 0x00,
    0x00, 0x00, 0x00, 0x00, 0x00, 0x00, 0x00, 0x00, 0x00, 0x00, 0x00, 0x00, 0x00, 0x00, 0x00, 0x00,
    0x00, 0x00, 0x00, 0x00, 0x00, 0x00, 0x00, 0x00, 0x00, 0x00, 0x00, 0x00, 0x00, 0x00, 0x00, 0x00,
    0x00, 0x00, 0x00, 0x00, 0x00, 0x00, 0x00, 0x00, 0x00, 0x00, 0x00, 0x00, 0x00, 0x00, 0x00, 0x00,
    0x00, 0x00, 0x00, 0x00, 0x00, 0x00, 0x00, 0x00, 0x00, 0x00, 0x00, 0x00, 0x00, 0x00, 0x00, 0x00,
    0x00, 0x00, 0x00, 0x00, 0x00, 0x00, 0x00, 0x00, 0x00, 0x00, 0x00, 0x00, 0x00, 0x00, 0x00, 0x00,
    0x00, 0x00, 0x00, 0x00, 0x00, 0x00, 0x00, 0x00, 0x00, 0x00, 0x00, 0x00, 0x00, 0x00, 0x00, 0x00,
    0x00, 0x00, 0x00, 0x00, 0x00, 0x00, 0x00, 0x00, 0x00, 0x00, 0x00, 0x00, 0x00, 0x00, 0x00, 0x00,
    0x00, 0x00, 0x00, 0x00, 0x00, 0x00, 0x00, 0x00, 0x00, 0x00, 0x00, 0x00, 0x00, 0x00, 0x00, 0x00,
    0x00, 0x00, 0x00, 0x00, 0x00, 0x00, 0x00, 0x00, 0x00, 0x00, 0x00, 0x00, 0x00, 0x00, 0x00, 0x00,
    0x00, 0x00, 0x00, 0x00, 0x00, 0x00, 0x00, 0x00, 0x00, 0x00, 0x00, 0x00, 0x00, 0x00, 0x00, 0x00,
    0x00, 0x00, 0x00, 0x00, 0x00, 0x00, 0x00, 0x00, 0x00, 0x00, 0x00, 0x00, 0x00, 0x00, 0x00, 0x00,
    0x00, 0x00, 0x00, 0x00, 0x00, 0x00, 0x00, 0x00, 0x00, 0x00, 0x00, 0x00, 0x00, 0x00, 0x00, 0x00,
    0x00, 0x00, 0x00, 0x00, 0x00, 0x00, 0x00, 0x00, 0x00, 0x00, 0x00, 0x00, 0x00, 0x00, 0x00, 0x00,
    0x00, 0x00, 0x00, 0x00, 0x00, 0x00, 0x00, 0x00, 0x00, 0x00, 0x00, 0x00, 0x00, 0x00, 0x00, 0x00,
    0x00, 0x00, 0x00, 0x00, 0x00, 0x00, 0x00, 0x00, 0x00, 0x00, 0x00, 0x00, 0x00, 0x00, 0x00, 0x00,
    0x00, 0x00, 0x00, 0x00, 0x00, 0x00, 0x00, 0x00, 0x00, 0x00, 0x00, 0x00, 0x00, 0x00, 0x00, 0x00,
    0x00, 0x00, 0x00, 0x00, 0x00, 0x00, 0x00, 0x00, 0x00, 0x00, 0x00, 0x00, 0x00, 0x00, 0x00, 0x00,
    0x00, 0x00, 0x00, 0x00, 0x00, 0x00, 0x00, 0x00, 0x00, 0x00, 0x00, 0x00, 0x00, 0x00, 0x00, 0x00,
    0x00, 0x00, 0x00, 0x00, 0x00, 0x00, 0x00, 0x00, 0x00, 0x00, 0x00, 0x00, 0x00, 0x00, 0x00, 0x00,
    0x00, 0x00, 0x00, 0x00, 0x00, 0x00, 0x00, 0x00, 0x00, 0x00, 0x00, 0x00, 0x00, 0x00, 0x00, 0x00,
    0x00, 0x00, 0x00, 0x00, 0x00, 0x00, 0x00, 0x00, 0x00, 0x00, 0x00, 0x00, 0x00, 0x00, 0x00, 0x00,
    0x00, 0x00, 0x00, 0x00, 0x00, 0x00, 0x00, 0x00, 0x00, 0x00, 0x00, 0x00, 0x00, 0x00, 0x00, 0x00,
    0x00, 0x00, 0x00, 0x00, 0x00, 0x00, 0x00, 0x00, 0x00, 0x00, 0x00, 0x00, 0x00, 0x00, 0x00, 0x00,
    0x00, 0x00, 0x00, 0x00, 0x00, 0x00, 0x00, 0x00, 0x00, 0x00, 0x00, 0x00, 0x00, 0x00, 0x00, 0x00,
    0x00, 0x00, 0x00, 0x00, 0x00, 0x00, 0x00, 0x00, 0x00, 0x00, 0x00, 0x00, 0x00, 0x00, 0x00, 0x00,
    0x00, 0x00, 0x00, 0x00, 0x00, 0x00, 0x00, 0x00, 0x00, 0x00, 0x00, 0x00, 0x00, 0x00, 0x00, 0x00,
    0x00, 0x00, 0x00, 0x00, 0x00, 0x00, 0x00, 0x00, 0x00, 0x00, 0x00, 0x00, 0x00, 0x00, 0x00, 0x00,
    0x00, 0x00, 0x00, 0x00, 0x00, 0x00, 0x00, 0x00, 0x00, 0x00, 0x00, 0x00, 0x00, 0x00, 0x00, 0x00,
    0x00, 0x00, 0x00, 0x00, 0x00, 0x00, 0x00, 0x00, 0x00, 0x00, 0x00, 0x00, 0x00, 0x00, 0x00, 0x00,
    0x00, 0x00, 0x00, 0x00, 0x00, 0x00, 0x00, 0x00, 0x00, 0x00, 0x00, 0x00, 0x00, 0x00, 0x00, 0x00,
    0x00, 0x00, 0x00, 0x00, 0x00, 0x00, 0x00, 0x00, 0x00, 0x00, 0x00, 0x00, 0x00, 0x00, 0x00, 0x00,
    0x00, 0x00, 0x00, 0x00, 0x00, 0x00, 0x00, 0x00, 0x00, 0x00, 0x00, 0x00, 0x00, 0x00, 0x00, 0x00,
    0x00, 0x00, 0x00, 0x00, 0x00, 0x00, 0x00, 0x00, 0x00, 0x00, 0x00, 0x00, 0x00, 0x00, 0x00, 0x00,
    0x00, 0x00, 0x00, 0x00, 0x00, 0x00, 0x00, 0x00, 0x00, 0x00, 0x00, 0x00, 0x00, 0x00, 0x00, 0x00,
    0x00, 0x00, 0x00, 0x00, 0x00, 0x00, 0x00, 0x00, 0x00, 0x00, 0x00, 0x00, 0x00, 0x00, 0x00, 0x00,
    0x00, 0x00, 0x00, 0x00, 0x00, 0x00, 0x00, 0x00, 0x00, 0x00, 0x00, 0x00, 0x00, 0x00, 0x00, 0x00,
    0x00, 0x00, 0x00, 0x00, 0x00, 0x00, 0x00, 0x00, 0x00, 0x00, 0x00, 0x00, 0x00, 0x00, 0x00, 0x00,
    0x00, 0x00, 0x00, 0x00, 0x00, 0x00, 0x00, 0x00, 0x00, 0x00, 0x00, 0x00, 0x00, 0x00, 0x00, 0x00,
    0x00, 0x00, 0x00, 0x00, 0x00, 0x00, 0x00, 0x00, 0x00, 0x00, 0x00, 0x00, 0x00, 0x00, 0x00, 0x00,
    0x00, 0x00, 0x00, 0x00, 0x00, 0x00, 0x00, 0x00, 0x00, 0x00, 0x00, 0x00, 0x00, 0x00, 0x00, 0x00,
    0x00, 0x00, 0x00, 0x00, 0x00, 0x00, 0x00, 0x00, 0x00, 0x00, 0x00, 0x00, 0x00, 0x00, 0x00, 0x00,
    0x00, 0x00, 0x00, 0x00, 0x00, 0x00, 0x00, 0x00, 0x00, 0x00, 0x00, 0x00, 0x00, 0x00, 0x00, 0x00,
    0x00, 0x00, 0x00, 0x00, 0x00, 0x00, 0x00, 0x00, 0x00, 0x00, 0x00, 0x00, 0x00, 0x00, 0x00, 0x00,
    0x00, 0x00, 0x00, 0x00, 0x00, 0x00, 0x00, 0x00, 0x00, 0x00, 0x00, 0x00, 0x00, 0x00, 0x00, 0x00,
    0x00, 0x00, 0x00, 0x00, 0x00, 0x00, 0x00, 0x00, 0x00, 0x00, 0x00, 0x00, 0x00, 0x00, 0x00, 0x00,
    0x00, 0x00, 0x00, 0x00, 0x00, 0x00, 0x00, 0x00, 0x00, 0x00, 0x00, 0x00, 0x00, 0x00, 0x00, 0x00,
    0x00, 0x00, 0x00, 0x00, 0x00, 0x00, 0x00, 0x00, 0x00, 0x00, 0x00, 0x00, 0x00, 0x00, 0x00, 0x00,
    0x00, 0x00, 0x00, 0x00, 0x00, 0x00, 0x00, 0x00, 0x00, 0x00, 0x00, 0x00, 0x00, 0x00, 0x00, 0x00,
    0x00, 0x00, 0x00, 0x00, 0x00, 0x00, 0x00, 0x00, 0x00, 0x00, 0x00, 0x00, 0x00, 0x00, 0x00, 0x00,
    0x00, 0x00, 0x00, 0x00, 0x00, 0x00, 0x00, 0x00, 0x00, 0x00, 0x00, 0x00, 0x00, 0x00, 0x00, 0x00,
    0x00, 0x00, 0x00, 0x00, 0x00, 0x00, 0x00, 0x00, 0x00, 0x00, 0x00, 0x00, 0x00, 0x00, 0x00, 0x00,
    0x00, 0x00, 0x00, 0x00, 0x00, 0x00, 0x00, 0x00, 0x00, 0x00, 0x00, 0x00, 0x00, 0x00, 0x00, 0x00,
    0x00, 0x00, 0x00, 0x00, 0x96, 0x32, 0x00, 0xFF, 0x96, 0x32, 0x00, 0xFF, 0x96, 0x32, 0x00, 0xFF,
    0x96, 0x32, 0x00, 0xFF, 0x96, 0x32, 0x00, 0xFF, 0x96, 0x32, 0x00, 0xFF, 0x96, 0x32, 0x00, 0xFF,
    0x00, 0x00, 0x00, 0x00, 0x00, 0x00, 0x00, 0x00, 0x00, 0x00, 0x00, 0x00, 0x00, 0x00, 0x00, 0x00,
    0x00, 0x00, 0x00, 0x00, 0x00, 0x00, 0x00, 0x00, 0x00, 0x00, 0x00, 0x00, 0x00, 0x00, 0x00, 0x00,
    0x00, 0x00, 0x00, 0x00, 0x00, 0x00, 0x00, 0x00, 0x00, 0x00, 0x00, 0x00, 0x00, 0x00, 0x00, 0x00,
    0x00, 0x00, 0x00, 0x00, 0x00, 0x00, 0x00, 0x00, 0x00, 0x00, 0x00, 0x00, 0x00, 0x00, 0x00, 0x00,
    0x00, 0x00, 0x00, 0x00, 0x00, 0x00, 0x00, 0x00, 0x00, 0x00, 0x00, 0x00, 0x00, 0x00, 0x00, 0x00,
    0x00, 0x00, 0x00, 0x00, 0x00, 0x00, 0x00, 0x00, 0x00, 0x00, 0x00, 0x00, 0x00, 0x00, 0x00, 0x00,
    0x00, 0x00, 0x00, 0x00, 0x00, 0x00, 0x00, 0x00, 0x00, 0x00, 0x00, 0x00, 0x00, 0x00, 0x00, 0x00,
    0x00, 0x00, 0x00, 0x00, 0x00, 0x00, 0x00, 0x00, 0x00, 0x00, 0x00, 0x00, 0x00, 0x00, 0x00, 0x00,
    0x00, 0x00, 0x00, 0x00, 0x00, 0x00, 0x00, 0x00, 0x00, 0x00, 0x00, 0x00, 0x00, 0x00, 0x00, 0x00,
    0x00, 0x00, 0x00, 0x00, 0x00, 0x00, 0x00, 0x00, 0x00, 0x00, 0x00, 0x00, 0x96, 0x32, 0x00, 0xFF,
    0x96, 0x32, 0x00, 0xFF, 0x96, 0x32, 0x00, 0xFF, 0x96, 0x32, 0x00, 0xFF, 0x96, 0x32, 0x00, 0xFF,
    0x96, 0x32, 0x00, 0xFF, 0x96, 0x32, 0x00, 0xFF, 0x96, 0x32, 0x00, 0xFF, 0x96, 0x32, 0x00, 0xFF,
    0x96, 0x32, 0x00, 0xFF, 0x96, 0x32, 0x00, 0xFF, 0x00, 0x00, 0x00, 0x00, 0x00, 0x00, 0x00, 0x00,
    0x00, 0x00, 0x00, 0x00, 0x00, 0x00, 0x00, 0x00, 0x00, 0x00, 0x00, 0x00, 0x00, 0x00, 0x00, 0x00,
    0x00, 0x00, 0x00, 0x00, 0x00, 0x00, 0x00, 0x00, 0x00, 0x00, 0x00, 0x00, 0x00, 0x00, 0x00, 0x00,
    0x00, 0x00, 0x00, 0x00, 0x00, 0x00, 0x00, 0x00, 0x00, 0x00, 0x00, 0x00, 0x00, 0x00, 0x00, 0x00,
    0x00, 0x00, 0x00, 0x00, 0x00, 0x00, 0x00, 0x00, 0x00, 0x00, 0x00, 0x00, 0x00, 0x00, 0x00, 0x00,
    0x00, 0x00, 0x00, 0x00, 0x00, 0x00, 0x00, 0x00, 0x00, 0x00, 0x00, 0x00, 0x00, 0x00, 0x00, 0x00,
    0x00, 0x00, 0x00, 0x00, 0x00, 0x00, 0x00, 0x00, 0x00, 0x00, 0x00, 0x00, 0x00, 0x00, 0x00, 0x00,
    0x00, 0x00, 0x00, 0x00, 0x00, 0x00, 0x00, 0x00, 0x00, 0x00, 0x00, 0x00, 0x00, 0x00, 0x00, 0x00,
    0x00, 0x00, 0x00, 0x00, 0x00, 0x00, 0x00, 0x00, 0x00, 0x00, 0x00, 0x00, 0x00, 0x00, 0x00, 0x00,
    0x00, 0x00, 0x00, 0x00, 0x96, 0x32, 0x00, 0xFF, 0x96, 0x32, 0x00, 0xFF, 0x96, 0x32, 0x00, 0xFF,
    0x96, 0x32, 0x00, 0xFF, 0xD2, 0x6E, 0x28, 0xFF, 0xD2, 0x6E, 0x28, 0xFF, 0xD2, 0x6E, 0x28, 0xFF,
    0xD2, 0x6E, 0x28, 0xFF, 0xD2, 0x6E, 0x28, 0xFF, 0xD2, 0x6E, 0x28, 0xFF, 0xD2, 0x6E, 0x28, 0xFF,
    0x96, 0x32, 0x00, 0xFF, 0x96, 0x32, 0x00, 0xFF, 0x96, 0x32, 0x00, 0xFF, 0x96, 0x32, 0x00, 0xFF,
    0x00, 0x00, 0x00, 0x00, 0x00, 0x00, 0x00, 0x00, 0x00, 0x00, 0x00, 0x00, 0x00, 0x00, 0x00, 0x00,
    0x00, 0x00, 0x00, 0x00, 0x00, 0x00, 0x00, 0x00, 0x00, 0x00, 0x00, 0x00, 0x00, 0x00, 0x00, 0x00,
    0x00, 0x00, 0x00, 0x00, 0x00, 0x00, 0x00, 0x00, 0x00, 0x00, 0x00, 0x00, 0x00, 0x00, 0x00, 0x00,
    0x00, 0x00, 0x00, 0x00, 0x00, 0x00, 0x00, 0x00, 0x00, 0x00, 0x00, 0x00, 0x00, 0x00, 0x00, 0x00,
    0x00, 0x00, 0x00, 0x00, 0x00, 0x00, 0x00, 0x00, 0x00, 0x00, 0x00, 0x00, 0x00, 0x00, 0x00, 0x00,
    0x00, 0x00, 0x00, 0x00, 0x00, 0x00, 0x00, 0x00, 0x00, 0x00, 0x00, 0x00, 0x00, 0x00, 0x00, 0x00,
    0x00, 0x00, 0x00, 0x00, 0x00, 0x00, 0x00, 0x00, 0x00, 0x00, 0x00, 0x00, 0x00, 0x00, 0x00, 0x00,
    0x00, 0x00, 0x00, 0x00, 0x00, 0x00, 0x00, 0x00, 0x00, 0x00, 0x00, 0x00, 0x00, 0x00, 0x00, 0x00,
    0x96, 0x32, 0x00, 0xFF, 0x96, 0x32, 0x00, 0xFF, 0x96, 0x32, 0x00, 0xFF, 0xD2, 0x6E, 0x28, 0xFF,
    0xD2, 0x6E, 0x28, 0xFF, 0xD2, 0x6E, 0x28, 0xFF, 0xD2, 0x6E, 0x28, 0xFF, 0xD2, 0x6E, 0x28, 0xFF,
    0xD2, 0x6E, 0x28, 0xFF, 0xD2, 0x6E, 0x28, 0xFF, 0xD2, 0x6E, 0x28, 0xFF, 0xD2, 0x6E, 0x28, 0xFF,
    0xD2, 0x6E, 0x28, 0xFF, 0xD2, 0x6E, 0x28, 0xFF, 0x96, 0x32, 0x00, 0xFF, 0x96, 0x32, 0x00, 0xFF,
    0x96, 0x32, 0x00, 0xFF, 0x00, 0x00, 0x00, 0x00, 0x00, 0x00, 0x00, 0x00, 0x00, 0x00, 0x00, 0x00,
    0x00, 0x00, 0x00, 0x00, 0x00, 0x00, 0x00, 0x00, 0x00, 0x00, 0x00, 0x00, 0x00, 0x00, 0x00, 0x00,
    0x00, 0x00, 0x00, 0x00, 0x00, 0x00, 0x00, 0x00, 0x00, 0x00, 0x00, 0x00, 0x00, 0x00, 0x00, 0x00,
    0x00, 0x00, 0x00, 0x00, 0x00, 0x00, 0x00, 0x00, 0x00, 0x00, 0x00, 0x00, 0x00, 0x00, 0x00, 0x00,
    0x00, 0x00, 0x00, 0x00, 0x00, 0x00, 0x00, 0x00, 0x00, 0x00, 0x00, 0x00, 0x00, 0x00, 0x00, 0x00,
    0x00, 0x00, 0x00, 0x00, 0x00, 0x00, 0x00, 0x00, 0x00, 0x00, 0x00, 0x00, 0x00, 0x00, 0x00, 0x00,
    0x00, 0x00, 0x00, 0x00, 0x00, 0x00, 0x00, 0x00, 0x00, 0x00, 0x00, 0x00, 0x00, 0x00, 0x00, 0x00,
    0x00, 0x00, 0x00, 0x00, 0x00, 0x00, 0x00, 0x00, 0x00, 0x00, 0x00, 0x00, 0x96, 0x32, 0x00, 0xFF,
    0x96, 0x32, 0x00, 0xFF, 0xD2, 0x6E, 0x28, 0xFF, 0xD2, 0x6E, 0x28, 0xFF, 0xD2, 0x6E, 0x28, 0xFF,
    0xD2, 0x6E, 0x28, 0xFF, 0xD2, 0x6E, 0x28, 0xFF, 0xD2, 0x6E, 0x28, 0xFF, 0xD2, 0x6E, 0x28, 0xFF,
    0xD2, 0x6E, 0x28, 0xFF, 0xD2, 0x6E, 0x28, 0xFF, 0xD2, 0x6E, 0x28, 0xFF, 0xD2, 0x6E, 0x28, 0xFF,
    0xD2, 0x6E, 0x28, 0xFF, 0xD2, 0x6E, 0x28, 0xFF, 0xD2, 0x6E, 0x28, 0xFF, 0xD2, 0x6E, 0x28, 0xFF,
    0x96, 0x32, 0x00, 0xFF, 0x96, 0x32, 0x00, 0xFF, 0x00, 0x00, 0x00, 0x00, 0x00, 0x00, 0x00, 0x00,
    0x00, 0x00, 0x00, 0x00, 0x00, 0x00, 0x00, 0x00, 0x00, 0x00, 0x00, 0x00, 0x00, 0x00, 0x00, 0x00,
    0x00, 0x00, 0x00, 0x00, 0x00, 0x00, 0x00, 0x00, 0x00, 0x00, 0x00, 0x00, 0x00, 0x00, 0x00, 0x00,
    0x00, 0x00, 0x00, 0x00, 0x00, 0x00, 0x00, 0x00, 0x00, 0x00, 0x00, 0x00, 0x00, 0x00, 0x00, 0x00,
    0x00, 0x00, 0x00, 0x00, 0x00, 0x00, 0x00, 0x00, 0x00, 0x00, 0x00, 0x00, 0x00, 0x00, 0x00, 0x00,
    0x00, 0x00, 0x00, 0x00, 0x00, 0x00, 0x00, 0x00, 0x00, 0x00, 0x00, 0x00, 0x00, 0x00, 0x00, 0x00,
    0x00, 0x00, 0x00, 0x00, 0x00, 0x00, 0x00, 0x00, 0x00, 0x00, 0x00, 0x00, 0x00, 0x00, 0x00, 0x00,
    0x00, 0x00, 0x00, 0x00, 0x00, 0x00, 0x00, 0x00, 0x96, 0x32, 0x00, 0xFF, 0x96, 0x32, 0x00, 0xFF,
    0xD2, 0x6E, 0x28, 0xFF, 0xD2, 0x6E, 0x28, 0xFF, 0xFF, 0x9B, 0x55, 0xFF, 0xFF, 0x9B, 0x55, 0xFF,
    0xFF, 0x9B, 0x55, 0xFF, 0xD2, 0x6E, 0x28, 0xFF, 0xD2, 0x6E, 0x28, 0xFF, 0xD2, 0x6E, 0x28, 0xFF,
    0xD2, 0x6E, 0x28, 0xFF, 0xD2, 0x6E, 0x28, 0xFF, 0xD2, 0x6E, 0x28, 0xFF, 0xD2, 0x6E, 0x28, 0xFF,
    0xD2, 0x6E, 0x28, 0xFF, 0xD2, 0x6E, 0x28, 0xFF, 0xD2, 0x6E, 0x28, 0xFF, 0xD2, 0x6E, 0x28, 0xFF,
    0xD2, 0x6E, 0x28, 0xFF, 0x96, 0x32, 0x00, 0xFF, 0x96, 0x32, 0x00, 0xFF, 0x00, 0x00, 0x00, 0x00,
    0x00, 0x00, 0x00, 0x00, 0x00, 0x00, 0x00, 0x00, 0x00, 0x00, 0x00, 0x00, 0x00, 0x00, 0x00, 0x00,
    0x00, 0x00, 0x00, 0x00, 0x00, 0x00, 0x00, 0x00, 0x00, 0x00, 0x00, 0x00, 0x00, 0x00, 0x00, 0x00,
    0x00, 0x00, 0x00, 0x00, 0x00, 0x00, 0x00, 0x00, 0x00, 0x00, 0x00, 0x00, 0x00, 0x00, 0x00, 0x00,
    0x00, 0x00, 0x00, 0x00, 0x00, 0x00, 0x00, 0x00, 0x00, 0x00, 0x00, 0x00, 0x00, 0x00, 0x00, 0x00,
    0x00, 0x00, 0x00, 0x00, 0x00, 0x00, 0x00, 0x00, 0x00, 0x00, 0x00, 0x00, 0x00, 0x00, 0x00, 0x00,
    0x00, 0x00, 0x00, 0x00, 0x00, 0x00, 0x00, 0x00, 0x00, 0x00, 0x00, 0x00, 0x00, 0x00, 0x00, 0x00,
    0x00, 0x00, 0x00, 0x00, 0x96, 0x32, 0x00, 0xFF, 0x96, 0x32, 0x00, 0xFF, 0xD2, 0x6E, 0x28, 0xFF,
    0xD2, 0x6E, 0x28, 0xFF, 0xFF, 0x9B, 0x55, 0xFF, 0xFF, 0x9B, 0x55, 0xFF, 0xFF, 0x9B, 0x55, 0xFF,
    0xFF, 0x9B, 0x55, 0xFF, 0xFF, 0x9B, 0x55, 0xFF, 0xD2, 0x6E, 0x28, 0xFF, 0xD2, 0x6E, 0x28, 0xFF,
    0xD2, 0x6E, 0x28, 0xFF, 0xD2, 0x6E, 0x28, 0xFF, 0xFF, 0x9B, 0x55, 0xFF, 0xD2, 0x6E, 0x28, 0xFF,
    0xD2, 0x6E, 0x28, 0xFF, 0xD2, 0x6E, 0x28, 0xFF, 0xD2, 0x6E, 0x28, 0xFF, 0xD2, 0x6E, 0x28, 0xFF,
    0xD2, 0x6E, 0x28, 0xFF, 0xD2, 0x6E, 0x28, 0xFF, 0x96, 0x32, 0x00, 0xFF, 0x96, 0x32, 0x00, 0xFF,
    0x00, 0x00, 0x00, 0x00, 0x00, 0x00, 0x00, 0x00, 0x00, 0x00, 0x00, 0x00, 0x00, 0x00, 0x00, 0x00,
    0x00, 0x00, 0x00, 0x00, 0x00, 0x00, 0x00, 0x00, 0x00, 0x00, 0x00, 0x00, 0x00, 0x00, 0x00, 0x00,
    0x00, 0x00, 0x00, 0x00, 0x00, 0x00, 0x00, 0x00, 0x00, 0x00, 0x00, 0x00, 0x00, 0x00, 0x00, 0x00,
    0x00, 0x00, 0x00, 0x00, 0x00, 0x00, 0x00, 0x00, 0x00, 0x00, 0x00, 0x00, 0x00, 0x00, 0x00, 0x00,
    0x00, 0x00, 0x00, 0x00, 0x00, 0x00, 0x00, 0x00, 0x00, 0x00, 0x00, 0x00, 0x00, 0x00, 0x00, 0x00,
    0x00, 0x00, 0x00, 0x00, 0x00, 0x00, 0x00, 0x00, 0x00, 0x00, 0x00, 0x00, 0x00, 0x00, 0x00, 0x00,
    0x96, 0x32, 0x00, 0xFF, 0x96, 0x32, 0x00, 0xFF, 0x96, 0x32, 0x00, 0xFF, 0xD2, 0x6E, 0x28, 0xFF,
    0xFF, 0x9B, 0x55, 0xFF, 0xFF, 0x9B, 0x55, 0xFF, 0xFF, 0x9B, 0x55, 0xFF, 0xFF, 0x9B, 0x55, 0xFF,
    0xFF, 0x9B, 0x55, 0xFF, 0xFF, 0x9B, 0x55, 0xFF, 0xFF, 0x9B, 0x55, 0xFF, 0xD2, 0x6E, 0x28, 0xFF,
    0xD2, 0x6E, 0x28, 0xFF, 0xD2, 0x6E, 0x28, 0xFF, 0xD2, 0x6E, 0x28, 0xFF, 0xD2, 0x6E, 0x28, 0xFF,
    0xD2, 0x6E, 0x28, 0xFF, 0xD2, 0x6E, 0x28, 0xFF, 0xD2, 0x6E, 0x28, 0xFF, 0xD2, 0x6E, 0x28, 0xFF,
    0xD2, 0x6E, 0x28, 0xFF, 0xD2, 0x6E, 0x28, 0xFF, 0x96, 0x32, 0x00, 0xFF, 0x96, 0x32, 0x00, 0xFF,
    0x96, 0x32, 0x00, 0xFF, 0x00, 0x00, 0x00, 0x00, 0x00, 0x00, 0x00, 0x00, 0x00, 0x00, 0x00, 0x00,
    0x00, 0x00, 0x00, 0x00, 0x00, 0x00, 0x00, 0x00, 0x00, 0x00, 0x00, 0x00, 0x00, 0x00, 0x00, 0x00,
    0x00, 0x00, 0x00, 0x00, 0x00, 0x00, 0x00, 0x00, 0x00, 0x00, 0x00, 0x00, 0x00, 0x00, 0x00, 0x00,
    0x00, 0x00, 0x00, 0x00, 0x00, 0x00, 0x00, 0x00, 0x00, 0x00, 0x00, 0x00, 0x00, 0x00, 0x00, 0x00,
    0x00, 0x00, 0x00, 0x00, 0x00, 0x00, 0x00, 0x00, 0x00, 0x00, 0x00, 0x00, 0x00, 0x00, 0x00, 0x00,
    0x00, 0x00, 0x00, 0x00, 0x00, 0x00, 0x00, 0x00, 0x00, 0x00, 0x00, 0x00, 0x00, 0x00, 0x00, 0x00,
    0x96, 0x32, 0x00, 0xFF, 0x96, 0x32, 0x00, 0xFF, 0xD2, 0x6E, 0x28, 0xFF, 0xFF, 0x9B, 0x55, 0xFF,
    0xFF, 0x9B, 0x55, 0xFF, 0xFF, 0x9B, 0x55, 0xFF, 0xFF, 0x9B, 0x55, 0xFF, 0xFF, 0x9B, 0x55, 0xFF,
    0xFF, 0x9B, 0x55, 0xFF, 0xFF, 0x9B, 0x55, 0xFF, 0xFF, 0x9B, 0x55, 0xFF, 0xFF, 0x9B, 0x55, 0xFF,
    0xD2, 0x6E, 0x28, 0xFF, 0xD2, 0x6E, 0x28, 0xFF, 0xD2, 0x6E, 0x28, 0xFF, 0xD2, 0x6E, 0x28, 0xFF,
    0xD2, 0x6E, 0x28, 0xFF, 0xD2, 0x6E, 0x28, 0xFF, 0xD2, 0x6E, 0x28, 0xFF, 0xD2, 0x6E, 0x28, 0xFF,
    0xD2, 0x6E, 0x28, 0xFF, 0xD2, 0x6E, 0x28, 0xFF, 0xD2, 0x6E, 0x28, 0xFF, 0x96, 0x32, 0x00, 0xFF,
    0x96, 0x32, 0x00, 0xFF, 0x00, 0x00, 0x00, 0x00, 0x00, 0x00, 0x00, 0x00, 0x00, 0x00, 0x00, 0x00,
    0x00, 0x00, 0x00, 0x00, 0x00, 0x00, 0x00, 0x00, 0x00, 0x00, 0x00, 0x00, 0x00, 0x00, 0x00, 0x00,
    0x00, 0x00, 0x00, 0x00, 0x00, 0x00, 0x00, 0x00, 0x00, 0x00, 0x00, 0x00, 0x00, 0x00, 0x00, 0x00,
    0x00, 0x00, 0x00, 0x00, 0x00, 0x00, 0x00, 0x00, 0x00, 0x00, 0x00, 0x00, 0x00, 0x00, 0x00, 0x00,
    0x00, 0x00, 0x00, 0x00, 0x00, 0x00, 0x00, 0x00, 0x00, 0x00, 0x00, 0x00, 0x00, 0x00, 0x00, 0x00,
    0x00, 0x00, 0x00, 0x00, 0x00, 0x00, 0x00, 0x00, 0x00, 0x00, 0x00, 0x00, 0x96, 0x32, 0x00, 0xFF,
    0x96, 0x32, 0x00, 0xFF, 0xD2, 0x6E, 0x28, 0xFF, 0xD2, 0x6E, 0x28, 0xFF, 0xFF, 0x9B, 0x55, 0xFF,
    0xFF, 0x9B, 0x55, 0xFF, 0xFF, 0x9B, 0x55, 0xFF, 0xFF, 0x9B, 0x55, 0xFF, 0xFF, 0x9B, 0x55, 0xFF,
    0xFF, 0x9B, 0x55, 0xFF, 0xFF, 0x9B, 0x55, 0xFF, 0xFF, 0x9B, 0x55, 0xFF, 0xFF, 0x9B, 0x55, 0xFF,
    0xD2, 0x6E, 0x28, 0xFF, 0xD2, 0x6E, 0x28, 0xFF, 0xD2, 0x6E, 0x28, 0xFF, 0xD2, 0x6E, 0x28, 0xFF,
    0xD2, 0x6E, 0x28, 0xFF, 0xD2, 0x6E, 0x28, 0xFF, 0xD2, 0x6E, 0x28, 0xFF, 0xD2, 0x6E, 0x28, 0xFF,
    0xD2, 0x6E, 0x28, 0xFF, 0xD2, 0x6E, 0x28, 0xFF, 0xD2, 0x6E, 0x28, 0xFF, 0xD2, 0x6E, 0x28, 0xFF,
    0x96, 0x32, 0x00, 0xFF, 0x96, 0x32, 0x00, 0xFF, 0x00, 0x00, 0x00, 0x00, 0x00, 0x00, 0x00, 0x00,
    0x00, 0x00, 0x00, 0x00, 0x00, 0x00, 0x00, 0x00, 0x00, 0x00, 0x00, 0x00, 0x00, 0x00, 0x00, 0x00,
    0x00, 0x00, 0x00, 0x00, 0x00, 0x00, 0x00, 0x00, 0x00, 0x00, 0x00, 0x00, 0x00, 0x00, 0x00, 0x00,
    0x00, 0x00, 0x00, 0x00, 0x00, 0x00, 0x00, 0x00, 0x00, 0x00, 0x00, 0x00, 0x00, 0x00, 0x00, 0x00,
    0x00, 0x00, 0x00, 0x00, 0x00, 0x00, 0x00, 0x00, 0x00, 0x00, 0x00, 0x00, 0x00, 0x00, 0x00, 0x00,
    0x00, 0x00, 0x00, 0x00, 0x00, 0x00, 0x00, 0x00, 0x00, 0x00, 0x00, 0x00, 0x96, 0x32, 0x00, 0xFF,
    0x96, 0x32, 0x00, 0xFF, 0xD2, 0x6E, 0x28, 0xFF, 0xD2, 0x6E, 0x28, 0xFF, 0xFF, 0x9B, 0x55, 0xFF,
    0xFF, 0x9B, 0x55, 0xFF, 0xFF, 0x9B, 0x55, 0xFF, 0xFF, 0x9B, 0x55, 0xFF, 0xFF, 0x9B, 0x55, 0xFF,
    0xFF, 0x9B, 0x55, 0xFF, 0xFF, 0x9B, 0x55, 0xFF, 0xFF, 0x9B, 0x55, 0xFF, 0xFF, 0x9B, 0x55, 0xFF,
    0xD2, 0x6E, 0x28, 0xFF, 0xD2, 0x6E, 0x28, 0xFF, 0xD2, 0x6E, 0x28, 0xFF, 0xD2, 0x6E, 0x28, 0xFF,
    0xD2, 0x6E, 0x28, 0xFF, 0xD2, 0x6E, 0x28, 0xFF, 0xD2, 0x6E, 0x28, 0xFF, 0xD2, 0x6E, 0x28, 0xFF,
    0xD2, 0x6E, 0x28, 0xFF, 0xD2, 0x6E, 0x28, 0xFF, 0xD2, 0x6E, 0x28, 0xFF, 0xD2, 0x6E, 0x28, 0xFF,
    0x96, 0x32, 0x00, 0xFF, 0x96, 0x32, 0x00, 0xFF, 0x00, 0x00, 0x00, 0x00, 0x00, 0x00, 0x00, 0x00,
    0x00, 0x00, 0x00, 0x00, 0x00, 0x00, 0x00, 0x00, 0x00, 0x00, 0x00, 0x00, 0x00, 0x00, 0x00, 0x00,
    0x00, 0x00, 0x00, 0x00, 0x00, 0x00, 0x00, 0x00, 0x00, 0x00, 0x00, 0x00, 0x00, 0x00, 0x00, 0x00,
    0x00, 0x00, 0x00, 0x00, 0x00, 0x00, 0x00, 0x00, 0x00, 0x00, 0x00, 0x00, 0x00, 0x00, 0x00, 0x00,
    0x00, 0x00, 0x00, 0x00, 0x00, 0x00, 0x00, 0x00, 0x00, 0x00, 0x00, 0x00, 0x00, 0x00, 0x00, 0x00,
    0x00, 0x00, 0x00, 0x00, 0x00, 0x00, 0x00, 0x00, 0x96, 0x32, 0x00, 0xFF, 0x96, 0x32, 0x00, 0xFF,
    0xD2, 0x6E, 0x28, 0xFF, 0xD2, 0x6E, 0x28, 0xFF, 0xD2, 0x6E, 0x28, 0xFF, 0xFF, 0x9B, 0x55, 0xFF,
    0xFF, 0x9B, 0x55, 0xFF, 0xFF, 0x9B, 0x55, 0xFF, 0xFF, 0x9B, 0x55, 0xFF, 0xFF, 0x9B, 0x55, 0xFF,
    0xFF, 0x9B, 0x55, 0xFF, 0xFF, 0x9B, 0x55, 0xFF, 0xFF, 0x9B, 0x55, 0xFF, 0xFF, 0x9B, 0x55, 0xFF,
    0xD2, 0x6E, 0x28, 0xFF, 0xD2, 0x6E, 0x28, 0xFF, 0xD2, 0x6E, 0x28, 0xFF, 0xD2, 0x6E, 0x28, 0xFF,
    0xD2, 0x6E, 0x28, 0xFF, 0xD2, 0x6E, 0x28, 0xFF, 0xD2, 0x6E, 0x28, 0xFF, 0xD2, 0x6E, 0x28, 0xFF,
    0xD2, 0x6E, 0x28, 0xFF, 0xD2, 0x6E, 0x28, 0xFF, 0xD2, 0x6E, 0x28, 0xFF, 0xD2, 0x6E, 0x28, 0xFF,
    0xD2, 0x6E, 0x28, 0xFF, 0x96, 0x32, 0x00, 0xFF, 0x96, 0x32, 0x00, 0xFF, 0x00, 0x00, 0x00, 0x00,
    0x00, 0x00, 0x00, 0x00, 0x00, 0x00, 0x00, 0x00, 0x00, 0x00, 0x00, 0x00, 0x00, 0x00, 0x00, 0x00,
    0x00, 0x00, 0x00, 0x00, 0x00, 0x00, 0x00, 0x00, 0x00, 0x00, 0x00, 0x00, 0x00, 0x00, 0x00, 0x00,
    0x00, 0x00, 0x00, 0x00, 0x00, 0x00, 0x00, 0x00, 0x00, 0x00, 0x00, 0x00, 0x00, 0x00, 0x00, 0x00,
    0x00, 0x00, 0x00, 0x00, 0x00, 0x00, 0x00, 0x00, 0x00, 0x00, 0x00, 0x00, 0x00, 0x00, 0x00, 0x00,
    0x00, 0x00, 0x00, 0x00, 0x00, 0x00, 0x00, 0x00, 0x96, 0x32, 0x00, 0xFF, 0x96, 0x32, 0x00, 0xFF,
    0xD2, 0x6E, 0x28, 0xFF, 0xD2, 0x6E, 0x28, 0xFF, 0xD2, 0x6E, 0x28, 0xFF, 0xFF, 0x9B, 0x55, 0xFF,
    0xFF, 0x9B, 0x55, 0xFF, 0xFF, 0x9B, 0x55, 0xFF, 0xFF, 0x9B, 0x55, 0xFF, 0xFF, 0x9B, 0x55, 0xFF,
    0xFF, 0x9B, 0x55, 0xFF, 0xFF, 0x9B, 0x55, 0xFF, 0xFF, 0x9B, 0x55, 0xFF, 0xFF, 0x9B, 0x55, 0xFF,
    0xD2, 0x6E, 0x28, 0xFF, 0xD2, 0x6E, 0x28, 0xFF, 0xD2, 0x6E, 0x28, 0xFF, 0xD2, 0x6E, 0x28, 0xFF,
    0xD2, 0x6E, 0x28, 0xFF, 0xD2, 0x6E, 0x28, 0xFF, 0xD2, 0x6E, 0x28, 0xFF, 0xD2, 0x6E, 0x28, 0xFF,
    0xD2, 0x6E, 0x28, 0xFF, 0xD2, 0x6E, 0x28, 0xFF, 0xD2, 0x6E, 0x28, 0xFF, 0xD2, 0x6E, 0x28, 0xFF,
    0xD2, 0x6E, 0x28, 0xFF, 0x96, 0x32, 0x00, 0xFF, 0x96, 0x32, 0x00, 0xFF, 0x00, 0x00, 0x00, 0x00,
    0x00, 0x00, 0x00, 0x00, 0x00, 0x00, 0x00, 0x00, 0x00, 0x00, 0x00, 0x00, 0x00, 0x00, 0x00, 0x00,
    0x00, 0x00, 0x00, 0x00, 0x00, 0x00, 0x00, 0x00, 0x00, 0x00, 0x00, 0x00, 0x00, 0x00, 0x00, 0x00,
    0x00, 0x00, 0x00, 0x00, 0x00, 0x00, 0x00, 0x00, 0x00, 0x00, 0x00, 0x00, 0x00, 0x00, 0x00, 0x00,
    0x00, 0x00, 0x00, 0x00, 0x00, 0x00, 0x00, 0x00, 0x00, 0x00, 0x00, 0x00, 0x00, 0x00, 0x00, 0x00,
    0x00, 0x00, 0x00, 0x00, 0x00, 0x00, 0x00, 0x00, 0x96, 0x32, 0x00, 0xFF, 0x96, 0x32, 0x00, 0xFF,
    0xD2, 0x6E, 0x28, 0xFF, 0xD2, 0x6E, 0x28, 0xFF, 0xD2, 0x6E, 0x28, 0xFF, 0xD2, 0x6E, 0x28, 0xFF,
    0xFF, 0x9B, 0x55, 0xFF, 0xFF, 0x9B, 0x55, 0xFF, 0xFF, 0x9B, 0x55, 0xFF, 0xFF, 0x9B, 0x55, 0xFF,
    0xFF, 0x9B, 0x55, 0xFF, 0xFF, 0x9B, 0x55, 0xFF, 0xFF, 0x9B, 0x55, 0xFF, 0xD2, 0x6E, 0x28, 0xFF,
    0xD2, 0x6E, 0x28, 0xFF, 0xD2, 0x6E, 0x28, 0xFF, 0xD2, 0x6E, 0x28, 0xFF, 0xD2, 0x6E, 0x28, 0xFF,
    0xD2, 0x6E, 0x28, 0xFF, 0xD2, 0x6E, 0x28, 0xFF, 0xD2, 0x6E, 0x28, 0xFF, 0xD2, 0x6E, 0x28, 0xFF,
    0xD2, 0x6E, 0x28, 0xFF, 0xD2, 0x6E, 0x28, 0xFF, 0xD2, 0x6E, 0x28, 0xFF, 0xD2, 0x6E, 0x28, 0xFF,
    0xD2, 0x6E, 0x28, 0xFF, 0x96, 0x32, 0x00, 0xFF, 0x96, 0x32, 0x00, 0xFF, 0x00, 0x00, 0x00, 0x00,
    0x00, 0x00, 0x00, 0x00, 0x00, 0x00, 0x00, 0x00, 0x00, 0x00, 0x00, 0x00, 0x00, 0x00, 0x00, 0x00,
    0x00, 0x00, 0x00, 0x00, 0x00, 0x00, 0x00, 0x00, 0x00, 0x00, 0x00, 0x00, 0x00, 0x00, 0x00, 0x00,
    0x00, 0x00, 0x00, 0x00, 0x00, 0x00, 0x00, 0x00, 0x00, 0x00, 0x00, 0x00, 0x00, 0x00, 0x00, 0x00,
    0x00, 0x00, 0x00, 0x00, 0x00, 0x00, 0x00, 0x00, 0x00, 0x00, 0x00, 0x00, 0x00, 0x00, 0x00, 0x00,
    0x00, 0x00, 0x00, 0x00, 0x00, 0x00, 0x00, 0x00, 0x96, 0x32, 0x00, 0xFF, 0x96, 0x32, 0x00, 0xFF,
    0xD2, 0x6E, 0x28, 0xFF, 0xD2, 0x6E, 0x28, 0xFF, 0xD2, 0x6E, 0x28, 0xFF, 0xD2, 0x6E, 0x28, 0xFF,
    0xD2, 0x6E, 0x28, 0xFF, 0xFF, 0x9B, 0x55, 0xFF, 0xFF, 0x9B, 0x55, 0xFF, 0xFF, 0x9B, 0x55, 0xFF,
    0xFF, 0x9B, 0x55, 0xFF, 0xFF, 0x9B, 0x55, 0xFF, 0xD2, 0x6E, 0x28, 0xFF, 0xD2, 0x6E, 0x28, 0xFF,
    0xD2, 0x6E, 0x28, 0xFF, 0xD2, 0x6E, 0x28, 0xFF, 0xD2, 0x6E, 0x28, 0xFF, 0xD2, 0x6E, 0x28, 0xFF,
    0xD2, 0x6E, 0x28, 0xFF, 0xD2, 0x6E, 0x28, 0xFF, 0xD2, 0x6E, 0x28, 0xFF, 0xD2, 0x6E, 0x28, 0xFF,
    0xD2, 0x6E, 0x28, 0xFF, 0xD2, 0x6E, 0x28, 0xFF, 0xD2, 0x6E, 0x28, 0xFF, 0xD2, 0x6E, 0x28, 0xFF,
    0xD2, 0x6E, 0x28, 0xFF, 0x96, 0x32, 0x00, 0xFF, 0x96, 0x32, 0x00, 0xFF, 0x00, 0x00, 0x00, 0x00,
    0x00, 0x00, 0x00, 0x00, 0x00, 0x00, 0x00, 0x00, 0x00, 0x00, 0x00, 0x00, 0x00, 0x00, 0x00, 0x00,
    0x00, 0x00, 0x00, 0x00, 0x00, 0x00, 0x00, 0x00, 0x00, 0x00, 0x00, 0x00, 0x00, 0x00, 0x00, 0x00,
    0x00, 0x00, 0x00, 0x00, 0x00, 0x00, 0x00, 0x00, 0x00, 0x00, 0x00, 0x00, 0x00, 0x00, 0x00, 0x00,
    0x00, 0x00, 0x00, 0x00, 0x00, 0x00, 0x00, 0x00, 0x00, 0x00, 0x00, 0x00, 0x00, 0x00, 0x00, 0x00,
    0x00, 0x00, 0x00, 0x00, 0x96, 0x32, 0x00, 0xFF, 0x96, 0x32, 0x00, 0xFF, 0xD2, 0x6E, 0x28, 0xFF,
    0xD2, 0x6E, 0x28, 0xFF, 0xD2, 0x6E, 0x28, 0xFF, 0xD2, 0x6E, 0x28, 0xFF, 0xD2, 0x6E, 0x28, 0xFF,
    0xD2, 0x6E, 0x28, 0xFF, 0xD2, 0x6E, 0x28, 0xFF, 0xFF, 0x9B, 0x55, 0xFF, 0xFF, 0x9B, 0x55, 0xFF,
    0xFF, 0x9B, 0x55, 0xFF, 0xD2, 0x6E, 0x28, 0xFF, 0xD2, 0x6E, 0x28, 0xFF, 0xD2, 0x6E, 0x28, 0xFF,
    0xD2, 0x6E, 0x28, 0xFF, 0xD2, 0x6E, 0x28, 0xFF, 0xD2, 0x6E, 0x28, 0xFF, 0xD2, 0x6E, 0x28, 0xFF,
    0xD2, 0x6E, 0x28, 0xFF, 0xD2, 0x6E, 0x28, 0xFF, 0xD2, 0x6E, 0x28, 0xFF, 0xD2, 0x6E, 0x28, 0xFF,
    0xD2, 0x6E, 0x28, 0xFF, 0xD2, 0x6E, 0x28, 0xFF, 0xD2, 0x6E, 0x28, 0xFF, 0xD2, 0x6E, 0x28, 0xFF,
    0xD2, 0x6E, 0x28, 0xFF, 0xD2, 0x6E, 0x28, 0xFF, 0x96, 0x32, 0x00, 0xFF, 0x96, 0x32, 0x00, 0xFF,
    0x00, 0x00, 0x00, 0x00, 0x00, 0x00, 0x00, 0x00, 0x00, 0x00, 0x00, 0x00, 0x00, 0x00, 0x00, 0x00,
    0x00, 0x00, 0x00, 0x00, 0x00, 0x00, 0x00, 0x00, 0x00, 0x00, 0x00, 0x00, 0x00, 0x00, 0x00, 0x00,
    0x00, 0x00, 0x00, 0x00, 0x00, 0x00, 0x00, 0x00, 0x00, 0x00, 0x00, 0x00, 0x00, 0x00, 0x00, 0x00,
    0x00, 0x00, 0x00, 0x00, 0x00, 0x00, 0x00, 0x00, 0x00, 0x00, 0x00, 0x00, 0x00, 0x00, 0x00, 0x00,
    0x00, 0x00, 0x00, 0x00, 0x96, 0x32, 0x00, 0xFF, 0x96, 0x32, 0x00, 0xFF, 0xD2, 0x6E, 0x28, 0xFF,
    0xD2, 0x6E, 0x28, 0xFF, 0xD2, 0x6E, 0x28, 0xFF, 0xD2, 0x6E, 0x28, 0xFF, 0xD2, 0x6E, 0x28, 0xFF,
    0xD2, 0x6E, 0x28, 0xFF, 0xD2, 0x6E, 0x28, 0xFF, 0xD2, 0x6E, 0x28, 0xFF, 0xD2, 0x6E, 0x28, 0xFF,
    0xD2, 0x6E, 0x28, 0xFF, 0xD2, 0x6E, 0x28, 0xFF, 0xD2, 0x6E, 0x28, 0xFF, 0xD2, 0x6E, 0x28, 0xFF,
    0xD2, 0x6E, 0x28, 0xFF, 0xD2, 0x6E, 0x28, 0xFF, 0xD2, 0x6E, 0x28, 0xFF, 0xD2, 0x6E, 0x28, 0xFF,
    0xD2, 0x6E, 0x28, 0xFF, 0xD2, 0x6E, 0x28, 0xFF, 0xD2, 0x6E, 0x28, 0xFF, 0xD2, 0x6E, 0x28, 0xFF,
    0xD2, 0x6E, 0x28, 0xFF, 0xD2, 0x6E, 0x28, 0xFF, 0xD2, 0x6E, 0x28, 0xFF, 0xD2, 0x6E, 0x28, 0xFF,
    0xD2, 0x6E, 0x28, 0xFF, 0xD2, 0x6E, 0x28, 0xFF, 0x96, 0x32, 0x00, 0xFF, 0x96, 0x32, 0x00, 0xFF,
    0x00, 0x00, 0x00, 0x00, 0x00, 0x00, 0x00, 0x00, 0x00, 0x00, 0x00, 0x00, 0x00, 0x00, 0x00, 0x00,
    0x00, 0x00, 0x00, 0x00, 0x00, 0x00, 0x00, 0x00, 0x00, 0x00, 0x00, 0x00, 0x00, 0x00, 0x00, 0x00,
    0x00, 0x00, 0x00, 0x00, 0x00, 0x00, 0x00, 0x00, 0x00, 0x00, 0x00, 0x00, 0x00, 0x00, 0x00, 0x00,
    0x00, 0x00, 0x00, 0x00, 0x00, 0x00, 0x00, 0x00, 0x00, 0x00, 0x00, 0x00, 0x00, 0x00, 0x00, 0x00,
    0x00, 0x00, 0x00, 0x00, 0x96, 0x32, 0x00, 0xFF, 0x96, 0x32, 0x00, 0xFF, 0xD2, 0x6E, 0x28, 0xFF,
    0xD2, 0x6E, 0x28, 0xFF, 0xD2, 0x6E, 0x28, 0xFF, 0xD2, 0x6E, 0x28, 0xFF, 0xD2, 0x6E, 0x28, 0xFF,
    0xD2, 0x6E, 0x28, 0xFF, 0xD2, 0x6E, 0x28, 0xFF, 0xD2, 0x6E, 0x28, 0xFF, 0xD2, 0x6E, 0x28, 0xFF,
    0xD2, 0x6E, 0x28, 0xFF, 0xD2, 0x6E, 0x28, 0xFF, 0xD2, 0x6E, 0x28, 0xFF, 0xD2, 0x6E, 0x28, 0xFF,
    0xD2, 0x6E, 0x28, 0xFF, 0xD2, 0x6E, 0x28, 0xFF, 0xD2, 0x6E, 0x28, 0xFF, 0xD2, 0x6E, 0x28, 0xFF,
    0xD2, 0x6E, 0x28, 0xFF, 0xD2, 0x6E, 0x28, 0xFF, 0xD2, 0x6E, 0x28, 0xFF, 0xD2, 0x6E, 0x28, 0xFF,
    0xD2, 0x6E, 0x28, 0xFF, 0xD2, 0x6E, 0x28, 0xFF, 0xD2, 0x6E, 0x28, 0xFF, 0xD2, 0x6E, 0x28, 0xFF,
    0xD2, 0x6E, 0x28, 0xFF, 0xD2, 0x6E, 0x28, 0xFF, 0x96, 0x32, 0x00, 0xFF, 0x96, 0x32, 0x00, 0xFF,
    0x00, 0x00, 0x00, 0x00, 0x00, 0x00, 0x00, 0x00, 0x00, 0x00, 0x00, 0x00, 0x00, 0x00, 0x00, 0x00,
    0x00, 0x00, 0x00, 0x00, 0x00, 0x00, 0x00, 0x00, 0x00, 0x00, 0x00, 0x00, 0x00, 0x00, 0x00, 0x00,
    0x00, 0x00, 0x00, 0x00, 0x00, 0x00, 0x00, 0x00, 0x00, 0x00, 0x00, 0x00, 0x00, 0x00, 0x00, 0x00,
    0x00, 0x00, 0x00, 0x00, 0x00, 0x00, 0x00, 0x00, 0x00, 0x00, 0x00, 0x00, 0x00, 0x00, 0x00, 0x00,
    0x00, 0x00, 0x00, 0x00, 0x96, 0x32, 0x00, 0xFF, 0x96, 0x32, 0x00, 0xFF, 0xD2, 0x6E, 0x28, 0xFF,
    0xD2, 0x6E, 0x28, 0xFF, 0xD2, 0x6E, 0x28, 0xFF, 0xD2, 0x6E, 0x28, 0xFF, 0xD2, 0x6E, 0x28, 0xFF,
    0xD2, 0x6E, 0x28, 0xFF, 0xD2, 0x6E, 0x28, 0xFF, 0xD2, 0x6E, 0x28, 0xFF, 0xD2, 0x6E, 0x28, 0xFF,
    0xD2, 0x6E, 0x28, 0xFF, 0xD2, 0x6E, 0x28, 0xFF, 0xD2, 0x6E, 0x28, 0xFF, 0xD2, 0x6E, 0x28, 0xFF,
    0xD2, 0x6E, 0x28, 0xFF, 0xD2, 0x6E, 0x28, 0xFF, 0xD2, 0x6E, 0x28, 0xFF, 0xD2, 0x6E, 0x28, 0xFF,
    0xD2, 0x6E, 0x28, 0xFF, 0xD2, 0x6E, 0x28, 0xFF, 0xD2, 0x6E, 0x28, 0xFF, 0xD2, 0x6E, 0x28, 0xFF,
    0xD2, 0x6E, 0x28, 0xFF, 0xD2, 0x6E, 0x28, 0xFF, 0xD2, 0x6E, 0x28, 0xFF, 0xD2, 0x6E, 0x28, 0xFF,
    0xD2, 0x6E, 0x28, 0xFF, 0xD2, 0x6E, 0x28, 0xFF, 0x96, 0x32, 0x00, 0xFF, 0x96, 0x32, 0x00, 0xFF,
    0x00, 0x00, 0x00, 0x00, 0x00, 0x00, 0x00, 0x00, 0x00, 0x00, 0x00, 0x00, 0x00, 0x00, 0x00, 0x00,
    0x00, 0x00, 0x00, 0x00, 0x00, 0x00, 0x00, 0x00, 0x00, 0x00, 0x00, 0x00, 0x00, 0x00, 0x00, 0x00,
    0x00, 0x00, 0x00, 0x00, 0x00, 0x00, 0x00, 0x00, 0x00, 0x00, 0x00, 0x00, 0x00, 0x00, 0x00, 0x00,
    0x00, 0x00, 0x00, 0x00, 0x00, 0x00, 0x00, 0x00, 0x00, 0x00, 0x00, 0x00, 0x00, 0x00, 0x00, 0x00,
    0x00, 0x00, 0x00, 0x00, 0x96, 0x32, 0x00, 0xFF, 0x96, 0x32, 0x00, 0xFF, 0xD2, 0x6E, 0x28, 0xFF,
    0xD2, 0x6E, 0x28, 0xFF, 0xD2, 0x6E, 0x28, 0xFF, 0xD2, 0x6E, 0x28, 0xFF, 0xD2, 0x6E, 0x28, 0xFF,
    0xD2, 0x6E, 0x28, 0xFF, 0xD2, 0x6E, 0x28, 0xFF, 0xD2, 0x6E, 0x28, 0xFF, 0xD2, 0x6E, 0x28, 0xFF,
    0xD2, 0x6E, 0x28, 0xFF, 0xD2, 0x6E, 0x28, 0xFF, 0xD2, 0x6E, 0x28, 0xFF, 0xD2, 0x6E, 0x28, 0xFF,
    0xD2, 0x6E, 0x28, 0xFF, 0xD2, 0x6E, 0x28, 0xFF, 0xD2, 0x6E, 0x28, 0xFF, 0xD2, 0x6E, 0x28, 0xFF,
    0xD2, 0x6E, 0x28, 0xFF, 0xD2, 0x6E, 0x28, 0xFF, 0xD2, 0x6E, 0x28, 0xFF, 0xD2, 0x6E, 0x28, 0xFF,
    0xD2, 0x6E, 0x28, 0xFF, 0xD2, 0x6E, 0x28, 0xFF, 0xD2, 0x6E, 0x28, 0xFF, 0xD2, 0x6E, 0x28, 0xFF,
    0xD2, 0x6E, 0x28, 0xFF, 0xD2, 0x6E, 0x28, 0xFF, 0x96, 0x32, 0x00, 0xFF, 0x96, 0x32, 0x00, 0xFF,
    0x00, 0x00, 0x00, 0x00, 0x00, 0x00, 0x00, 0x00, 0x00, 0x00, 0x00, 0x00, 0x00, 0x00, 0x00, 0x00,
    0x00, 0x00, 0x00, 0x00, 0x00, 0x00, 0x00, 0x00, 0x00, 0x00, 0x00, 0x00, 0x00, 0x00, 0x00, 0x00,
    0x00, 0x00, 0x00, 0x00, 0x00, 0x00, 0x00, 0x00, 0x00, 0x00, 0x00, 0x00, 0x00, 0x00, 0x00, 0x00,
    0x00, 0x00, 0x00, 0x00, 0x00, 0x00, 0x00, 0x00, 0x00, 0x00, 0x00, 0x00, 0x00, 0x00, 0x00, 0x00,
    0x00, 0x00, 0x00, 0x00, 0x96, 0x32, 0x00, 0xFF, 0x96, 0x32, 0x00, 0xFF, 0xD2, 0x6E, 0x28, 0xFF,
    0xD2, 0x6E, 0x28, 0xFF, 0xD2, 0x6E, 0x28, 0xFF, 0xD2, 0x6E, 0x28, 0xFF, 0xD2, 0x6E, 0x28, 0xFF,
    0xD2, 0x6E, 0x28, 0xFF, 0xD2, 0x6E, 0x28, 0xFF, 0xD2, 0x6E, 0x28, 0xFF, 0xD2, 0x6E, 0x28, 0xFF,
    0xD2, 0x6E, 0x28, 0xFF, 0xD2, 0x6E, 0x28, 0xFF, 0xD2, 0x6E, 0x28, 0xFF, 0xD2, 0x6E, 0x28, 0xFF,
    0xD2, 0x6E, 0x28, 0xFF, 0xD2, 0x6E, 0x28, 0xFF, 0xD2, 0x6E, 0x28, 0xFF, 0xD2, 0x6E, 0x28, 0xFF,
    0xD2, 0x6E, 0x28, 0xFF, 0xD2, 0x6E, 0x28, 0xFF, 0xD2, 0x6E, 0x28, 0xFF, 0xD2, 0x6E, 0x28, 0xFF,
    0xD2, 0x6E, 0x28, 0xFF, 0xD2, 0x6E, 0x28, 0xFF, 0xD2, 0x6E, 0x28, 0xFF, 0xD2, 0x6E, 0x28, 0xFF,
    0xD2, 0x6E, 0x28, 0xFF, 0xD2, 0x6E, 0x28, 0xFF, 0x96, 0x32, 0x00, 0xFF, 0x96, 0x32, 0x00, 0xFF,
    0x00, 0x00, 0x00, 0x00, 0x00, 0x00, 0x00, 0x00, 0x00, 0x00, 0x00, 0x00, 0x00, 0x00, 0x00, 0x00,
    0x00, 0x00, 0x00, 0x00, 0x00, 0x00, 0x00, 0x00, 0x00, 0x00, 0x00, 0x00, 0x00, 0x00, 0x00, 0x00,
    0x00, 0x00, 0x00, 0x00, 0x00, 0x00, 0x00, 0x00, 0x00, 0x00, 0x00, 0x00, 0x00, 0x00, 0x00, 0x00,
    0x00, 0x00, 0x00, 0x00, 0x00, 0x00, 0x00, 0x00, 0x00, 0x00, 0x00, 0x00, 0x00, 0x00, 0x00, 0x00,
    0x00, 0x00, 0x00, 0x00, 0x96, 0x32, 0x00, 0xFF, 0x96, 0x32, 0x00, 0xFF, 0xD2, 0x6E, 0x28, 0xFF,
    0xD2, 0x6E, 0x28, 0xFF, 0xD2, 0x6E, 0x28, 0xFF, 0xD2, 0x6E, 0x28, 0xFF, 0xD2, 0x6E, 0x28, 0xFF,
    0xD2, 0x6E, 0x28, 0xFF, 0xD2, 0x6E, 0x28, 0xFF, 0xD2, 0x6E, 0x28, 0xFF, 0xD2, 0x6E, 0x28, 0xFF,
    0xD2, 0x6E, 0x28, 0xFF, 0xD2, 0x6E, 0x28, 0xFF, 0xD2, 0x6E, 0x28, 0xFF, 0xD2, 0x6E, 0x28, 0xFF,
    0xD2, 0x6E, 0x28, 0xFF, 0xD2, 0x6E, 0x28, 0xFF, 0xD2, 0x6E, 0x28, 0xFF, 0xD2, 0x6E, 0x28, 0xFF,
    0xD2, 0x6E, 0x28, 0xFF, 0xD2, 0x6E, 0x28, 0xFF, 0xD2, 0x6E, 0x28, 0xFF, 0xD2, 0x6E, 0x28, 0xFF,
    0xD2, 0x6E, 0x28, 0xFF, 0xD2, 0x6E, 0x28, 0xFF, 0xD2, 0x6E, 0x28, 0xFF, 0xD2, 0x6E, 0x28, 0xFF,
    0xD2, 0x6E, 0x28, 0xFF, 0xD2, 0x6E, 0x28, 0xFF, 0x96, 0x32, 0x00, 0xFF, 0x96, 0x32, 0x00, 0xFF,
    0x00, 0x00, 0x00, 0x00, 0x00, 0x00, 0x00, 0x00, 0x00, 0x00, 0x00, 0x00, 0x00, 0x00, 0x00, 0x00,
    0x00, 0x00, 0x00, 0x00, 0x00, 0x00, 0x00, 0x00, 0x00, 0x00, 0x00, 0x00, 0x00, 0x00, 0x00, 0x00,
    0x00, 0x00, 0x00, 0x00, 0x00, 0x00, 0x00, 0x00, 0x00, 0x00, 0x00, 0x00, 0x00, 0x00, 0x00, 0x00,
    0x00, 0x00, 0x00, 0x00, 0x00, 0x00, 0x00, 0x00, 0x00, 0x00, 0x00, 0x00, 0x00, 0x00, 0x00, 0x00,
    0x00, 0x00, 0x00, 0x00, 0x96, 0x32, 0x00, 0xFF, 0x96, 0x32, 0x00, 0xFF, 0xD2, 0x6E, 0x28, 0xFF,
    0xD2, 0x6E, 0x28, 0xFF, 0xD2, 0x6E, 0x28, 0xFF, 0xD2, 0x6E, 0x28, 0xFF, 0xD2, 0x6E, 0x28, 0xFF,
    0xD2, 0x6E, 0x28, 0xFF, 0xD2, 0x6E, 0x28, 0xFF, 0xD2, 0x6E, 0x28, 0xFF, 0xD2, 0x6E, 0x28, 0xFF,
    0xD2, 0x6E, 0x28, 0xFF, 0xD2, 0x6E, 0x28, 0xFF, 0xD2, 0x6E, 0x28, 0xFF, 0xD2, 0x6E, 0x28, 0xFF,
    0xD2, 0x6E, 0x28, 0xFF, 0xD2, 0x6E, 0x28, 0xFF, 0xD2, 0x6E, 0x28, 0xFF, 0xD2, 0x6E, 0x28, 0xFF,
    0xD2, 0x6E, 0x28, 0xFF, 0xD2, 0x6E, 0x28, 0xFF, 0xD2, 0x6E, 0x28, 0xFF, 0xD2, 0x6E, 0x28, 0xFF,
    0xD2, 0x6E, 0x28, 0xFF, 0xD2, 0x6E, 0x28, 0xFF, 0xD2, 0x6E, 0x28, 0xFF, 0xD2, 0x6E, 0x28, 0xFF,
    0xD2, 0x6E, 0x28, 0xFF, 0xD2, 0x6E, 0x28, 0xFF, 0x96, 0x32, 0x00, 0xFF, 0x96, 0x32, 0x00, 0xFF,
    0x00, 0x00, 0x00, 0x00, 0x00, 0x00, 0x00, 0x00, 0x00, 0x00, 0x00, 0x00, 0x00, 0x00, 0x00, 0x00,
    0x00, 0x00, 0x00, 0x00, 0x00, 0x00, 0x00, 0x00, 0x00, 0x00, 0x00, 0x00, 0x00, 0x00, 0x00, 0x00,
    0x00, 0x00, 0x00, 0x00, 0x00, 0x00, 0x00, 0x00, 0x00, 0x00, 0x00, 0x00, 0x00, 0x00, 0x00, 0x00,
    0x00, 0x00, 0x00, 0x00, 0x00, 0x00, 0x00, 0x00, 0x00, 0x00, 0x00, 0x00, 0x00, 0x00, 0x00, 0x00,
    0x00, 0x00, 0x00, 0x00, 0x96, 0x32, 0x00, 0xFF, 0x96, 0x32, 0x00, 0xFF, 0xD2, 0x6E, 0x28, 0xFF,
    0xD2, 0x6E, 0x28, 0xFF, 0xD2, 0x6E, 0x28, 0xFF, 0xD2, 0x6E, 0x28, 0xFF, 0xD2, 0x6E, 0x28, 0xFF,
    0xD2, 0x6E, 0x28, 0xFF, 0xD2, 0x6E, 0x28, 0xFF, 0xD2, 0x6E, 0x28, 0xFF, 0xD2, 0x6E, 0x28, 0xFF,
    0xD2, 0x6E, 0x28, 0xFF, 0xD2, 0x6E, 0x28, 0xFF, 0xD2, 0x6E, 0x28, 0xFF, 0xD2, 0x6E, 0x28, 0xFF,
    0xD2, 0x6E, 0x28, 0xFF, 0xD2, 0x6E, 0x28, 0xFF, 0xD2, 0x6E, 0x28, 0xFF, 0xD2, 0x6E, 0x28, 0xFF,
    0xD2, 0x6E, 0x28, 0xFF, 0xD2, 0x6E, 0x28, 0xFF, 0xD2, 0x6E, 0x28, 0xFF, 0xD2, 0x6E, 0x28, 0xFF,
    0xD2, 0x6E, 0x28, 0xFF, 0xD2, 0x6E, 0x28, 0xFF, 0xD2, 0x6E, 0x28, 0xFF, 0xD2, 0x6E, 0x28, 0xFF,
    0xD2, 0x6E, 0x28, 0xFF, 0xD2, 0x6E, 0x28, 0xFF, 0x96, 0x32, 0x00, 0xFF, 0x96, 0x32, 0x00, 0xFF,
    0x00, 0x00, 0x00, 0x00, 0x00, 0x00, 0x00, 0x00, 0x00, 0x00, 0x00, 0x00, 0x00, 0x00, 0x00, 0x00,
    0x00, 0x00, 0x00, 0x00, 0x00, 0x00, 0x00, 0x00, 0x00, 0x00, 0x00, 0x00, 0x00, 0x00, 0x00, 0x00,
    0x00, 0x00, 0x00, 0x00, 0x00, 0x00, 0x00, 0x00, 0x00, 0x00, 0x00, 0x00, 0x00, 0x00, 0x00, 0x00,
    0x00, 0x00, 0x00, 0x00, 0x00, 0x00, 0x00, 0x00, 0x00, 0x00, 0x00, 0x00, 0x00, 0x00, 0x00, 0x00,
    0x00, 0x00, 0x00, 0x00, 0x00, 0x00, 0x00, 0x00, 0x96, 0x32, 0x00, 0xFF, 0x96, 0x32, 0x00, 0xFF,
    0xD2, 0x6E, 0x28, 0xFF, 0xD2, 0x6E, 0x28, 0xFF, 0xD2, 0x6E, 0x28, 0xFF, 0xD2, 0x6E, 0x28, 0xFF,
    0xD2, 0x6E, 0x28, 0xFF, 0xD2, 0x6E, 0x28, 0xFF, 0xD2, 0x6E, 0x28, 0xFF, 0xD2, 0x6E, 0x28, 0xFF,
    0xD2, 0x6E, 0x28, 0xFF, 0xD2, 0x6E, 0x28, 0xFF, 0xD2, 0x6E, 0x28, 0xFF, 0xD2, 0x6E, 0x28, 0xFF,
    0xD2, 0x6E, 0x28, 0xFF, 0xD2, 0x6E, 0x28, 0xFF, 0xD2, 0x6E, 0x28, 0xFF, 0xD2, 0x6E, 0x28, 0xFF,
    0xD2, 0x6E, 0x28, 0xFF, 0xD2, 0x6E, 0x28, 0xFF, 0xD2, 0x6E, 0x28, 0xFF, 0xD2, 0x6E, 0x28, 0xFF,
    0xD2, 0x6E, 0x28, 0xFF, 0xD2, 0x6E, 0x28, 0xFF, 0xD2, 0x6E, 0x28, 0xFF, 0xD2, 0x6E, 0x28, 0xFF,
    0xD2, 0x6E, 0x28, 0xFF, 0x96, 0x32, 0x00, 0xFF, 0x96, 0x32, 0x00, 0xFF, 0x00, 0x00, 0x00, 0x00,
    0x00, 0x00, 0x00, 0x00, 0x00, 0x00, 0x00, 0x00, 0x00, 0x00, 0x00, 0x00, 0x00, 0x00, 0x00, 0x00,
    0x00, 0x00, 0x00, 0x00, 0x00, 0x00, 0x00, 0x00, 0x00, 0x00, 0x00, 0x00, 0x00, 0x00, 0x00, 0x00,
    0x00, 0x00, 0x00, 0x00, 0x00, 0x00, 0x00, 0x00, 0x00, 0x00, 0x00, 0x00, 0x00, 0x00, 0x00, 0x00,
    0x00, 0x00, 0x00, 0x00, 0x00, 0x00, 0x00, 0x00, 0x00, 0x00, 0x00, 0x00, 0x00, 0x00, 0x00, 0x00,
    0x00, 0x00, 0x00, 0x00, 0x00, 0x00, 0x00, 0x00, 0x96, 0x32, 0x00, 0xFF, 0x96, 0x32, 0x00, 0xFF,
    0xD2, 0x6E, 0x28, 0xFF, 0xD2, 0x6E, 0x28, 0xFF, 0xD2, 0x6E, 0x28, 0xFF, 0xD2, 0x6E, 0x28, 0xFF,
    0xD2, 0x6E, 0x28, 0xFF, 0xD2, 0x6E, 0x28, 0xFF, 0xD2, 0x6E, 0x28, 0xFF, 0xD2, 0x6E, 0x28, 0xFF,
    0xD2, 0x6E, 0x28, 0xFF, 0xD2, 0x6E, 0x28, 0xFF, 0xD2, 0x6E, 0x28, 0xFF, 0xD2, 0x6E, 0x28, 0xFF,
    0xD2, 0x6E, 0x28, 0xFF, 0xD2, 0x6E, 0x28, 0xFF, 0xD2, 0x6E, 0x28, 0xFF, 0xD2, 0x6E, 0x28, 0xFF,
    0xD2, 0x6E, 0x28, 0xFF, 0xD2, 0x6E, 0x28, 0xFF, 0xD2, 0x6E, 0x28, 0xFF, 0xD2, 0x6E, 0x28, 0xFF,
    0xD2, 0x6E, 0x28, 0xFF, 0xD2, 0x6E, 0x28, 0xFF, 0xD2, 0x6E, 0x28, 0xFF, 0xD2, 0x6E, 0x28, 0xFF,
    0xD2, 0x6E, 0x28, 0xFF, 0x96, 0x32, 0x00, 0xFF, 0x96, 0x32, 0x00, 0xFF, 0x00, 0x00, 0x00, 0x00,
    0x00, 0x00, 0x00, 0x00, 0x00, 0x00, 0x00, 0x00, 0x00, 0x00, 0x00, 0x00, 0x00, 0x00, 0x00, 0x00,
    0x00, 0x00, 0x00, 0x00, 0x00, 0x00, 0x00, 0x00, 0x00, 0x00, 0x00, 0x00, 0x00, 0x00, 0x00, 0x00,
    0x00, 0x00, 0x00, 0x00, 0x00, 0x00, 0x00, 0x00, 0x00, 0x00, 0x00, 0x00, 0x00, 0x00, 0x00, 0x00,
    0x00, 0x00, 0x00, 0x00, 0x00, 0x00, 0x00, 0x00, 0x00, 0x00, 0x00, 0x00, 0x00, 0x00, 0x00, 0x00,
    0x00, 0x00, 0x00, 0x00, 0x00, 0x00, 0x00, 0x00, 0x96, 0x32, 0x00, 0xFF, 0x96, 0x32, 0x00, 0xFF,
    0xD2, 0x6E, 0x28, 0xFF, 0xD2, 0x6E, 0x28, 0xFF, 0xD2, 0x6E, 0x28, 0xFF, 0xD2, 0x6E, 0x28, 0xFF,
    0xD2, 0x6E, 0x28, 0xFF, 0xD2, 0x6E, 0x28, 0xFF, 0xD2, 0x6E, 0x28, 0xFF, 0xD2, 0x6E, 0x28, 0xFF,
    0xD2, 0x6E, 0x28, 0xFF, 0xD2, 0x6E, 0x28, 0xFF, 0xD2, 0x6E, 0x28, 0xFF, 0xD2, 0x6E, 0x28, 0xFF,
    0xD2, 0x6E, 0x28, 0xFF, 0xD2, 0x6E, 0x28, 0xFF, 0xD2, 0x6E, 0x28, 0xFF, 0xD2, 0x6E, 0x28, 0xFF,
    0xD2, 0x6E, 0x28, 0xFF, 0xD2, 0x6E, 0x28, 0xFF, 0xD2, 0x6E, 0x28, 0xFF, 0xD2, 0x6E, 0x28, 0xFF,
    0xD2, 0x6E, 0x28, 0xFF, 0xD2, 0x6E, 0x28, 0xFF, 0xD2, 0x6E, 0x28, 0xFF, 0xD2, 0x6E, 0x28, 0xFF,
    0xD2, 0x6E, 0x28, 0xFF, 0x96, 0x32, 0x00, 0xFF, 0x96, 0x32, 0x00, 0xFF, 0x00, 0x00, 0x00, 0x00,
    0x00, 0x00, 0x00, 0x00, 0x00, 0x00, 0x00, 0x00, 0x00, 0x00, 0x00, 0x00, 0x00, 0x00, 0x00, 0x00,
    0x00, 0x00, 0x00, 0x00, 0x00, 0x00, 0x00, 0x00, 0x00, 0x00, 0x00, 0x00, 0x00, 0x00, 0x00, 0x00,
    0x00, 0x00, 0x00, 0x00, 0x00, 0x00, 0x00, 0x00, 0x00, 0x00, 0x00, 0x00, 0x00, 0x00, 0x00, 0x00,
    0x00, 0x00, 0x00, 0x00, 0x00, 0x00, 0x00, 0x00, 0x00, 0x00, 0x00, 0x00, 0x00, 0x00, 0x00, 0x00,
    0x00, 0x00, 0x00, 0x00, 0x00, 0x00, 0x00, 0x00, 0x96, 0x32, 0x00, 0xFF, 0x96, 0x32, 0x00, 0xFF,
    0xD2, 0x6E, 0x28, 0xFF, 0xD2, 0x6E, 0x28, 0xFF, 0xD2, 0x6E, 0x28, 0xFF, 0xD2, 0x6E, 0x28, 0xFF,
    0xD2, 0x6E, 0x28, 0xFF, 0xD2, 0x6E, 0x28, 0xFF, 0xD2, 0x6E, 0x28, 0xFF, 0xD2, 0x6E, 0x28, 0xFF,
    0xD2, 0x6E, 0x28, 0xFF, 0xD2, 0x6E, 0x28, 0xFF, 0xD2, 0x6E, 0x28, 0xFF, 0xD2, 0x6E, 0x28, 0xFF,
    0xD2, 0x6E, 0x28, 0xFF, 0xD2, 0x6E, 0x28, 0xFF, 0xD2, 0x6E, 0x28, 0xFF, 0xD2, 0x6E, 0x28, 0xFF,
    0xD2, 0x6E, 0x28, 0xFF, 0xD2, 0x6E, 0x28, 0xFF, 0xD2, 0x6E, 0x28, 0xFF, 0xD2, 0x6E, 0x28, 0xFF,
    0xD2, 0x6E, 0x28, 0xFF, 0xD2, 0x6E, 0x28, 0xFF, 0xD2, 0x6E, 0x28, 0xFF, 0xD2, 0x6E, 0x28, 0xFF,
    0xD2, 0x6E, 0x28, 0xFF, 0x96, 0x32, 0x00, 0xFF, 0x96, 0x32, 0x00, 0xFF, 0x00, 0x00, 0x00, 0x00,
    0x00, 0x00, 0x00, 0x00, 0x00, 0x00, 0x00, 0x00, 0x00, 0x00, 0x00, 0x00, 0x00, 0x00, 0x00, 0x00,
    0x00, 0x00, 0x00, 0x00, 0x00, 0x00, 0x00, 0x00, 0x00, 0x00, 0x00, 0x00, 0x00, 0x00, 0x00, 0x00,
    0x00, 0x00, 0x00, 0x00, 0x00, 0x00, 0x00, 0x00, 0x00, 0x00, 0x00, 0x00, 0x00, 0x00, 0x00, 0x00,
    0x00, 0x00, 0x00, 0x00, 0x00, 0x00, 0x00, 0x00, 0x00, 0x00, 0x00, 0x00, 0x00, 0x00, 0x00, 0x00,
    0x00, 0x00, 0x00, 0x00, 0x00, 0x00, 0x00, 0x00, 0x00, 0x00, 0x00, 0x00, 0x96, 0x32, 0x00, 0xFF,
    0x96, 0x32, 0x00, 0xFF, 0xD2, 0x6E, 0x28, 0xFF, 0xD2, 0x6E, 0x28, 0xFF, 0xD2, 0x6E, 0x28, 0xFF,
    0xD2, 0x6E, 0x28, 0xFF, 0xD2, 0x6E, 0x28, 0xFF, 0xD2, 0x6E, 0x28, 0xFF, 0xD2, 0x6E, 0x28, 0xFF,
    0xD2, 0x6E, 0x28, 0xFF, 0xD2, 0x6E, 0x28, 0xFF, 0xD2, 0x6E, 0x28, 0xFF, 0xD2, 0x6E, 0x28, 0xFF,
    0xD2, 0x6E, 0x28, 0xFF, 0xD2, 0x6E, 0x28, 0xFF, 0xD2, 0x6E, 0x28, 0xFF, 0xD2, 0x6E, 0x28, 0xFF,
    0xD2, 0x6E, 0x28, 0xFF, 0xD2, 0x6E, 0x28, 0xFF, 0xD2, 0x6E, 0x28, 0xFF, 0xD2, 0x6E, 0x28, 0xFF,
    0xD2, 0x6E, 0x28, 0xFF, 0xD2, 0x6E, 0x28, 0xFF, 0xD2, 0x6E, 0x28, 0xFF, 0xD2, 0x6E, 0x28, 0xFF,
    0x96, 0x32, 0x00, 0xFF, 0x96, 0x32, 0x00, 0xFF, 0x00, 0x00, 0x00, 0x00, 0x00, 0x00, 0x00, 0x00,
    0x00, 0x00, 0x00, 0x00, 0x00, 0x00, 0x00, 0x00, 0x00, 0x00, 0x00, 0x00, 0x00, 0x00, 0x00, 0x00,
    0x00, 0x00, 0x00, 0x00, 0x00, 0x00, 0x00, 0x00, 0x00, 0x00, 0x00, 0x00, 0x00, 0x00, 0x00, 0x00,
    0x00, 0x00, 0x00, 0x00, 0x00, 0x00, 0x00, 0x00, 0x00, 0x00, 0x00, 0x00, 0x00, 0x00, 0x00, 0x00,
    0x00, 0x00, 0x00, 0x00, 0x00, 0x00, 0x00, 0x00, 0x00, 0x00, 0x00, 0x00, 0x00, 0x00, 0x00, 0x00,
    0x00, 0x00, 0x00, 0x00, 0x00, 0x00, 0x00, 0x00, 0x00, 0x00, 0x00, 0x00, 0x96, 0x32, 0x00, 0xFF,
    0x96, 0x32, 0x00, 0xFF, 0xD2, 0x6E, 0x28, 0xFF, 0xD2, 0x6E, 0x28, 0xFF, 0xD2, 0x6E, 0x28, 0xFF,
    0xD2, 0x6E, 0x28, 0xFF, 0xD2, 0x6E, 0x28, 0xFF, 0xD2, 0x6E, 0x28, 0xFF, 0xD2, 0x6E, 0x28, 0xFF,
    0xD2, 0x6E, 0x28, 0xFF, 0xD2, 0x6E, 0x28, 0xFF, 0xD2, 0x6E, 0x28, 0xFF, 0xD2, 0x6E, 0x28, 0xFF,
    0xD2, 0x6E, 0x28, 0xFF, 0xD2, 0x6E, 0x28, 0xFF, 0xD2, 0x6E, 0x28, 0xFF, 0xD2, 0x6E, 0x28, 0xFF,
    0xD2, 0x6E, 0x28, 0xFF, 0xD2, 0x6E, 0x28, 0xFF, 0xD2, 0x6E, 0x28, 0xFF, 0xD2, 0x6E, 0x28, 0xFF,
    0xD2, 0x6E, 0x28, 0xFF, 0xD2, 0x6E, 0x28, 0xFF, 0xD2, 0x6E, 0x28, 0xFF, 0xD2, 0x6E, 0x28, 0xFF,
    0x96, 0x32, 0x00, 0xFF, 0x96, 0x32, 0x00, 0xFF, 0x00, 0x00, 0x00, 0x00, 0x00, 0x00, 0x00, 0x00,
    0x00, 0x00, 0x00, 0x00, 0x00, 0x00, 0x00, 0x00, 0x00, 0x00, 0x00, 0x00, 0x00, 0x00, 0x00, 0x00,
    0x00, 0x00, 0x00, 0x00, 0x00, 0x00, 0x00, 0x00, 0x00, 0x00, 0x00, 0x00, 0x00, 0x00, 0x00, 0x00,
    0x00, 0x00, 0x00, 0x00, 0x00, 0x00, 0x00, 0x00, 0x00, 0x00, 0x00, 0x00, 0x00, 0x00, 0x00, 0x00,
    0x00, 0x00, 0x00, 0x00, 0x00, 0x00, 0x00, 0x00, 0x00, 0x00, 0x00, 0x00, 0x00, 0x00, 0x00, 0x00,
    0x00, 0x00, 0x00, 0x00, 0x00, 0x00, 0x00, 0x00, 0x00, 0x00, 0x00, 0x00, 0x00, 0x00, 0x00, 0x00,
    0x96, 0x32, 0x00, 0xFF, 0x96, 0x32, 0x00, 0xFF, 0xD2, 0x6E, 0x28, 0xFF, 0xD2, 0x6E, 0x28, 0xFF,
    0xD2, 0x6E, 0x28, 0xFF, 0xD2, 0x6E, 0x28, 0xFF, 0xD2, 0x6E, 0x28, 0xFF, 0xD2, 0x6E, 0x28, 0xFF,
    0xD2, 0x6E, 0x28, 0xFF, 0xD2, 0x6E, 0x28, 0xFF, 0xD2, 0x6E, 0x28, 0xFF, 0xD2, 0x6E, 0x28, 0xFF,
    0xD2, 0x6E, 0x28, 0xFF, 0xD2, 0x6E, 0x28, 0xFF, 0xD2, 0x6E, 0x28, 0xFF, 0xD2, 0x6E, 0x28, 0xFF,
    0xD2, 0x6E, 0x28, 0xFF, 0xD2, 0x6E, 0x28, 0xFF, 0xD2, 0x6E, 0x28, 0xFF, 0xD2, 0x6E, 0x28, 0xFF,
    0xD2, 0x6E, 0x28, 0xFF, 0xD2, 0x6E, 0x28, 0xFF, 0xD2, 0x6E, 0x28, 0xFF, 0x96, 0x32, 0x00, 0xFF,
    0x96, 0x32, 0x00, 0xFF, 0x00, 0x00, 0x00, 0x00, 0x00, 0x00, 0x00, 0x00, 0x00, 0x00, 0x00, 0x00,
    0x00, 0x00, 0x00, 0x00, 0x00, 0x00, 0x00, 0x00, 0x00, 0x00, 0x00, 0x00, 0x00, 0x00, 0x00, 0x00,
    0x00, 0x00, 0x00, 0x00, 0x00, 0x00, 0x00, 0x00, 0x00, 0x00, 0x00, 0x00, 0x00, 0x00, 0x00, 0x00,
    0x00, 0x00, 0x00, 0x00, 0x00, 0x00, 0x00, 0x00, 0x00, 0x00, 0x00, 0x00, 0x00, 0x00, 0x00, 0x00,
    0x00, 0x00, 0x00, 0x00, 0x00, 0x00, 0x00, 0x00, 0x00, 0x00, 0x00, 0x00, 0x00, 0x00, 0x00, 0x00,
    0x00, 0x00, 0x00, 0x00, 0x00, 0x00, 0x00, 0x00, 0x00, 0x00, 0x00, 0x00, 0x00, 0x00, 0x00, 0x00,
    0x96, 0x32, 0x00, 0xFF, 0x96, 0x32, 0x00, 0xFF, 0x96, 0x32, 0x00, 0xFF, 0xD2, 0x6E, 0x28, 0xFF,
    0xD2, 0x6E, 0x28, 0xFF, 0xD2, 0x6E, 0x28, 0xFF, 0xD2, 0x6E, 0x28, 0xFF, 0xD2, 0x6E, 0x28, 0xFF,
    0xD2, 0x6E, 0x28, 0xFF, 0xD2, 0x6E, 0x28, 0xFF, 0xD2, 0x6E, 0x28, 0xFF, 0xD2, 0x6E, 0x28, 0xFF,
    0xD2, 0x6E, 0x28, 0xFF, 0xD2, 0x6E, 0x28, 0xFF, 0xD2, 0x6E, 0x28, 0xFF, 0xD2, 0x6E, 0x28, 0xFF,
    0xD2, 0x6E, 0x28, 0xFF, 0xD2, 0x6E, 0x28, 0xFF, 0xD2, 0x6E, 0x28, 0xFF, 0xD2, 0x6E, 0x28, 0xFF,
    0xD2, 0x6E, 0x28, 0xFF, 0xD2, 0x6E, 0x28, 0xFF, 0x96, 0x32, 0x00, 0xFF, 0x96, 0x32, 0x00, 0xFF,
    0x96, 0x32, 0x00, 0xFF, 0x00, 0x00, 0x00, 0x00, 0x00, 0x00, 0x00, 0x00, 0x00, 0x00, 0x00, 0x00,
    0x00, 0x00, 0x00, 0x00, 0x00, 0x00, 0x00, 0x00, 0x00, 0x00, 0x00, 0x00, 0x00, 0x00, 0x00, 0x00,
    0x00, 0x00, 0x00, 0x00, 0x00, 0x00, 0x00, 0x00, 0x00, 0x00, 0x00, 0x00, 0x00, 0x00, 0x00, 0x00,
    0x00, 0x00, 0x00, 0x00, 0x00, 0x00, 0x00, 0x00, 0x00, 0x00, 0x00, 0x00, 0x00, 0x00, 0x00, 0x00,
    0x00, 0x00, 0x00, 0x00, 0x00, 0x00, 0x00, 0x00, 0x00, 0x00, 0x00, 0x00, 0x00, 0x00, 0x00, 0x00,
    0x00, 0x00, 0x00, 0x00, 0x00, 0x00, 0x00, 0x00, 0x00, 0x00, 0x00, 0x00, 0x00, 0x00, 0x00, 0x00,
    0x00, 0x00, 0x00, 0x00, 0x96, 0x32, 0x00, 0xFF, 0x96, 0x32, 0x00, 0xFF, 0xD2, 0x6E, 0x28, 0xFF,
    0xD2, 0x6E, 0x28, 0xFF, 0xD2, 0x6E, 0x28, 0xFF, 0xD2, 0x6E, 0x28, 0xFF, 0xD2, 0x6E, 0x28, 0xFF,
    0xD2, 0x6E, 0x28, 0xFF, 0xD2, 0x6E, 0x28, 0xFF, 0xD2, 0x6E, 0x28, 0xFF, 0xD2, 0x6E, 0x28, 0xFF,
    0xD2, 0x6E, 0x28, 0xFF, 0xD2, 0x6E, 0x28, 0xFF, 0xD2, 0x6E, 0x28, 0xFF, 0xD2, 0x6E, 0x28, 0xFF,
    0xD2, 0x6E, 0x28, 0xFF, 0xD2, 0x6E, 0x28, 0xFF, 0xD2, 0x6E, 0x28, 0xFF, 0xD2, 0x6E, 0x28, 0xFF,
    0xD2, 0x6E, 0x28, 0xFF, 0xD2, 0x6E, 0x28, 0xFF, 0x96, 0x32, 0x00, 0xFF, 0x96, 0x32, 0x00, 0xFF,
    0x00, 0x00, 0x00, 0x00, 0x00, 0x00, 0x00, 0x00, 0x00, 0x00, 0x00, 0x00, 0x00, 0x00, 0x00, 0x00,
    0x00, 0x00, 0x00, 0x00, 0x00, 0x00, 0x00, 0x00, 0x00, 0x00, 0x00, 0x00, 0x00, 0x00, 0x00, 0x00,
    0x00, 0x00, 0x00, 0x00, 0x00, 0x00, 0x00, 0x00, 0x00, 0x00, 0x00, 0x00, 0x00, 0x00, 0x00, 0x00,
    0x00, 0x00, 0x00, 0x00, 0x00, 0x00, 0x00, 0x00, 0x00, 0x00, 0x00, 0x00, 0x00, 0x00, 0x00, 0x00,
    0x00, 0x00, 0x00, 0x00, 0x00, 0x00, 0x00, 0x00, 0x00, 0x00, 0x00, 0x00, 0x00, 0x00, 0x00, 0x00,
    0x00, 0x00, 0x00, 0x00, 0x00, 0x00, 0x00, 0x00, 0x00, 0x00, 0x00, 0x00, 0x00, 0x00, 0x00, 0x00,
    0x00, 0x00, 0x00, 0x00, 0x00, 0x00, 0x00, 0x00, 0x96, 0x32, 0x00, 0xFF, 0x96, 0x32, 0x00, 0xFF,
    0xD2, 0x6E, 0x28, 0xFF, 0xD2, 0x6E, 0x28, 0xFF, 0xD2, 0x6E, 0x28, 0xFF, 0xD2, 0x6E, 0x28, 0xFF,
    0xD2, 0x6E, 0x28, 0xFF, 0xD2, 0x6E, 0x28, 0xFF, 0xD2, 0x6E, 0x28, 0xFF, 0xD2, 0x6E, 0x28, 0xFF,
    0xD2, 0x6E, 0x28, 0xFF, 0xD2, 0x6E, 0x28, 0xFF, 0xD2, 0x6E, 0x28, 0xFF, 0xD2, 0x6E, 0x28, 0xFF,
    0xD2, 0x6E, 0x28, 0xFF, 0xD2, 0x6E, 0x28, 0xFF, 0xD2, 0x6E, 0x28, 0xFF, 0xD2, 0x6E, 0x28, 0xFF,
    0xD2, 0x6E, 0x28, 0xFF, 0x96, 0x32, 0x00, 0xFF, 0x96, 0x32, 0x00, 0xFF, 0x00, 0x00, 0x00, 0x00,
    0x00, 0x00, 0x00, 0x00, 0x00, 0x00, 0x00, 0x00, 0x00, 0x00, 0x00, 0x00, 0x00, 0x00, 0x00, 0x00,
    0x00, 0x00, 0x00, 0x00, 0x00, 0x00, 0x00, 0x00, 0x00, 0x00, 0x00, 0x00, 0x00, 0x00, 0x00, 0x00,
    0x00, 0x00, 0x00, 0x00, 0x00, 0x00, 0x00, 0x00, 0x00, 0x00, 0x00, 0x00, 0x00, 0x00, 0x00, 0x00,
    0x00, 0x00, 0x00, 0x00, 0x00, 0x00, 0x00, 0x00, 0x00, 0x00, 0x00, 0x00, 0x00, 0x00, 0x00, 0x00,
    0x00, 0x00, 0x00, 0x00, 0x00, 0x00, 0x00, 0x00, 0x00, 0x00, 0x00, 0x00, 0x00, 0x00, 0x00, 0x00,
    0x00, 0x00, 0x00, 0x00, 0x00, 0x00, 0x00, 0x00, 0x00, 0x00, 0x00, 0x00, 0x00, 0x00, 0x00, 0x00,
    0x00, 0x00, 0x00, 0x00, 0x00, 0x00, 0x00, 0x00, 0x00, 0x00, 0x00, 0x00, 0x96, 0x32, 0x00, 0xFF,
    0x96, 0x32, 0x00, 0xFF, 0xD2, 0x6E, 0x28, 0xFF, 0xD2, 0x6E, 0x28, 0xFF, 0xD2, 0x6E, 0x28, 0xFF,
    0xD2, 0x6E, 0x28, 0xFF, 0xD2, 0x6E, 0x28, 0xFF, 0xD2, 0x6E, 0x28, 0xFF, 0xD2, 0x6E, 0x28, 0xFF,
    0xD2, 0x6E, 0x28, 0xFF, 0xD2, 0x6E, 0x28, 0xFF, 0xD2, 0x6E, 0x28, 0xFF, 0xD2, 0x6E, 0x28, 0xFF,
    0xD2, 0x6E, 0x28, 0xFF, 0xD2, 0x6E, 0x28, 0xFF, 0xD2, 0x6E, 0x28, 0xFF, 0xD2, 0x6E, 0x28, 0xFF,
    0x96, 0x32, 0x00, 0xFF, 0x96, 0x32, 0x00, 0xFF, 0x00, 0x00, 0x00, 0x00, 0x00, 0x00, 0x00, 0x00,
    0x00, 0x00, 0x00, 0x00, 0x00, 0x00, 0x00, 0x00, 0x00, 0x00, 0x00, 0x00, 0x00, 0x00, 0x00, 0x00,
    0x00, 0x00, 0x00, 0x00, 0x00, 0x00, 0x00, 0x00, 0x00, 0x00, 0x00, 0x00, 0x00, 0x00, 0x00, 0x00,
    0x00, 0x00, 0x00, 0x00, 0x00, 0x00, 0x00, 0x00, 0x00, 0x00, 0x00, 0x00, 0x00, 0x00, 0x00, 0x00,
    0x00, 0x00, 0x00, 0x00, 0x00, 0x00, 0x00, 0x00, 0x00, 0x00, 0x00, 0x00, 0x00, 0x00, 0x00, 0x00,
    0x00, 0x00, 0x00, 0x00, 0x00, 0x00, 0x00, 0x00, 0x00, 0x00, 0x00, 0x00, 0x00, 0x00, 0x00, 0x00,
    0x00, 0x00, 0x00, 0x00, 0x00, 0x00, 0x00, 0x00, 0x00, 0x00, 0x00, 0x00, 0x00, 0x00, 0x00, 0x00,
    0x00, 0x00, 0x00, 0x00, 0x00, 0x00, 0x00, 0x00, 0x00, 0x00, 0x00, 0x00, 0x00, 0x00, 0x00, 0x00,
    0x96, 0x32, 0x00, 0xFF, 0x96, 0x32, 0x00, 0xFF, 0x96, 0x32, 0x00, 0xFF, 0xD2, 0x6E, 0x28, 0xFF,
    0xD2, 0x6E, 0x28, 0xFF, 0xD2, 0x6E, 0x28, 0xFF, 0xD2, 0x6E, 0x28, 0xFF, 0xD2, 0x6E, 0x28, 0xFF,
    0xD2, 0x6E, 0x28, 0xFF, 0xD2, 0x6E, 0x28, 0xFF, 0xD2, 0x6E, 0x28, 0xFF, 0xD2, 0x6E, 0x28, 0xFF,
    0xD2, 0x6E, 0x28, 0xFF, 0xD2, 0x6E, 0x28, 0xFF, 0x96, 0x32, 0x00, 0xFF, 0x96, 0x32, 0x00, 0xFF,
    0x96, 0x32, 0x00, 0xFF, 0x00, 0x00, 0x00, 0x00, 0x00, 0x00, 0x00, 0x00, 0x00, 0x00, 0x00, 0x00,
    0x00, 0x00, 0x00, 0x00, 0x00, 0x00, 0x00, 0x00, 0x00, 0x00, 0x00, 0x00, 0x00, 0x00, 0x00, 0x00,
    0x00, 0x00, 0x00, 0x00, 0x00, 0x00, 0x00, 0x00, 0x00, 0x00, 0x00, 0x00, 0x00, 0x00, 0x00, 0x00,
    0x00, 0x00, 0x00, 0x00, 0x00, 0x00, 0x00, 0x00, 0x00, 0x00, 0x00, 0x00, 0x00, 0x00, 0x00, 0x00,
    0x00, 0x00, 0x00, 0x00, 0x00, 0x00, 0x00, 0x00, 0x00, 0x00, 0x00, 0x00, 0x00, 0x00, 0x00, 0x00,
    0x00, 0x00, 0x00, 0x00, 0x00, 0x00, 0x00, 0x00, 0x00, 0x00, 0x00, 0x00, 0x00, 0x00, 0x00, 0x00,
    0x00, 0x00, 0x00, 0x00, 0x00, 0x00, 0x00, 0x00, 0x00, 0x00, 0x00, 0x00, 0x00, 0x00, 0x00, 0x00,
    0x00, 0x00, 0x00, 0x00, 0x00, 0x00, 0x00, 0x00, 0x00, 0x00, 0x00, 0x00, 0x00, 0x00, 0x00, 0x00,
    0x00, 0x00, 0x00, 0x00, 0x96, 0x32, 0x00, 0xFF, 0x96, 0x32, 0x00, 0xFF, 0x96, 0x32, 0x00, 0xFF,
    0x96, 0x32, 0x00, 0xFF, 0xD2, 0x6E, 0x28, 0xFF, 0xD2, 0x6E, 0x28, 0xFF, 0xD2, 0x6E, 0x28, 0xFF,
    0xD2, 0x6E, 0x28, 0xFF, 0xD2, 0x6E, 0x28, 0xFF, 0xD2, 0x6E, 0x28, 0xFF, 0xD2, 0x6E, 0x28, 0xFF,
    0x96, 0x32, 0x00, 0xFF, 0x96, 0x32, 0x00, 0xFF, 0x96, 0x32, 0x00, 0xFF, 0x96, 0x32, 0x00, 0xFF,
    0x00, 0x00, 0x00, 0x00, 0x00, 0x00, 0x00, 0x00, 0x00, 0x00, 0x00, 0x00, 0x00, 0x00, 0x00, 0x00,
    0x00, 0x00, 0x00, 0x00, 0x00, 0x00, 0x00, 0x00, 0x00, 0x00, 0x00, 0x00, 0x00, 0x00, 0x00, 0x00,
    0x00, 0x00, 0x00, 0x00, 0x00, 0x00, 0x00, 0x00, 0x00, 0x00, 0x00, 0x00, 0x00, 0x00, 0x00, 0x00,
    0x00, 0x00, 0x00, 0x00, 0x00, 0x00, 0x00, 0x00, 0x00, 0x00, 0x00, 0x00, 0x00, 0x00, 0x00, 0x00,
    0x00, 0x00, 0x00, 0x00, 0x00, 0x00, 0x00, 0x00, 0x00, 0x00, 0x00, 0x00, 0x00, 0x00, 0x00, 0x00,
    0x00, 0x00, 0x00, 0x00, 0x00, 0x00, 0x00, 0x00, 0x00, 0x00, 0x00, 0x00, 0x00, 0x00, 0x00, 0x00,
    0x00, 0x00, 0x00, 0x00, 0x00, 0x00, 0x00, 0x00, 0x00, 0x00, 0x00, 0x00, 0x00, 0x00, 0x00, 0x00,
    0x00, 0x00, 0x00, 0x00, 0x00, 0x00, 0x00, 0x00, 0x00, 0x00, 0x00, 0x00, 0x00, 0x00, 0x00, 0x00,
    0x00, 0x00, 0x00, 0x00, 0x00, 0x00, 0x00, 0x00, 0x00, 0x00, 0x00, 0x00, 0x96, 0x32, 0x00, 0xFF,
    0x96, 0x32, 0x00, 0xFF, 0x96, 0x32, 0x00, 0xFF, 0x96, 0x32, 0x00, 0xFF, 0x96, 0x32, 0x00, 0xFF,
    0x96, 0x32, 0x00, 0xFF, 0x96, 0x32, 0x00, 0xFF, 0x96, 0x32, 0x00, 0xFF, 0x96, 0x32, 0x00, 0xFF,
    0x96, 0x32, 0x00, 0xFF, 0x96, 0x32, 0x00, 0xFF, 0x00, 0x00, 0x00, 0x00, 0x00, 0x00, 0x00, 0x00,
    0x00, 0x00, 0x00, 0x00, 0x00, 0x00, 0x00, 0x00, 0x00, 0x00, 0x00, 0x00, 0x00, 0x00, 0x00, 0x00,
    0x00, 0x00, 0x00, 0x00, 0x00, 0x00, 0x00, 0x00, 0x00, 0x00, 0x00, 0x00, 0x00, 0x00, 0x00, 0x00,
    0x00, 0x00, 0x00, 0x00, 0x00, 0x00, 0x00, 0x00, 0x00, 0x00, 0x00, 0x00, 0x00, 0x00, 0x00, 0x00,
    0x00, 0x00, 0x00, 0x00, 0x00, 0x00, 0x00, 0x00, 0x00, 0x00, 0x00, 0x00, 0x00, 0x00, 0x00, 0x00,
    0x00, 0x00, 0x00, 0x00, 0x00, 0x00, 0x00, 0x00, 0x00, 0x00, 0x00, 0x00, 0x00, 0x00, 0x00, 0x00,
    0x00, 0x00, 0x00, 0x00, 0x00, 0x00, 0x00, 0x00, 0x00, 0x00, 0x00, 0x00, 0x00, 0x00, 0x00, 0x00,
    0x00, 0x00, 0x00, 0x00, 0x00, 0x00, 0x00, 0x00, 0x00, 0x00, 0x00, 0x00, 0x00, 0x00, 0x00, 0x00,
    0x00, 0x00, 0x00, 0x00, 0x00, 0x00, 0x00, 0x00, 0x00, 0x00, 0x00, 0x00, 0x00, 0x00, 0x00, 0x00,
    0x00, 0x00, 0x00, 0x00, 0x00, 0x00, 0x00, 0x00, 0x00, 0x00, 0x00, 0x00, 0x00, 0x00, 0x00, 0x00,
    0x00, 0x00, 0x00, 0x00, 0x96, 0x32, 0x00, 0xFF, 0x96, 0x32, 0x00, 0xFF, 0x96, 0x32, 0x00, 0xFF,
    0x96, 0x32, 0x00, 0xFF, 0x96, 0x32, 0x00, 0xFF, 0x96, 0x32, 0x00, 0xFF, 0x96, 0x32, 0x00, 0xFF,
    0x00, 0x00, 0x00, 0x00, 0x00, 0x00, 0x00, 0x00, 0x00, 0x00, 0x00, 0x00, 0x00, 0x00, 0x00, 0x00,
    0x00, 0x00, 0x00, 0x00, 0x00, 0x00, 0x00, 0x00, 0x00, 0x00, 0x00, 0x00, 0x00, 0x00, 0x00, 0x00,
    0x00, 0x00, 0x00, 0x00, 0x00, 0x00, 0x00, 0x00, 0x00, 0x00, 0x00, 0x00, 0x00, 0x00, 0x00, 0x00,
    0x00, 0x00, 0x00, 0x00, 0x00, 0x00, 0x00, 0x00, 0x00, 0x00, 0x00, 0x00, 0x00, 0x00, 0x00, 0x00,
    0x00, 0x00, 0x00, 0x00, 0x00, 0x00, 0x00, 0x00, 0x00, 0x00, 0x00, 0x00, 0x00, 0x00, 0x00, 0x00,
    0x00, 0x00, 0x00, 0x00, 0x00, 0x00, 0x00, 0x00, 0x00, 0x00, 0x00, 0x00, 0x00, 0x00, 0x00, 0x00,
    0x00, 0x00, 0x00, 0x00, 0x00, 0x00, 0x00, 0x00, 0x00, 0x00, 0x00, 0x00, 0x00, 0x00, 0x00, 0x00,
    0x00, 0x00, 0x00, 0x00, 0x00, 0x00, 0x00, 0x00, 0x00, 0x00, 0x00, 0x00, 0x00, 0x00, 0x00, 0x00,
    0x00, 0x00, 0x00, 0x00, 0x00, 0x00, 0x00, 0x00, 0x00, 0x00, 0x00, 0x00, 0x00, 0x00, 0x00, 0x00,
    0x00, 0x00, 0x00, 0x00, 0x00, 0x00, 0x00, 0x00, 0x00, 0x00, 0x00, 0x00, 0x00, 0x00, 0x00, 0x00,
    0x00, 0x00, 0x00, 0x00, 0x00, 0x00, 0x00, 0x00, 0x00, 0x00, 0x00, 0x00, 0x00, 0x00, 0x00, 0x00,
    0x00, 0x00, 0x00, 0x00, 0x00, 0x00, 0x00, 0x00, 0x00, 0x00, 0x00, 0x00, 0x00, 0x00, 0x00, 0x00,
    0x00, 0x00, 0x00, 0x00, 0x00, 0x00, 0x00, 0x00, 0x00, 0x00, 0x00, 0x00, 0x00, 0x00, 0x00, 0x00,
    0x00, 0x00, 0x00, 0x00, 0x00, 0x00, 0x00, 0x00, 0x00, 0x00, 0x00, 0x00, 0x00, 0x00, 0x00, 0x00,
    0x00, 0x00, 0x00, 0x00, 0x00, 0x00, 0x00, 0x00, 0x00, 0x00, 0x00, 0x00, 0x00, 0x00, 0x00, 0x00,
    0x00, 0x00, 0x00, 0x00, 0x00, 0x00, 0x00, 0x00, 0x00, 0x00, 0x00, 0x00, 0x00, 0x00, 0x00, 0x00,
    0x00, 0x00, 0x00, 0x00, 0x00, 0x00, 0x00, 0x00, 0x00, 0x00, 0x00, 0x00, 0x00, 0x00, 0x00, 0x00,
    0x00, 0x00, 0x00, 0x00, 0x00, 0x00, 0x00, 0x00, 0x00, 0x00, 0x00, 0x00, 0x00, 0x00, 0x00, 0x00,
    0x00, 0x00, 0x00, 0x00, 0x00, 0x00, 0x00, 0x00, 0x00, 0x00, 0x00, 0x00, 0x00, 0x00, 0x00, 0x00,
    0x00, 0x00, 0x00, 0x00, 0x00, 0x00, 0x00, 0x00, 0x00, 0x00, 0x00, 0x00, 0x00, 0x00, 0x00, 0x00,
    0x00, 0x00, 0x00, 0x00, 0x00, 0x00, 0x00, 0x00, 0x00, 0x00, 0x00, 0x00, 0x00, 0x00, 0x00, 0x00,
    0x00, 0x00, 0x00, 0x00, 0x00, 0x00, 0x00, 0x00, 0x00, 0x00, 0x00, 0x00, 0x00, 0x00, 0x00, 0x00,
    0x00, 0x00, 0x00, 0x00, 0x00, 0x00, 0x00, 0x00, 0x00, 0x00, 0x00, 0x00, 0x00, 0x00, 0x00, 0x00,
    0x00, 0x00, 0x00, 0x00, 0x00, 0x00, 0x00, 0x00, 0x00, 0x00, 0x00, 0x00, 0x00, 0x00, 0x00, 0x00,
    0x00, 0x00, 0x00, 0x00, 0x00, 0x00, 0x00, 0x00, 0x00, 0x00, 0x00, 0x00, 0x00, 0x00, 0x00, 0x00,
    0x00, 0x00, 0x00, 0x00, 0x00, 0x00, 0x00, 0x00, 0x00, 0x00, 0x00, 0x00, 0x00, 0x00, 0x00, 0x00,
    0x00, 0x00, 0x00, 0x00, 0x00, 0x00, 0x00, 0x00, 0x00, 0x00, 0x00, 0x00, 0x00, 0x00, 0x00, 0x00,
    0x00, 0x00, 0x00, 0x00, 0x00, 0x00, 0x00, 0x00, 0x00, 0x00, 0x00, 0x00, 0x00, 0x00, 0x00, 0x00,
    0x00, 0x00, 0x00, 0x00, 0x00, 0x00, 0x00, 0x00, 0x00, 0x00, 0x00, 0x00, 0x00, 0x00, 0x00, 0x00,
    0x00, 0x00, 0x00, 0x00, 0x00, 0x00, 0x00, 0x00, 0x00, 0x00, 0x00, 0x00, 0x00, 0x00, 0x00, 0x00,
    0x00, 0x00, 0x00, 0x00, 0x00, 0x00, 0x00, 0x00, 0x00, 0x00, 0x00, 0x00, 0x00, 0x00, 0x00, 0x00,
    0x00, 0x00, 0x00, 0x00, 0x00, 0x00, 0x00, 0x00, 0x00, 0x00, 0x00, 0x00, 0x00, 0x00, 0x00, 0x00,
    0x00, 0x00, 0x00, 0x00, 0x00, 0x00, 0x00, 0x00, 0x00, 0x00, 0x00, 0x00, 0x00, 0x00, 0x00, 0x00,
    0x00, 0x00, 0x00, 0x00, 0x00, 0x00, 0x00, 0x00, 0x00, 0x00, 0x00, 0x00, 0x00, 0x00, 0x00, 0x00,
    0x00, 0x00, 0x00, 0x00, 0x00, 0x00, 0x00, 0x00, 0x00, 0x00, 0x00, 0x00, 0x00, 0x00, 0x00, 0x00,
    0x00, 0x00, 0x00, 0x00, 0x00, 0x00, 0x00, 0x00, 0x00, 0x00, 0x00, 0x00, 0x00, 0x00, 0x00, 0x00,
    0x00, 0x00, 0x00, 0x00, 0x00, 0x00, 0x00, 0x00, 0x00, 0x00, 0x00, 0x00, 0x00, 0x00, 0x00, 0x00,
    0x00, 0x00, 0x00, 0x00, 0x00, 0x00, 0x00, 0x00, 0x00, 0x00, 0x00, 0x00, 0x00, 0x00, 0x00, 0x00,
    0x00, 0x00, 0x00, 0x00, 0x00, 0x00, 0x00, 0x00, 0x00, 0x00, 0x00, 0x00, 0x00, 0x00, 0x00, 0x00,
    0x00, 0x00, 0x00, 0x00, 0x00, 0x00, 0x00, 0x00, 0x00, 0x00, 0x00, 0x00, 0x00, 0x00, 0x00, 0x00,
    0x00, 0x00, 0x00, 0x00, 0x00, 0x00, 0x00, 0x00, 0x00, 0x00, 0x00, 0x00, 0x00, 0x00, 0x00, 0x00,
};

const lv_image_dsc_t spr_egg_blue = {
    .header.magic = LV_IMAGE_HEADER_MAGIC,
    .header.cf = LV_COLOR_FORMAT_ARGB8888,
    .header.w = 48,
    .header.h = 48,
    .header.stride = 192,
    .data_size = sizeof(spr_egg_blue_map),
    .data = spr_egg_blue_map,

static const uint8_t spr_egg_yellow_map[] = {
    0x00, 0x00, 0x00, 0x00, 0x00, 0x00, 0x00, 0x00, 0x00, 0x00, 0x00, 0x00, 0x00, 0x00, 0x00, 0x00,
    0x00, 0x00, 0x00, 0x00, 0x00, 0x00, 0x00, 0x00, 0x00, 0x00, 0x00, 0x00, 0x00, 0x00, 0x00, 0x00,
    0x00, 0x00, 0x00, 0x00, 0x00, 0x00, 0x00, 0x00, 0x00, 0x00, 0x00, 0x00, 0x00, 0x00, 0x00, 0x00,
    0x00, 0x00, 0x00, 0x00, 0x00, 0x00, 0x00, 0x00, 0x00, 0x00, 0x00, 0x00, 0x00, 0x00, 0x00, 0x00,
    0x00, 0x00, 0x00, 0x00, 0x00, 0x00, 0x00, 0x00, 0x00, 0x00, 0x00, 0x00, 0x00, 0x00, 0x00, 0x00,
    0x00, 0x00, 0x00, 0x00, 0x00, 0x00, 0x00, 0x00, 0x00, 0x00, 0x00, 0x00, 0x00, 0x00, 0x00, 0x00,
    0x00, 0x00, 0x00, 0x00, 0x00, 0x00, 0x00, 0x00, 0x00, 0x00, 0x00, 0x00, 0x00, 0x00, 0x00, 0x00,
    0x00, 0x00, 0x00, 0x00, 0x00, 0x00, 0x00, 0x00, 0x00, 0x00, 0x00, 0x00, 0x00, 0x00, 0x00, 0x00,
    0x00, 0x00, 0x00, 0x00, 0x00, 0x00, 0x00, 0x00, 0x00, 0x00, 0x00, 0x00, 0x00, 0x00, 0x00, 0x00,
    0x00, 0x00, 0x00, 0x00, 0x00, 0x00, 0x00, 0x00, 0x00, 0x00, 0x00, 0x00, 0x00, 0x00, 0x00, 0x00,
    0x00, 0x00, 0x00, 0x00, 0x00, 0x00, 0x00, 0x00, 0x00, 0x00, 0x00, 0x00, 0x00, 0x00, 0x00, 0x00,
    0x00, 0x00, 0x00, 0x00, 0x00, 0x00, 0x00, 0x00, 0x00, 0x00, 0x00, 0x00, 0x00, 0x00, 0x00, 0x00,
    0x00, 0x00, 0x00, 0x00, 0x00, 0x00, 0x00, 0x00, 0x00, 0x00, 0x00, 0x00, 0x00, 0x00, 0x00, 0x00,
    0x00, 0x00, 0x00, 0x00, 0x00, 0x00, 0x00, 0x00, 0x00, 0x00, 0x00, 0x00, 0x00, 0x00, 0x00, 0x00,
    0x00, 0x00, 0x00, 0x00, 0x00, 0x00, 0x00, 0x00, 0x00, 0x00, 0x00, 0x00, 0x00, 0x00, 0x00, 0x00,
    0x00, 0x00, 0x00, 0x00, 0x00, 0x00, 0x00, 0x00, 0x00, 0x00, 0x00, 0x00, 0x00, 0x00, 0x00, 0x00,
    0x00, 0x00, 0x00, 0x00, 0x00, 0x00, 0x00, 0x00, 0x00, 0x00, 0x00, 0x00, 0x00, 0x00, 0x00, 0x00,
    0x00, 0x00, 0x00, 0x00, 0x00, 0x00, 0x00, 0x00, 0x00, 0x00, 0x00, 0x00, 0x00, 0x00, 0x00, 0x00,
    0x00, 0x00, 0x00, 0x00, 0x00, 0x00, 0x00, 0x00, 0x00, 0x00, 0x00, 0x00, 0x00, 0x00, 0x00, 0x00,
    0x00, 0x00, 0x00, 0x00, 0x00, 0x00, 0x00, 0x00, 0x00, 0x00, 0x00, 0x00, 0x00, 0x00, 0x00, 0x00,
    0x00, 0x00, 0x00, 0x00, 0x00, 0x00, 0x00, 0x00, 0x00, 0x00, 0x00, 0x00, 0x00, 0x00, 0x00, 0x00,
    0x00, 0x00, 0x00, 0x00, 0x00, 0x00, 0x00, 0x00, 0x00, 0x00, 0x00, 0x00, 0x00, 0x00, 0x00, 0x00,
    0x00, 0x00, 0x00, 0x00, 0x00, 0x00, 0x00, 0x00, 0x00, 0x00, 0x00, 0x00, 0x00, 0x00, 0x00, 0x00,
    0x00, 0x00, 0x00, 0x00, 0x00, 0x00, 0x00, 0x00, 0x00, 0x00, 0x00, 0x00, 0x00, 0x00, 0x00, 0x00,
    0x00, 0x00, 0x00, 0x00, 0x00, 0x00, 0x00, 0x00, 0x00, 0x00, 0x00, 0x00, 0x00, 0x00, 0x00, 0x00,
    0x00, 0x00, 0x00, 0x00, 0x00, 0x00, 0x00, 0x00, 0x00, 0x00, 0x00, 0x00, 0x00, 0x00, 0x00, 0x00,
    0x00, 0x00, 0x00, 0x00, 0x00, 0x00, 0x00, 0x00, 0x00, 0x00, 0x00, 0x00, 0x00, 0x00, 0x00, 0x00,
    0x00, 0x00, 0x00, 0x00, 0x00, 0x00, 0x00, 0x00, 0x00, 0x00, 0x00, 0x00, 0x00, 0x00, 0x00, 0x00,
    0x00, 0x00, 0x00, 0x00, 0x00, 0x00, 0x00, 0x00, 0x00, 0x00, 0x00, 0x00, 0x00, 0x00, 0x00, 0x00,
    0x00, 0x00, 0x00, 0x00, 0x00, 0x00, 0x00, 0x00, 0x00, 0x00, 0x00, 0x00, 0x00, 0x00, 0x00, 0x00,
    0x00, 0x00, 0x00, 0x00, 0x00, 0x00, 0x00, 0x00, 0x00, 0x00, 0x00, 0x00, 0x00, 0x00, 0x00, 0x00,
    0x00, 0x00, 0x00, 0x00, 0x00, 0x00, 0x00, 0x00, 0x00, 0x00, 0x00, 0x00, 0x00, 0x00, 0x00, 0x00,
    0x00, 0x00, 0x00, 0x00, 0x00, 0x00, 0x00, 0x00, 0x00, 0x00, 0x00, 0x00, 0x00, 0x00, 0x00, 0x00,
    0x00, 0x00, 0x00, 0x00, 0x00, 0x00, 0x00, 0x00, 0x00, 0x00, 0x00, 0x00, 0x00, 0x00, 0x00, 0x00,
    0x00, 0x00, 0x00, 0x00, 0x00, 0x00, 0x00, 0x00, 0x00, 0x00, 0x00, 0x00, 0x00, 0x00, 0x00, 0x00,
    0x00, 0x00, 0x00, 0x00, 0x00, 0x00, 0x00, 0x00, 0x00, 0x00, 0x00, 0x00, 0x00, 0x00, 0x00, 0x00,
    0x00, 0x00, 0x00, 0x00, 0x00, 0x00, 0x00, 0x00, 0x00, 0x00, 0x00, 0x00, 0x00, 0x00, 0x00, 0x00,
    0x00, 0x00, 0x00, 0x00, 0x00, 0x00, 0x00, 0x00, 0x00, 0x00, 0x00, 0x00, 0x00, 0x00, 0x00, 0x00,
    0x00, 0x00, 0x00, 0x00, 0x00, 0x00, 0x00, 0x00, 0x00, 0x00, 0x00, 0x00, 0x00, 0x00, 0x00, 0x00,
    0x00, 0x00, 0x00, 0x00, 0x00, 0x00, 0x00, 0x00, 0x00, 0x00, 0x00, 0x00, 0x00, 0x00, 0x00, 0x00,
    0x00, 0x00, 0x00, 0x00, 0x00, 0x00, 0x00, 0x00, 0x00, 0x00, 0x00, 0x00, 0x00, 0x00, 0x00, 0x00,
    0x00, 0x00, 0x00, 0x00, 0x00, 0x00, 0x00, 0x00, 0x00, 0x00, 0x00, 0x00, 0x00, 0x00, 0x00, 0x00,
    0x00, 0x00, 0x00, 0x00, 0x00, 0x00, 0x00, 0x00, 0x00, 0x00, 0x00, 0x00, 0x00, 0x00, 0x00, 0x00,
    0x00, 0x00, 0x00, 0x00, 0x00, 0x00, 0x00, 0x00, 0x00, 0x00, 0x00, 0x00, 0x00, 0x00, 0x00, 0x00,
    0x00, 0x00, 0x00, 0x00, 0x00, 0x00, 0x00, 0x00, 0x00, 0x00, 0x00, 0x00, 0x00, 0x00, 0x00, 0x00,
    0x00, 0x00, 0x00, 0x00, 0x00, 0x00, 0x00, 0x00, 0x00, 0x00, 0x00, 0x00, 0x00, 0x00, 0x00, 0x00,
    0x00, 0x00, 0x00, 0x00, 0x00, 0x00, 0x00, 0x00, 0x00, 0x00, 0x00, 0x00, 0x00, 0x00, 0x00, 0x00,
    0x00, 0x00, 0x00, 0x00, 0x00, 0x00, 0x00, 0x00, 0x00, 0x00, 0x00, 0x00, 0x00, 0x00, 0x00, 0x00,
    0x00, 0x00, 0x00, 0x00, 0x00, 0x00, 0x00, 0x00, 0x00, 0x00, 0x00, 0x00, 0x00, 0x00, 0x00, 0x00,
    0x00, 0x00, 0x00, 0x00, 0x00, 0x00, 0x00, 0x00, 0x00, 0x00, 0x00, 0x00, 0x00, 0x00, 0x00, 0x00,
    0x00, 0x00, 0x00, 0x00, 0x00, 0x00, 0x00, 0x00, 0x00, 0x00, 0x00, 0x00, 0x00, 0x00, 0x00, 0x00,
    0x00, 0x00, 0x00, 0x00, 0x00, 0x00, 0x00, 0x00, 0x00, 0x00, 0x00, 0x00, 0x00, 0x00, 0x00, 0x00,
    0x00, 0x00, 0x00, 0x00, 0x00, 0x00, 0x00, 0x00, 0x00, 0x00, 0x00, 0x00, 0x00, 0x00, 0x00, 0x00,
    0x00, 0x00, 0x00, 0x00, 0x00, 0x00, 0x00, 0x00, 0x00, 0x00, 0x00, 0x00, 0x00, 0x00, 0x00, 0x00,
    0x00, 0x00, 0x00, 0x00, 0x00, 0x00, 0x00, 0x00, 0x00, 0x00, 0x00, 0x00, 0x00, 0x00, 0x00, 0x00,
    0x00, 0x00, 0x00, 0x00, 0x00, 0x00, 0x00, 0x00, 0x00, 0x00, 0x00, 0x00, 0x00, 0x00, 0x00, 0x00,
    0x00, 0x00, 0x00, 0x00, 0x00, 0x00, 0x00, 0x00, 0x00, 0x00, 0x00, 0x00, 0x00, 0x00, 0x00, 0x00,
    0x00, 0x00, 0x00, 0x00, 0x00, 0x00, 0x00, 0x00, 0x00, 0x00, 0x00, 0x00, 0x00, 0x00, 0x00, 0x00,
    0x00, 0x00, 0x00, 0x00, 0x00, 0x00, 0x00, 0x00, 0x00, 0x00, 0x00, 0x00, 0x00, 0x00, 0x00, 0x00,
    0x00, 0x00, 0x00, 0x00, 0x00, 0x00, 0x00, 0x00, 0x00, 0x00, 0x00, 0x00, 0x00, 0x00, 0x00, 0x00,
    0x00, 0x00, 0x00, 0x00, 0x00, 0x00, 0x00, 0x00, 0x00, 0x00, 0x00, 0x00, 0x00, 0x00, 0x00, 0x00,
    0x00, 0x00, 0x00, 0x00, 0x00, 0x00, 0x00, 0x00, 0x00, 0x00, 0x00, 0x00, 0x00, 0x00, 0x00, 0x00,
    0x00, 0x00, 0x00, 0x00, 0x00, 0x00, 0x00, 0x00, 0x00, 0x00, 0x00, 0x00, 0x00, 0x00, 0x00, 0x00,
    0x00, 0x00, 0x00, 0x00, 0x00, 0x00, 0x00, 0x00, 0x00, 0x00, 0x00, 0x00, 0x00, 0x00, 0x00, 0x00,
    0x00, 0x00, 0x00, 0x00, 0x00, 0x00, 0x00, 0x00, 0x00, 0x00, 0x00, 0x00, 0x00, 0x00, 0x00, 0x00,
    0x00, 0x00, 0x00, 0x00, 0x00, 0x00, 0x00, 0x00, 0x00, 0x00, 0x00, 0x00, 0x00, 0x00, 0x00, 0x00,
    0x00, 0x00, 0x00, 0x00, 0x00, 0x00, 0x00, 0x00, 0x00, 0x00, 0x00, 0x00, 0x00, 0x00, 0x00, 0x00,
    0x00, 0x00, 0x00, 0x00, 0x00, 0x00, 0x00, 0x00, 0x00, 0x00, 0x00, 0x00, 0x00, 0x00, 0x00, 0x00,
    0x00, 0x00, 0x00, 0x00, 0x00, 0x00, 0x00, 0x00, 0x00, 0x00, 0x00, 0x00, 0x00, 0x00, 0x00, 0x00,
    0x00, 0x00, 0x00, 0x00, 0x00, 0x00, 0x00, 0x00, 0x00, 0x00, 0x00, 0x00, 0x00, 0x00, 0x00, 0x00,
    0x00, 0x00, 0x00, 0x00, 0x00, 0x00, 0x00, 0x00, 0x00, 0x00, 0x00, 0x00, 0x00, 0x00, 0x00, 0x00,
    0x00, 0x00, 0x00, 0x00, 0x00, 0x00, 0x00, 0x00, 0x00, 0x00, 0x00, 0x00, 0x00, 0x00, 0x00, 0x00,
    0x00, 0x00, 0x00, 0x00, 0x00, 0x00, 0x00, 0x00, 0x00, 0x00, 0x00, 0x00, 0x00, 0x00, 0x00, 0x00,
    0x00, 0x00, 0x00, 0x00, 0x00, 0x00, 0x00, 0x00, 0x00, 0x00, 0x00, 0x00, 0x00, 0x00, 0x00, 0x00,
    0x00, 0x00, 0x00, 0x00, 0x00, 0x00, 0x00, 0x00, 0x00, 0x00, 0x00, 0x00, 0x00, 0x00, 0x00, 0x00,
    0x00, 0x00, 0x00, 0x00, 0x00, 0x00, 0x00, 0x00, 0x00, 0x00, 0x00, 0x00, 0x00, 0x00, 0x00, 0x00,
    0x00, 0x00, 0x00, 0x00, 0x00, 0x00, 0x00, 0x00, 0x00, 0x00, 0x00, 0x00, 0x00, 0x00, 0x00, 0x00,
    0x00, 0x00, 0x00, 0x00, 0x00, 0x8C, 0xB4, 0xFF, 0x00, 0x8C, 0xB4, 0xFF, 0x00, 0x8C, 0xB4, 0xFF,
    0x00, 0x8C, 0xB4, 0xFF, 0x00, 0x8C, 0xB4, 0xFF, 0x00, 0x8C, 0xB4, 0xFF, 0x00, 0x8C, 0xB4, 0xFF,
    0x00, 0x00, 0x00, 0x00, 0x00, 0x00, 0x00, 0x00, 0x00, 0x00, 0x00, 0x00, 0x00, 0x00, 0x00, 0x00,
    0x00, 0x00, 0x00, 0x00, 0x00, 0x00, 0x00, 0x00, 0x00, 0x00, 0x00, 0x00, 0x00, 0x00, 0x00, 0x00,
    0x00, 0x00, 0x00, 0x00, 0x00, 0x00, 0x00, 0x00, 0x00, 0x00, 0x00, 0x00, 0x00, 0x00, 0x00, 0x00,
    0x00, 0x00, 0x00, 0x00, 0x00, 0x00, 0x00, 0x00, 0x00, 0x00, 0x00, 0x00, 0x00, 0x00, 0x00, 0x00,
    0x00, 0x00, 0x00, 0x00, 0x00, 0x00, 0x00, 0x00, 0x00, 0x00, 0x00, 0x00, 0x00, 0x00, 0x00, 0x00,
    0x00, 0x00, 0x00, 0x00, 0x00, 0x00, 0x00, 0x00, 0x00, 0x00, 0x00, 0x00, 0x00, 0x00, 0x00, 0x00,
    0x00, 0x00, 0x00, 0x00, 0x00, 0x00, 0x00, 0x00, 0x00, 0x00, 0x00, 0x00, 0x00, 0x00, 0x00, 0x00,
    0x00, 0x00, 0x00, 0x00, 0x00, 0x00, 0x00, 0x00, 0x00, 0x00, 0x00, 0x00, 0x00, 0x00, 0x00, 0x00,
    0x00, 0x00, 0x00, 0x00, 0x00, 0x00, 0x00, 0x00, 0x00, 0x00, 0x00, 0x00, 0x00, 0x00, 0x00, 0x00,
    0x00, 0x00, 0x00, 0x00, 0x00, 0x00, 0x00, 0x00, 0x00, 0x00, 0x00, 0x00, 0x00, 0x8C, 0xB4, 0xFF,
    0x00, 0x8C, 0xB4, 0xFF, 0x00, 0x8C, 0xB4, 0xFF, 0x00, 0x8C, 0xB4, 0xFF, 0x00, 0x8C, 0xB4, 0xFF,
    0x00, 0x8C, 0xB4, 0xFF, 0x00, 0x8C, 0xB4, 0xFF, 0x00, 0x8C, 0xB4, 0xFF, 0x00, 0x8C, 0xB4, 0xFF,
    0x00, 0x8C, 0xB4, 0xFF, 0x00, 0x8C, 0xB4, 0xFF, 0x00, 0x00, 0x00, 0x00, 0x00, 0x00, 0x00, 0x00,
    0x00, 0x00, 0x00, 0x00, 0x00, 0x00, 0x00, 0x00, 0x00, 0x00, 0x00, 0x00, 0x00, 0x00, 0x00, 0x00,
    0x00, 0x00, 0x00, 0x00, 0x00, 0x00, 0x00, 0x00, 0x00, 0x00, 0x00, 0x00, 0x00, 0x00, 0x00, 0x00,
    0x00, 0x00, 0x00, 0x00, 0x00, 0x00, 0x00, 0x00, 0x00, 0x00, 0x00, 0x00, 0x00, 0x00, 0x00, 0x00,
    0x00, 0x00, 0x00, 0x00, 0x00, 0x00, 0x00, 0x00, 0x00, 0x00, 0x00, 0x00, 0x00, 0x00, 0x00, 0x00,
    0x00, 0x00, 0x00, 0x00, 0x00, 0x00, 0x00, 0x00, 0x00, 0x00, 0x00, 0x00, 0x00, 0x00, 0x00, 0x00,
    0x00, 0x00, 0x00, 0x00, 0x00, 0x00, 0x00, 0x00, 0x00, 0x00, 0x00, 0x00, 0x00, 0x00, 0x00, 0x00,
    0x00, 0x00, 0x00, 0x00, 0x00, 0x00, 0x00, 0x00, 0x00, 0x00, 0x00, 0x00, 0x00, 0x00, 0x00, 0x00,
    0x00, 0x00, 0x00, 0x00, 0x00, 0x00, 0x00, 0x00, 0x00, 0x00, 0x00, 0x00, 0x00, 0x00, 0x00, 0x00,
    0x00, 0x00, 0x00, 0x00, 0x00, 0x8C, 0xB4, 0xFF, 0x00, 0x8C, 0xB4, 0xFF, 0x00, 0x8C, 0xB4, 0xFF,
    0x00, 0x8C, 0xB4, 0xFF, 0x32, 0xC8, 0xF0, 0xFF, 0x32, 0xC8, 0xF0, 0xFF, 0x32, 0xC8, 0xF0, 0xFF,
    0x32, 0xC8, 0xF0, 0xFF, 0x32, 0xC8, 0xF0, 0xFF, 0x32, 0xC8, 0xF0, 0xFF, 0x32, 0xC8, 0xF0, 0xFF,
    0x00, 0x8C, 0xB4, 0xFF, 0x00, 0x8C, 0xB4, 0xFF, 0x00, 0x8C, 0xB4, 0xFF, 0x00, 0x8C, 0xB4, 0xFF,
    0x00, 0x00, 0x00, 0x00, 0x00, 0x00, 0x00, 0x00, 0x00, 0x00, 0x00, 0x00, 0x00, 0x00, 0x00, 0x00,
    0x00, 0x00, 0x00, 0x00, 0x00, 0x00, 0x00, 0x00, 0x00, 0x00, 0x00, 0x00, 0x00, 0x00, 0x00, 0x00,
    0x00, 0x00, 0x00, 0x00, 0x00, 0x00, 0x00, 0x00, 0x00, 0x00, 0x00, 0x00, 0x00, 0x00, 0x00, 0x00,
    0x00, 0x00, 0x00, 0x00, 0x00, 0x00, 0x00, 0x00, 0x00, 0x00, 0x00, 0x00, 0x00, 0x00, 0x00, 0x00,
    0x00, 0x00, 0x00, 0x00, 0x00, 0x00, 0x00, 0x00, 0x00, 0x00, 0x00, 0x00, 0x00, 0x00, 0x00, 0x00,
    0x00, 0x00, 0x00, 0x00, 0x00, 0x00, 0x00, 0x00, 0x00, 0x00, 0x00, 0x00, 0x00, 0x00, 0x00, 0x00,
    0x00, 0x00, 0x00, 0x00, 0x00, 0x00, 0x00, 0x00, 0x00, 0x00, 0x00, 0x00, 0x00, 0x00, 0x00, 0x00,
    0x00, 0x00, 0x00, 0x00, 0x00, 0x00, 0x00, 0x00, 0x00, 0x00, 0x00, 0x00, 0x00, 0x00, 0x00, 0x00,
    0x00, 0x8C, 0xB4, 0xFF, 0x00, 0x8C, 0xB4, 0xFF, 0x00, 0x8C, 0xB4, 0xFF, 0x32, 0xC8, 0xF0, 0xFF,
    0x32, 0xC8, 0xF0, 0xFF, 0x32, 0xC8, 0xF0, 0xFF, 0x32, 0xC8, 0xF0, 0xFF, 0x32, 0xC8, 0xF0, 0xFF,
    0x32, 0xC8, 0xF0, 0xFF, 0x32, 0xC8, 0xF0, 0xFF, 0x32, 0xC8, 0xF0, 0xFF, 0x32, 0xC8, 0xF0, 0xFF,
    0x32, 0xC8, 0xF0, 0xFF, 0x32, 0xC8, 0xF0, 0xFF, 0x00, 0x8C, 0xB4, 0xFF, 0x00, 0x8C, 0xB4, 0xFF,
    0x00, 0x8C, 0xB4, 0xFF, 0x00, 0x00, 0x00, 0x00, 0x00, 0x00, 0x00, 0x00, 0x00, 0x00, 0x00, 0x00,
    0x00, 0x00, 0x00, 0x00, 0x00, 0x00, 0x00, 0x00, 0x00, 0x00, 0x00, 0x00, 0x00, 0x00, 0x00, 0x00,
    0x00, 0x00, 0x00, 0x00, 0x00, 0x00, 0x00, 0x00, 0x00, 0x00, 0x00, 0x00, 0x00, 0x00, 0x00, 0x00,
    0x00, 0x00, 0x00, 0x00, 0x00, 0x00, 0x00, 0x00, 0x00, 0x00, 0x00, 0x00, 0x00, 0x00, 0x00, 0x00,
    0x00, 0x00, 0x00, 0x00, 0x00, 0x00, 0x00, 0x00, 0x00, 0x00, 0x00, 0x00, 0x00, 0x00, 0x00, 0x00,
    0x00, 0x00, 0x00, 0x00, 0x00, 0x00, 0x00, 0x00, 0x00, 0x00, 0x00, 0x00, 0x00, 0x00, 0x00, 0x00,
    0x00, 0x00, 0x00, 0x00, 0x00, 0x00, 0x00, 0x00, 0x00, 0x00, 0x00, 0x00, 0x00, 0x00, 0x00, 0x00,
    0x00, 0x00, 0x00, 0x00, 0x00, 0x00, 0x00, 0x00, 0x00, 0x00, 0x00, 0x00, 0x00, 0x8C, 0xB4, 0xFF,
    0x00, 0x8C, 0xB4, 0xFF, 0x32, 0xC8, 0xF0, 0xFF, 0x32, 0xC8, 0xF0, 0xFF, 0x32, 0xC8, 0xF0, 0xFF,
    0x32, 0xC8, 0xF0, 0xFF, 0x32, 0xC8, 0xF0, 0xFF, 0x32, 0xC8, 0xF0, 0xFF, 0x32, 0xC8, 0xF0, 0xFF,
    0x32, 0xC8, 0xF0, 0xFF, 0x32, 0xC8, 0xF0, 0xFF, 0x32, 0xC8, 0xF0, 0xFF, 0x32, 0xC8, 0xF0, 0xFF,
    0x32, 0xC8, 0xF0, 0xFF, 0x32, 0xC8, 0xF0, 0xFF, 0x32, 0xC8, 0xF0, 0xFF, 0x32, 0xC8, 0xF0, 0xFF,
    0x00, 0x8C, 0xB4, 0xFF, 0x00, 0x8C, 0xB4, 0xFF, 0x00, 0x00, 0x00, 0x00, 0x00, 0x00, 0x00, 0x00,
    0x00, 0x00, 0x00, 0x00, 0x00, 0x00, 0x00, 0x00, 0x00, 0x00, 0x00, 0x00, 0x00, 0x00, 0x00, 0x00,
    0x00, 0x00, 0x00, 0x00, 0x00, 0x00, 0x00, 0x00, 0x00, 0x00, 0x00, 0x00, 0x00, 0x00, 0x00, 0x00,
    0x00, 0x00, 0x00, 0x00, 0x00, 0x00, 0x00, 0x00, 0x00, 0x00, 0x00, 0x00, 0x00, 0x00, 0x00, 0x00,
    0x00, 0x00, 0x00, 0x00, 0x00, 0x00, 0x00, 0x00, 0x00, 0x00, 0x00, 0x00, 0x00, 0x00, 0x00, 0x00,
    0x00, 0x00, 0x00, 0x00, 0x00, 0x00, 0x00, 0x00, 0x00, 0x00, 0x00, 0x00, 0x00, 0x00, 0x00, 0x00,
    0x00, 0x00, 0x00, 0x00, 0x00, 0x00, 0x00, 0x00, 0x00, 0x00, 0x00, 0x00, 0x00, 0x00, 0x00, 0x00,
    0x00, 0x00, 0x00, 0x00, 0x00, 0x00, 0x00, 0x00, 0x00, 0x8C, 0xB4, 0xFF, 0x00, 0x8C, 0xB4, 0xFF,
    0x32, 0xC8, 0xF0, 0xFF, 0x32, 0xC8, 0xF0, 0xFF, 0x5F, 0xF5, 0xFF, 0xFF, 0x5F, 0xF5, 0xFF, 0xFF,
    0x5F, 0xF5, 0xFF, 0xFF, 0x32, 0xC8, 0xF0, 0xFF, 0x32, 0xC8, 0xF0, 0xFF, 0x32, 0xC8, 0xF0, 0xFF,
    0x32, 0xC8, 0xF0, 0xFF, 0x32, 0xC8, 0xF0, 0xFF, 0x32, 0xC8, 0xF0, 0xFF, 0x32, 0xC8, 0xF0, 0xFF,
    0x32, 0xC8, 0xF0, 0xFF, 0x32, 0xC8, 0xF0, 0xFF, 0x32, 0xC8, 0xF0, 0xFF, 0x32, 0xC8, 0xF0, 0xFF,
    0x32, 0xC8, 0xF0, 0xFF, 0x00, 0x8C, 0xB4, 0xFF, 0x00, 0x8C, 0xB4, 0xFF, 0x00, 0x00, 0x00, 0x00,
    0x00, 0x00, 0x00, 0x00, 0x00, 0x00, 0x00, 0x00, 0x00, 0x00, 0x00, 0x00, 0x00, 0x00, 0x00, 0x00,
    0x00, 0x00, 0x00, 0x00, 0x00, 0x00, 0x00, 0x00, 0x00, 0x00, 0x00, 0x00, 0x00, 0x00, 0x00, 0x00,
    0x00, 0x00, 0x00, 0x00, 0x00, 0x00, 0x00, 0x00, 0x00, 0x00, 0x00, 0x00, 0x00, 0x00, 0x00, 0x00,
    0x00, 0x00, 0x00, 0x00, 0x00, 0x00, 0x00, 0x00, 0x00, 0x00, 0x00, 0x00, 0x00, 0x00, 0x00, 0x00,
    0x00, 0x00, 0x00, 0x00, 0x00, 0x00, 0x00, 0x00, 0x00, 0x00, 0x00, 0x00, 0x00, 0x00, 0x00, 0x00,
    0x00, 0x00, 0x00, 0x00, 0x00, 0x00, 0x00, 0x00, 0x00, 0x00, 0x00, 0x00, 0x00, 0x00, 0x00, 0x00,
    0x00, 0x00, 0x00, 0x00, 0x00, 0x8C, 0xB4, 0xFF, 0x00, 0x8C, 0xB4, 0xFF, 0x32, 0xC8, 0xF0, 0xFF,
    0x32, 0xC8, 0xF0, 0xFF, 0x5F, 0xF5, 0xFF, 0xFF, 0x5F, 0xF5, 0xFF, 0xFF, 0x5F, 0xF5, 0xFF, 0xFF,
    0x5F, 0xF5, 0xFF, 0xFF, 0x5F, 0xF5, 0xFF, 0xFF, 0x32, 0xC8, 0xF0, 0xFF, 0x32, 0xC8, 0xF0, 0xFF,
    0x32, 0xC8, 0xF0, 0xFF, 0x32, 0xC8, 0xF0, 0xFF, 0x5F, 0xF5, 0xFF, 0xFF, 0x32, 0xC8, 0xF0, 0xFF,
    0x32, 0xC8, 0xF0, 0xFF, 0x32, 0xC8, 0xF0, 0xFF, 0x32, 0xC8, 0xF0, 0xFF, 0x32, 0xC8, 0xF0, 0xFF,
    0x32, 0xC8, 0xF0, 0xFF, 0x32, 0xC8, 0xF0, 0xFF, 0x00, 0x8C, 0xB4, 0xFF, 0x00, 0x8C, 0xB4, 0xFF,
    0x00, 0x00, 0x00, 0x00, 0x00, 0x00, 0x00, 0x00, 0x00, 0x00, 0x00, 0x00, 0x00, 0x00, 0x00, 0x00,
    0x00, 0x00, 0x00, 0x00, 0x00, 0x00, 0x00, 0x00, 0x00, 0x00, 0x00, 0x00, 0x00, 0x00, 0x00, 0x00,
    0x00, 0x00, 0x00, 0x00, 0x00, 0x00, 0x00, 0x00, 0x00, 0x00, 0x00, 0x00, 0x00, 0x00, 0x00, 0x00,
    0x00, 0x00, 0x00, 0x00, 0x00, 0x00, 0x00, 0x00, 0x00, 0x00, 0x00, 0x00, 0x00, 0x00, 0x00, 0x00,
    0x00, 0x00, 0x00, 0x00, 0x00, 0x00, 0x00, 0x00, 0x00, 0x00, 0x00, 0x00, 0x00, 0x00, 0x00, 0x00,
    0x00, 0x00, 0x00, 0x00, 0x00, 0x00, 0x00, 0x00, 0x00, 0x00, 0x00, 0x00, 0x00, 0x00, 0x00, 0x00,
    0x00, 0x8C, 0xB4, 0xFF, 0x00, 0x8C, 0xB4, 0xFF, 0x00, 0x8C, 0xB4, 0xFF, 0x32, 0xC8, 0xF0, 0xFF,
    0x5F, 0xF5, 0xFF, 0xFF, 0x5F, 0xF5, 0xFF, 0xFF, 0x5F, 0xF5, 0xFF, 0xFF, 0x5F, 0xF5, 0xFF, 0xFF,
    0x5F, 0xF5, 0xFF, 0xFF, 0x5F, 0xF5, 0xFF, 0xFF, 0x5F, 0xF5, 0xFF, 0xFF, 0x32, 0xC8, 0xF0, 0xFF,
    0x32, 0xC8, 0xF0, 0xFF, 0x32, 0xC8, 0xF0, 0xFF, 0x32, 0xC8, 0xF0, 0xFF, 0x32, 0xC8, 0xF0, 0xFF,
    0x32, 0xC8, 0xF0, 0xFF, 0x32, 0xC8, 0xF0, 0xFF, 0x32, 0xC8, 0xF0, 0xFF, 0x32, 0xC8, 0xF0, 0xFF,
    0x32, 0xC8, 0xF0, 0xFF, 0x32, 0xC8, 0xF0, 0xFF, 0x00, 0x8C, 0xB4, 0xFF, 0x00, 0x8C, 0xB4, 0xFF,
    0x00, 0x8C, 0xB4, 0xFF, 0x00, 0x00, 0x00, 0x00, 0x00, 0x00, 0x00, 0x00, 0x00, 0x00, 0x00, 0x00,
    0x00, 0x00, 0x00, 0x00, 0x00, 0x00, 0x00, 0x00, 0x00, 0x00, 0x00, 0x00, 0x00, 0x00, 0x00, 0x00,
    0x00, 0x00, 0x00, 0x00, 0x00, 0x00, 0x00, 0x00, 0x00, 0x00, 0x00, 0x00, 0x00, 0x00, 0x00, 0x00,
    0x00, 0x00, 0x00, 0x00, 0x00, 0x00, 0x00, 0x00, 0x00, 0x00, 0x00, 0x00, 0x00, 0x00, 0x00, 0x00,
    0x00, 0x00, 0x00, 0x00, 0x00, 0x00, 0x00, 0x00, 0x00, 0x00, 0x00, 0x00, 0x00, 0x00, 0x00, 0x00,
    0x00, 0x00, 0x00, 0x00, 0x00, 0x00, 0x00, 0x00, 0x00, 0x00, 0x00, 0x00, 0x00, 0x00, 0x00, 0x00,
    0x00, 0x8C, 0xB4, 0xFF, 0x00, 0x8C, 0xB4, 0xFF, 0x32, 0xC8, 0xF0, 0xFF, 0x5F, 0xF5, 0xFF, 0xFF,
    0x5F, 0xF5, 0xFF, 0xFF, 0x5F, 0xF5, 0xFF, 0xFF, 0x5F, 0xF5, 0xFF, 0xFF, 0x5F, 0xF5, 0xFF, 0xFF,
    0x5F, 0xF5, 0xFF, 0xFF, 0x5F, 0xF5, 0xFF, 0xFF, 0x5F, 0xF5, 0xFF, 0xFF, 0x5F, 0xF5, 0xFF, 0xFF,
    0x32, 0xC8, 0xF0, 0xFF, 0x32, 0xC8, 0xF0, 0xFF, 0x32, 0xC8, 0xF0, 0xFF, 0x32, 0xC8, 0xF0, 0xFF,
    0x32, 0xC8, 0xF0, 0xFF, 0x32, 0xC8, 0xF0, 0xFF, 0x32, 0xC8, 0xF0, 0xFF, 0x32, 0xC8, 0xF0, 0xFF,
    0x32, 0xC8, 0xF0, 0xFF, 0x32, 0xC8, 0xF0, 0xFF, 0x32, 0xC8, 0xF0, 0xFF, 0x00, 0x8C, 0xB4, 0xFF,
    0x00, 0x8C, 0xB4, 0xFF, 0x00, 0x00, 0x00, 0x00, 0x00, 0x00, 0x00, 0x00, 0x00, 0x00, 0x00, 0x00,
    0x00, 0x00, 0x00, 0x00, 0x00, 0x00, 0x00, 0x00, 0x00, 0x00, 0x00, 0x00, 0x00, 0x00, 0x00, 0x00,
    0x00, 0x00, 0x00, 0x00, 0x00, 0x00, 0x00, 0x00, 0x00, 0x00, 0x00, 0x00, 0x00, 0x00, 0x00, 0x00,
    0x00, 0x00, 0x00, 0x00, 0x00, 0x00, 0x00, 0x00, 0x00, 0x00, 0x00, 0x00, 0x00, 0x00, 0x00, 0x00,
    0x00, 0x00, 0x00, 0x00, 0x00, 0x00, 0x00, 0x00, 0x00, 0x00, 0x00, 0x00, 0x00, 0x00, 0x00, 0x00,
    0x00, 0x00, 0x00, 0x00, 0x00, 0x00, 0x00, 0x00, 0x00, 0x00, 0x00, 0x00, 0x00, 0x8C, 0xB4, 0xFF,
    0x00, 0x8C, 0xB4, 0xFF, 0x32, 0xC8, 0xF0, 0xFF, 0x32, 0xC8, 0xF0, 0xFF, 0x5F, 0xF5, 0xFF, 0xFF,
    0x5F, 0xF5, 0xFF, 0xFF, 0x5F, 0xF5, 0xFF, 0xFF, 0x5F, 0xF5, 0xFF, 0xFF, 0x5F, 0xF5, 0xFF, 0xFF,
    0x5F, 0xF5, 0xFF, 0xFF, 0x5F, 0xF5, 0xFF, 0xFF, 0x5F, 0xF5, 0xFF, 0xFF, 0x5F, 0xF5, 0xFF, 0xFF,
    0x32, 0xC8, 0xF0, 0xFF, 0x32, 0xC8, 0xF0, 0xFF, 0x32, 0xC8, 0xF0, 0xFF, 0x32, 0xC8, 0xF0, 0xFF,
    0x32, 0xC8, 0xF0, 0xFF, 0x32, 0xC8, 0xF0, 0xFF, 0x32, 0xC8, 0xF0, 0xFF, 0x32, 0xC8, 0xF0, 0xFF,
    0x32, 0xC8, 0xF0, 0xFF, 0x32, 0xC8, 0xF0, 0xFF, 0x32, 0xC8, 0xF0, 0xFF, 0x32, 0xC8, 0xF0, 0xFF,
    0x00, 0x8C, 0xB4, 0xFF, 0x00, 0x8C, 0xB4, 0xFF, 0x00, 0x00, 0x00, 0x00, 0x00, 0x00, 0x00, 0x00,
    0x00, 0x00, 0x00, 0x00, 0x00, 0x00, 0x00, 0x00, 0x00, 0x00, 0x00, 0x00, 0x00, 0x00, 0x00, 0x00,
    0x00, 0x00, 0x00, 0x00, 0x00, 0x00, 0x00, 0x00, 0x00, 0x00, 0x00, 0x00, 0x00, 0x00, 0x00, 0x00,
    0x00, 0x00, 0x00, 0x00, 0x00, 0x00, 0x00, 0x00, 0x00, 0x00, 0x00, 0x00, 0x00, 0x00, 0x00, 0x00,
    0x00, 0x00, 0x00, 0x00, 0x00, 0x00, 0x00, 0x00, 0x00, 0x00, 0x00, 0x00, 0x00, 0x00, 0x00, 0x00,
    0x00, 0x00, 0x00, 0x00, 0x00, 0x00, 0x00, 0x00, 0x00, 0x00, 0x00, 0x00, 0x00, 0x8C, 0xB4, 0xFF,
    0x00, 0x8C, 0xB4, 0xFF, 0x32, 0xC8, 0xF0, 0xFF, 0x32, 0xC8, 0xF0, 0xFF, 0x5F, 0xF5, 0xFF, 0xFF,
    0x5F, 0xF5, 0xFF, 0xFF, 0x5F, 0xF5, 0xFF, 0xFF, 0x5F, 0xF5, 0xFF, 0xFF, 0x5F, 0xF5, 0xFF, 0xFF,
    0x5F, 0xF5, 0xFF, 0xFF, 0x5F, 0xF5, 0xFF, 0xFF, 0x5F, 0xF5, 0xFF, 0xFF, 0x5F, 0xF5, 0xFF, 0xFF,
    0x32, 0xC8, 0xF0, 0xFF, 0x32, 0xC8, 0xF0, 0xFF, 0x32, 0xC8, 0xF0, 0xFF, 0x32, 0xC8, 0xF0, 0xFF,
    0x32, 0xC8, 0xF0, 0xFF, 0x32, 0xC8, 0xF0, 0xFF, 0x32, 0xC8, 0xF0, 0xFF, 0x32, 0xC8, 0xF0, 0xFF,
    0x32, 0xC8, 0xF0, 0xFF, 0x32, 0xC8, 0xF0, 0xFF, 0x32, 0xC8, 0xF0, 0xFF, 0x32, 0xC8, 0xF0, 0xFF,
    0x00, 0x8C, 0xB4, 0xFF, 0x00, 0x8C, 0xB4, 0xFF, 0x00, 0x00, 0x00, 0x00, 0x00, 0x00, 0x00, 0x00,
    0x00, 0x00, 0x00, 0x00, 0x00, 0x00, 0x00, 0x00, 0x00, 0x00, 0x00, 0x00, 0x00, 0x00, 0x00, 0x00,
    0x00, 0x00, 0x00, 0x00, 0x00, 0x00, 0x00, 0x00, 0x00, 0x00, 0x00, 0x00, 0x00, 0x00, 0x00, 0x00,
    0x00, 0x00, 0x00, 0x00, 0x00, 0x00, 0x00, 0x00, 0x00, 0x00, 0x00, 0x00, 0x00, 0x00, 0x00, 0x00,
    0x00, 0x00, 0x00, 0x00, 0x00, 0x00, 0x00, 0x00, 0x00, 0x00, 0x00, 0x00, 0x00, 0x00, 0x00, 0x00,
    0x00, 0x00, 0x00, 0x00, 0x00, 0x00, 0x00, 0x00, 0x00, 0x8C, 0xB4, 0xFF, 0x00, 0x8C, 0xB4, 0xFF,
    0x32, 0xC8, 0xF0, 0xFF, 0x32, 0xC8, 0xF0, 0xFF, 0x32, 0xC8, 0xF0, 0xFF, 0x5F, 0xF5, 0xFF, 0xFF,
    0x5F, 0xF5, 0xFF, 0xFF, 0x5F, 0xF5, 0xFF, 0xFF, 0x5F, 0xF5, 0xFF, 0xFF, 0x5F, 0xF5, 0xFF, 0xFF,
    0x5F, 0xF5, 0xFF, 0xFF, 0x5F, 0xF5, 0xFF, 0xFF, 0x5F, 0xF5, 0xFF, 0xFF, 0x5F, 0xF5, 0xFF, 0xFF,
    0x32, 0xC8, 0xF0, 0xFF, 0x32, 0xC8, 0xF0, 0xFF, 0x32, 0xC8, 0xF0, 0xFF, 0x32, 0xC8, 0xF0, 0xFF,
    0x32, 0xC8, 0xF0, 0xFF, 0x32, 0xC8, 0xF0, 0xFF, 0x32, 0xC8, 0xF0, 0xFF, 0x32, 0xC8, 0xF0, 0xFF,
    0x32, 0xC8, 0xF0, 0xFF, 0x32, 0xC8, 0xF0, 0xFF, 0x32, 0xC8, 0xF0, 0xFF, 0x32, 0xC8, 0xF0, 0xFF,
    0x32, 0xC8, 0xF0, 0xFF, 0x00, 0x8C, 0xB4, 0xFF, 0x00, 0x8C, 0xB4, 0xFF, 0x00, 0x00, 0x00, 0x00,
    0x00, 0x00, 0x00, 0x00, 0x00, 0x00, 0x00, 0x00, 0x00, 0x00, 0x00, 0x00, 0x00, 0x00, 0x00, 0x00,
    0x00, 0x00, 0x00, 0x00, 0x00, 0x00, 0x00, 0x00, 0x00, 0x00, 0x00, 0x00, 0x00, 0x00, 0x00, 0x00,
    0x00, 0x00, 0x00, 0x00, 0x00, 0x00, 0x00, 0x00, 0x00, 0x00, 0x00, 0x00, 0x00, 0x00, 0x00, 0x00,
    0x00, 0x00, 0x00, 0x00, 0x00, 0x00, 0x00, 0x00, 0x00, 0x00, 0x00, 0x00, 0x00, 0x00, 0x00, 0x00,
    0x00, 0x00, 0x00, 0x00, 0x00, 0x00, 0x00, 0x00, 0x00, 0x8C, 0xB4, 0xFF, 0x00, 0x8C, 0xB4, 0xFF,
    0x32, 0xC8, 0xF0, 0xFF, 0x32, 0xC8, 0xF0, 0xFF, 0x32, 0xC8, 0xF0, 0xFF, 0x5F, 0xF5, 0xFF, 0xFF,
    0x5F, 0xF5, 0xFF, 0xFF, 0x5F, 0xF5, 0xFF, 0xFF, 0x5F, 0xF5, 0xFF, 0xFF, 0x5F, 0xF5, 0xFF, 0xFF,
    0x5F, 0xF5, 0xFF, 0xFF, 0x5F, 0xF5, 0xFF, 0xFF, 0x5F, 0xF5, 0xFF, 0xFF, 0x5F, 0xF5, 0xFF, 0xFF,
    0x32, 0xC8, 0xF0, 0xFF, 0x32, 0xC8, 0xF0, 0xFF, 0x32, 0xC8, 0xF0, 0xFF, 0x32, 0xC8, 0xF0, 0xFF,
    0x32, 0xC8, 0xF0, 0xFF, 0x32, 0xC8, 0xF0, 0xFF, 0x32, 0xC8, 0xF0, 0xFF, 0x32, 0xC8, 0xF0, 0xFF,
    0x32, 0xC8, 0xF0, 0xFF, 0x32, 0xC8, 0xF0, 0xFF, 0x32, 0xC8, 0xF0, 0xFF, 0x32, 0xC8, 0xF0, 0xFF,
    0x32, 0xC8, 0xF0, 0xFF, 0x00, 0x8C, 0xB4, 0xFF, 0x00, 0x8C, 0xB4, 0xFF, 0x00, 0x00, 0x00, 0x00,
    0x00, 0x00, 0x00, 0x00, 0x00, 0x00, 0x00, 0x00, 0x00, 0x00, 0x00, 0x00, 0x00, 0x00, 0x00, 0x00,
    0x00, 0x00, 0x00, 0x00, 0x00, 0x00, 0x00, 0x00, 0x00, 0x00, 0x00, 0x00, 0x00, 0x00, 0x00, 0x00,
    0x00, 0x00, 0x00, 0x00, 0x00, 0x00, 0x00, 0x00, 0x00, 0x00, 0x00, 0x00, 0x00, 0x00, 0x00, 0x00,
    0x00, 0x00, 0x00, 0x00, 0x00, 0x00, 0x00, 0x00, 0x00, 0x00, 0x00, 0x00, 0x00, 0x00, 0x00, 0x00,
    0x00, 0x00, 0x00, 0x00, 0x00, 0x00, 0x00, 0x00, 0x00, 0x8C, 0xB4, 0xFF, 0x00, 0x8C, 0xB4, 0xFF,
    0x32, 0xC8, 0xF0, 0xFF, 0x32, 0xC8, 0xF0, 0xFF, 0x32, 0xC8, 0xF0, 0xFF, 0x32, 0xC8, 0xF0, 0xFF,
    0x5F, 0xF5, 0xFF, 0xFF, 0x5F, 0xF5, 0xFF, 0xFF, 0x5F, 0xF5, 0xFF, 0xFF, 0x5F, 0xF5, 0xFF, 0xFF,
    0x5F, 0xF5, 0xFF, 0xFF, 0x5F, 0xF5, 0xFF, 0xFF, 0x5F, 0xF5, 0xFF, 0xFF, 0x32, 0xC8, 0xF0, 0xFF,
    0x32, 0xC8, 0xF0, 0xFF, 0x32, 0xC8, 0xF0, 0xFF, 0x32, 0xC8, 0xF0, 0xFF, 0x32, 0xC8, 0xF0, 0xFF,
    0x32, 0xC8, 0xF0, 0xFF, 0x32, 0xC8, 0xF0, 0xFF, 0x32, 0xC8, 0xF0, 0xFF, 0x32, 0xC8, 0xF0, 0xFF,
    0x32, 0xC8, 0xF0, 0xFF, 0x32, 0xC8, 0xF0, 0xFF, 0x32, 0xC8, 0xF0, 0xFF, 0x32, 0xC8, 0xF0, 0xFF,
    0x32, 0xC8, 0xF0, 0xFF, 0x00, 0x8C, 0xB4, 0xFF, 0x00, 0x8C, 0xB4, 0xFF, 0x00, 0x00, 0x00, 0x00,
    0x00, 0x00, 0x00, 0x00, 0x00, 0x00, 0x00, 0x00, 0x00, 0x00, 0x00, 0x00, 0x00, 0x00, 0x00, 0x00,
    0x00, 0x00, 0x00, 0x00, 0x00, 0x00, 0x00, 0x00, 0x00, 0x00, 0x00, 0x00, 0x00, 0x00, 0x00, 0x00,
    0x00, 0x00, 0x00, 0x00, 0x00, 0x00, 0x00, 0x00, 0x00, 0x00, 0x00, 0x00, 0x00, 0x00, 0x00, 0x00,
    0x00, 0x00, 0x00, 0x00, 0x00, 0x00, 0x00, 0x00, 0x00, 0x00, 0x00, 0x00, 0x00, 0x00, 0x00, 0x00,
    0x00, 0x00, 0x00, 0x00, 0x00, 0x00, 0x00, 0x00, 0x00, 0x8C, 0xB4, 0xFF, 0x00, 0x8C, 0xB4, 0xFF,
    0x32, 0xC8, 0xF0, 0xFF, 0x32, 0xC8, 0xF0, 0xFF, 0x32, 0xC8, 0xF0, 0xFF, 0x32, 0xC8, 0xF0, 0xFF,
    0x32, 0xC8, 0xF0, 0xFF, 0x5F, 0xF5, 0xFF, 0xFF, 0x5F, 0xF5, 0xFF, 0xFF, 0x5F, 0xF5, 0xFF, 0xFF,
    0x5F, 0xF5, 0xFF, 0xFF, 0x5F, 0xF5, 0xFF, 0xFF, 0x32, 0xC8, 0xF0, 0xFF, 0x32, 0xC8, 0xF0, 0xFF,
    0x32, 0xC8, 0xF0, 0xFF, 0x32, 0xC8, 0xF0, 0xFF, 0x32, 0xC8, 0xF0, 0xFF, 0x32, 0xC8, 0xF0, 0xFF,
    0x32, 0xC8, 0xF0, 0xFF, 0x32, 0xC8, 0xF0, 0xFF, 0x32, 0xC8, 0xF0, 0xFF, 0x32, 0xC8, 0xF0, 0xFF,
    0x32, 0xC8, 0xF0, 0xFF, 0x32, 0xC8, 0xF0, 0xFF, 0x32, 0xC8, 0xF0, 0xFF, 0x32, 0xC8, 0xF0, 0xFF,
    0x32, 0xC8, 0xF0, 0xFF, 0x00, 0x8C, 0xB4, 0xFF, 0x00, 0x8C, 0xB4, 0xFF, 0x00, 0x00, 0x00, 0x00,
    0x00, 0x00, 0x00, 0x00, 0x00, 0x00, 0x00, 0x00, 0x00, 0x00, 0x00, 0x00, 0x00, 0x00, 0x00, 0x00,
    0x00, 0x00, 0x00, 0x00, 0x00, 0x00, 0x00, 0x00, 0x00, 0x00, 0x00, 0x00, 0x00, 0x00, 0x00, 0x00,
    0x00, 0x00, 0x00, 0x00, 0x00, 0x00, 0x00, 0x00, 0x00, 0x00, 0x00, 0x00, 0x00, 0x00, 0x00, 0x00,
    0x00, 0x00, 0x00, 0x00, 0x00, 0x00, 0x00, 0x00, 0x00, 0x00, 0x00, 0x00, 0x00, 0x00, 0x00, 0x00,
    0x00, 0x00, 0x00, 0x00, 0x00, 0x8C, 0xB4, 0xFF, 0x00, 0x8C, 0xB4, 0xFF, 0x32, 0xC8, 0xF0, 0xFF,
    0x32, 0xC8, 0xF0, 0xFF, 0x32, 0xC8, 0xF0, 0xFF, 0x32, 0xC8, 0xF0, 0xFF, 0x32, 0xC8, 0xF0, 0xFF,
    0x32, 0xC8, 0xF0, 0xFF, 0x32, 0xC8, 0xF0, 0xFF, 0x5F, 0xF5, 0xFF, 0xFF, 0x5F, 0xF5, 0xFF, 0xFF,
    0x5F, 0xF5, 0xFF, 0xFF, 0x32, 0xC8, 0xF0, 0xFF, 0x32, 0xC8, 0xF0, 0xFF, 0x32, 0xC8, 0xF0, 0xFF,
    0x32, 0xC8, 0xF0, 0xFF, 0x32, 0xC8, 0xF0, 0xFF, 0x32, 0xC8, 0xF0, 0xFF, 0x32, 0xC8, 0xF0, 0xFF,
    0x32, 0xC8, 0xF0, 0xFF, 0x32, 0xC8, 0xF0, 0xFF, 0x32, 0xC8, 0xF0, 0xFF, 0x32, 0xC8, 0xF0, 0xFF,
    0x32, 0xC8, 0xF0, 0xFF, 0x32, 0xC8, 0xF0, 0xFF, 0x32, 0xC8, 0xF0, 0xFF, 0x32, 0xC8, 0xF0, 0xFF,
    0x32, 0xC8, 0xF0, 0xFF, 0x32, 0xC8, 0xF0, 0xFF, 0x00, 0x8C, 0xB4, 0xFF, 0x00, 0x8C, 0xB4, 0xFF,
    0x00, 0x00, 0x00, 0x00, 0x00, 0x00, 0x00, 0x00, 0x00, 0x00, 0x00, 0x00, 0x00, 0x00, 0x00, 0x00,
    0x00, 0x00, 0x00, 0x00, 0x00, 0x00, 0x00, 0x00, 0x00, 0x00, 0x00, 0x00, 0x00, 0x00, 0x00, 0x00,
    0x00, 0x00, 0x00, 0x00, 0x00, 0x00, 0x00, 0x00, 0x00, 0x00, 0x00, 0x00, 0x00, 0x00, 0x00, 0x00,
    0x00, 0x00, 0x00, 0x00, 0x00, 0x00, 0x00, 0x00, 0x00, 0x00, 0x00, 0x00, 0x00, 0x00, 0x00, 0x00,
    0x00, 0x00, 0x00, 0x00, 0x00, 0x8C, 0xB4, 0xFF, 0x00, 0x8C, 0xB4, 0xFF, 0x32, 0xC8, 0xF0, 0xFF,
    0x32, 0xC8, 0xF0, 0xFF, 0x32, 0xC8, 0xF0, 0xFF, 0x32, 0xC8, 0xF0, 0xFF, 0x32, 0xC8, 0xF0, 0xFF,
    0x32, 0xC8, 0xF0, 0xFF, 0x32, 0xC8, 0xF0, 0xFF, 0x32, 0xC8, 0xF0, 0xFF, 0x32, 0xC8, 0xF0, 0xFF,
    0x32, 0xC8, 0xF0, 0xFF, 0x32, 0xC8, 0xF0, 0xFF, 0x32, 0xC8, 0xF0, 0xFF, 0x32, 0xC8, 0xF0, 0xFF,
    0x32, 0xC8, 0xF0, 0xFF, 0x32, 0xC8, 0xF0, 0xFF, 0x32, 0xC8, 0xF0, 0xFF, 0x32, 0xC8, 0xF0, 0xFF,
    0x32, 0xC8, 0xF0, 0xFF, 0x32, 0xC8, 0xF0, 0xFF, 0x32, 0xC8, 0xF0, 0xFF, 0x32, 0xC8, 0xF0, 0xFF,
    0x32, 0xC8, 0xF0, 0xFF, 0x32, 0xC8, 0xF0, 0xFF, 0x32, 0xC8, 0xF0, 0xFF, 0x32, 0xC8, 0xF0, 0xFF,
    0x32, 0xC8, 0xF0, 0xFF, 0x32, 0xC8, 0xF0, 0xFF, 0x00, 0x8C, 0xB4, 0xFF, 0x00, 0x8C, 0xB4, 0xFF,
    0x00, 0x00, 0x00, 0x00, 0x00, 0x00, 0x00, 0x00, 0x00, 0x00, 0x00, 0x00, 0x00, 0x00, 0x00, 0x00,
    0x00, 0x00, 0x00, 0x00, 0x00, 0x00, 0x00, 0x00, 0x00, 0x00, 0x00, 0x00, 0x00, 0x00, 0x00, 0x00,
    0x00, 0x00, 0x00, 0x00, 0x00, 0x00, 0x00, 0x00, 0x00, 0x00, 0x00, 0x00, 0x00, 0x00, 0x00, 0x00,
    0x00, 0x00, 0x00, 0x00, 0x00, 0x00, 0x00, 0x00, 0x00, 0x00, 0x00, 0x00, 0x00, 0x00, 0x00, 0x00,
    0x00, 0x00, 0x00, 0x00, 0x00, 0x8C, 0xB4, 0xFF, 0x00, 0x8C, 0xB4, 0xFF, 0x32, 0xC8, 0xF0, 0xFF,
    0x32, 0xC8, 0xF0, 0xFF, 0x32, 0xC8, 0xF0, 0xFF, 0x32, 0xC8, 0xF0, 0xFF, 0x32, 0xC8, 0xF0, 0xFF,
    0x32, 0xC8, 0xF0, 0xFF, 0x32, 0xC8, 0xF0, 0xFF, 0x32, 0xC8, 0xF0, 0xFF, 0x32, 0xC8, 0xF0, 0xFF,
    0x32, 0xC8, 0xF0, 0xFF, 0x32, 0xC8, 0xF0, 0xFF, 0x32, 0xC8, 0xF0, 0xFF, 0x32, 0xC8, 0xF0, 0xFF,
    0x32, 0xC8, 0xF0, 0xFF, 0x32, 0xC8, 0xF0, 0xFF, 0x32, 0xC8, 0xF0, 0xFF, 0x32, 0xC8, 0xF0, 0xFF,
    0x32, 0xC8, 0xF0, 0xFF, 0x32, 0xC8, 0xF0, 0xFF, 0x32, 0xC8, 0xF0, 0xFF, 0x32, 0xC8, 0xF0, 0xFF,
    0x32, 0xC8, 0xF0, 0xFF, 0x32, 0xC8, 0xF0, 0xFF, 0x32, 0xC8, 0xF0, 0xFF, 0x32, 0xC8, 0xF0, 0xFF,
    0x32, 0xC8, 0xF0, 0xFF, 0x32, 0xC8, 0xF0, 0xFF, 0x00, 0x8C, 0xB4, 0xFF, 0x00, 0x8C, 0xB4, 0xFF,
    0x00, 0x00, 0x00, 0x00, 0x00, 0x00, 0x00, 0x00, 0x00, 0x00, 0x00, 0x00, 0x00, 0x00, 0x00, 0x00,
    0x00, 0x00, 0x00, 0x00, 0x00, 0x00, 0x00, 0x00, 0x00, 0x00, 0x00, 0x00, 0x00, 0x00, 0x00, 0x00,
    0x00, 0x00, 0x00, 0x00, 0x00, 0x00, 0x00, 0x00, 0x00, 0x00, 0x00, 0x00, 0x00, 0x00, 0x00, 0x00,
    0x00, 0x00, 0x00, 0x00, 0x00, 0x00, 0x00, 0x00, 0x00, 0x00, 0x00, 0x00, 0x00, 0x00, 0x00, 0x00,
    0x00, 0x00, 0x00, 0x00, 0x00, 0x8C, 0xB4, 0xFF, 0x00, 0x8C, 0xB4, 0xFF, 0x32, 0xC8, 0xF0, 0xFF,
    0x32, 0xC8, 0xF0, 0xFF, 0x32, 0xC8, 0xF0, 0xFF, 0x32, 0xC8, 0xF0, 0xFF, 0x32, 0xC8, 0xF0, 0xFF,
    0x32, 0xC8, 0xF0, 0xFF, 0x32, 0xC8, 0xF0, 0xFF, 0x32, 0xC8, 0xF0, 0xFF, 0x32, 0xC8, 0xF0, 0xFF,
    0x32, 0xC8, 0xF0, 0xFF, 0x32, 0xC8, 0xF0, 0xFF, 0x32, 0xC8, 0xF0, 0xFF, 0x32, 0xC8, 0xF0, 0xFF,
    0x32, 0xC8, 0xF0, 0xFF, 0x32, 0xC8, 0xF0, 0xFF, 0x32, 0xC8, 0xF0, 0xFF, 0x32, 0xC8, 0xF0, 0xFF,
    0x32, 0xC8, 0xF0, 0xFF, 0x32, 0xC8, 0xF0, 0xFF, 0x32, 0xC8, 0xF0, 0xFF, 0x32, 0xC8, 0xF0, 0xFF,
    0x32, 0xC8, 0xF0, 0xFF, 0x32, 0xC8, 0xF0, 0xFF, 0x32, 0xC8, 0xF0, 0xFF, 0x32, 0xC8, 0xF0, 0xFF,
    0x32, 0xC8, 0xF0, 0xFF, 0x32, 0xC8, 0xF0, 0xFF, 0x00, 0x8C, 0xB4, 0xFF, 0x00, 0x8C, 0xB4, 0xFF,
    0x00, 0x00, 0x00, 0x00, 0x00, 0x00, 0x00, 0x00, 0x00, 0x00, 0x00, 0x00, 0x00, 0x00, 0x00, 0x00,
    0x00, 0x00, 0x00, 0x00, 0x00, 0x00, 0x00, 0x00, 0x00, 0x00, 0x00, 0x00, 0x00, 0x00, 0x00, 0x00,
    0x00, 0x00, 0x00, 0x00, 0x00, 0x00, 0x00, 0x00, 0x00, 0x00, 0x00, 0x00, 0x00, 0x00, 0x00, 0x00,
    0x00, 0x00, 0x00, 0x00, 0x00, 0x00, 0x00, 0x00, 0x00, 0x00, 0x00, 0x00, 0x00, 0x00, 0x00, 0x00,
    0x00, 0x00, 0x00, 0x00, 0x00, 0x8C, 0xB4, 0xFF, 0x00, 0x8C, 0xB4, 0xFF, 0x32, 0xC8, 0xF0, 0xFF,
    0x32, 0xC8, 0xF0, 0xFF, 0x32, 0xC8, 0xF0, 0xFF, 0x32, 0xC8, 0xF0, 0xFF, 0x32, 0xC8, 0xF0, 0xFF,
    0x32, 0xC8, 0xF0, 0xFF, 0x32, 0xC8, 0xF0, 0xFF, 0x32, 0xC8, 0xF0, 0xFF, 0x32, 0xC8, 0xF0, 0xFF,
    0x32, 0xC8, 0xF0, 0xFF, 0x32, 0xC8, 0xF0, 0xFF, 0x32, 0xC8, 0xF0, 0xFF, 0x32, 0xC8, 0xF0, 0xFF,
    0x32, 0xC8, 0xF0, 0xFF, 0x32, 0xC8, 0xF0, 0xFF, 0x32, 0xC8, 0xF0, 0xFF, 0x32, 0xC8, 0xF0, 0xFF,
    0x32, 0xC8, 0xF0, 0xFF, 0x32, 0xC8, 0xF0, 0xFF, 0x32, 0xC8, 0xF0, 0xFF, 0x32, 0xC8, 0xF0, 0xFF,
    0x32, 0xC8, 0xF0, 0xFF, 0x32, 0xC8, 0xF0, 0xFF, 0x32, 0xC8, 0xF0, 0xFF, 0x32, 0xC8, 0xF0, 0xFF,
    0x32, 0xC8, 0xF0, 0xFF, 0x32, 0xC8, 0xF0, 0xFF, 0x00, 0x8C, 0xB4, 0xFF, 0x00, 0x8C, 0xB4, 0xFF,
    0x00, 0x00, 0x00, 0x00, 0x00, 0x00, 0x00, 0x00, 0x00, 0x00, 0x00, 0x00, 0x00, 0x00, 0x00, 0x00,
    0x00, 0x00, 0x00, 0x00, 0x00, 0x00, 0x00, 0x00, 0x00, 0x00, 0x00, 0x00, 0x00, 0x00, 0x00, 0x00,
    0x00, 0x00, 0x00, 0x00, 0x00, 0x00, 0x00, 0x00, 0x00, 0x00, 0x00, 0x00, 0x00, 0x00, 0x00, 0x00,
    0x00, 0x00, 0x00, 0x00, 0x00, 0x00, 0x00, 0x00, 0x00, 0x00, 0x00, 0x00, 0x00, 0x00, 0x00, 0x00,
    0x00, 0x00, 0x00, 0x00, 0x00, 0x8C, 0xB4, 0xFF, 0x00, 0x8C, 0xB4, 0xFF, 0x32, 0xC8, 0xF0, 0xFF,
    0x32, 0xC8, 0xF0, 0xFF, 0x32, 0xC8, 0xF0, 0xFF, 0x32, 0xC8, 0xF0, 0xFF, 0x32, 0xC8, 0xF0, 0xFF,
    0x32, 0xC8, 0xF0, 0xFF, 0x32, 0xC8, 0xF0, 0xFF, 0x32, 0xC8, 0xF0, 0xFF, 0x32, 0xC8, 0xF0, 0xFF,
    0x32, 0xC8, 0xF0, 0xFF, 0x32, 0xC8, 0xF0, 0xFF, 0x32, 0xC8, 0xF0, 0xFF, 0x32, 0xC8, 0xF0, 0xFF,
    0x32, 0xC8, 0xF0, 0xFF, 0x32, 0xC8, 0xF0, 0xFF, 0x32, 0xC8, 0xF0, 0xFF, 0x32, 0xC8, 0xF0, 0xFF,
    0x32, 0xC8, 0xF0, 0xFF, 0x32, 0xC8, 0xF0, 0xFF, 0x32, 0xC8, 0xF0, 0xFF, 0x32, 0xC8, 0xF0, 0xFF,
    0x32, 0xC8, 0xF0, 0xFF, 0x32, 0xC8, 0xF0, 0xFF, 0x32, 0xC8, 0xF0, 0xFF, 0x32, 0xC8, 0xF0, 0xFF,
    0x32, 0xC8, 0xF0, 0xFF, 0x32, 0xC8, 0xF0, 0xFF, 0x00, 0x8C, 0xB4, 0xFF, 0x00, 0x8C, 0xB4, 0xFF,
    0x00, 0x00, 0x00, 0x00, 0x00, 0x00, 0x00, 0x00, 0x00, 0x00, 0x00, 0x00, 0x00, 0x00, 0x00, 0x00,
    0x00, 0x00, 0x00, 0x00, 0x00, 0x00, 0x00, 0x00, 0x00, 0x00, 0x00, 0x00, 0x00, 0x00, 0x00, 0x00,
    0x00, 0x00, 0x00, 0x00, 0x00, 0x00, 0x00, 0x00, 0x00, 0x00, 0x00, 0x00, 0x00, 0x00, 0x00, 0x00,
    0x00, 0x00, 0x00, 0x00, 0x00, 0x00, 0x00, 0x00, 0x00, 0x00, 0x00, 0x00, 0x00, 0x00, 0x00, 0x00,
    0x00, 0x00, 0x00, 0x00, 0x00, 0x8C, 0xB4, 0xFF, 0x00, 0x8C, 0xB4, 0xFF, 0x32, 0xC8, 0xF0, 0xFF,
    0x32, 0xC8, 0xF0, 0xFF, 0x32, 0xC8, 0xF0, 0xFF, 0x32, 0xC8, 0xF0, 0xFF, 0x32, 0xC8, 0xF0, 0xFF,
    0x32, 0xC8, 0xF0, 0xFF, 0x32, 0xC8, 0xF0, 0xFF, 0x32, 0xC8, 0xF0, 0xFF, 0x32, 0xC8, 0xF0, 0xFF,
    0x32, 0xC8, 0xF0, 0xFF, 0x32, 0xC8, 0xF0, 0xFF, 0x32, 0xC8, 0xF0, 0xFF, 0x32, 0xC8, 0xF0, 0xFF,
    0x32, 0xC8, 0xF0, 0xFF, 0x32, 0xC8, 0xF0, 0xFF, 0x32, 0xC8, 0xF0, 0xFF, 0x32, 0xC8, 0xF0, 0xFF,
    0x32, 0xC8, 0xF0, 0xFF, 0x32, 0xC8, 0xF0, 0xFF, 0x32, 0xC8, 0xF0, 0xFF, 0x32, 0xC8, 0xF0, 0xFF,
    0x32, 0xC8, 0xF0, 0xFF, 0x32, 0xC8, 0xF0, 0xFF, 0x32, 0xC8, 0xF0, 0xFF, 0x32, 0xC8, 0xF0, 0xFF,
    0x32, 0xC8, 0xF0, 0xFF, 0x32, 0xC8, 0xF0, 0xFF, 0x00, 0x8C, 0xB4, 0xFF, 0x00, 0x8C, 0xB4, 0xFF,
    0x00, 0x00, 0x00, 0x00, 0x00, 0x00, 0x00, 0x00, 0x00, 0x00, 0x00, 0x00, 0x00, 0x00, 0x00, 0x00,
    0x00, 0x00, 0x00, 0x00, 0x00, 0x00, 0x00, 0x00, 0x00, 0x00, 0x00, 0x00, 0x00, 0x00, 0x00, 0x00,
    0x00, 0x00, 0x00, 0x00, 0x00, 0x00, 0x00, 0x00, 0x00, 0x00, 0x00, 0x00, 0x00, 0x00, 0x00, 0x00,
    0x00, 0x00, 0x00, 0x00, 0x00, 0x00, 0x00, 0x00, 0x00, 0x00, 0x00, 0x00, 0x00, 0x00, 0x00, 0x00,
    0x00, 0x00, 0x00, 0x00, 0x00, 0x8C, 0xB4, 0xFF, 0x00, 0x8C, 0xB4, 0xFF, 0x32, 0xC8, 0xF0, 0xFF,
    0x32, 0xC8, 0xF0, 0xFF, 0x32, 0xC8, 0xF0, 0xFF, 0x32, 0xC8, 0xF0, 0xFF, 0x32, 0xC8, 0xF0, 0xFF,
    0x32, 0xC8, 0xF0, 0xFF, 0x32, 0xC8, 0xF0, 0xFF, 0x32, 0xC8, 0xF0, 0xFF, 0x32, 0xC8, 0xF0, 0xFF,
    0x32, 0xC8, 0xF0, 0xFF, 0x32, 0xC8, 0xF0, 0xFF, 0x32, 0xC8, 0xF0, 0xFF, 0x32, 0xC8, 0xF0, 0xFF,
    0x32, 0xC8, 0xF0, 0xFF, 0x32, 0xC8, 0xF0, 0xFF, 0x32, 0xC8, 0xF0, 0xFF, 0x32, 0xC8, 0xF0, 0xFF,
    0x32, 0xC8, 0xF0, 0xFF, 0x32, 0xC8, 0xF0, 0xFF, 0x32, 0xC8, 0xF0, 0xFF, 0x32, 0xC8, 0xF0, 0xFF,
    0x32, 0xC8, 0xF0, 0xFF, 0x32, 0xC8, 0xF0, 0xFF, 0x32, 0xC8, 0xF0, 0xFF, 0x32, 0xC8, 0xF0, 0xFF,
    0x32, 0xC8, 0xF0, 0xFF, 0x32, 0xC8, 0xF0, 0xFF, 0x00, 0x8C, 0xB4, 0xFF, 0x00, 0x8C, 0xB4, 0xFF,
    0x00, 0x00, 0x00, 0x00, 0x00, 0x00, 0x00, 0x00, 0x00, 0x00, 0x00, 0x00, 0x00, 0x00, 0x00, 0x00,
    0x00, 0x00, 0x00, 0x00, 0x00, 0x00, 0x00, 0x00, 0x00, 0x00, 0x00, 0x00, 0x00, 0x00, 0x00, 0x00,
    0x00, 0x00, 0x00, 0x00, 0x00, 0x00, 0x00, 0x00, 0x00, 0x00, 0x00, 0x00, 0x00, 0x00, 0x00, 0x00,
    0x00, 0x00, 0x00, 0x00, 0x00, 0x00, 0x00, 0x00, 0x00, 0x00, 0x00, 0x00, 0x00, 0x00, 0x00, 0x00,
    0x00, 0x00, 0x00, 0x00, 0x00, 0x8C, 0xB4, 0xFF, 0x00, 0x8C, 0xB4, 0xFF, 0x32, 0xC8, 0xF0, 0xFF,
    0x32, 0xC8, 0xF0, 0xFF, 0x32, 0xC8, 0xF0, 0xFF, 0x32, 0xC8, 0xF0, 0xFF, 0x32, 0xC8, 0xF0, 0xFF,
    0x32, 0xC8, 0xF0, 0xFF, 0x32, 0xC8, 0xF0, 0xFF, 0x32, 0xC8, 0xF0, 0xFF, 0x32, 0xC8, 0xF0, 0xFF,
    0x32, 0xC8, 0xF0, 0xFF, 0x32, 0xC8, 0xF0, 0xFF, 0x32, 0xC8, 0xF0, 0xFF, 0x32, 0xC8, 0xF0, 0xFF,
    0x32, 0xC8, 0xF0, 0xFF, 0x32, 0xC8, 0xF0, 0xFF, 0x32, 0xC8, 0xF0, 0xFF, 0x32, 0xC8, 0xF0, 0xFF,
    0x32, 0xC8, 0xF0, 0xFF, 0x32, 0xC8, 0xF0, 0xFF, 0x32, 0xC8, 0xF0, 0xFF, 0x32, 0xC8, 0xF0, 0xFF,
    0x32, 0xC8, 0xF0, 0xFF, 0x32, 0xC8, 0xF0, 0xFF, 0x32, 0xC8, 0xF0, 0xFF, 0x32, 0xC8, 0xF0, 0xFF,
    0x32, 0xC8, 0xF0, 0xFF, 0x32, 0xC8, 0xF0, 0xFF, 0x00, 0x8C, 0xB4, 0xFF, 0x00, 0x8C, 0xB4, 0xFF,
    0x00, 0x00, 0x00, 0x00, 0x00, 0x00, 0x00, 0x00, 0x00, 0x00, 0x00, 0x00, 0x00, 0x00, 0x00, 0x00,
    0x00, 0x00, 0x00, 0x00, 0x00, 0x00, 0x00, 0x00, 0x00, 0x00, 0x00, 0x00, 0x00, 0x00, 0x00, 0x00,
    0x00, 0x00, 0x00, 0x00, 0x00, 0x00, 0x00, 0x00, 0x00, 0x00, 0x00, 0x00, 0x00, 0x00, 0x00, 0x00,
    0x00, 0x00, 0x00, 0x00, 0x00, 0x00, 0x00, 0x00, 0x00, 0x00, 0x00, 0x00, 0x00, 0x00, 0x00, 0x00,
    0x00, 0x00, 0x00, 0x00, 0x00, 0x00, 0x00, 0x00, 0x00, 0x8C, 0xB4, 0xFF, 0x00, 0x8C, 0xB4, 0xFF,
    0x32, 0xC8, 0xF0, 0xFF, 0x32, 0xC8, 0xF0, 0xFF, 0x32, 0xC8, 0xF0, 0xFF, 0x32, 0xC8, 0xF0, 0xFF,
    0x32, 0xC8, 0xF0, 0xFF, 0x32, 0xC8, 0xF0, 0xFF, 0x32, 0xC8, 0xF0, 0xFF, 0x32, 0xC8, 0xF0, 0xFF,
    0x32, 0xC8, 0xF0, 0xFF, 0x32, 0xC8, 0xF0, 0xFF, 0x32, 0xC8, 0xF0, 0xFF, 0x32, 0xC8, 0xF0, 0xFF,
    0x32, 0xC8, 0xF0, 0xFF, 0x32, 0xC8, 0xF0, 0xFF, 0x32, 0xC8, 0xF0, 0xFF, 0x32, 0xC8, 0xF0, 0xFF,
    0x32, 0xC8, 0xF0, 0xFF, 0x32, 0xC8, 0xF0, 0xFF, 0x32, 0xC8, 0xF0, 0xFF, 0x32, 0xC8, 0xF0, 0xFF,
    0x32, 0xC8, 0xF0, 0xFF, 0x32, 0xC8, 0xF0, 0xFF, 0x32, 0xC8, 0xF0, 0xFF, 0x32, 0xC8, 0xF0, 0xFF,
    0x32, 0xC8, 0xF0, 0xFF, 0x00, 0x8C, 0xB4, 0xFF, 0x00, 0x8C, 0xB4, 0xFF, 0x00, 0x00, 0x00, 0x00,
    0x00, 0x00, 0x00, 0x00, 0x00, 0x00, 0x00, 0x00, 0x00, 0x00, 0x00, 0x00, 0x00, 0x00, 0x00, 0x00,
    0x00, 0x00, 0x00, 0x00, 0x00, 0x00, 0x00, 0x00, 0x00, 0x00, 0x00, 0x00, 0x00, 0x00, 0x00, 0x00,
    0x00, 0x00, 0x00, 0x00, 0x00, 0x00, 0x00, 0x00, 0x00, 0x00, 0x00, 0x00, 0x00, 0x00, 0x00, 0x00,
    0x00, 0x00, 0x00, 0x00, 0x00, 0x00, 0x00, 0x00, 0x00, 0x00, 0x00, 0x00, 0x00, 0x00, 0x00, 0x00,
    0x00, 0x00, 0x00, 0x00, 0x00, 0x00, 0x00, 0x00, 0x00, 0x8C, 0xB4, 0xFF, 0x00, 0x8C, 0xB4, 0xFF,
    0x32, 0xC8, 0xF0, 0xFF, 0x32, 0xC8, 0xF0, 0xFF, 0x32, 0xC8, 0xF0, 0xFF, 0x32, 0xC8, 0xF0, 0xFF,
    0x32, 0xC8, 0xF0, 0xFF, 0x32, 0xC8, 0xF0, 0xFF, 0x32, 0xC8, 0xF0, 0xFF, 0x32, 0xC8, 0xF0, 0xFF,
    0x32, 0xC8, 0xF0, 0xFF, 0x32, 0xC8, 0xF0, 0xFF, 0x32, 0xC8, 0xF0, 0xFF, 0x32, 0xC8, 0xF0, 0xFF,
    0x32, 0xC8, 0xF0, 0xFF, 0x32, 0xC8, 0xF0, 0xFF, 0x32, 0xC8, 0xF0, 0xFF, 0x32, 0xC8, 0xF0, 0xFF,
    0x32, 0xC8, 0xF0, 0xFF, 0x32, 0xC8, 0xF0, 0xFF, 0x32, 0xC8, 0xF0, 0xFF, 0x32, 0xC8, 0xF0, 0xFF,
    0x32, 0xC8, 0xF0, 0xFF, 0x32, 0xC8, 0xF0, 0xFF, 0x32, 0xC8, 0xF0, 0xFF, 0x32, 0xC8, 0xF0, 0xFF,
    0x32, 0xC8, 0xF0, 0xFF, 0x00, 0x8C, 0xB4, 0xFF, 0x00, 0x8C, 0xB4, 0xFF, 0x00, 0x00, 0x00, 0x00,
    0x00, 0x00, 0x00, 0x00, 0x00, 0x00, 0x00, 0x00, 0x00, 0x00, 0x00, 0x00, 0x00, 0x00, 0x00, 0x00,
    0x00, 0x00, 0x00, 0x00, 0x00, 0x00, 0x00, 0x00, 0x00, 0x00, 0x00, 0x00, 0x00, 0x00, 0x00, 0x00,
    0x00, 0x00, 0x00, 0x00, 0x00, 0x00, 0x00, 0x00, 0x00, 0x00, 0x00, 0x00, 0x00, 0x00, 0x00, 0x00,
    0x00, 0x00, 0x00, 0x00, 0x00, 0x00, 0x00, 0x00, 0x00, 0x00, 0x00, 0x00, 0x00, 0x00, 0x00, 0x00,
    0x00, 0x00, 0x00, 0x00, 0x00, 0x00, 0x00, 0x00, 0x00, 0x8C, 0xB4, 0xFF, 0x00, 0x8C, 0xB4, 0xFF,
    0x32, 0xC8, 0xF0, 0xFF, 0x32, 0xC8, 0xF0, 0xFF, 0x32, 0xC8, 0xF0, 0xFF, 0x32, 0xC8, 0xF0, 0xFF,
    0x32, 0xC8, 0xF0, 0xFF, 0x32, 0xC8, 0xF0, 0xFF, 0x32, 0xC8, 0xF0, 0xFF, 0x32, 0xC8, 0xF0, 0xFF,
    0x32, 0xC8, 0xF0, 0xFF, 0x32, 0xC8, 0xF0, 0xFF, 0x32, 0xC8, 0xF0, 0xFF, 0x32, 0xC8, 0xF0, 0xFF,
    0x32, 0xC8, 0xF0, 0xFF, 0x32, 0xC8, 0xF0, 0xFF, 0x32, 0xC8, 0xF0, 0xFF, 0x32, 0xC8, 0xF0, 0xFF,
    0x32, 0xC8, 0xF0, 0xFF, 0x32, 0xC8, 0xF0, 0xFF, 0x32, 0xC8, 0xF0, 0xFF, 0x32, 0xC8, 0xF0, 0xFF,
    0x32, 0xC8, 0xF0, 0xFF, 0x32, 0xC8, 0xF0, 0xFF, 0x32, 0xC8, 0xF0, 0xFF, 0x32, 0xC8, 0xF0, 0xFF,
    0x32, 0xC8, 0xF0, 0xFF, 0x00, 0x8C, 0xB4, 0xFF, 0x00, 0x8C, 0xB4, 0xFF, 0x00, 0x00, 0x00, 0x00,
    0x00, 0x00, 0x00, 0x00, 0x00, 0x00, 0x00, 0x00, 0x00, 0x00, 0x00, 0x00, 0x00, 0x00, 0x00, 0x00,
    0x00, 0x00, 0x00, 0x00, 0x00, 0x00, 0x00, 0x00, 0x00, 0x00, 0x00, 0x00, 0x00, 0x00, 0x00, 0x00,
    0x00, 0x00, 0x00, 0x00, 0x00, 0x00, 0x00, 0x00, 0x00, 0x00, 0x00, 0x00, 0x00, 0x00, 0x00, 0x00,
    0x00, 0x00, 0x00, 0x00, 0x00, 0x00, 0x00, 0x00, 0x00, 0x00, 0x00, 0x00, 0x00, 0x00, 0x00, 0x00,
    0x00, 0x00, 0x00, 0x00, 0x00, 0x00, 0x00, 0x00, 0x00, 0x8C, 0xB4, 0xFF, 0x00, 0x8C, 0xB4, 0xFF,
    0x32, 0xC8, 0xF0, 0xFF, 0x32, 0xC8, 0xF0, 0xFF, 0x32, 0xC8, 0xF0, 0xFF, 0x32, 0xC8, 0xF0, 0xFF,
    0x32, 0xC8, 0xF0, 0xFF, 0x32, 0xC8, 0xF0, 0xFF, 0x32, 0xC8, 0xF0, 0xFF, 0x32, 0xC8, 0xF0, 0xFF,
    0x32, 0xC8, 0xF0, 0xFF, 0x32, 0xC8, 0xF0, 0xFF, 0x32, 0xC8, 0xF0, 0xFF, 0x32, 0xC8, 0xF0, 0xFF,
    0x32, 0xC8, 0xF0, 0xFF, 0x32, 0xC8, 0xF0, 0xFF, 0x32, 0xC8, 0xF0, 0xFF, 0x32, 0xC8, 0xF0, 0xFF,
    0x32, 0xC8, 0xF0, 0xFF, 0x32, 0xC8, 0xF0, 0xFF, 0x32, 0xC8, 0xF0, 0xFF, 0x32, 0xC8, 0xF0, 0xFF,
    0x32, 0xC8, 0xF0, 0xFF, 0x32, 0xC8, 0xF0, 0xFF, 0x32, 0xC8, 0xF0, 0xFF, 0x32, 0xC8, 0xF0, 0xFF,
    0x32, 0xC8, 0xF0, 0xFF, 0x00, 0x8C, 0xB4, 0xFF, 0x00, 0x8C, 0xB4, 0xFF, 0x00, 0x00, 0x00, 0x00,
    0x00, 0x00, 0x00, 0x00, 0x00, 0x00, 0x00, 0x00, 0x00, 0x00, 0x00, 0x00, 0x00, 0x00, 0x00, 0x00,
    0x00, 0x00, 0x00, 0x00, 0x00, 0x00, 0x00, 0x00, 0x00, 0x00, 0x00, 0x00, 0x00, 0x00, 0x00, 0x00,
    0x00, 0x00, 0x00, 0x00, 0x00, 0x00, 0x00, 0x00, 0x00, 0x00, 0x00, 0x00, 0x00, 0x00, 0x00, 0x00,
    0x00, 0x00, 0x00, 0x00, 0x00, 0x00, 0x00, 0x00, 0x00, 0x00, 0x00, 0x00, 0x00, 0x00, 0x00, 0x00,
    0x00, 0x00, 0x00, 0x00, 0x00, 0x00, 0x00, 0x00, 0x00, 0x00, 0x00, 0x00, 0x00, 0x8C, 0xB4, 0xFF,
    0x00, 0x8C, 0xB4, 0xFF, 0x32, 0xC8, 0xF0, 0xFF, 0x32, 0xC8, 0xF0, 0xFF, 0x32, 0xC8, 0xF0, 0xFF,
    0x32, 0xC8, 0xF0, 0xFF, 0x32, 0xC8, 0xF0, 0xFF, 0x32, 0xC8, 0xF0, 0xFF, 0x32, 0xC8, 0xF0, 0xFF,
    0x32, 0xC8, 0xF0, 0xFF, 0x32, 0xC8, 0xF0, 0xFF, 0x32, 0xC8, 0xF0, 0xFF, 0x32, 0xC8, 0xF0, 0xFF,
    0x32, 0xC8, 0xF0, 0xFF, 0x32, 0xC8, 0xF0, 0xFF, 0x32, 0xC8, 0xF0, 0xFF, 0x32, 0xC8, 0xF0, 0xFF,
    0x32, 0xC8, 0xF0, 0xFF, 0x32, 0xC8, 0xF0, 0xFF, 0x32, 0xC8, 0xF0, 0xFF, 0x32, 0xC8, 0xF0, 0xFF,
    0x32, 0xC8, 0xF0, 0xFF, 0x32, 0xC8, 0xF0, 0xFF, 0x32, 0xC8, 0xF0, 0xFF, 0x32, 0xC8, 0xF0, 0xFF,
    0x00, 0x8C, 0xB4, 0xFF, 0x00, 0x8C, 0xB4, 0xFF, 0x00, 0x00, 0x00, 0x00, 0x00, 0x00, 0x00, 0x00,
    0x00, 0x00, 0x00, 0x00, 0x00, 0x00, 0x00, 0x00, 0x00, 0x00, 0x00, 0x00, 0x00, 0x00, 0x00, 0x00,
    0x00, 0x00, 0x00, 0x00, 0x00, 0x00, 0x00, 0x00, 0x00, 0x00, 0x00, 0x00, 0x00, 0x00, 0x00, 0x00,
    0x00, 0x00, 0x00, 0x00, 0x00, 0x00, 0x00, 0x00, 0x00, 0x00, 0x00, 0x00, 0x00, 0x00, 0x00, 0x00,
    0x00, 0x00, 0x00, 0x00, 0x00, 0x00, 0x00, 0x00, 0x00, 0x00, 0x00, 0x00, 0x00, 0x00, 0x00, 0x00,
    0x00, 0x00, 0x00, 0x00, 0x00, 0x00, 0x00, 0x00, 0x00, 0x00, 0x00, 0x00, 0x00, 0x8C, 0xB4, 0xFF,
    0x00, 0x8C, 0xB4, 0xFF, 0x32, 0xC8, 0xF0, 0xFF, 0x32, 0xC8, 0xF0, 0xFF, 0x32, 0xC8, 0xF0, 0xFF,
    0x32, 0xC8, 0xF0, 0xFF, 0x32, 0xC8, 0xF0, 0xFF, 0x32, 0xC8, 0xF0, 0xFF, 0x32, 0xC8, 0xF0, 0xFF,
    0x32, 0xC8, 0xF0, 0xFF, 0x32, 0xC8, 0xF0, 0xFF, 0x32, 0xC8, 0xF0, 0xFF, 0x32, 0xC8, 0xF0, 0xFF,
    0x32, 0xC8, 0xF0, 0xFF, 0x32, 0xC8, 0xF0, 0xFF, 0x32, 0xC8, 0xF0, 0xFF, 0x32, 0xC8, 0xF0, 0xFF,
    0x32, 0xC8, 0xF0, 0xFF, 0x32, 0xC8, 0xF0, 0xFF, 0x32, 0xC8, 0xF0, 0xFF, 0x32, 0xC8, 0xF0, 0xFF,
    0x32, 0xC8, 0xF0, 0xFF, 0x32, 0xC8, 0xF0, 0xFF, 0x32, 0xC8, 0xF0, 0xFF, 0x32, 0xC8, 0xF0, 0xFF,
    0x00, 0x8C, 0xB4, 0xFF, 0x00, 0x8C, 0xB4, 0xFF, 0x00, 0x00, 0x00, 0x00, 0x00, 0x00, 0x00, 0x00,
    0x00, 0x00, 0x00, 0x00, 0x00, 0x00, 0x00, 0x00, 0x00, 0x00, 0x00, 0x00, 0x00, 0x00, 0x00, 0x00,
    0x00, 0x00, 0x00, 0x00, 0x00, 0x00, 0x00, 0x00, 0x00, 0x00, 0x00, 0x00, 0x00, 0x00, 0x00, 0x00,
    0x00, 0x00, 0x00, 0x00, 0x00, 0x00, 0x00, 0x00, 0x00, 0x00, 0x00, 0x00, 0x00, 0x00, 0x00, 0x00,
    0x00, 0x00, 0x00, 0x00, 0x00, 0x00, 0x00, 0x00, 0x00, 0x00, 0x00, 0x00, 0x00, 0x00, 0x00, 0x00,
    0x00, 0x00, 0x00, 0x00, 0x00, 0x00, 0x00, 0x00, 0x00, 0x00, 0x00, 0x00, 0x00, 0x00, 0x00, 0x00,
    0x00, 0x8C, 0xB4, 0xFF, 0x00, 0x8C, 0xB4, 0xFF, 0x32, 0xC8, 0xF0, 0xFF, 0x32, 0xC8, 0xF0, 0xFF,
    0x32, 0xC8, 0xF0, 0xFF, 0x32, 0xC8, 0xF0, 0xFF, 0x32, 0xC8, 0xF0, 0xFF, 0x32, 0xC8, 0xF0, 0xFF,
    0x32, 0xC8, 0xF0, 0xFF, 0x32, 0xC8, 0xF0, 0xFF, 0x32, 0xC8, 0xF0, 0xFF, 0x32, 0xC8, 0xF0, 0xFF,
    0x32, 0xC8, 0xF0, 0xFF, 0x32, 0xC8, 0xF0, 0xFF, 0x32, 0xC8, 0xF0, 0xFF, 0x32, 0xC8, 0xF0, 0xFF,
    0x32, 0xC8, 0xF0, 0xFF, 0x32, 0xC8, 0xF0, 0xFF, 0x32, 0xC8, 0xF0, 0xFF, 0x32, 0xC8, 0xF0, 0xFF,
    0x32, 0xC8, 0xF0, 0xFF, 0x32, 0xC8, 0xF0, 0xFF, 0x32, 0xC8, 0xF0, 0xFF, 0x00, 0x8C, 0xB4, 0xFF,
    0x00, 0x8C, 0xB4, 0xFF, 0x00, 0x00, 0x00, 0x00, 0x00, 0x00, 0x00, 0x00, 0x00, 0x00, 0x00, 0x00,
    0x00, 0x00, 0x00, 0x00, 0x00, 0x00, 0x00, 0x00, 0x00, 0x00, 0x00, 0x00, 0x00, 0x00, 0x00, 0x00,
    0x00, 0x00, 0x00, 0x00, 0x00, 0x00, 0x00, 0x00, 0x00, 0x00, 0x00, 0x00, 0x00, 0x00, 0x00, 0x00,
    0x00, 0x00, 0x00, 0x00, 0x00, 0x00, 0x00, 0x00, 0x00, 0x00, 0x00, 0x00, 0x00, 0x00, 0x00, 0x00,
    0x00, 0x00, 0x00, 0x00, 0x00, 0x00, 0x00, 0x00, 0x00, 0x00, 0x00, 0x00, 0x00, 0x00, 0x00, 0x00,
    0x00, 0x00, 0x00, 0x00, 0x00, 0x00, 0x00, 0x00, 0x00, 0x00, 0x00, 0x00, 0x00, 0x00, 0x00, 0x00,
    0x00, 0x8C, 0xB4, 0xFF, 0x00, 0x8C, 0xB4, 0xFF, 0x00, 0x8C, 0xB4, 0xFF, 0x32, 0xC8, 0xF0, 0xFF,
    0x32, 0xC8, 0xF0, 0xFF, 0x32, 0xC8, 0xF0, 0xFF, 0x32, 0xC8, 0xF0, 0xFF, 0x32, 0xC8, 0xF0, 0xFF,
    0x32, 0xC8, 0xF0, 0xFF, 0x32, 0xC8, 0xF0, 0xFF, 0x32, 0xC8, 0xF0, 0xFF, 0x32, 0xC8, 0xF0, 0xFF,
    0x32, 0xC8, 0xF0, 0xFF, 0x32, 0xC8, 0xF0, 0xFF, 0x32, 0xC8, 0xF0, 0xFF, 0x32, 0xC8, 0xF0, 0xFF,
    0x32, 0xC8, 0xF0, 0xFF, 0x32, 0xC8, 0xF0, 0xFF, 0x32, 0xC8, 0xF0, 0xFF, 0x32, 0xC8, 0xF0, 0xFF,
    0x32, 0xC8, 0xF0, 0xFF, 0x32, 0xC8, 0xF0, 0xFF, 0x00, 0x8C, 0xB4, 0xFF, 0x00, 0x8C, 0xB4, 0xFF,
    0x00, 0x8C, 0xB4, 0xFF, 0x00, 0x00, 0x00, 0x00, 0x00, 0x00, 0x00, 0x00, 0x00, 0x00, 0x00, 0x00,
    0x00, 0x00, 0x00, 0x00, 0x00, 0x00, 0x00, 0x00, 0x00, 0x00, 0x00, 0x00, 0x00, 0x00, 0x00, 0x00,
    0x00, 0x00, 0x00, 0x00, 0x00, 0x00, 0x00, 0x00, 0x00, 0x00, 0x00, 0x00, 0x00, 0x00, 0x00, 0x00,
    0x00, 0x00, 0x00, 0x00, 0x00, 0x00, 0x00, 0x00, 0x00, 0x00, 0x00, 0x00, 0x00, 0x00, 0x00, 0x00,
    0x00, 0x00, 0x00, 0x00, 0x00, 0x00, 0x00, 0x00, 0x00, 0x00, 0x00, 0x00, 0x00, 0x00, 0x00, 0x00,
    0x00, 0x00, 0x00, 0x00, 0x00, 0x00, 0x00, 0x00, 0x00, 0x00, 0x00, 0x00, 0x00, 0x00, 0x00, 0x00,
    0x00, 0x00, 0x00, 0x00, 0x00, 0x8C, 0xB4, 0xFF, 0x00, 0x8C, 0xB4, 0xFF, 0x32, 0xC8, 0xF0, 0xFF,
    0x32, 0xC8, 0xF0, 0xFF, 0x32, 0xC8, 0xF0, 0xFF, 0x32, 0xC8, 0xF0, 0xFF, 0x32, 0xC8, 0xF0, 0xFF,
    0x32, 0xC8, 0xF0, 0xFF, 0x32, 0xC8, 0xF0, 0xFF, 0x32, 0xC8, 0xF0, 0xFF, 0x32, 0xC8, 0xF0, 0xFF,
    0x32, 0xC8, 0xF0, 0xFF, 0x32, 0xC8, 0xF0, 0xFF, 0x32, 0xC8, 0xF0, 0xFF, 0x32, 0xC8, 0xF0, 0xFF,
    0x32, 0xC8, 0xF0, 0xFF, 0x32, 0xC8, 0xF0, 0xFF, 0x32, 0xC8, 0xF0, 0xFF, 0x32, 0xC8, 0xF0, 0xFF,
    0x32, 0xC8, 0xF0, 0xFF, 0x32, 0xC8, 0xF0, 0xFF, 0x00, 0x8C, 0xB4, 0xFF, 0x00, 0x8C, 0xB4, 0xFF,
    0x00, 0x00, 0x00, 0x00, 0x00, 0x00, 0x00, 0x00, 0x00, 0x00, 0x00, 0x00, 0x00, 0x00, 0x00, 0x00,
    0x00, 0x00, 0x00, 0x00, 0x00, 0x00, 0x00, 0x00, 0x00, 0x00, 0x00, 0x00, 0x00, 0x00, 0x00, 0x00,
    0x00, 0x00, 0x00, 0x00, 0x00, 0x00, 0x00, 0x00, 0x00, 0x00, 0x00, 0x00, 0x00, 0x00, 0x00, 0x00,
    0x00, 0x00, 0x00, 0x00, 0x00, 0x00, 0x00, 0x00, 0x00, 0x00, 0x00, 0x00, 0x00, 0x00, 0x00, 0x00,
    0x00, 0x00, 0x00, 0x00, 0x00, 0x00, 0x00, 0x00, 0x00, 0x00, 0x00, 0x00, 0x00, 0x00, 0x00, 0x00,
    0x00, 0x00, 0x00, 0x00, 0x00, 0x00, 0x00, 0x00, 0x00, 0x00, 0x00, 0x00, 0x00, 0x00, 0x00, 0x00,
    0x00, 0x00, 0x00, 0x00, 0x00, 0x00, 0x00, 0x00, 0x00, 0x8C, 0xB4, 0xFF, 0x00, 0x8C, 0xB4, 0xFF,
    0x32, 0xC8, 0xF0, 0xFF, 0x32, 0xC8, 0xF0, 0xFF, 0x32, 0xC8, 0xF0, 0xFF, 0x32, 0xC8, 0xF0, 0xFF,
    0x32, 0xC8, 0xF0, 0xFF, 0x32, 0xC8, 0xF0, 0xFF, 0x32, 0xC8, 0xF0, 0xFF, 0x32, 0xC8, 0xF0, 0xFF,
    0x32, 0xC8, 0xF0, 0xFF, 0x32, 0xC8, 0xF0, 0xFF, 0x32, 0xC8, 0xF0, 0xFF, 0x32, 0xC8, 0xF0, 0xFF,
    0x32, 0xC8, 0xF0, 0xFF, 0x32, 0xC8, 0xF0, 0xFF, 0x32, 0xC8, 0xF0, 0xFF, 0x32, 0xC8, 0xF0, 0xFF,
    0x32, 0xC8, 0xF0, 0xFF, 0x00, 0x8C, 0xB4, 0xFF, 0x00, 0x8C, 0xB4, 0xFF, 0x00, 0x00, 0x00, 0x00,
    0x00, 0x00, 0x00, 0x00, 0x00, 0x00, 0x00, 0x00, 0x00, 0x00, 0x00, 0x00, 0x00, 0x00, 0x00, 0x00,
    0x00, 0x00, 0x00, 0x00, 0x00, 0x00, 0x00, 0x00, 0x00, 0x00, 0x00, 0x00, 0x00, 0x00, 0x00, 0x00,
    0x00, 0x00, 0x00, 0x00, 0x00, 0x00, 0x00, 0x00, 0x00, 0x00, 0x00, 0x00, 0x00, 0x00, 0x00, 0x00,
    0x00, 0x00, 0x00, 0x00, 0x00, 0x00, 0x00, 0x00, 0x00, 0x00, 0x00, 0x00, 0x00, 0x00, 0x00, 0x00,
    0x00, 0x00, 0x00, 0x00, 0x00, 0x00, 0x00, 0x00, 0x00, 0x00, 0x00, 0x00, 0x00, 0x00, 0x00, 0x00,
    0x00, 0x00, 0x00, 0x00, 0x00, 0x00, 0x00, 0x00, 0x00, 0x00, 0x00, 0x00, 0x00, 0x00, 0x00, 0x00,
    0x00, 0x00, 0x00, 0x00, 0x00, 0x00, 0x00, 0x00, 0x00, 0x00, 0x00, 0x00, 0x00, 0x8C, 0xB4, 0xFF,
    0x00, 0x8C, 0xB4, 0xFF, 0x32, 0xC8, 0xF0, 0xFF, 0x32, 0xC8, 0xF0, 0xFF, 0x32, 0xC8, 0xF0, 0xFF,
    0x32, 0xC8, 0xF0, 0xFF, 0x32, 0xC8, 0xF0, 0xFF, 0x32, 0xC8, 0xF0, 0xFF, 0x32, 0xC8, 0xF0, 0xFF,
    0x32, 0xC8, 0xF0, 0xFF, 0x32, 0xC8, 0xF0, 0xFF, 0x32, 0xC8, 0xF0, 0xFF, 0x32, 0xC8, 0xF0, 0xFF,
    0x32, 0xC8, 0xF0, 0xFF, 0x32, 0xC8, 0xF0, 0xFF, 0x32, 0xC8, 0xF0, 0xFF, 0x32, 0xC8, 0xF0, 0xFF,
    0x00, 0x8C, 0xB4, 0xFF, 0x00, 0x8C, 0xB4, 0xFF, 0x00, 0x00, 0x00, 0x00, 0x00, 0x00, 0x00, 0x00,
    0x00, 0x00, 0x00, 0x00, 0x00, 0x00, 0x00, 0x00, 0x00, 0x00, 0x00, 0x00, 0x00, 0x00, 0x00, 0x00,
    0x00, 0x00, 0x00, 0x00, 0x00, 0x00, 0x00, 0x00, 0x00, 0x00, 0x00, 0x00, 0x00, 0x00, 0x00, 0x00,
    0x00, 0x00, 0x00, 0x00, 0x00, 0x00, 0x00, 0x00, 0x00, 0x00, 0x00, 0x00, 0x00, 0x00, 0x00, 0x00,
    0x00, 0x00, 0x00, 0x00, 0x00, 0x00, 0x00, 0x00, 0x00, 0x00, 0x00, 0x00, 0x00, 0x00, 0x00, 0x00,
    0x00, 0x00, 0x00, 0x00, 0x00, 0x00, 0x00, 0x00, 0x00, 0x00, 0x00, 0x00, 0x00, 0x00, 0x00, 0x00,
    0x00, 0x00, 0x00, 0x00, 0x00, 0x00, 0x00, 0x00, 0x00, 0x00, 0x00, 0x00, 0x00, 0x00, 0x00, 0x00,
    0x00, 0x00, 0x00, 0x00, 0x00, 0x00, 0x00, 0x00, 0x00, 0x00, 0x00, 0x00, 0x00, 0x00, 0x00, 0x00,
    0x00, 0x8C, 0xB4, 0xFF, 0x00, 0x8C, 0xB4, 0xFF, 0x00, 0x8C, 0xB4, 0xFF, 0x32, 0xC8, 0xF0, 0xFF,
    0x32, 0xC8, 0xF0, 0xFF, 0x32, 0xC8, 0xF0, 0xFF, 0x32, 0xC8, 0xF0, 0xFF, 0x32, 0xC8, 0xF0, 0xFF,
    0x32, 0xC8, 0xF0, 0xFF, 0x32, 0xC8, 0xF0, 0xFF, 0x32, 0xC8, 0xF0, 0xFF, 0x32, 0xC8, 0xF0, 0xFF,
    0x32, 0xC8, 0xF0, 0xFF, 0x32, 0xC8, 0xF0, 0xFF, 0x00, 0x8C, 0xB4, 0xFF, 0x00, 0x8C, 0xB4, 0xFF,
    0x00, 0x8C, 0xB4, 0xFF, 0x00, 0x00, 0x00, 0x00, 0x00, 0x00, 0x00, 0x00, 0x00, 0x00, 0x00, 0x00,
    0x00, 0x00, 0x00, 0x00, 0x00, 0x00, 0x00, 0x00, 0x00, 0x00, 0x00, 0x00, 0x00, 0x00, 0x00, 0x00,
    0x00, 0x00, 0x00, 0x00, 0x00, 0x00, 0x00, 0x00, 0x00, 0x00, 0x00, 0x00, 0x00, 0x00, 0x00, 0x00,
    0x00, 0x00, 0x00, 0x00, 0x00, 0x00, 0x00, 0x00, 0x00, 0x00, 0x00, 0x00, 0x00, 0x00, 0x00, 0x00,
    0x00, 0x00, 0x00, 0x00, 0x00, 0x00, 0x00, 0x00, 0x00, 0x00, 0x00, 0x00, 0x00, 0x00, 0x00, 0x00,
    0x00, 0x00, 0x00, 0x00, 0x00, 0x00, 0x00, 0x00, 0x00, 0x00, 0x00, 0x00, 0x00, 0x00, 0x00, 0x00,
    0x00, 0x00, 0x00, 0x00, 0x00, 0x00, 0x00, 0x00, 0x00, 0x00, 0x00, 0x00, 0x00, 0x00, 0x00, 0x00,
    0x00, 0x00, 0x00, 0x00, 0x00, 0x00, 0x00, 0x00, 0x00, 0x00, 0x00, 0x00, 0x00, 0x00, 0x00, 0x00,
    0x00, 0x00, 0x00, 0x00, 0x00, 0x8C, 0xB4, 0xFF, 0x00, 0x8C, 0xB4, 0xFF, 0x00, 0x8C, 0xB4, 0xFF,
    0x00, 0x8C, 0xB4, 0xFF, 0x32, 0xC8, 0xF0, 0xFF, 0x32, 0xC8, 0xF0, 0xFF, 0x32, 0xC8, 0xF0, 0xFF,
    0x32, 0xC8, 0xF0, 0xFF, 0x32, 0xC8, 0xF0, 0xFF, 0x32, 0xC8, 0xF0, 0xFF, 0x32, 0xC8, 0xF0, 0xFF,
    0x00, 0x8C, 0xB4, 0xFF, 0x00, 0x8C, 0xB4, 0xFF, 0x00, 0x8C, 0xB4, 0xFF, 0x00, 0x8C, 0xB4, 0xFF,
    0x00, 0x00, 0x00, 0x00, 0x00, 0x00, 0x00, 0x00, 0x00, 0x00, 0x00, 0x00, 0x00, 0x00, 0x00, 0x00,
    0x00, 0x00, 0x00, 0x00, 0x00, 0x00, 0x00, 0x00, 0x00, 0x00, 0x00, 0x00, 0x00, 0x00, 0x00, 0x00,
    0x00, 0x00, 0x00, 0x00, 0x00, 0x00, 0x00, 0x00, 0x00, 0x00, 0x00, 0x00, 0x00, 0x00, 0x00, 0x00,
    0x00, 0x00, 0x00, 0x00, 0x00, 0x00, 0x00, 0x00, 0x00, 0x00, 0x00, 0x00, 0x00, 0x00, 0x00, 0x00,
    0x00, 0x00, 0x00, 0x00, 0x00, 0x00, 0x00, 0x00, 0x00, 0x00, 0x00, 0x00, 0x00, 0x00, 0x00, 0x00,
    0x00, 0x00, 0x00, 0x00, 0x00, 0x00, 0x00, 0x00, 0x00, 0x00, 0x00, 0x00, 0x00, 0x00, 0x00, 0x00,
    0x00, 0x00, 0x00, 0x00, 0x00, 0x00, 0x00, 0x00, 0x00, 0x00, 0x00, 0x00, 0x00, 0x00, 0x00, 0x00,
    0x00, 0x00, 0x00, 0x00, 0x00, 0x00, 0x00, 0x00, 0x00, 0x00, 0x00, 0x00, 0x00, 0x00, 0x00, 0x00,
    0x00, 0x00, 0x00, 0x00, 0x00, 0x00, 0x00, 0x00, 0x00, 0x00, 0x00, 0x00, 0x00, 0x8C, 0xB4, 0xFF,
    0x00, 0x8C, 0xB4, 0xFF, 0x00, 0x8C, 0xB4, 0xFF, 0x00, 0x8C, 0xB4, 0xFF, 0x00, 0x8C, 0xB4, 0xFF,
    0x00, 0x8C, 0xB4, 0xFF, 0x00, 0x8C, 0xB4, 0xFF, 0x00, 0x8C, 0xB4, 0xFF, 0x00, 0x8C, 0xB4, 0xFF,
    0x00, 0x8C, 0xB4, 0xFF, 0x00, 0x8C, 0xB4, 0xFF, 0x00, 0x00, 0x00, 0x00, 0x00, 0x00, 0x00, 0x00,
    0x00, 0x00, 0x00, 0x00, 0x00, 0x00, 0x00, 0x00, 0x00, 0x00, 0x00, 0x00, 0x00, 0x00, 0x00, 0x00,
    0x00, 0x00, 0x00, 0x00, 0x00, 0x00, 0x00, 0x00, 0x00, 0x00, 0x00, 0x00, 0x00, 0x00, 0x00, 0x00,
    0x00, 0x00, 0x00, 0x00, 0x00, 0x00, 0x00, 0x00, 0x00, 0x00, 0x00, 0x00, 0x00, 0x00, 0x00, 0x00,
    0x00, 0x00, 0x00, 0x00, 0x00, 0x00, 0x00, 0x00, 0x00, 0x00, 0x00, 0x00, 0x00, 0x00, 0x00, 0x00,
    0x00, 0x00, 0x00, 0x00, 0x00, 0x00, 0x00, 0x00, 0x00, 0x00, 0x00, 0x00, 0x00, 0x00, 0x00, 0x00,
    0x00, 0x00, 0x00, 0x00, 0x00, 0x00, 0x00, 0x00, 0x00, 0x00, 0x00, 0x00, 0x00, 0x00, 0x00, 0x00,
    0x00, 0x00, 0x00, 0x00, 0x00, 0x00, 0x00, 0x00, 0x00, 0x00, 0x00, 0x00, 0x00, 0x00, 0x00, 0x00,
    0x00, 0x00, 0x00, 0x00, 0x00, 0x00, 0x00, 0x00, 0x00, 0x00, 0x00, 0x00, 0x00, 0x00, 0x00, 0x00,
    0x00, 0x00, 0x00, 0x00, 0x00, 0x00, 0x00, 0x00, 0x00, 0x00, 0x00, 0x00, 0x00, 0x00, 0x00, 0x00,
    0x00, 0x00, 0x00, 0x00, 0x00, 0x8C, 0xB4, 0xFF, 0x00, 0x8C, 0xB4, 0xFF, 0x00, 0x8C, 0xB4, 0xFF,
    0x00, 0x8C, 0xB4, 0xFF, 0x00, 0x8C, 0xB4, 0xFF, 0x00, 0x8C, 0xB4, 0xFF, 0x00, 0x8C, 0xB4, 0xFF,
    0x00, 0x00, 0x00, 0x00, 0x00, 0x00, 0x00, 0x00, 0x00, 0x00, 0x00, 0x00, 0x00, 0x00, 0x00, 0x00,
    0x00, 0x00, 0x00, 0x00, 0x00, 0x00, 0x00, 0x00, 0x00, 0x00, 0x00, 0x00, 0x00, 0x00, 0x00, 0x00,
    0x00, 0x00, 0x00, 0x00, 0x00, 0x00, 0x00, 0x00, 0x00, 0x00, 0x00, 0x00, 0x00, 0x00, 0x00, 0x00,
    0x00, 0x00, 0x00, 0x00, 0x00, 0x00, 0x00, 0x00, 0x00, 0x00, 0x00, 0x00, 0x00, 0x00, 0x00, 0x00,
    0x00, 0x00, 0x00, 0x00, 0x00, 0x00, 0x00, 0x00, 0x00, 0x00, 0x00, 0x00, 0x00, 0x00, 0x00, 0x00,
    0x00, 0x00, 0x00, 0x00, 0x00, 0x00, 0x00, 0x00, 0x00, 0x00, 0x00, 0x00, 0x00, 0x00, 0x00, 0x00,
    0x00, 0x00, 0x00, 0x00, 0x00, 0x00, 0x00, 0x00, 0x00, 0x00, 0x00, 0x00, 0x00, 0x00, 0x00, 0x00,
    0x00, 0x00, 0x00, 0x00, 0x00, 0x00, 0x00, 0x00, 0x00, 0x00, 0x00, 0x00, 0x00, 0x00, 0x00, 0x00,
    0x00, 0x00, 0x00, 0x00, 0x00, 0x00, 0x00, 0x00, 0x00, 0x00, 0x00, 0x00, 0x00, 0x00, 0x00, 0x00,
    0x00, 0x00, 0x00, 0x00, 0x00, 0x00, 0x00, 0x00, 0x00, 0x00, 0x00, 0x00, 0x00, 0x00, 0x00, 0x00,
    0x00, 0x00, 0x00, 0x00, 0x00, 0x00, 0x00, 0x00, 0x00, 0x00, 0x00, 0x00, 0x00, 0x00, 0x00, 0x00,
    0x00, 0x00, 0x00, 0x00, 0x00, 0x00, 0x00, 0x00, 0x00, 0x00, 0x00, 0x00, 0x00, 0x00, 0x00, 0x00,
    0x00, 0x00, 0x00, 0x00, 0x00, 0x00, 0x00, 0x00, 0x00, 0x00, 0x00, 0x00, 0x00, 0x00, 0x00, 0x00,
    0x00, 0x00, 0x00, 0x00, 0x00, 0x00, 0x00, 0x00, 0x00, 0x00, 0x00, 0x00, 0x00, 0x00, 0x00, 0x00,
    0x00, 0x00, 0x00, 0x00, 0x00, 0x00, 0x00, 0x00, 0x00, 0x00, 0x00, 0x00, 0x00, 0x00, 0x00, 0x00,
    0x00, 0x00, 0x00, 0x00, 0x00, 0x00, 0x00, 0x00, 0x00, 0x00, 0x00, 0x00, 0x00, 0x00, 0x00, 0x00,
    0x00, 0x00, 0x00, 0x00, 0x00, 0x00, 0x00, 0x00, 0x00, 0x00, 0x00, 0x00, 0x00, 0x00, 0x00, 0x00,
    0x00, 0x00, 0x00, 0x00, 0x00, 0x00, 0x00, 0x00, 0x00, 0x00, 0x00, 0x00, 0x00, 0x00, 0x00, 0x00,
    0x00, 0x00, 0x00, 0x00, 0x00, 0x00, 0x00, 0x00, 0x00, 0x00, 0x00, 0x00, 0x00, 0x00, 0x00, 0x00,
    0x00, 0x00, 0x00, 0x00, 0x00, 0x00, 0x00, 0x00, 0x00, 0x00, 0x00, 0x00, 0x00, 0x00, 0x00, 0x00,
    0x00, 0x00, 0x00, 0x00, 0x00, 0x00, 0x00, 0x00, 0x00, 0x00, 0x00, 0x00, 0x00, 0x00, 0x00, 0x00,
    0x00, 0x00, 0x00, 0x00, 0x00, 0x00, 0x00, 0x00, 0x00, 0x00, 0x00, 0x00, 0x00, 0x00, 0x00, 0x00,
    0x00, 0x00, 0x00, 0x00, 0x00, 0x00, 0x00, 0x00, 0x00, 0x00, 0x00, 0x00, 0x00, 0x00, 0x00, 0x00,
    0x00, 0x00, 0x00, 0x00, 0x00, 0x00, 0x00, 0x00, 0x00, 0x00, 0x00, 0x00, 0x00, 0x00, 0x00, 0x00,
    0x00, 0x00, 0x00, 0x00, 0x00, 0x00, 0x00, 0x00, 0x00, 0x00, 0x00, 0x00, 0x00, 0x00, 0x00, 0x00,
    0x00, 0x00, 0x00, 0x00, 0x00, 0x00, 0x00, 0x00, 0x00, 0x00, 0x00, 0x00, 0x00, 0x00, 0x00, 0x00,
    0x00, 0x00, 0x00, 0x00, 0x00, 0x00, 0x00, 0x00, 0x00, 0x00, 0x00, 0x00, 0x00, 0x00, 0x00, 0x00,
    0x00, 0x00, 0x00, 0x00, 0x00, 0x00, 0x00, 0x00, 0x00, 0x00, 0x00, 0x00, 0x00, 0x00, 0x00, 0x00,
    0x00, 0x00, 0x00, 0x00, 0x00, 0x00, 0x00, 0x00, 0x00, 0x00, 0x00, 0x00, 0x00, 0x00, 0x00, 0x00,
    0x00, 0x00, 0x00, 0x00, 0x00, 0x00, 0x00, 0x00, 0x00, 0x00, 0x00, 0x00, 0x00, 0x00, 0x00, 0x00,
    0x00, 0x00, 0x00, 0x00, 0x00, 0x00, 0x00, 0x00, 0x00, 0x00, 0x00, 0x00, 0x00, 0x00, 0x00, 0x00,
    0x00, 0x00, 0x00, 0x00, 0x00, 0x00, 0x00, 0x00, 0x00, 0x00, 0x00, 0x00, 0x00, 0x00, 0x00, 0x00,
    0x00, 0x00, 0x00, 0x00, 0x00, 0x00, 0x00, 0x00, 0x00, 0x00, 0x00, 0x00, 0x00, 0x00, 0x00, 0x00,
    0x00, 0x00, 0x00, 0x00, 0x00, 0x00, 0x00, 0x00, 0x00, 0x00, 0x00, 0x00, 0x00, 0x00, 0x00, 0x00,
    0x00, 0x00, 0x00, 0x00, 0x00, 0x00, 0x00, 0x00, 0x00, 0x00, 0x00, 0x00, 0x00, 0x00, 0x00, 0x00,
    0x00, 0x00, 0x00, 0x00, 0x00, 0x00, 0x00, 0x00, 0x00, 0x00, 0x00, 0x00, 0x00, 0x00, 0x00, 0x00,
    0x00, 0x00, 0x00, 0x00, 0x00, 0x00, 0x00, 0x00, 0x00, 0x00, 0x00, 0x00, 0x00, 0x00, 0x00, 0x00,
    0x00, 0x00, 0x00, 0x00, 0x00, 0x00, 0x00, 0x00, 0x00, 0x00, 0x00, 0x00, 0x00, 0x00, 0x00, 0x00,
    0x00, 0x00, 0x00, 0x00, 0x00, 0x00, 0x00, 0x00, 0x00, 0x00, 0x00, 0x00, 0x00, 0x00, 0x00, 0x00,
    0x00, 0x00, 0x00, 0x00, 0x00, 0x00, 0x00, 0x00, 0x00, 0x00, 0x00, 0x00, 0x00, 0x00, 0x00, 0x00,
    0x00, 0x00, 0x00, 0x00, 0x00, 0x00, 0x00, 0x00, 0x00, 0x00, 0x00, 0x00, 0x00, 0x00, 0x00, 0x00,
};

const lv_image_dsc_t spr_egg_yellow = {
    .header.magic = LV_IMAGE_HEADER_MAGIC,
    .header.cf = LV_COLOR_FORMAT_ARGB8888,
    .header.w = 48,
    .header.h = 48,
    .header.stride = 192,
    .data_size = sizeof(spr_egg_yellow_map),
    .data = spr_egg_yellow_map,

static const uint8_t spr_egg_green_map[] = {
    0x00, 0x00, 0x00, 0x00, 0x00, 0x00, 0x00, 0x00, 0x00, 0x00, 0x00, 0x00, 0x00, 0x00, 0x00, 0x00,
    0x00, 0x00, 0x00, 0x00, 0x00, 0x00, 0x00, 0x00, 0x00, 0x00, 0x00, 0x00, 0x00, 0x00, 0x00, 0x00,
    0x00, 0x00, 0x00, 0x00, 0x00, 0x00, 0x00, 0x00, 0x00, 0x00, 0x00, 0x00, 0x00, 0x00, 0x00, 0x00,
    0x00, 0x00, 0x00, 0x00, 0x00, 0x00, 0x00, 0x00, 0x00, 0x00, 0x00, 0x00, 0x00, 0x00, 0x00, 0x00,
    0x00, 0x00, 0x00, 0x00, 0x00, 0x00, 0x00, 0x00, 0x00, 0x00, 0x00, 0x00, 0x00, 0x00, 0x00, 0x00,
    0x00, 0x00, 0x00, 0x00, 0x00, 0x00, 0x00, 0x00, 0x00, 0x00, 0x00, 0x00, 0x00, 0x00, 0x00, 0x00,
    0x00, 0x00, 0x00, 0x00, 0x00, 0x00, 0x00, 0x00, 0x00, 0x00, 0x00, 0x00, 0x00, 0x00, 0x00, 0x00,
    0x00, 0x00, 0x00, 0x00, 0x00, 0x00, 0x00, 0x00, 0x00, 0x00, 0x00, 0x00, 0x00, 0x00, 0x00, 0x00,
    0x00, 0x00, 0x00, 0x00, 0x00, 0x00, 0x00, 0x00, 0x00, 0x00, 0x00, 0x00, 0x00, 0x00, 0x00, 0x00,
    0x00, 0x00, 0x00, 0x00, 0x00, 0x00, 0x00, 0x00, 0x00, 0x00, 0x00, 0x00, 0x00, 0x00, 0x00, 0x00,
    0x00, 0x00, 0x00, 0x00, 0x00, 0x00, 0x00, 0x00, 0x00, 0x00, 0x00, 0x00, 0x00, 0x00, 0x00, 0x00,
    0x00, 0x00, 0x00, 0x00, 0x00, 0x00, 0x00, 0x00, 0x00, 0x00, 0x00, 0x00, 0x00, 0x00, 0x00, 0x00,
    0x00, 0x00, 0x00, 0x00, 0x00, 0x00, 0x00, 0x00, 0x00, 0x00, 0x00, 0x00, 0x00, 0x00, 0x00, 0x00,
    0x00, 0x00, 0x00, 0x00, 0x00, 0x00, 0x00, 0x00, 0x00, 0x00, 0x00, 0x00, 0x00, 0x00, 0x00, 0x00,
    0x00, 0x00, 0x00, 0x00, 0x00, 0x00, 0x00, 0x00, 0x00, 0x00, 0x00, 0x00, 0x00, 0x00, 0x00, 0x00,
    0x00, 0x00, 0x00, 0x00, 0x00, 0x00, 0x00, 0x00, 0x00, 0x00, 0x00, 0x00, 0x00, 0x00, 0x00, 0x00,
    0x00, 0x00, 0x00, 0x00, 0x00, 0x00, 0x00, 0x00, 0x00, 0x00, 0x00, 0x00, 0x00, 0x00, 0x00, 0x00,
    0x00, 0x00, 0x00, 0x00, 0x00, 0x00, 0x00, 0x00, 0x00, 0x00, 0x00, 0x00, 0x00, 0x00, 0x00, 0x00,
    0x00, 0x00, 0x00, 0x00, 0x00, 0x00, 0x00, 0x00, 0x00, 0x00, 0x00, 0x00, 0x00, 0x00, 0x00, 0x00,
    0x00, 0x00, 0x00, 0x00, 0x00, 0x00, 0x00, 0x00, 0x00, 0x00, 0x00, 0x00, 0x00, 0x00, 0x00, 0x00,
    0x00, 0x00, 0x00, 0x00, 0x00, 0x00, 0x00, 0x00, 0x00, 0x00, 0x00, 0x00, 0x00, 0x00, 0x00, 0x00,
    0x00, 0x00, 0x00, 0x00, 0x00, 0x00, 0x00, 0x00, 0x00, 0x00, 0x00, 0x00, 0x00, 0x00, 0x00, 0x00,
    0x00, 0x00, 0x00, 0x00, 0x00, 0x00, 0x00, 0x00, 0x00, 0x00, 0x00, 0x00, 0x00, 0x00, 0x00, 0x00,
    0x00, 0x00, 0x00, 0x00, 0x00, 0x00, 0x00, 0x00, 0x00, 0x00, 0x00, 0x00, 0x00, 0x00, 0x00, 0x00,
    0x00, 0x00, 0x00, 0x00, 0x00, 0x00, 0x00, 0x00, 0x00, 0x00, 0x00, 0x00, 0x00, 0x00, 0x00, 0x00,
    0x00, 0x00, 0x00, 0x00, 0x00, 0x00, 0x00, 0x00, 0x00, 0x00, 0x00, 0x00, 0x00, 0x00, 0x00, 0x00,
    0x00, 0x00, 0x00, 0x00, 0x00, 0x00, 0x00, 0x00, 0x00, 0x00, 0x00, 0x00, 0x00, 0x00, 0x00, 0x00,
    0x00, 0x00, 0x00, 0x00, 0x00, 0x00, 0x00, 0x00, 0x00, 0x00, 0x00, 0x00, 0x00, 0x00, 0x00, 0x00,
    0x00, 0x00, 0x00, 0x00, 0x00, 0x00, 0x00, 0x00, 0x00, 0x00, 0x00, 0x00, 0x00, 0x00, 0x00, 0x00,
    0x00, 0x00, 0x00, 0x00, 0x00, 0x00, 0x00, 0x00, 0x00, 0x00, 0x00, 0x00, 0x00, 0x00, 0x00, 0x00,
    0x00, 0x00, 0x00, 0x00, 0x00, 0x00, 0x00, 0x00, 0x00, 0x00, 0x00, 0x00, 0x00, 0x00, 0x00, 0x00,
    0x00, 0x00, 0x00, 0x00, 0x00, 0x00, 0x00, 0x00, 0x00, 0x00, 0x00, 0x00, 0x00, 0x00, 0x00, 0x00,
    0x00, 0x00, 0x00, 0x00, 0x00, 0x00, 0x00, 0x00, 0x00, 0x00, 0x00, 0x00, 0x00, 0x00, 0x00, 0x00,
    0x00, 0x00, 0x00, 0x00, 0x00, 0x00, 0x00, 0x00, 0x00, 0x00, 0x00, 0x00, 0x00, 0x00, 0x00, 0x00,
    0x00, 0x00, 0x00, 0x00, 0x00, 0x00, 0x00, 0x00, 0x00, 0x00, 0x00, 0x00, 0x00, 0x00, 0x00, 0x00,
    0x00, 0x00, 0x00, 0x00, 0x00, 0x00, 0x00, 0x00, 0x00, 0x00, 0x00, 0x00, 0x00, 0x00, 0x00, 0x00,
    0x00, 0x00, 0x00, 0x00, 0x00, 0x00, 0x00, 0x00, 0x00, 0x00, 0x00, 0x00, 0x00, 0x00, 0x00, 0x00,
    0x00, 0x00, 0x00, 0x00, 0x00, 0x00, 0x00, 0x00, 0x00, 0x00, 0x00, 0x00, 0x00, 0x00, 0x00, 0x00,
    0x00, 0x00, 0x00, 0x00, 0x00, 0x00, 0x00, 0x00, 0x00, 0x00, 0x00, 0x00, 0x00, 0x00, 0x00, 0x00,
    0x00, 0x00, 0x00, 0x00, 0x00, 0x00, 0x00, 0x00, 0x00, 0x00, 0x00, 0x00, 0x00, 0x00, 0x00, 0x00,
    0x00, 0x00, 0x00, 0x00, 0x00, 0x00, 0x00, 0x00, 0x00, 0x00, 0x00, 0x00, 0x00, 0x00, 0x00, 0x00,
    0x00, 0x00, 0x00, 0x00, 0x00, 0x00, 0x00, 0x00, 0x00, 0x00, 0x00, 0x00, 0x00, 0x00, 0x00, 0x00,
    0x00, 0x00, 0x00, 0x00, 0x00, 0x00, 0x00, 0x00, 0x00, 0x00, 0x00, 0x00, 0x00, 0x00, 0x00, 0x00,
    0x00, 0x00, 0x00, 0x00, 0x00, 0x00, 0x00, 0x00, 0x00, 0x00, 0x00, 0x00, 0x00, 0x00, 0x00, 0x00,
    0x00, 0x00, 0x00, 0x00, 0x00, 0x00, 0x00, 0x00, 0x00, 0x00, 0x00, 0x00, 0x00, 0x00, 0x00, 0x00,
    0x00, 0x00, 0x00, 0x00, 0x00, 0x00, 0x00, 0x00, 0x00, 0x00, 0x00, 0x00, 0x00, 0x00, 0x00, 0x00,
    0x00, 0x00, 0x00, 0x00, 0x00, 0x00, 0x00, 0x00, 0x00, 0x00, 0x00, 0x00, 0x00, 0x00, 0x00, 0x00,
    0x00, 0x00, 0x00, 0x00, 0x00, 0x00, 0x00, 0x00, 0x00, 0x00, 0x00, 0x00, 0x00, 0x00, 0x00, 0x00,
    0x00, 0x00, 0x00, 0x00, 0x00, 0x00, 0x00, 0x00, 0x00, 0x00, 0x00, 0x00, 0x00, 0x00, 0x00, 0x00,
    0x00, 0x00, 0x00, 0x00, 0x00, 0x00, 0x00, 0x00, 0x00, 0x00, 0x00, 0x00, 0x00, 0x00, 0x00, 0x00,
    0x00, 0x00, 0x00, 0x00, 0x00, 0x00, 0x00, 0x00, 0x00, 0x00, 0x00, 0x00, 0x00, 0x00, 0x00, 0x00,
    0x00, 0x00, 0x00, 0x00, 0x00, 0x00, 0x00, 0x00, 0x00, 0x00, 0x00, 0x00, 0x00, 0x00, 0x00, 0x00,
    0x00, 0x00, 0x00, 0x00, 0x00, 0x00, 0x00, 0x00, 0x00, 0x00, 0x00, 0x00, 0x00, 0x00, 0x00, 0x00,
    0x00, 0x00, 0x00, 0x00, 0x00, 0x00, 0x00, 0x00, 0x00, 0x00, 0x00, 0x00, 0x00, 0x00, 0x00, 0x00,
    0x00, 0x00, 0x00, 0x00, 0x00, 0x00, 0x00, 0x00, 0x00, 0x00, 0x00, 0x00, 0x00, 0x00, 0x00, 0x00,
    0x00, 0x00, 0x00, 0x00, 0x00, 0x00, 0x00, 0x00, 0x00, 0x00, 0x00, 0x00, 0x00, 0x00, 0x00, 0x00,
    0x00, 0x00, 0x00, 0x00, 0x00, 0x00, 0x00, 0x00, 0x00, 0x00, 0x00, 0x00, 0x00, 0x00, 0x00, 0x00,
    0x00, 0x00, 0x00, 0x00, 0x00, 0x00, 0x00, 0x00, 0x00, 0x00, 0x00, 0x00, 0x00, 0x00, 0x00, 0x00,
    0x00, 0x00, 0x00, 0x00, 0x00, 0x00, 0x00, 0x00, 0x00, 0x00, 0x00, 0x00, 0x00, 0x00, 0x00, 0x00,
    0x00, 0x00, 0x00, 0x00, 0x00, 0x00, 0x00, 0x00, 0x00, 0x00, 0x00, 0x00, 0x00, 0x00, 0x00, 0x00,
    0x00, 0x00, 0x00, 0x00, 0x00, 0x00, 0x00, 0x00, 0x00, 0x00, 0x00, 0x00, 0x00, 0x00, 0x00, 0x00,
    0x00, 0x00, 0x00, 0x00, 0x00, 0x00, 0x00, 0x00, 0x00, 0x00, 0x00, 0x00, 0x00, 0x00, 0x00, 0x00,
    0x00, 0x00, 0x00, 0x00, 0x00, 0x00, 0x00, 0x00, 0x00, 0x00, 0x00, 0x00, 0x00, 0x00, 0x00, 0x00,
    0x00, 0x00, 0x00, 0x00, 0x00, 0x00, 0x00, 0x00, 0x00, 0x00, 0x00, 0x00, 0x00, 0x00, 0x00, 0x00,
    0x00, 0x00, 0x00, 0x00, 0x00, 0x00, 0x00, 0x00, 0x00, 0x00, 0x00, 0x00, 0x00, 0x00, 0x00, 0x00,
    0x00, 0x00, 0x00, 0x00, 0x00, 0x00, 0x00, 0x00, 0x00, 0x00, 0x00, 0x00, 0x00, 0x00, 0x00, 0x00,
    0x00, 0x00, 0x00, 0x00, 0x00, 0x00, 0x00, 0x00, 0x00, 0x00, 0x00, 0x00, 0x00, 0x00, 0x00, 0x00,
    0x00, 0x00, 0x00, 0x00, 0x00, 0x00, 0x00, 0x00, 0x00, 0x00, 0x00, 0x00, 0x00, 0x00, 0x00, 0x00,
    0x00, 0x00, 0x00, 0x00, 0x00, 0x00, 0x00, 0x00, 0x00, 0x00, 0x00, 0x00, 0x00, 0x00, 0x00, 0x00,
    0x00, 0x00, 0x00, 0x00, 0x00, 0x00, 0x00, 0x00, 0x00, 0x00, 0x00, 0x00, 0x00, 0x00, 0x00, 0x00,
    0x00, 0x00, 0x00, 0x00, 0x00, 0x00, 0x00, 0x00, 0x00, 0x00, 0x00, 0x00, 0x00, 0x00, 0x00, 0x00,
    0x00, 0x00, 0x00, 0x00, 0x00, 0x00, 0x00, 0x00, 0x00, 0x00, 0x00, 0x00, 0x00, 0x00, 0x00, 0x00,
    0x00, 0x00, 0x00, 0x00, 0x00, 0x00, 0x00, 0x00, 0x00, 0x00, 0x00, 0x00, 0x00, 0x00, 0x00, 0x00,
    0x00, 0x00, 0x00, 0x00, 0x00, 0x00, 0x00, 0x00, 0x00, 0x00, 0x00, 0x00, 0x00, 0x00, 0x00, 0x00,
    0x00, 0x00, 0x00, 0x00, 0x00, 0x00, 0x00, 0x00, 0x00, 0x00, 0x00, 0x00, 0x00, 0x00, 0x00, 0x00,
    0x00, 0x00, 0x00, 0x00, 0x00, 0x00, 0x00, 0x00, 0x00, 0x00, 0x00, 0x00, 0x00, 0x00, 0x00, 0x00,
    0x00, 0x00, 0x00, 0x00, 0x00, 0x00, 0x00, 0x00, 0x00, 0x00, 0x00, 0x00, 0x00, 0x00, 0x00, 0x00,
    0x00, 0x00, 0x00, 0x00, 0x32, 0x82, 0x14, 0xFF, 0x32, 0x82, 0x14, 0xFF, 0x32, 0x82, 0x14, 0xFF,
    0x32, 0x82, 0x14, 0xFF, 0x32, 0x82, 0x14, 0xFF, 0x32, 0x82, 0x14, 0xFF, 0x32, 0x82, 0x14, 0xFF,
    0x00, 0x00, 0x00, 0x00, 0x00, 0x00, 0x00, 0x00, 0x00, 0x00, 0x00, 0x00, 0x00, 0x00, 0x00, 0x00,
    0x00, 0x00, 0x00, 0x00, 0x00, 0x00, 0x00, 0x00, 0x00, 0x00, 0x00, 0x00, 0x00, 0x00, 0x00, 0x00,
    0x00, 0x00, 0x00, 0x00, 0x00, 0x00, 0x00, 0x00, 0x00, 0x00, 0x00, 0x00, 0x00, 0x00, 0x00, 0x00,
    0x00, 0x00, 0x00, 0x00, 0x00, 0x00, 0x00, 0x00, 0x00, 0x00, 0x00, 0x00, 0x00, 0x00, 0x00, 0x00,
    0x00, 0x00, 0x00, 0x00, 0x00, 0x00, 0x00, 0x00, 0x00, 0x00, 0x00, 0x00, 0x00, 0x00, 0x00, 0x00,
    0x00, 0x00, 0x00, 0x00, 0x00, 0x00, 0x00, 0x00, 0x00, 0x00, 0x00, 0x00, 0x00, 0x00, 0x00, 0x00,
    0x00, 0x00, 0x00, 0x00, 0x00, 0x00, 0x00, 0x00, 0x00, 0x00, 0x00, 0x00, 0x00, 0x00, 0x00, 0x00,
    0x00, 0x00, 0x00, 0x00, 0x00, 0x00, 0x00, 0x00, 0x00, 0x00, 0x00, 0x00, 0x00, 0x00, 0x00, 0x00,
    0x00, 0x00, 0x00, 0x00, 0x00, 0x00, 0x00, 0x00, 0x00, 0x00, 0x00, 0x00, 0x00, 0x00, 0x00, 0x00,
    0x00, 0x00, 0x00, 0x00, 0x00, 0x00, 0x00, 0x00, 0x00, 0x00, 0x00, 0x00, 0x32, 0x82, 0x14, 0xFF,
    0x32, 0x82, 0x14, 0xFF, 0x32, 0x82, 0x14, 0xFF, 0x32, 0x82, 0x14, 0xFF, 0x32, 0x82, 0x14, 0xFF,
    0x32, 0x82, 0x14, 0xFF, 0x32, 0x82, 0x14, 0xFF, 0x32, 0x82, 0x14, 0xFF, 0x32, 0x82, 0x14, 0xFF,
    0x32, 0x82, 0x14, 0xFF, 0x32, 0x82, 0x14, 0xFF, 0x00, 0x00, 0x00, 0x00, 0x00, 0x00, 0x00, 0x00,
    0x00, 0x00, 0x00, 0x00, 0x00, 0x00, 0x00, 0x00, 0x00, 0x00, 0x00, 0x00, 0x00, 0x00, 0x00, 0x00,
    0x00, 0x00, 0x00, 0x00, 0x00, 0x00, 0x00, 0x00, 0x00, 0x00, 0x00, 0x00, 0x00, 0x00, 0x00, 0x00,
    0x00, 0x00, 0x00, 0x00, 0x00, 0x00, 0x00, 0x00, 0x00, 0x00, 0x00, 0x00, 0x00, 0x00, 0x00, 0x00,
    0x00, 0x00, 0x00, 0x00, 0x00, 0x00, 0x00, 0x00, 0x00, 0x00, 0x00, 0x00, 0x00, 0x00, 0x00, 0x00,
    0x00, 0x00, 0x00, 0x00, 0x00, 0x00, 0x00, 0x00, 0x00, 0x00, 0x00, 0x00, 0x00, 0x00, 0x00, 0x00,
    0x00, 0x00, 0x00, 0x00, 0x00, 0x00, 0x00, 0x00, 0x00, 0x00, 0x00, 0x00, 0x00, 0x00, 0x00, 0x00,
    0x00, 0x00, 0x00, 0x00, 0x00, 0x00, 0x00, 0x00, 0x00, 0x00, 0x00, 0x00, 0x00, 0x00, 0x00, 0x00,
    0x00, 0x00, 0x00, 0x00, 0x00, 0x00, 0x00, 0x00, 0x00, 0x00, 0x00, 0x00, 0x00, 0x00, 0x00, 0x00,
    0x00, 0x00, 0x00, 0x00, 0x32, 0x82, 0x14, 0xFF, 0x32, 0x82, 0x14, 0xFF, 0x32, 0x82, 0x14, 0xFF,
    0x32, 0x82, 0x14, 0xFF, 0x6E, 0xBE, 0x50, 0xFF, 0x6E, 0xBE, 0x50, 0xFF, 0x6E, 0xBE, 0x50, 0xFF,
    0x6E, 0xBE, 0x50, 0xFF, 0x6E, 0xBE, 0x50, 0xFF, 0x6E, 0xBE, 0x50, 0xFF, 0x6E, 0xBE, 0x50, 0xFF,
    0x32, 0x82, 0x14, 0xFF, 0x32, 0x82, 0x14, 0xFF, 0x32, 0x82, 0x14, 0xFF, 0x32, 0x82, 0x14, 0xFF,
    0x00, 0x00, 0x00, 0x00, 0x00, 0x00, 0x00, 0x00, 0x00, 0x00, 0x00, 0x00, 0x00, 0x00, 0x00, 0x00,
    0x00, 0x00, 0x00, 0x00, 0x00, 0x00, 0x00, 0x00, 0x00, 0x00, 0x00, 0x00, 0x00, 0x00, 0x00, 0x00,
    0x00, 0x00, 0x00, 0x00, 0x00, 0x00, 0x00, 0x00, 0x00, 0x00, 0x00, 0x00, 0x00, 0x00, 0x00, 0x00,
    0x00, 0x00, 0x00, 0x00, 0x00, 0x00, 0x00, 0x00, 0x00, 0x00, 0x00, 0x00, 0x00, 0x00, 0x00, 0x00,
    0x00, 0x00, 0x00, 0x00, 0x00, 0x00, 0x00, 0x00, 0x00, 0x00, 0x00, 0x00, 0x00, 0x00, 0x00, 0x00,
    0x00, 0x00, 0x00, 0x00, 0x00, 0x00, 0x00, 0x00, 0x00, 0x00, 0x00, 0x00, 0x00, 0x00, 0x00, 0x00,
    0x00, 0x00, 0x00, 0x00, 0x00, 0x00, 0x00, 0x00, 0x00, 0x00, 0x00, 0x00, 0x00, 0x00, 0x00, 0x00,
    0x00, 0x00, 0x00, 0x00, 0x00, 0x00, 0x00, 0x00, 0x00, 0x00, 0x00, 0x00, 0x00, 0x00, 0x00, 0x00,
    0x32, 0x82, 0x14, 0xFF, 0x32, 0x82, 0x14, 0xFF, 0x32, 0x82, 0x14, 0xFF, 0x6E, 0xBE, 0x50, 0xFF,
    0x6E, 0xBE, 0x50, 0xFF, 0x6E, 0xBE, 0x50, 0xFF, 0x6E, 0xBE, 0x50, 0xFF, 0x6E, 0xBE, 0x50, 0xFF,
    0x6E, 0xBE, 0x50, 0xFF, 0x6E, 0xBE, 0x50, 0xFF, 0x6E, 0xBE, 0x50, 0xFF, 0x6E, 0xBE, 0x50, 0xFF,
    0x6E, 0xBE, 0x50, 0xFF, 0x6E, 0xBE, 0x50, 0xFF, 0x32, 0x82, 0x14, 0xFF, 0x32, 0x82, 0x14, 0xFF,
    0x32, 0x82, 0x14, 0xFF, 0x00, 0x00, 0x00, 0x00, 0x00, 0x00, 0x00, 0x00, 0x00, 0x00, 0x00, 0x00,
    0x00, 0x00, 0x00, 0x00, 0x00, 0x00, 0x00, 0x00, 0x00, 0x00, 0x00, 0x00, 0x00, 0x00, 0x00, 0x00,
    0x00, 0x00, 0x00, 0x00, 0x00, 0x00, 0x00, 0x00, 0x00, 0x00, 0x00, 0x00, 0x00, 0x00, 0x00, 0x00,
    0x00, 0x00, 0x00, 0x00, 0x00, 0x00, 0x00, 0x00, 0x00, 0x00, 0x00, 0x00, 0x00, 0x00, 0x00, 0x00,
    0x00, 0x00, 0x00, 0x00, 0x00, 0x00, 0x00, 0x00, 0x00, 0x00, 0x00, 0x00, 0x00, 0x00, 0x00, 0x00,
    0x00, 0x00, 0x00, 0x00, 0x00, 0x00, 0x00, 0x00, 0x00, 0x00, 0x00, 0x00, 0x00, 0x00, 0x00, 0x00,
    0x00, 0x00, 0x00, 0x00, 0x00, 0x00, 0x00, 0x00, 0x00, 0x00, 0x00, 0x00, 0x00, 0x00, 0x00, 0x00,
    0x00, 0x00, 0x00, 0x00, 0x00, 0x00, 0x00, 0x00, 0x00, 0x00, 0x00, 0x00, 0x32, 0x82, 0x14, 0xFF,
    0x32, 0x82, 0x14, 0xFF, 0x6E, 0xBE, 0x50, 0xFF, 0x6E, 0xBE, 0x50, 0xFF, 0x6E, 0xBE, 0x50, 0xFF,
    0x6E, 0xBE, 0x50, 0xFF, 0x6E, 0xBE, 0x50, 0xFF, 0x6E, 0xBE, 0x50, 0xFF, 0x6E, 0xBE, 0x50, 0xFF,
    0x6E, 0xBE, 0x50, 0xFF, 0x6E, 0xBE, 0x50, 0xFF, 0x6E, 0xBE, 0x50, 0xFF, 0x6E, 0xBE, 0x50, 0xFF,
    0x6E, 0xBE, 0x50, 0xFF, 0x6E, 0xBE, 0x50, 0xFF, 0x6E, 0xBE, 0x50, 0xFF, 0x6E, 0xBE, 0x50, 0xFF,
    0x32, 0x82, 0x14, 0xFF, 0x32, 0x82, 0x14, 0xFF, 0x00, 0x00, 0x00, 0x00, 0x00, 0x00, 0x00, 0x00,
    0x00, 0x00, 0x00, 0x00, 0x00, 0x00, 0x00, 0x00, 0x00, 0x00, 0x00, 0x00, 0x00, 0x00, 0x00, 0x00,
    0x00, 0x00, 0x00, 0x00, 0x00, 0x00, 0x00, 0x00, 0x00, 0x00, 0x00, 0x00, 0x00, 0x00, 0x00, 0x00,
    0x00, 0x00, 0x00, 0x00, 0x00, 0x00, 0x00, 0x00, 0x00, 0x00, 0x00, 0x00, 0x00, 0x00, 0x00, 0x00,
    0x00, 0x00, 0x00, 0x00, 0x00, 0x00, 0x00, 0x00, 0x00, 0x00, 0x00, 0x00, 0x00, 0x00, 0x00, 0x00,
    0x00, 0x00, 0x00, 0x00, 0x00, 0x00, 0x00, 0x00, 0x00, 0x00, 0x00, 0x00, 0x00, 0x00, 0x00, 0x00,
    0x00, 0x00, 0x00, 0x00, 0x00, 0x00, 0x00, 0x00, 0x00, 0x00, 0x00, 0x00, 0x00, 0x00, 0x00, 0x00,
    0x00, 0x00, 0x00, 0x00, 0x00, 0x00, 0x00, 0x00, 0x32, 0x82, 0x14, 0xFF, 0x32, 0x82, 0x14, 0xFF,
    0x6E, 0xBE, 0x50, 0xFF, 0x6E, 0xBE, 0x50, 0xFF, 0x9B, 0xEB, 0x7D, 0xFF, 0x9B, 0xEB, 0x7D, 0xFF,
    0x9B, 0xEB, 0x7D, 0xFF, 0x6E, 0xBE, 0x50, 0xFF, 0x6E, 0xBE, 0x50, 0xFF, 0x6E, 0xBE, 0x50, 0xFF,
    0x6E, 0xBE, 0x50, 0xFF, 0x6E, 0xBE, 0x50, 0xFF, 0x6E, 0xBE, 0x50, 0xFF, 0x6E, 0xBE, 0x50, 0xFF,
    0x6E, 0xBE, 0x50, 0xFF, 0x6E, 0xBE, 0x50, 0xFF, 0x6E, 0xBE, 0x50, 0xFF, 0x6E, 0xBE, 0x50, 0xFF,
    0x6E, 0xBE, 0x50, 0xFF, 0x32, 0x82, 0x14, 0xFF, 0x32, 0x82, 0x14, 0xFF, 0x00, 0x00, 0x00, 0x00,
    0x00, 0x00, 0x00, 0x00, 0x00, 0x00, 0x00, 0x00, 0x00, 0x00, 0x00, 0x00, 0x00, 0x00, 0x00, 0x00,
    0x00, 0x00, 0x00, 0x00, 0x00, 0x00, 0x00, 0x00, 0x00, 0x00, 0x00, 0x00, 0x00, 0x00, 0x00, 0x00,
    0x00, 0x00, 0x00, 0x00, 0x00, 0x00, 0x00, 0x00, 0x00, 0x00, 0x00, 0x00, 0x00, 0x00, 0x00, 0x00,
    0x00, 0x00, 0x00, 0x00, 0x00, 0x00, 0x00, 0x00, 0x00, 0x00, 0x00, 0x00, 0x00, 0x00, 0x00, 0x00,
    0x00, 0x00, 0x00, 0x00, 0x00, 0x00, 0x00, 0x00, 0x00, 0x00, 0x00, 0x00, 0x00, 0x00, 0x00, 0x00,
    0x00, 0x00, 0x00, 0x00, 0x00, 0x00, 0x00, 0x00, 0x00, 0x00, 0x00, 0x00, 0x00, 0x00, 0x00, 0x00,
    0x00, 0x00, 0x00, 0x00, 0x32, 0x82, 0x14, 0xFF, 0x32, 0x82, 0x14, 0xFF, 0x6E, 0xBE, 0x50, 0xFF,
    0x6E, 0xBE, 0x50, 0xFF, 0x9B, 0xEB, 0x7D, 0xFF, 0x9B, 0xEB, 0x7D, 0xFF, 0x9B, 0xEB, 0x7D, 0xFF,
    0x9B, 0xEB, 0x7D, 0xFF, 0x9B, 0xEB, 0x7D, 0xFF, 0x6E, 0xBE, 0x50, 0xFF, 0x6E, 0xBE, 0x50, 0xFF,
    0x6E, 0xBE, 0x50, 0xFF, 0x6E, 0xBE, 0x50, 0xFF, 0x9B, 0xEB, 0x7D, 0xFF, 0x6E, 0xBE, 0x50, 0xFF,
    0x6E, 0xBE, 0x50, 0xFF, 0x6E, 0xBE, 0x50, 0xFF, 0x6E, 0xBE, 0x50, 0xFF, 0x6E, 0xBE, 0x50, 0xFF,
    0x6E, 0xBE, 0x50, 0xFF, 0x6E, 0xBE, 0x50, 0xFF, 0x32, 0x82, 0x14, 0xFF, 0x32, 0x82, 0x14, 0xFF,
    0x00, 0x00, 0x00, 0x00, 0x00, 0x00, 0x00, 0x00, 0x00, 0x00, 0x00, 0x00, 0x00, 0x00, 0x00, 0x00,
    0x00, 0x00, 0x00, 0x00, 0x00, 0x00, 0x00, 0x00, 0x00, 0x00, 0x00, 0x00, 0x00, 0x00, 0x00, 0x00,
    0x00, 0x00, 0x00, 0x00, 0x00, 0x00, 0x00, 0x00, 0x00, 0x00, 0x00, 0x00, 0x00, 0x00, 0x00, 0x00,
    0x00, 0x00, 0x00, 0x00, 0x00, 0x00, 0x00, 0x00, 0x00, 0x00, 0x00, 0x00, 0x00, 0x00, 0x00, 0x00,
    0x00, 0x00, 0x00, 0x00, 0x00, 0x00, 0x00, 0x00, 0x00, 0x00, 0x00, 0x00, 0x00, 0x00, 0x00, 0x00,
    0x00, 0x00, 0x00, 0x00, 0x00, 0x00, 0x00, 0x00, 0x00, 0x00, 0x00, 0x00, 0x00, 0x00, 0x00, 0x00,
    0x32, 0x82, 0x14, 0xFF, 0x32, 0x82, 0x14, 0xFF, 0x32, 0x82, 0x14, 0xFF, 0x6E, 0xBE, 0x50, 0xFF,
    0x9B, 0xEB, 0x7D, 0xFF, 0x9B, 0xEB, 0x7D, 0xFF, 0x9B, 0xEB, 0x7D, 0xFF, 0x9B, 0xEB, 0x7D, 0xFF,
    0x9B, 0xEB, 0x7D, 0xFF, 0x9B, 0xEB, 0x7D, 0xFF, 0x9B, 0xEB, 0x7D, 0xFF, 0x6E, 0xBE, 0x50, 0xFF,
    0x6E, 0xBE, 0x50, 0xFF, 0x6E, 0xBE, 0x50, 0xFF, 0x6E, 0xBE, 0x50, 0xFF, 0x6E, 0xBE, 0x50, 0xFF,
    0x6E, 0xBE, 0x50, 0xFF, 0x6E, 0xBE, 0x50, 0xFF, 0x6E, 0xBE, 0x50, 0xFF, 0x6E, 0xBE, 0x50, 0xFF,
    0x6E, 0xBE, 0x50, 0xFF, 0x6E, 0xBE, 0x50, 0xFF, 0x32, 0x82, 0x14, 0xFF, 0x32, 0x82, 0x14, 0xFF,
    0x32, 0x82, 0x14, 0xFF, 0x00, 0x00, 0x00, 0x00, 0x00, 0x00, 0x00, 0x00, 0x00, 0x00, 0x00, 0x00,
    0x00, 0x00, 0x00, 0x00, 0x00, 0x00, 0x00, 0x00, 0x00, 0x00, 0x00, 0x00, 0x00, 0x00, 0x00, 0x00,
    0x00, 0x00, 0x00, 0x00, 0x00, 0x00, 0x00, 0x00, 0x00, 0x00, 0x00, 0x00, 0x00, 0x00, 0x00, 0x00,
    0x00, 0x00, 0x00, 0x00, 0x00, 0x00, 0x00, 0x00, 0x00, 0x00, 0x00, 0x00, 0x00, 0x00, 0x00, 0x00,
    0x00, 0x00, 0x00, 0x00, 0x00, 0x00, 0x00, 0x00, 0x00, 0x00, 0x00, 0x00, 0x00, 0x00, 0x00, 0x00,
    0x00, 0x00, 0x00, 0x00, 0x00, 0x00, 0x00, 0x00, 0x00, 0x00, 0x00, 0x00, 0x00, 0x00, 0x00, 0x00,
    0x32, 0x82, 0x14, 0xFF, 0x32, 0x82, 0x14, 0xFF, 0x6E, 0xBE, 0x50, 0xFF, 0x9B, 0xEB, 0x7D, 0xFF,
    0x9B, 0xEB, 0x7D, 0xFF, 0x9B, 0xEB, 0x7D, 0xFF, 0x9B, 0xEB, 0x7D, 0xFF, 0x9B, 0xEB, 0x7D, 0xFF,
    0x9B, 0xEB, 0x7D, 0xFF, 0x9B, 0xEB, 0x7D, 0xFF, 0x9B, 0xEB, 0x7D, 0xFF, 0x9B, 0xEB, 0x7D, 0xFF,
    0x6E, 0xBE, 0x50, 0xFF, 0x6E, 0xBE, 0x50, 0xFF, 0x6E, 0xBE, 0x50, 0xFF, 0x6E, 0xBE, 0x50, 0xFF,
    0x6E, 0xBE, 0x50, 0xFF, 0x6E, 0xBE, 0x50, 0xFF, 0x6E, 0xBE, 0x50, 0xFF, 0x6E, 0xBE, 0x50, 0xFF,
    0x6E, 0xBE, 0x50, 0xFF, 0x6E, 0xBE, 0x50, 0xFF, 0x6E, 0xBE, 0x50, 0xFF, 0x32, 0x82, 0x14, 0xFF,
    0x32, 0x82, 0x14, 0xFF, 0x00, 0x00, 0x00, 0x00, 0x00, 0x00, 0x00, 0x00, 0x00, 0x00, 0x00, 0x00,
    0x00, 0x00, 0x00, 0x00, 0x00, 0x00, 0x00, 0x00, 0x00, 0x00, 0x00, 0x00, 0x00, 0x00, 0x00, 0x00,
    0x00, 0x00, 0x00, 0x00, 0x00, 0x00, 0x00, 0x00, 0x00, 0x00, 0x00, 0x00, 0x00, 0x00, 0x00, 0x00,
    0x00, 0x00, 0x00, 0x00, 0x00, 0x00, 0x00, 0x00, 0x00, 0x00, 0x00, 0x00, 0x00, 0x00, 0x00, 0x00,
    0x00, 0x00, 0x00, 0x00, 0x00, 0x00, 0x00, 0x00, 0x00, 0x00, 0x00, 0x00, 0x00, 0x00, 0x00, 0x00,
    0x00, 0x00, 0x00, 0x00, 0x00, 0x00, 0x00, 0x00, 0x00, 0x00, 0x00, 0x00, 0x32, 0x82, 0x14, 0xFF,
    0x32, 0x82, 0x14, 0xFF, 0x6E, 0xBE, 0x50, 0xFF, 0x6E, 0xBE, 0x50, 0xFF, 0x9B, 0xEB, 0x7D, 0xFF,
    0x9B, 0xEB, 0x7D, 0xFF, 0x9B, 0xEB, 0x7D, 0xFF, 0x9B, 0xEB, 0x7D, 0xFF, 0x9B, 0xEB, 0x7D, 0xFF,
    0x9B, 0xEB, 0x7D, 0xFF, 0x9B, 0xEB, 0x7D, 0xFF, 0x9B, 0xEB, 0x7D, 0xFF, 0x9B, 0xEB, 0x7D, 0xFF,
    0x6E, 0xBE, 0x50, 0xFF, 0x6E, 0xBE, 0x50, 0xFF, 0x6E, 0xBE, 0x50, 0xFF, 0x6E, 0xBE, 0x50, 0xFF,
    0x6E, 0xBE, 0x50, 0xFF, 0x6E, 0xBE, 0x50, 0xFF, 0x6E, 0xBE, 0x50, 0xFF, 0x6E, 0xBE, 0x50, 0xFF,
    0x6E, 0xBE, 0x50, 0xFF, 0x6E, 0xBE, 0x50, 0xFF, 0x6E, 0xBE, 0x50, 0xFF, 0x6E, 0xBE, 0x50, 0xFF,
    0x32, 0x82, 0x14, 0xFF, 0x32, 0x82, 0x14, 0xFF, 0x00, 0x00, 0x00, 0x00, 0x00, 0x00, 0x00, 0x00,
    0x00, 0x00, 0x00, 0x00, 0x00, 0x00, 0x00, 0x00, 0x00, 0x00, 0x00, 0x00, 0x00, 0x00, 0x00, 0x00,
    0x00, 0x00, 0x00, 0x00, 0x00, 0x00, 0x00, 0x00, 0x00, 0x00, 0x00, 0x00, 0x00, 0x00, 0x00, 0x00,
    0x00, 0x00, 0x00, 0x00, 0x00, 0x00, 0x00, 0x00, 0x00, 0x00, 0x00, 0x00, 0x00, 0x00, 0x00, 0x00,
    0x00, 0x00, 0x00, 0x00, 0x00, 0x00, 0x00, 0x00, 0x00, 0x00, 0x00, 0x00, 0x00, 0x00, 0x00, 0x00,
    0x00, 0x00, 0x00, 0x00, 0x00, 0x00, 0x00, 0x00, 0x00, 0x00, 0x00, 0x00, 0x32, 0x82, 0x14, 0xFF,
    0x32, 0x82, 0x14, 0xFF, 0x6E, 0xBE, 0x50, 0xFF, 0x6E, 0xBE, 0x50, 0xFF, 0x9B, 0xEB, 0x7D, 0xFF,
    0x9B, 0xEB, 0x7D, 0xFF, 0x9B, 0xEB, 0x7D, 0xFF, 0x9B, 0xEB, 0x7D, 0xFF, 0x9B, 0xEB, 0x7D, 0xFF,
    0x9B, 0xEB, 0x7D, 0xFF, 0x9B, 0xEB, 0x7D, 0xFF, 0x9B, 0xEB, 0x7D, 0xFF, 0x9B, 0xEB, 0x7D, 0xFF,
    0x6E, 0xBE, 0x50, 0xFF, 0x6E, 0xBE, 0x50, 0xFF, 0x6E, 0xBE, 0x50, 0xFF, 0x6E, 0xBE, 0x50, 0xFF,
    0x6E, 0xBE, 0x50, 0xFF, 0x6E, 0xBE, 0x50, 0xFF, 0x6E, 0xBE, 0x50, 0xFF, 0x6E, 0xBE, 0x50, 0xFF,
    0x6E, 0xBE, 0x50, 0xFF, 0x6E, 0xBE, 0x50, 0xFF, 0x6E, 0xBE, 0x50, 0xFF, 0x6E, 0xBE, 0x50, 0xFF,
    0x32, 0x82, 0x14, 0xFF, 0x32, 0x82, 0x14, 0xFF, 0x00, 0x00, 0x00, 0x00, 0x00, 0x00, 0x00, 0x00,
    0x00, 0x00, 0x00, 0x00, 0x00, 0x00, 0x00, 0x00, 0x00, 0x00, 0x00, 0x00, 0x00, 0x00, 0x00, 0x00,
    0x00, 0x00, 0x00, 0x00, 0x00, 0x00, 0x00, 0x00, 0x00, 0x00, 0x00, 0x00, 0x00, 0x00, 0x00, 0x00,
    0x00, 0x00, 0x00, 0x00, 0x00, 0x00, 0x00, 0x00, 0x00, 0x00, 0x00, 0x00, 0x00, 0x00, 0x00, 0x00,
    0x00, 0x00, 0x00, 0x00, 0x00, 0x00, 0x00, 0x00, 0x00, 0x00, 0x00, 0x00, 0x00, 0x00, 0x00, 0x00,
    0x00, 0x00, 0x00, 0x00, 0x00, 0x00, 0x00, 0x00, 0x32, 0x82, 0x14, 0xFF, 0x32, 0x82, 0x14, 0xFF,
    0x6E, 0xBE, 0x50, 0xFF, 0x6E, 0xBE, 0x50, 0xFF, 0x6E, 0xBE, 0x50, 0xFF, 0x9B, 0xEB, 0x7D, 0xFF,
    0x9B, 0xEB, 0x7D, 0xFF, 0x9B, 0xEB, 0x7D, 0xFF, 0x9B, 0xEB, 0x7D, 0xFF, 0x9B, 0xEB, 0x7D, 0xFF,
    0x9B, 0xEB, 0x7D, 0xFF, 0x9B, 0xEB, 0x7D, 0xFF, 0x9B, 0xEB, 0x7D, 0xFF, 0x9B, 0xEB, 0x7D, 0xFF,
    0x6E, 0xBE, 0x50, 0xFF, 0x6E, 0xBE, 0x50, 0xFF, 0x6E, 0xBE, 0x50, 0xFF, 0x6E, 0xBE, 0x50, 0xFF,
    0x6E, 0xBE, 0x50, 0xFF, 0x6E, 0xBE, 0x50, 0xFF, 0x6E, 0xBE, 0x50, 0xFF, 0x6E, 0xBE, 0x50, 0xFF,
    0x6E, 0xBE, 0x50, 0xFF, 0x6E, 0xBE, 0x50, 0xFF, 0x6E, 0xBE, 0x50, 0xFF, 0x6E, 0xBE, 0x50, 0xFF,
    0x6E, 0xBE, 0x50, 0xFF, 0x32, 0x82, 0x14, 0xFF, 0x32, 0x82, 0x14, 0xFF, 0x00, 0x00, 0x00, 0x00,
    0x00, 0x00, 0x00, 0x00, 0x00, 0x00, 0x00, 0x00, 0x00, 0x00, 0x00, 0x00, 0x00, 0x00, 0x00, 0x00,
    0x00, 0x00, 0x00, 0x00, 0x00, 0x00, 0x00, 0x00, 0x00, 0x00, 0x00, 0x00, 0x00, 0x00, 0x00, 0x00,
    0x00, 0x00, 0x00, 0x00, 0x00, 0x00, 0x00, 0x00, 0x00, 0x00, 0x00, 0x00, 0x00, 0x00, 0x00, 0x00,
    0x00, 0x00, 0x00, 0x00, 0x00, 0x00, 0x00, 0x00, 0x00, 0x00, 0x00, 0x00, 0x00, 0x00, 0x00, 0x00,
    0x00, 0x00, 0x00, 0x00, 0x00, 0x00, 0x00, 0x00, 0x32, 0x82, 0x14, 0xFF, 0x32, 0x82, 0x14, 0xFF,
    0x6E, 0xBE, 0x50, 0xFF, 0x6E, 0xBE, 0x50, 0xFF, 0x6E, 0xBE, 0x50, 0xFF, 0x9B, 0xEB, 0x7D, 0xFF,
    0x9B, 0xEB, 0x7D, 0xFF, 0x9B, 0xEB, 0x7D, 0xFF, 0x9B, 0xEB, 0x7D, 0xFF, 0x9B, 0xEB, 0x7D, 0xFF,
    0x9B, 0xEB, 0x7D, 0xFF, 0x9B, 0xEB, 0x7D, 0xFF, 0x9B, 0xEB, 0x7D, 0xFF, 0x9B, 0xEB, 0x7D, 0xFF,
    0x6E, 0xBE, 0x50, 0xFF, 0x6E, 0xBE, 0x50, 0xFF, 0x6E, 0xBE, 0x50, 0xFF, 0x6E, 0xBE, 0x50, 0xFF,
    0x6E, 0xBE, 0x50, 0xFF, 0x6E, 0xBE, 0x50, 0xFF, 0x6E, 0xBE, 0x50, 0xFF, 0x6E, 0xBE, 0x50, 0xFF,
    0x6E, 0xBE, 0x50, 0xFF, 0x6E, 0xBE, 0x50, 0xFF, 0x6E, 0xBE, 0x50, 0xFF, 0x6E, 0xBE, 0x50, 0xFF,
    0x6E, 0xBE, 0x50, 0xFF, 0x32, 0x82, 0x14, 0xFF, 0x32, 0x82, 0x14, 0xFF, 0x00, 0x00, 0x00, 0x00,
    0x00, 0x00, 0x00, 0x00, 0x00, 0x00, 0x00, 0x00, 0x00, 0x00, 0x00, 0x00, 0x00, 0x00, 0x00, 0x00,
    0x00, 0x00, 0x00, 0x00, 0x00, 0x00, 0x00, 0x00, 0x00, 0x00, 0x00, 0x00, 0x00, 0x00, 0x00, 0x00,
    0x00, 0x00, 0x00, 0x00, 0x00, 0x00, 0x00, 0x00, 0x00, 0x00, 0x00, 0x00, 0x00, 0x00, 0x00, 0x00,
    0x00, 0x00, 0x00, 0x00, 0x00, 0x00, 0x00, 0x00, 0x00, 0x00, 0x00, 0x00, 0x00, 0x00, 0x00, 0x00,
    0x00, 0x00, 0x00, 0x00, 0x00, 0x00, 0x00, 0x00, 0x32, 0x82, 0x14, 0xFF, 0x32, 0x82, 0x14, 0xFF,
    0x6E, 0xBE, 0x50, 0xFF, 0x6E, 0xBE, 0x50, 0xFF, 0x6E, 0xBE, 0x50, 0xFF, 0x6E, 0xBE, 0x50, 0xFF,
    0x9B, 0xEB, 0x7D, 0xFF, 0x9B, 0xEB, 0x7D, 0xFF, 0x9B, 0xEB, 0x7D, 0xFF, 0x9B, 0xEB, 0x7D, 0xFF,
    0x9B, 0xEB, 0x7D, 0xFF, 0x9B, 0xEB, 0x7D, 0xFF, 0x9B, 0xEB, 0x7D, 0xFF, 0x6E, 0xBE, 0x50, 0xFF,
    0x6E, 0xBE, 0x50, 0xFF, 0x6E, 0xBE, 0x50, 0xFF, 0x6E, 0xBE, 0x50, 0xFF, 0x6E, 0xBE, 0x50, 0xFF,
    0x6E, 0xBE, 0x50, 0xFF, 0x6E, 0xBE, 0x50, 0xFF, 0x6E, 0xBE, 0x50, 0xFF, 0x6E, 0xBE, 0x50, 0xFF,
    0x6E, 0xBE, 0x50, 0xFF, 0x6E, 0xBE, 0x50, 0xFF, 0x6E, 0xBE, 0x50, 0xFF, 0x6E, 0xBE, 0x50, 0xFF,
    0x6E, 0xBE, 0x50, 0xFF, 0x32, 0x82, 0x14, 0xFF, 0x32, 0x82, 0x14, 0xFF, 0x00, 0x00, 0x00, 0x00,
    0x00, 0x00, 0x00, 0x00, 0x00, 0x00, 0x00, 0x00, 0x00, 0x00, 0x00, 0x00, 0x00, 0x00, 0x00, 0x00,
    0x00, 0x00, 0x00, 0x00, 0x00, 0x00, 0x00, 0x00, 0x00, 0x00, 0x00, 0x00, 0x00, 0x00, 0x00, 0x00,
    0x00, 0x00, 0x00, 0x00, 0x00, 0x00, 0x00, 0x00, 0x00, 0x00, 0x00, 0x00, 0x00, 0x00, 0x00, 0x00,
    0x00, 0x00, 0x00, 0x00, 0x00, 0x00, 0x00, 0x00, 0x00, 0x00, 0x00, 0x00, 0x00, 0x00, 0x00, 0x00,
    0x00, 0x00, 0x00, 0x00, 0x00, 0x00, 0x00, 0x00, 0x32, 0x82, 0x14, 0xFF, 0x32, 0x82, 0x14, 0xFF,
    0x6E, 0xBE, 0x50, 0xFF, 0x6E, 0xBE, 0x50, 0xFF, 0x6E, 0xBE, 0x50, 0xFF, 0x6E, 0xBE, 0x50, 0xFF,
    0x6E, 0xBE, 0x50, 0xFF, 0x9B, 0xEB, 0x7D, 0xFF, 0x9B, 0xEB, 0x7D, 0xFF, 0x9B, 0xEB, 0x7D, 0xFF,
    0x9B, 0xEB, 0x7D, 0xFF, 0x9B, 0xEB, 0x7D, 0xFF, 0x6E, 0xBE, 0x50, 0xFF, 0x6E, 0xBE, 0x50, 0xFF,
    0x6E, 0xBE, 0x50, 0xFF, 0x6E, 0xBE, 0x50, 0xFF, 0x6E, 0xBE, 0x50, 0xFF, 0x6E, 0xBE, 0x50, 0xFF,
    0x6E, 0xBE, 0x50, 0xFF, 0x6E, 0xBE, 0x50, 0xFF, 0x6E, 0xBE, 0x50, 0xFF, 0x6E, 0xBE, 0x50, 0xFF,
    0x6E, 0xBE, 0x50, 0xFF, 0x6E, 0xBE, 0x50, 0xFF, 0x6E, 0xBE, 0x50, 0xFF, 0x6E, 0xBE, 0x50, 0xFF,
    0x6E, 0xBE, 0x50, 0xFF, 0x32, 0x82, 0x14, 0xFF, 0x32, 0x82, 0x14, 0xFF, 0x00, 0x00, 0x00, 0x00,
    0x00, 0x00, 0x00, 0x00, 0x00, 0x00, 0x00, 0x00, 0x00, 0x00, 0x00, 0x00, 0x00, 0x00, 0x00, 0x00,
    0x00, 0x00, 0x00, 0x00, 0x00, 0x00, 0x00, 0x00, 0x00, 0x00, 0x00, 0x00, 0x00, 0x00, 0x00, 0x00,
    0x00, 0x00, 0x00, 0x00, 0x00, 0x00, 0x00, 0x00, 0x00, 0x00, 0x00, 0x00, 0x00, 0x00, 0x00, 0x00,
    0x00, 0x00, 0x00, 0x00, 0x00, 0x00, 0x00, 0x00, 0x00, 0x00, 0x00, 0x00, 0x00, 0x00, 0x00, 0x00,
    0x00, 0x00, 0x00, 0x00, 0x32, 0x82, 0x14, 0xFF, 0x32, 0x82, 0x14, 0xFF, 0x6E, 0xBE, 0x50, 0xFF,
    0x6E, 0xBE, 0x50, 0xFF, 0x6E, 0xBE, 0x50, 0xFF, 0x6E, 0xBE, 0x50, 0xFF, 0x6E, 0xBE, 0x50, 0xFF,
    0x6E, 0xBE, 0x50, 0xFF, 0x6E, 0xBE, 0x50, 0xFF, 0x9B, 0xEB, 0x7D, 0xFF, 0x9B, 0xEB, 0x7D, 0xFF,
    0x9B, 0xEB, 0x7D, 0xFF, 0x6E, 0xBE, 0x50, 0xFF, 0x6E, 0xBE, 0x50, 0xFF, 0x6E, 0xBE, 0x50, 0xFF,
    0x6E, 0xBE, 0x50, 0xFF, 0x6E, 0xBE, 0x50, 0xFF, 0x6E, 0xBE, 0x50, 0xFF, 0x6E, 0xBE, 0x50, 0xFF,
    0x6E, 0xBE, 0x50, 0xFF, 0x6E, 0xBE, 0x50, 0xFF, 0x6E, 0xBE, 0x50, 0xFF, 0x6E, 0xBE, 0x50, 0xFF,
    0x6E, 0xBE, 0x50, 0xFF, 0x6E, 0xBE, 0x50, 0xFF, 0x6E, 0xBE, 0x50, 0xFF, 0x6E, 0xBE, 0x50, 0xFF,
    0x6E, 0xBE, 0x50, 0xFF, 0x6E, 0xBE, 0x50, 0xFF, 0x32, 0x82, 0x14, 0xFF, 0x32, 0x82, 0x14, 0xFF,
    0x00, 0x00, 0x00, 0x00, 0x00, 0x00, 0x00, 0x00, 0x00, 0x00, 0x00, 0x00, 0x00, 0x00, 0x00, 0x00,
    0x00, 0x00, 0x00, 0x00, 0x00, 0x00, 0x00, 0x00, 0x00, 0x00, 0x00, 0x00, 0x00, 0x00, 0x00, 0x00,
    0x00, 0x00, 0x00, 0x00, 0x00, 0x00, 0x00, 0x00, 0x00, 0x00, 0x00, 0x00, 0x00, 0x00, 0x00, 0x00,
    0x00, 0x00, 0x00, 0x00, 0x00, 0x00, 0x00, 0x00, 0x00, 0x00, 0x00, 0x00, 0x00, 0x00, 0x00, 0x00,
    0x00, 0x00, 0x00, 0x00, 0x32, 0x82, 0x14, 0xFF, 0x32, 0x82, 0x14, 0xFF, 0x6E, 0xBE, 0x50, 0xFF,
    0x6E, 0xBE, 0x50, 0xFF, 0x6E, 0xBE, 0x50, 0xFF, 0x6E, 0xBE, 0x50, 0xFF, 0x6E, 0xBE, 0x50, 0xFF,
    0x6E, 0xBE, 0x50, 0xFF, 0x6E, 0xBE, 0x50, 0xFF, 0x6E, 0xBE, 0x50, 0xFF, 0x6E, 0xBE, 0x50, 0xFF,
    0x6E, 0xBE, 0x50, 0xFF, 0x6E, 0xBE, 0x50, 0xFF, 0x6E, 0xBE, 0x50, 0xFF, 0x6E, 0xBE, 0x50, 0xFF,
    0x6E, 0xBE, 0x50, 0xFF, 0x6E, 0xBE, 0x50, 0xFF, 0x6E, 0xBE, 0x50, 0xFF, 0x6E, 0xBE, 0x50, 0xFF,
    0x6E, 0xBE, 0x50, 0xFF, 0x6E, 0xBE, 0x50, 0xFF, 0x6E, 0xBE, 0x50, 0xFF, 0x6E, 0xBE, 0x50, 0xFF,
    0x6E, 0xBE, 0x50, 0xFF, 0x6E, 0xBE, 0x50, 0xFF, 0x6E, 0xBE, 0x50, 0xFF, 0x6E, 0xBE, 0x50, 0xFF,
    0x6E, 0xBE, 0x50, 0xFF, 0x6E, 0xBE, 0x50, 0xFF, 0x32, 0x82, 0x14, 0xFF, 0x32, 0x82, 0x14, 0xFF,
    0x00, 0x00, 0x00, 0x00, 0x00, 0x00, 0x00, 0x00, 0x00, 0x00, 0x00, 0x00, 0x00, 0x00, 0x00, 0x00,
    0x00, 0x00, 0x00, 0x00, 0x00, 0x00, 0x00, 0x00, 0x00, 0x00, 0x00, 0x00, 0x00, 0x00, 0x00, 0x00,
    0x00, 0x00, 0x00, 0x00, 0x00, 0x00, 0x00, 0x00, 0x00, 0x00, 0x00, 0x00, 0x00, 0x00, 0x00, 0x00,
    0x00, 0x00, 0x00, 0x00, 0x00, 0x00, 0x00, 0x00, 0x00, 0x00, 0x00, 0x00, 0x00, 0x00, 0x00, 0x00,
    0x00, 0x00, 0x00, 0x00, 0x32, 0x82, 0x14, 0xFF, 0x32, 0x82, 0x14, 0xFF, 0x6E, 0xBE, 0x50, 0xFF,
    0x6E, 0xBE, 0x50, 0xFF, 0x6E, 0xBE, 0x50, 0xFF, 0x6E, 0xBE, 0x50, 0xFF, 0x6E, 0xBE, 0x50, 0xFF,
    0x6E, 0xBE, 0x50, 0xFF, 0x6E, 0xBE, 0x50, 0xFF, 0x6E, 0xBE, 0x50, 0xFF, 0x6E, 0xBE, 0x50, 0xFF,
    0x6E, 0xBE, 0x50, 0xFF, 0x6E, 0xBE, 0x50, 0xFF, 0x6E, 0xBE, 0x50, 0xFF, 0x6E, 0xBE, 0x50, 0xFF,
    0x6E, 0xBE, 0x50, 0xFF, 0x6E, 0xBE, 0x50, 0xFF, 0x6E, 0xBE, 0x50, 0xFF, 0x6E, 0xBE, 0x50, 0xFF,
    0x6E, 0xBE, 0x50, 0xFF, 0x6E, 0xBE, 0x50, 0xFF, 0x6E, 0xBE, 0x50, 0xFF, 0x6E, 0xBE, 0x50, 0xFF,
    0x6E, 0xBE, 0x50, 0xFF, 0x6E, 0xBE, 0x50, 0xFF, 0x6E, 0xBE, 0x50, 0xFF, 0x6E, 0xBE, 0x50, 0xFF,
    0x6E, 0xBE, 0x50, 0xFF, 0x6E, 0xBE, 0x50, 0xFF, 0x32, 0x82, 0x14, 0xFF, 0x32, 0x82, 0x14, 0xFF,
    0x00, 0x00, 0x00, 0x00, 0x00, 0x00, 0x00, 0x00, 0x00, 0x00, 0x00, 0x00, 0x00, 0x00, 0x00, 0x00,
    0x00, 0x00, 0x00, 0x00, 0x00, 0x00, 0x00, 0x00, 0x00, 0x00, 0x00, 0x00, 0x00, 0x00, 0x00, 0x00,
    0x00, 0x00, 0x00, 0x00, 0x00, 0x00, 0x00, 0x00, 0x00, 0x00, 0x00, 0x00, 0x00, 0x00, 0x00, 0x00,
    0x00, 0x00, 0x00, 0x00, 0x00, 0x00, 0x00, 0x00, 0x00, 0x00, 0x00, 0x00, 0x00, 0x00, 0x00, 0x00,
    0x00, 0x00, 0x00, 0x00, 0x32, 0x82, 0x14, 0xFF, 0x32, 0x82, 0x14, 0xFF, 0x6E, 0xBE, 0x50, 0xFF,
    0x6E, 0xBE, 0x50, 0xFF, 0x6E, 0xBE, 0x50, 0xFF, 0x6E, 0xBE, 0x50, 0xFF, 0x6E, 0xBE, 0x50, 0xFF,
    0x6E, 0xBE, 0x50, 0xFF, 0x6E, 0xBE, 0x50, 0xFF, 0x6E, 0xBE, 0x50, 0xFF, 0x6E, 0xBE, 0x50, 0xFF,
    0x6E, 0xBE, 0x50, 0xFF, 0x6E, 0xBE, 0x50, 0xFF, 0x6E, 0xBE, 0x50, 0xFF, 0x6E, 0xBE, 0x50, 0xFF,
    0x6E, 0xBE, 0x50, 0xFF, 0x6E, 0xBE, 0x50, 0xFF, 0x6E, 0xBE, 0x50, 0xFF, 0x6E, 0xBE, 0x50, 0xFF,
    0x6E, 0xBE, 0x50, 0xFF, 0x6E, 0xBE, 0x50, 0xFF, 0x6E, 0xBE, 0x50, 0xFF, 0x6E, 0xBE, 0x50, 0xFF,
    0x6E, 0xBE, 0x50, 0xFF, 0x6E, 0xBE, 0x50, 0xFF, 0x6E, 0xBE, 0x50, 0xFF, 0x6E, 0xBE, 0x50, 0xFF,
    0x6E, 0xBE, 0x50, 0xFF, 0x6E, 0xBE, 0x50, 0xFF, 0x32, 0x82, 0x14, 0xFF, 0x32, 0x82, 0x14, 0xFF,
    0x00, 0x00, 0x00, 0x00, 0x00, 0x00, 0x00, 0x00, 0x00, 0x00, 0x00, 0x00, 0x00, 0x00, 0x00, 0x00,
    0x00, 0x00, 0x00, 0x00, 0x00, 0x00, 0x00, 0x00, 0x00, 0x00, 0x00, 0x00, 0x00, 0x00, 0x00, 0x00,
    0x00, 0x00, 0x00, 0x00, 0x00, 0x00, 0x00, 0x00, 0x00, 0x00, 0x00, 0x00, 0x00, 0x00, 0x00, 0x00,
    0x00, 0x00, 0x00, 0x00, 0x00, 0x00, 0x00, 0x00, 0x00, 0x00, 0x00, 0x00, 0x00, 0x00, 0x00, 0x00,
    0x00, 0x00, 0x00, 0x00, 0x32, 0x82, 0x14, 0xFF, 0x32, 0x82, 0x14, 0xFF, 0x6E, 0xBE, 0x50, 0xFF,
    0x6E, 0xBE, 0x50, 0xFF, 0x6E, 0xBE, 0x50, 0xFF, 0x6E, 0xBE, 0x50, 0xFF, 0x6E, 0xBE, 0x50, 0xFF,
    0x6E, 0xBE, 0x50, 0xFF, 0x6E, 0xBE, 0x50, 0xFF, 0x6E, 0xBE, 0x50, 0xFF, 0x6E, 0xBE, 0x50, 0xFF,
    0x6E, 0xBE, 0x50, 0xFF, 0x6E, 0xBE, 0x50, 0xFF, 0x6E, 0xBE, 0x50, 0xFF, 0x6E, 0xBE, 0x50, 0xFF,
    0x6E, 0xBE, 0x50, 0xFF, 0x6E, 0xBE, 0x50, 0xFF, 0x6E, 0xBE, 0x50, 0xFF, 0x6E, 0xBE, 0x50, 0xFF,
    0x6E, 0xBE, 0x50, 0xFF, 0x6E, 0xBE, 0x50, 0xFF, 0x6E, 0xBE, 0x50, 0xFF, 0x6E, 0xBE, 0x50, 0xFF,
    0x6E, 0xBE, 0x50, 0xFF, 0x6E, 0xBE, 0x50, 0xFF, 0x6E, 0xBE, 0x50, 0xFF, 0x6E, 0xBE, 0x50, 0xFF,
    0x6E, 0xBE, 0x50, 0xFF, 0x6E, 0xBE, 0x50, 0xFF, 0x32, 0x82, 0x14, 0xFF, 0x32, 0x82, 0x14, 0xFF,
    0x00, 0x00, 0x00, 0x00, 0x00, 0x00, 0x00, 0x00, 0x00, 0x00, 0x00, 0x00, 0x00, 0x00, 0x00, 0x00,
    0x00, 0x00, 0x00, 0x00, 0x00, 0x00, 0x00, 0x00, 0x00, 0x00, 0x00, 0x00, 0x00, 0x00, 0x00, 0x00,
    0x00, 0x00, 0x00, 0x00, 0x00, 0x00, 0x00, 0x00, 0x00, 0x00, 0x00, 0x00, 0x00, 0x00, 0x00, 0x00,
    0x00, 0x00, 0x00, 0x00, 0x00, 0x00, 0x00, 0x00, 0x00, 0x00, 0x00, 0x00, 0x00, 0x00, 0x00, 0x00,
    0x00, 0x00, 0x00, 0x00, 0x32, 0x82, 0x14, 0xFF, 0x32, 0x82, 0x14, 0xFF, 0x6E, 0xBE, 0x50, 0xFF,
    0x6E, 0xBE, 0x50, 0xFF, 0x6E, 0xBE, 0x50, 0xFF, 0x6E, 0xBE, 0x50, 0xFF, 0x6E, 0xBE, 0x50, 0xFF,
    0x6E, 0xBE, 0x50, 0xFF, 0x6E, 0xBE, 0x50, 0xFF, 0x6E, 0xBE, 0x50, 0xFF, 0x6E, 0xBE, 0x50, 0xFF,
    0x6E, 0xBE, 0x50, 0xFF, 0x6E, 0xBE, 0x50, 0xFF, 0x6E, 0xBE, 0x50, 0xFF, 0x6E, 0xBE, 0x50, 0xFF,
    0x6E, 0xBE, 0x50, 0xFF, 0x6E, 0xBE, 0x50, 0xFF, 0x6E, 0xBE, 0x50, 0xFF, 0x6E, 0xBE, 0x50, 0xFF,
    0x6E, 0xBE, 0x50, 0xFF, 0x6E, 0xBE, 0x50, 0xFF, 0x6E, 0xBE, 0x50, 0xFF, 0x6E, 0xBE, 0x50, 0xFF,
    0x6E, 0xBE, 0x50, 0xFF, 0x6E, 0xBE, 0x50, 0xFF, 0x6E, 0xBE, 0x50, 0xFF, 0x6E, 0xBE, 0x50, 0xFF,
    0x6E, 0xBE, 0x50, 0xFF, 0x6E, 0xBE, 0x50, 0xFF, 0x32, 0x82, 0x14, 0xFF, 0x32, 0x82, 0x14, 0xFF,
    0x00, 0x00, 0x00, 0x00, 0x00, 0x00, 0x00, 0x00, 0x00, 0x00, 0x00, 0x00, 0x00, 0x00, 0x00, 0x00,
    0x00, 0x00, 0x00, 0x00, 0x00, 0x00, 0x00, 0x00, 0x00, 0x00, 0x00, 0x00, 0x00, 0x00, 0x00, 0x00,
    0x00, 0x00, 0x00, 0x00, 0x00, 0x00, 0x00, 0x00, 0x00, 0x00, 0x00, 0x00, 0x00, 0x00, 0x00, 0x00,
    0x00, 0x00, 0x00, 0x00, 0x00, 0x00, 0x00, 0x00, 0x00, 0x00, 0x00, 0x00, 0x00, 0x00, 0x00, 0x00,
    0x00, 0x00, 0x00, 0x00, 0x32, 0x82, 0x14, 0xFF, 0x32, 0x82, 0x14, 0xFF, 0x6E, 0xBE, 0x50, 0xFF,
    0x6E, 0xBE, 0x50, 0xFF, 0x6E, 0xBE, 0x50, 0xFF, 0x6E, 0xBE, 0x50, 0xFF, 0x6E, 0xBE, 0x50, 0xFF,
    0x6E, 0xBE, 0x50, 0xFF, 0x6E, 0xBE, 0x50, 0xFF, 0x6E, 0xBE, 0x50, 0xFF, 0x6E, 0xBE, 0x50, 0xFF,
    0x6E, 0xBE, 0x50, 0xFF, 0x6E, 0xBE, 0x50, 0xFF, 0x6E, 0xBE, 0x50, 0xFF, 0x6E, 0xBE, 0x50, 0xFF,
    0x6E, 0xBE, 0x50, 0xFF, 0x6E, 0xBE, 0x50, 0xFF, 0x6E, 0xBE, 0x50, 0xFF, 0x6E, 0xBE, 0x50, 0xFF,
    0x6E, 0xBE, 0x50, 0xFF, 0x6E, 0xBE, 0x50, 0xFF, 0x6E, 0xBE, 0x50, 0xFF, 0x6E, 0xBE, 0x50, 0xFF,
    0x6E, 0xBE, 0x50, 0xFF, 0x6E, 0xBE, 0x50, 0xFF, 0x6E, 0xBE, 0x50, 0xFF, 0x6E, 0xBE, 0x50, 0xFF,
    0x6E, 0xBE, 0x50, 0xFF, 0x6E, 0xBE, 0x50, 0xFF, 0x32, 0x82, 0x14, 0xFF, 0x32, 0x82, 0x14, 0xFF,
    0x00, 0x00, 0x00, 0x00, 0x00, 0x00, 0x00, 0x00, 0x00, 0x00, 0x00, 0x00, 0x00, 0x00, 0x00, 0x00,
    0x00, 0x00, 0x00, 0x00, 0x00, 0x00, 0x00, 0x00, 0x00, 0x00, 0x00, 0x00, 0x00, 0x00, 0x00, 0x00,
    0x00, 0x00, 0x00, 0x00, 0x00, 0x00, 0x00, 0x00, 0x00, 0x00, 0x00, 0x00, 0x00, 0x00, 0x00, 0x00,
    0x00, 0x00, 0x00, 0x00, 0x00, 0x00, 0x00, 0x00, 0x00, 0x00, 0x00, 0x00, 0x00, 0x00, 0x00, 0x00,
    0x00, 0x00, 0x00, 0x00, 0x32, 0x82, 0x14, 0xFF, 0x32, 0x82, 0x14, 0xFF, 0x6E, 0xBE, 0x50, 0xFF,
    0x6E, 0xBE, 0x50, 0xFF, 0x6E, 0xBE, 0x50, 0xFF, 0x6E, 0xBE, 0x50, 0xFF, 0x6E, 0xBE, 0x50, 0xFF,
    0x6E, 0xBE, 0x50, 0xFF, 0x6E, 0xBE, 0x50, 0xFF, 0x6E, 0xBE, 0x50, 0xFF, 0x6E, 0xBE, 0x50, 0xFF,
    0x6E, 0xBE, 0x50, 0xFF, 0x6E, 0xBE, 0x50, 0xFF, 0x6E, 0xBE, 0x50, 0xFF, 0x6E, 0xBE, 0x50, 0xFF,
    0x6E, 0xBE, 0x50, 0xFF, 0x6E, 0xBE, 0x50, 0xFF, 0x6E, 0xBE, 0x50, 0xFF, 0x6E, 0xBE, 0x50, 0xFF,
    0x6E, 0xBE, 0x50, 0xFF, 0x6E, 0xBE, 0x50, 0xFF, 0x6E, 0xBE, 0x50, 0xFF, 0x6E, 0xBE, 0x50, 0xFF,
    0x6E, 0xBE, 0x50, 0xFF, 0x6E, 0xBE, 0x50, 0xFF, 0x6E, 0xBE, 0x50, 0xFF, 0x6E, 0xBE, 0x50, 0xFF,
    0x6E, 0xBE, 0x50, 0xFF, 0x6E, 0xBE, 0x50, 0xFF, 0x32, 0x82, 0x14, 0xFF, 0x32, 0x82, 0x14, 0xFF,
    0x00, 0x00, 0x00, 0x00, 0x00, 0x00, 0x00, 0x00, 0x00, 0x00, 0x00, 0x00, 0x00, 0x00, 0x00, 0x00,
    0x00, 0x00, 0x00, 0x00, 0x00, 0x00, 0x00, 0x00, 0x00, 0x00, 0x00, 0x00, 0x00, 0x00, 0x00, 0x00,
    0x00, 0x00, 0x00, 0x00, 0x00, 0x00, 0x00, 0x00, 0x00, 0x00, 0x00, 0x00, 0x00, 0x00, 0x00, 0x00,
    0x00, 0x00, 0x00, 0x00, 0x00, 0x00, 0x00, 0x00, 0x00, 0x00, 0x00, 0x00, 0x00, 0x00, 0x00, 0x00,
    0x00, 0x00, 0x00, 0x00, 0x32, 0x82, 0x14, 0xFF, 0x32, 0x82, 0x14, 0xFF, 0x6E, 0xBE, 0x50, 0xFF,
    0x6E, 0xBE, 0x50, 0xFF, 0x6E, 0xBE, 0x50, 0xFF, 0x6E, 0xBE, 0x50, 0xFF, 0x6E, 0xBE, 0x50, 0xFF,
    0x6E, 0xBE, 0x50, 0xFF, 0x6E, 0xBE, 0x50, 0xFF, 0x6E, 0xBE, 0x50, 0xFF, 0x6E, 0xBE, 0x50, 0xFF,
    0x6E, 0xBE, 0x50, 0xFF, 0x6E, 0xBE, 0x50, 0xFF, 0x6E, 0xBE, 0x50, 0xFF, 0x6E, 0xBE, 0x50, 0xFF,
    0x6E, 0xBE, 0x50, 0xFF, 0x6E, 0xBE, 0x50, 0xFF, 0x6E, 0xBE, 0x50, 0xFF, 0x6E, 0xBE, 0x50, 0xFF,
    0x6E, 0xBE, 0x50, 0xFF, 0x6E, 0xBE, 0x50, 0xFF, 0x6E, 0xBE, 0x50, 0xFF, 0x6E, 0xBE, 0x50, 0xFF,
    0x6E, 0xBE, 0x50, 0xFF, 0x6E, 0xBE, 0x50, 0xFF, 0x6E, 0xBE, 0x50, 0xFF, 0x6E, 0xBE, 0x50, 0xFF,
    0x6E, 0xBE, 0x50, 0xFF, 0x6E, 0xBE, 0x50, 0xFF, 0x32, 0x82, 0x14, 0xFF, 0x32, 0x82, 0x14, 0xFF,
    0x00, 0x00, 0x00, 0x00, 0x00, 0x00, 0x00, 0x00, 0x00, 0x00, 0x00, 0x00, 0x00, 0x00, 0x00, 0x00,
    0x00, 0x00, 0x00, 0x00, 0x00, 0x00, 0x00, 0x00, 0x00, 0x00, 0x00, 0x00, 0x00, 0x00, 0x00, 0x00,
    0x00, 0x00, 0x00, 0x00, 0x00, 0x00, 0x00, 0x00, 0x00, 0x00, 0x00, 0x00, 0x00, 0x00, 0x00, 0x00,
    0x00, 0x00, 0x00, 0x00, 0x00, 0x00, 0x00, 0x00, 0x00, 0x00, 0x00, 0x00, 0x00, 0x00, 0x00, 0x00,
    0x00, 0x00, 0x00, 0x00, 0x00, 0x00, 0x00, 0x00, 0x32, 0x82, 0x14, 0xFF, 0x32, 0x82, 0x14, 0xFF,
    0x6E, 0xBE, 0x50, 0xFF, 0x6E, 0xBE, 0x50, 0xFF, 0x6E, 0xBE, 0x50, 0xFF, 0x6E, 0xBE, 0x50, 0xFF,
    0x6E, 0xBE, 0x50, 0xFF, 0x6E, 0xBE, 0x50, 0xFF, 0x6E, 0xBE, 0x50, 0xFF, 0x6E, 0xBE, 0x50, 0xFF,
    0x6E, 0xBE, 0x50, 0xFF, 0x6E, 0xBE, 0x50, 0xFF, 0x6E, 0xBE, 0x50, 0xFF, 0x6E, 0xBE, 0x50, 0xFF,
    0x6E, 0xBE, 0x50, 0xFF, 0x6E, 0xBE, 0x50, 0xFF, 0x6E, 0xBE, 0x50, 0xFF, 0x6E, 0xBE, 0x50, 0xFF,
    0x6E, 0xBE, 0x50, 0xFF, 0x6E, 0xBE, 0x50, 0xFF, 0x6E, 0xBE, 0x50, 0xFF, 0x6E, 0xBE, 0x50, 0xFF,
    0x6E, 0xBE, 0x50, 0xFF, 0x6E, 0xBE, 0x50, 0xFF, 0x6E, 0xBE, 0x50, 0xFF, 0x6E, 0xBE, 0x50, 0xFF,
    0x6E, 0xBE, 0x50, 0xFF, 0x32, 0x82, 0x14, 0xFF, 0x32, 0x82, 0x14, 0xFF, 0x00, 0x00, 0x00, 0x00,
    0x00, 0x00, 0x00, 0x00, 0x00, 0x00, 0x00, 0x00, 0x00, 0x00, 0x00, 0x00, 0x00, 0x00, 0x00, 0x00,
    0x00, 0x00, 0x00, 0x00, 0x00, 0x00, 0x00, 0x00, 0x00, 0x00, 0x00, 0x00, 0x00, 0x00, 0x00, 0x00,
    0x00, 0x00, 0x00, 0x00, 0x00, 0x00, 0x00, 0x00, 0x00, 0x00, 0x00, 0x00, 0x00, 0x00, 0x00, 0x00,
    0x00, 0x00, 0x00, 0x00, 0x00, 0x00, 0x00, 0x00, 0x00, 0x00, 0x00, 0x00, 0x00, 0x00, 0x00, 0x00,
    0x00, 0x00, 0x00, 0x00, 0x00, 0x00, 0x00, 0x00, 0x32, 0x82, 0x14, 0xFF, 0x32, 0x82, 0x14, 0xFF,
    0x6E, 0xBE, 0x50, 0xFF, 0x6E, 0xBE, 0x50, 0xFF, 0x6E, 0xBE, 0x50, 0xFF, 0x6E, 0xBE, 0x50, 0xFF,
    0x6E, 0xBE, 0x50, 0xFF, 0x6E, 0xBE, 0x50, 0xFF, 0x6E, 0xBE, 0x50, 0xFF, 0x6E, 0xBE, 0x50, 0xFF,
    0x6E, 0xBE, 0x50, 0xFF, 0x6E, 0xBE, 0x50, 0xFF, 0x6E, 0xBE, 0x50, 0xFF, 0x6E, 0xBE, 0x50, 0xFF,
    0x6E, 0xBE, 0x50, 0xFF, 0x6E, 0xBE, 0x50, 0xFF, 0x6E, 0xBE, 0x50, 0xFF, 0x6E, 0xBE, 0x50, 0xFF,
    0x6E, 0xBE, 0x50, 0xFF, 0x6E, 0xBE, 0x50, 0xFF, 0x6E, 0xBE, 0x50, 0xFF, 0x6E, 0xBE, 0x50, 0xFF,
    0x6E, 0xBE, 0x50, 0xFF, 0x6E, 0xBE, 0x50, 0xFF, 0x6E, 0xBE, 0x50, 0xFF, 0x6E, 0xBE, 0x50, 0xFF,
    0x6E, 0xBE, 0x50, 0xFF, 0x32, 0x82, 0x14, 0xFF, 0x32, 0x82, 0x14, 0xFF, 0x00, 0x00, 0x00, 0x00,
    0x00, 0x00, 0x00, 0x00, 0x00, 0x00, 0x00, 0x00, 0x00, 0x00, 0x00, 0x00, 0x00, 0x00, 0x00, 0x00,
    0x00, 0x00, 0x00, 0x00, 0x00, 0x00, 0x00, 0x00, 0x00, 0x00, 0x00, 0x00, 0x00, 0x00, 0x00, 0x00,
    0x00, 0x00, 0x00, 0x00, 0x00, 0x00, 0x00, 0x00, 0x00, 0x00, 0x00, 0x00, 0x00, 0x00, 0x00, 0x00,
    0x00, 0x00, 0x00, 0x00, 0x00, 0x00, 0x00, 0x00, 0x00, 0x00, 0x00, 0x00, 0x00, 0x00, 0x00, 0x00,
    0x00, 0x00, 0x00, 0x00, 0x00, 0x00, 0x00, 0x00, 0x32, 0x82, 0x14, 0xFF, 0x32, 0x82, 0x14, 0xFF,
    0x6E, 0xBE, 0x50, 0xFF, 0x6E, 0xBE, 0x50, 0xFF, 0x6E, 0xBE, 0x50, 0xFF, 0x6E, 0xBE, 0x50, 0xFF,
    0x6E, 0xBE, 0x50, 0xFF, 0x6E, 0xBE, 0x50, 0xFF, 0x6E, 0xBE, 0x50, 0xFF, 0x6E, 0xBE, 0x50, 0xFF,
    0x6E, 0xBE, 0x50, 0xFF, 0x6E, 0xBE, 0x50, 0xFF, 0x6E, 0xBE, 0x50, 0xFF, 0x6E, 0xBE, 0x50, 0xFF,
    0x6E, 0xBE, 0x50, 0xFF, 0x6E, 0xBE, 0x50, 0xFF, 0x6E, 0xBE, 0x50, 0xFF, 0x6E, 0xBE, 0x50, 0xFF,
    0x6E, 0xBE, 0x50, 0xFF, 0x6E, 0xBE, 0x50, 0xFF, 0x6E, 0xBE, 0x50, 0xFF, 0x6E, 0xBE, 0x50, 0xFF,
    0x6E, 0xBE, 0x50, 0xFF, 0x6E, 0xBE, 0x50, 0xFF, 0x6E, 0xBE, 0x50, 0xFF, 0x6E, 0xBE, 0x50, 0xFF,
    0x6E, 0xBE, 0x50, 0xFF, 0x32, 0x82, 0x14, 0xFF, 0x32, 0x82, 0x14, 0xFF, 0x00, 0x00, 0x00, 0x00,
    0x00, 0x00, 0x00, 0x00, 0x00, 0x00, 0x00, 0x00, 0x00, 0x00, 0x00, 0x00, 0x00, 0x00, 0x00, 0x00,
    0x00, 0x00, 0x00, 0x00, 0x00, 0x00, 0x00, 0x00, 0x00, 0x00, 0x00, 0x00, 0x00, 0x00, 0x00, 0x00,
    0x00, 0x00, 0x00, 0x00, 0x00, 0x00, 0x00, 0x00, 0x00, 0x00, 0x00, 0x00, 0x00, 0x00, 0x00, 0x00,
    0x00, 0x00, 0x00, 0x00, 0x00, 0x00, 0x00, 0x00, 0x00, 0x00, 0x00, 0x00, 0x00, 0x00, 0x00, 0x00,
    0x00, 0x00, 0x00, 0x00, 0x00, 0x00, 0x00, 0x00, 0x32, 0x82, 0x14, 0xFF, 0x32, 0x82, 0x14, 0xFF,
    0x6E, 0xBE, 0x50, 0xFF, 0x6E, 0xBE, 0x50, 0xFF, 0x6E, 0xBE, 0x50, 0xFF, 0x6E, 0xBE, 0x50, 0xFF,
    0x6E, 0xBE, 0x50, 0xFF, 0x6E, 0xBE, 0x50, 0xFF, 0x6E, 0xBE, 0x50, 0xFF, 0x6E, 0xBE, 0x50, 0xFF,
    0x6E, 0xBE, 0x50, 0xFF, 0x6E, 0xBE, 0x50, 0xFF, 0x6E, 0xBE, 0x50, 0xFF, 0x6E, 0xBE, 0x50, 0xFF,
    0x6E, 0xBE, 0x50, 0xFF, 0x6E, 0xBE, 0x50, 0xFF, 0x6E, 0xBE, 0x50, 0xFF, 0x6E, 0xBE, 0x50, 0xFF,
    0x6E, 0xBE, 0x50, 0xFF, 0x6E, 0xBE, 0x50, 0xFF, 0x6E, 0xBE, 0x50, 0xFF, 0x6E, 0xBE, 0x50, 0xFF,
    0x6E, 0xBE, 0x50, 0xFF, 0x6E, 0xBE, 0x50, 0xFF, 0x6E, 0xBE, 0x50, 0xFF, 0x6E, 0xBE, 0x50, 0xFF,
    0x6E, 0xBE, 0x50, 0xFF, 0x32, 0x82, 0x14, 0xFF, 0x32, 0x82, 0x14, 0xFF, 0x00, 0x00, 0x00, 0x00,
    0x00, 0x00, 0x00, 0x00, 0x00, 0x00, 0x00, 0x00, 0x00, 0x00, 0x00, 0x00, 0x00, 0x00, 0x00, 0x00,
    0x00, 0x00, 0x00, 0x00, 0x00, 0x00, 0x00, 0x00, 0x00, 0x00, 0x00, 0x00, 0x00, 0x00, 0x00, 0x00,
    0x00, 0x00, 0x00, 0x00, 0x00, 0x00, 0x00, 0x00, 0x00, 0x00, 0x00, 0x00, 0x00, 0x00, 0x00, 0x00,
    0x00, 0x00, 0x00, 0x00, 0x00, 0x00, 0x00, 0x00, 0x00, 0x00, 0x00, 0x00, 0x00, 0x00, 0x00, 0x00,
    0x00, 0x00, 0x00, 0x00, 0x00, 0x00, 0x00, 0x00, 0x00, 0x00, 0x00, 0x00, 0x32, 0x82, 0x14, 0xFF,
    0x32, 0x82, 0x14, 0xFF, 0x6E, 0xBE, 0x50, 0xFF, 0x6E, 0xBE, 0x50, 0xFF, 0x6E, 0xBE, 0x50, 0xFF,
    0x6E, 0xBE, 0x50, 0xFF, 0x6E, 0xBE, 0x50, 0xFF, 0x6E, 0xBE, 0x50, 0xFF, 0x6E, 0xBE, 0x50, 0xFF,
    0x6E, 0xBE, 0x50, 0xFF, 0x6E, 0xBE, 0x50, 0xFF, 0x6E, 0xBE, 0x50, 0xFF, 0x6E, 0xBE, 0x50, 0xFF,
    0x6E, 0xBE, 0x50, 0xFF, 0x6E, 0xBE, 0x50, 0xFF, 0x6E, 0xBE, 0x50, 0xFF, 0x6E, 0xBE, 0x50, 0xFF,
    0x6E, 0xBE, 0x50, 0xFF, 0x6E, 0xBE, 0x50, 0xFF, 0x6E, 0xBE, 0x50, 0xFF, 0x6E, 0xBE, 0x50, 0xFF,
    0x6E, 0xBE, 0x50, 0xFF, 0x6E, 0xBE, 0x50, 0xFF, 0x6E, 0xBE, 0x50, 0xFF, 0x6E, 0xBE, 0x50, 0xFF,
    0x32, 0x82, 0x14, 0xFF, 0x32, 0x82, 0x14, 0xFF, 0x00, 0x00, 0x00, 0x00, 0x00, 0x00, 0x00, 0x00,
    0x00, 0x00, 0x00, 0x00, 0x00, 0x00, 0x00, 0x00, 0x00, 0x00, 0x00, 0x00, 0x00, 0x00, 0x00, 0x00,
    0x00, 0x00, 0x00, 0x00, 0x00, 0x00, 0x00, 0x00, 0x00, 0x00, 0x00, 0x00, 0x00, 0x00, 0x00, 0x00,
    0x00, 0x00, 0x00, 0x00, 0x00, 0x00, 0x00, 0x00, 0x00, 0x00, 0x00, 0x00, 0x00, 0x00, 0x00, 0x00,
    0x00, 0x00, 0x00, 0x00, 0x00, 0x00, 0x00, 0x00, 0x00, 0x00, 0x00, 0x00, 0x00, 0x00, 0x00, 0x00,
    0x00, 0x00, 0x00, 0x00, 0x00, 0x00, 0x00, 0x00, 0x00, 0x00, 0x00, 0x00, 0x32, 0x82, 0x14, 0xFF,
    0x32, 0x82, 0x14, 0xFF, 0x6E, 0xBE, 0x50, 0xFF, 0x6E, 0xBE, 0x50, 0xFF, 0x6E, 0xBE, 0x50, 0xFF,
    0x6E, 0xBE, 0x50, 0xFF, 0x6E, 0xBE, 0x50, 0xFF, 0x6E, 0xBE, 0x50, 0xFF, 0x6E, 0xBE, 0x50, 0xFF,
    0x6E, 0xBE, 0x50, 0xFF, 0x6E, 0xBE, 0x50, 0xFF, 0x6E, 0xBE, 0x50, 0xFF, 0x6E, 0xBE, 0x50, 0xFF,
    0x6E, 0xBE, 0x50, 0xFF, 0x6E, 0xBE, 0x50, 0xFF, 0x6E, 0xBE, 0x50, 0xFF, 0x6E, 0xBE, 0x50, 0xFF,
    0x6E, 0xBE, 0x50, 0xFF, 0x6E, 0xBE, 0x50, 0xFF, 0x6E, 0xBE, 0x50, 0xFF, 0x6E, 0xBE, 0x50, 0xFF,
    0x6E, 0xBE, 0x50, 0xFF, 0x6E, 0xBE, 0x50, 0xFF, 0x6E, 0xBE, 0x50, 0xFF, 0x6E, 0xBE, 0x50, 0xFF,
    0x32, 0x82, 0x14, 0xFF, 0x32, 0x82, 0x14, 0xFF, 0x00, 0x00, 0x00, 0x00, 0x00, 0x00, 0x00, 0x00,
    0x00, 0x00, 0x00, 0x00, 0x00, 0x00, 0x00, 0x00, 0x00, 0x00, 0x00, 0x00, 0x00, 0x00, 0x00, 0x00,
    0x00, 0x00, 0x00, 0x00, 0x00, 0x00, 0x00, 0x00, 0x00, 0x00, 0x00, 0x00, 0x00, 0x00, 0x00, 0x00,
    0x00, 0x00, 0x00, 0x00, 0x00, 0x00, 0x00, 0x00, 0x00, 0x00, 0x00, 0x00, 0x00, 0x00, 0x00, 0x00,
    0x00, 0x00, 0x00, 0x00, 0x00, 0x00, 0x00, 0x00, 0x00, 0x00, 0x00, 0x00, 0x00, 0x00, 0x00, 0x00,
    0x00, 0x00, 0x00, 0x00, 0x00, 0x00, 0x00, 0x00, 0x00, 0x00, 0x00, 0x00, 0x00, 0x00, 0x00, 0x00,
    0x32, 0x82, 0x14, 0xFF, 0x32, 0x82, 0x14, 0xFF, 0x6E, 0xBE, 0x50, 0xFF, 0x6E, 0xBE, 0x50, 0xFF,
    0x6E, 0xBE, 0x50, 0xFF, 0x6E, 0xBE, 0x50, 0xFF, 0x6E, 0xBE, 0x50, 0xFF, 0x6E, 0xBE, 0x50, 0xFF,
    0x6E, 0xBE, 0x50, 0xFF, 0x6E, 0xBE, 0x50, 0xFF, 0x6E, 0xBE, 0x50, 0xFF, 0x6E, 0xBE, 0x50, 0xFF,
    0x6E, 0xBE, 0x50, 0xFF, 0x6E, 0xBE, 0x50, 0xFF, 0x6E, 0xBE, 0x50, 0xFF, 0x6E, 0xBE, 0x50, 0xFF,
    0x6E, 0xBE, 0x50, 0xFF, 0x6E, 0xBE, 0x50, 0xFF, 0x6E, 0xBE, 0x50, 0xFF, 0x6E, 0xBE, 0x50, 0xFF,
    0x6E, 0xBE, 0x50, 0xFF, 0x6E, 0xBE, 0x50, 0xFF, 0x6E, 0xBE, 0x50, 0xFF, 0x32, 0x82, 0x14, 0xFF,
    0x32, 0x82, 0x14, 0xFF, 0x00, 0x00, 0x00, 0x00, 0x00, 0x00, 0x00, 0x00, 0x00, 0x00, 0x00, 0x00,
    0x00, 0x00, 0x00, 0x00, 0x00, 0x00, 0x00, 0x00, 0x00, 0x00, 0x00, 0x00, 0x00, 0x00, 0x00, 0x00,
    0x00, 0x00, 0x00, 0x00, 0x00, 0x00, 0x00, 0x00, 0x00, 0x00, 0x00, 0x00, 0x00, 0x00, 0x00, 0x00,
    0x00, 0x00, 0x00, 0x00, 0x00, 0x00, 0x00, 0x00, 0x00, 0x00, 0x00, 0x00, 0x00, 0x00, 0x00, 0x00,
    0x00, 0x00, 0x00, 0x00, 0x00, 0x00, 0x00, 0x00, 0x00, 0x00, 0x00, 0x00, 0x00, 0x00, 0x00, 0x00,
    0x00, 0x00, 0x00, 0x00, 0x00, 0x00, 0x00, 0x00, 0x00, 0x00, 0x00, 0x00, 0x00, 0x00, 0x00, 0x00,
    0x32, 0x82, 0x14, 0xFF, 0x32, 0x82, 0x14, 0xFF, 0x32, 0x82, 0x14, 0xFF, 0x6E, 0xBE, 0x50, 0xFF,
    0x6E, 0xBE, 0x50, 0xFF, 0x6E, 0xBE, 0x50, 0xFF, 0x6E, 0xBE, 0x50, 0xFF, 0x6E, 0xBE, 0x50, 0xFF,
    0x6E, 0xBE, 0x50, 0xFF, 0x6E, 0xBE, 0x50, 0xFF, 0x6E, 0xBE, 0x50, 0xFF, 0x6E, 0xBE, 0x50, 0xFF,
    0x6E, 0xBE, 0x50, 0xFF, 0x6E, 0xBE, 0x50, 0xFF, 0x6E, 0xBE, 0x50, 0xFF, 0x6E, 0xBE, 0x50, 0xFF,
    0x6E, 0xBE, 0x50, 0xFF, 0x6E, 0xBE, 0x50, 0xFF, 0x6E, 0xBE, 0x50, 0xFF, 0x6E, 0xBE, 0x50, 0xFF,
    0x6E, 0xBE, 0x50, 0xFF, 0x6E, 0xBE, 0x50, 0xFF, 0x32, 0x82, 0x14, 0xFF, 0x32, 0x82, 0x14, 0xFF,
    0x32, 0x82, 0x14, 0xFF, 0x00, 0x00, 0x00, 0x00, 0x00, 0x00, 0x00, 0x00, 0x00, 0x00, 0x00, 0x00,
    0x00, 0x00, 0x00, 0x00, 0x00, 0x00, 0x00, 0x00, 0x00, 0x00, 0x00, 0x00, 0x00, 0x00, 0x00, 0x00,
    0x00, 0x00, 0x00, 0x00, 0x00, 0x00, 0x00, 0x00, 0x00, 0x00, 0x00, 0x00, 0x00, 0x00, 0x00, 0x00,
    0x00, 0x00, 0x00, 0x00, 0x00, 0x00, 0x00, 0x00, 0x00, 0x00, 0x00, 0x00, 0x00, 0x00, 0x00, 0x00,
    0x00, 0x00, 0x00, 0x00, 0x00, 0x00, 0x00, 0x00, 0x00, 0x00, 0x00, 0x00, 0x00, 0x00, 0x00, 0x00,
    0x00, 0x00, 0x00, 0x00, 0x00, 0x00, 0x00, 0x00, 0x00, 0x00, 0x00, 0x00, 0x00, 0x00, 0x00, 0x00,
    0x00, 0x00, 0x00, 0x00, 0x32, 0x82, 0x14, 0xFF, 0x32, 0x82, 0x14, 0xFF, 0x6E, 0xBE, 0x50, 0xFF,
    0x6E, 0xBE, 0x50, 0xFF, 0x6E, 0xBE, 0x50, 0xFF, 0x6E, 0xBE, 0x50, 0xFF, 0x6E, 0xBE, 0x50, 0xFF,
    0x6E, 0xBE, 0x50, 0xFF, 0x6E, 0xBE, 0x50, 0xFF, 0x6E, 0xBE, 0x50, 0xFF, 0x6E, 0xBE, 0x50, 0xFF,
    0x6E, 0xBE, 0x50, 0xFF, 0x6E, 0xBE, 0x50, 0xFF, 0x6E, 0xBE, 0x50, 0xFF, 0x6E, 0xBE, 0x50, 0xFF,
    0x6E, 0xBE, 0x50, 0xFF, 0x6E, 0xBE, 0x50, 0xFF, 0x6E, 0xBE, 0x50, 0xFF, 0x6E, 0xBE, 0x50, 0xFF,
    0x6E, 0xBE, 0x50, 0xFF, 0x6E, 0xBE, 0x50, 0xFF, 0x32, 0x82, 0x14, 0xFF, 0x32, 0x82, 0x14, 0xFF,
    0x00, 0x00, 0x00, 0x00, 0x00, 0x00, 0x00, 0x00, 0x00, 0x00, 0x00, 0x00, 0x00, 0x00, 0x00, 0x00,
    0x00, 0x00, 0x00, 0x00, 0x00, 0x00, 0x00, 0x00, 0x00, 0x00, 0x00, 0x00, 0x00, 0x00, 0x00, 0x00,
    0x00, 0x00, 0x00, 0x00, 0x00, 0x00, 0x00, 0x00, 0x00, 0x00, 0x00, 0x00, 0x00, 0x00, 0x00, 0x00,
    0x00, 0x00, 0x00, 0x00, 0x00, 0x00, 0x00, 0x00, 0x00, 0x00, 0x00, 0x00, 0x00, 0x00, 0x00, 0x00,
    0x00, 0x00, 0x00, 0x00, 0x00, 0x00, 0x00, 0x00, 0x00, 0x00, 0x00, 0x00, 0x00, 0x00, 0x00, 0x00,
    0x00, 0x00, 0x00, 0x00, 0x00, 0x00, 0x00, 0x00, 0x00, 0x00, 0x00, 0x00, 0x00, 0x00, 0x00, 0x00,
    0x00, 0x00, 0x00, 0x00, 0x00, 0x00, 0x00, 0x00, 0x32, 0x82, 0x14, 0xFF, 0x32, 0x82, 0x14, 0xFF,
    0x6E, 0xBE, 0x50, 0xFF, 0x6E, 0xBE, 0x50, 0xFF, 0x6E, 0xBE, 0x50, 0xFF, 0x6E, 0xBE, 0x50, 0xFF,
    0x6E, 0xBE, 0x50, 0xFF, 0x6E, 0xBE, 0x50, 0xFF, 0x6E, 0xBE, 0x50, 0xFF, 0x6E, 0xBE, 0x50, 0xFF,
    0x6E, 0xBE, 0x50, 0xFF, 0x6E, 0xBE, 0x50, 0xFF, 0x6E, 0xBE, 0x50, 0xFF, 0x6E, 0xBE, 0x50, 0xFF,
    0x6E, 0xBE, 0x50, 0xFF, 0x6E, 0xBE, 0x50, 0xFF, 0x6E, 0xBE, 0x50, 0xFF, 0x6E, 0xBE, 0x50, 0xFF,
    0x6E, 0xBE, 0x50, 0xFF, 0x32, 0x82, 0x14, 0xFF, 0x32, 0x82, 0x14, 0xFF, 0x00, 0x00, 0x00, 0x00,
    0x00, 0x00, 0x00, 0x00, 0x00, 0x00, 0x00, 0x00, 0x00, 0x00, 0x00, 0x00, 0x00, 0x00, 0x00, 0x00,
    0x00, 0x00, 0x00, 0x00, 0x00, 0x00, 0x00, 0x00, 0x00, 0x00, 0x00, 0x00, 0x00, 0x00, 0x00, 0x00,
    0x00, 0x00, 0x00, 0x00, 0x00, 0x00, 0x00, 0x00, 0x00, 0x00, 0x00, 0x00, 0x00, 0x00, 0x00, 0x00,
    0x00, 0x00, 0x00, 0x00, 0x00, 0x00, 0x00, 0x00, 0x00, 0x00, 0x00, 0x00, 0x00, 0x00, 0x00, 0x00,
    0x00, 0x00, 0x00, 0x00, 0x00, 0x00, 0x00, 0x00, 0x00, 0x00, 0x00, 0x00, 0x00, 0x00, 0x00, 0x00,
    0x00, 0x00, 0x00, 0x00, 0x00, 0x00, 0x00, 0x00, 0x00, 0x00, 0x00, 0x00, 0x00, 0x00, 0x00, 0x00,
    0x00, 0x00, 0x00, 0x00, 0x00, 0x00, 0x00, 0x00, 0x00, 0x00, 0x00, 0x00, 0x32, 0x82, 0x14, 0xFF,
    0x32, 0x82, 0x14, 0xFF, 0x6E, 0xBE, 0x50, 0xFF, 0x6E, 0xBE, 0x50, 0xFF, 0x6E, 0xBE, 0x50, 0xFF,
    0x6E, 0xBE, 0x50, 0xFF, 0x6E, 0xBE, 0x50, 0xFF, 0x6E, 0xBE, 0x50, 0xFF, 0x6E, 0xBE, 0x50, 0xFF,
    0x6E, 0xBE, 0x50, 0xFF, 0x6E, 0xBE, 0x50, 0xFF, 0x6E, 0xBE, 0x50, 0xFF, 0x6E, 0xBE, 0x50, 0xFF,
    0x6E, 0xBE, 0x50, 0xFF, 0x6E, 0xBE, 0x50, 0xFF, 0x6E, 0xBE, 0x50, 0xFF, 0x6E, 0xBE, 0x50, 0xFF,
    0x32, 0x82, 0x14, 0xFF, 0x32, 0x82, 0x14, 0xFF, 0x00, 0x00, 0x00, 0x00, 0x00, 0x00, 0x00, 0x00,
    0x00, 0x00, 0x00, 0x00, 0x00, 0x00, 0x00, 0x00, 0x00, 0x00, 0x00, 0x00, 0x00, 0x00, 0x00, 0x00,
    0x00, 0x00, 0x00, 0x00, 0x00, 0x00, 0x00, 0x00, 0x00, 0x00, 0x00, 0x00, 0x00, 0x00, 0x00, 0x00,
    0x00, 0x00, 0x00, 0x00, 0x00, 0x00, 0x00, 0x00, 0x00, 0x00, 0x00, 0x00, 0x00, 0x00, 0x00, 0x00,
    0x00, 0x00, 0x00, 0x00, 0x00, 0x00, 0x00, 0x00, 0x00, 0x00, 0x00, 0x00, 0x00, 0x00, 0x00, 0x00,
    0x00, 0x00, 0x00, 0x00, 0x00, 0x00, 0x00, 0x00, 0x00, 0x00, 0x00, 0x00, 0x00, 0x00, 0x00, 0x00,
    0x00, 0x00, 0x00, 0x00, 0x00, 0x00, 0x00, 0x00, 0x00, 0x00, 0x00, 0x00, 0x00, 0x00, 0x00, 0x00,
    0x00, 0x00, 0x00, 0x00, 0x00, 0x00, 0x00, 0x00, 0x00, 0x00, 0x00, 0x00, 0x00, 0x00, 0x00, 0x00,
    0x32, 0x82, 0x14, 0xFF, 0x32, 0x82, 0x14, 0xFF, 0x32, 0x82, 0x14, 0xFF, 0x6E, 0xBE, 0x50, 0xFF,
    0x6E, 0xBE, 0x50, 0xFF, 0x6E, 0xBE, 0x50, 0xFF, 0x6E, 0xBE, 0x50, 0xFF, 0x6E, 0xBE, 0x50, 0xFF,
    0x6E, 0xBE, 0x50, 0xFF, 0x6E, 0xBE, 0x50, 0xFF, 0x6E, 0xBE, 0x50, 0xFF, 0x6E, 0xBE, 0x50, 0xFF,
    0x6E, 0xBE, 0x50, 0xFF, 0x6E, 0xBE, 0x50, 0xFF, 0x32, 0x82, 0x14, 0xFF, 0x32, 0x82, 0x14, 0xFF,
    0x32, 0x82, 0x14, 0xFF, 0x00, 0x00, 0x00, 0x00, 0x00, 0x00, 0x00, 0x00, 0x00, 0x00, 0x00, 0x00,
    0x00, 0x00, 0x00, 0x00, 0x00, 0x00, 0x00, 0x00, 0x00, 0x00, 0x00, 0x00, 0x00, 0x00, 0x00, 0x00,
    0x00, 0x00, 0x00, 0x00, 0x00, 0x00, 0x00, 0x00, 0x00, 0x00, 0x00, 0x00, 0x00, 0x00, 0x00, 0x00,
    0x00, 0x00, 0x00, 0x00, 0x00, 0x00, 0x00, 0x00, 0x00, 0x00, 0x00, 0x00, 0x00, 0x00, 0x00, 0x00,
    0x00, 0x00, 0x00, 0x00, 0x00, 0x00, 0x00, 0x00, 0x00, 0x00, 0x00, 0x00, 0x00, 0x00, 0x00, 0x00,
    0x00, 0x00, 0x00, 0x00, 0x00, 0x00, 0x00, 0x00, 0x00, 0x00, 0x00, 0x00, 0x00, 0x00, 0x00, 0x00,
    0x00, 0x00, 0x00, 0x00, 0x00, 0x00, 0x00, 0x00, 0x00, 0x00, 0x00, 0x00, 0x00, 0x00, 0x00, 0x00,
    0x00, 0x00, 0x00, 0x00, 0x00, 0x00, 0x00, 0x00, 0x00, 0x00, 0x00, 0x00, 0x00, 0x00, 0x00, 0x00,
    0x00, 0x00, 0x00, 0x00, 0x32, 0x82, 0x14, 0xFF, 0x32, 0x82, 0x14, 0xFF, 0x32, 0x82, 0x14, 0xFF,
    0x32, 0x82, 0x14, 0xFF, 0x6E, 0xBE, 0x50, 0xFF, 0x6E, 0xBE, 0x50, 0xFF, 0x6E, 0xBE, 0x50, 0xFF,
    0x6E, 0xBE, 0x50, 0xFF, 0x6E, 0xBE, 0x50, 0xFF, 0x6E, 0xBE, 0x50, 0xFF, 0x6E, 0xBE, 0x50, 0xFF,
    0x32, 0x82, 0x14, 0xFF, 0x32, 0x82, 0x14, 0xFF, 0x32, 0x82, 0x14, 0xFF, 0x32, 0x82, 0x14, 0xFF,
    0x00, 0x00, 0x00, 0x00, 0x00, 0x00, 0x00, 0x00, 0x00, 0x00, 0x00, 0x00, 0x00, 0x00, 0x00, 0x00,
    0x00, 0x00, 0x00, 0x00, 0x00, 0x00, 0x00, 0x00, 0x00, 0x00, 0x00, 0x00, 0x00, 0x00, 0x00, 0x00,
    0x00, 0x00, 0x00, 0x00, 0x00, 0x00, 0x00, 0x00, 0x00, 0x00, 0x00, 0x00, 0x00, 0x00, 0x00, 0x00,
    0x00, 0x00, 0x00, 0x00, 0x00, 0x00, 0x00, 0x00, 0x00, 0x00, 0x00, 0x00, 0x00, 0x00, 0x00, 0x00,
    0x00, 0x00, 0x00, 0x00, 0x00, 0x00, 0x00, 0x00, 0x00, 0x00, 0x00, 0x00, 0x00, 0x00, 0x00, 0x00,
    0x00, 0x00, 0x00, 0x00, 0x00, 0x00, 0x00, 0x00, 0x00, 0x00, 0x00, 0x00, 0x00, 0x00, 0x00, 0x00,
    0x00, 0x00, 0x00, 0x00, 0x00, 0x00, 0x00, 0x00, 0x00, 0x00, 0x00, 0x00, 0x00, 0x00, 0x00, 0x00,
    0x00, 0x00, 0x00, 0x00, 0x00, 0x00, 0x00, 0x00, 0x00, 0x00, 0x00, 0x00, 0x00, 0x00, 0x00, 0x00,
    0x00, 0x00, 0x00, 0x00, 0x00, 0x00, 0x00, 0x00, 0x00, 0x00, 0x00, 0x00, 0x32, 0x82, 0x14, 0xFF,
    0x32, 0x82, 0x14, 0xFF, 0x32, 0x82, 0x14, 0xFF, 0x32, 0x82, 0x14, 0xFF, 0x32, 0x82, 0x14, 0xFF,
    0x32, 0x82, 0x14, 0xFF, 0x32, 0x82, 0x14, 0xFF, 0x32, 0x82, 0x14, 0xFF, 0x32, 0x82, 0x14, 0xFF,
    0x32, 0x82, 0x14, 0xFF, 0x32, 0x82, 0x14, 0xFF, 0x00, 0x00, 0x00, 0x00, 0x00, 0x00, 0x00, 0x00,
    0x00, 0x00, 0x00, 0x00, 0x00, 0x00, 0x00, 0x00, 0x00, 0x00, 0x00, 0x00, 0x00, 0x00, 0x00, 0x00,
    0x00, 0x00, 0x00, 0x00, 0x00, 0x00, 0x00, 0x00, 0x00, 0x00, 0x00, 0x00, 0x00, 0x00, 0x00, 0x00,
    0x00, 0x00, 0x00, 0x00, 0x00, 0x00, 0x00, 0x00, 0x00, 0x00, 0x00, 0x00, 0x00, 0x00, 0x00, 0x00,
    0x00, 0x00, 0x00, 0x00, 0x00, 0x00, 0x00, 0x00, 0x00, 0x00, 0x00, 0x00, 0x00, 0x00, 0x00, 0x00,
    0x00, 0x00, 0x00, 0x00, 0x00, 0x00, 0x00, 0x00, 0x00, 0x00, 0x00, 0x00, 0x00, 0x00, 0x00, 0x00,
    0x00, 0x00, 0x00, 0x00, 0x00, 0x00, 0x00, 0x00, 0x00, 0x00, 0x00, 0x00, 0x00, 0x00, 0x00, 0x00,
    0x00, 0x00, 0x00, 0x00, 0x00, 0x00, 0x00, 0x00, 0x00, 0x00, 0x00, 0x00, 0x00, 0x00, 0x00, 0x00,
    0x00, 0x00, 0x00, 0x00, 0x00, 0x00, 0x00, 0x00, 0x00, 0x00, 0x00, 0x00, 0x00, 0x00, 0x00, 0x00,
    0x00, 0x00, 0x00, 0x00, 0x00, 0x00, 0x00, 0x00, 0x00, 0x00, 0x00, 0x00, 0x00, 0x00, 0x00, 0x00,
    0x00, 0x00, 0x00, 0x00, 0x32, 0x82, 0x14, 0xFF, 0x32, 0x82, 0x14, 0xFF, 0x32, 0x82, 0x14, 0xFF,
    0x32, 0x82, 0x14, 0xFF, 0x32, 0x82, 0x14, 0xFF, 0x32, 0x82, 0x14, 0xFF, 0x32, 0x82, 0x14, 0xFF,
    0x00, 0x00, 0x00, 0x00, 0x00, 0x00, 0x00, 0x00, 0x00, 0x00, 0x00, 0x00, 0x00, 0x00, 0x00, 0x00,
    0x00, 0x00, 0x00, 0x00, 0x00, 0x00, 0x00, 0x00, 0x00, 0x00, 0x00, 0x00, 0x00, 0x00, 0x00, 0x00,
    0x00, 0x00, 0x00, 0x00, 0x00, 0x00, 0x00, 0x00, 0x00, 0x00, 0x00, 0x00, 0x00, 0x00, 0x00, 0x00,
    0x00, 0x00, 0x00, 0x00, 0x00, 0x00, 0x00, 0x00, 0x00, 0x00, 0x00, 0x00, 0x00, 0x00, 0x00, 0x00,
    0x00, 0x00, 0x00, 0x00, 0x00, 0x00, 0x00, 0x00, 0x00, 0x00, 0x00, 0x00, 0x00, 0x00, 0x00, 0x00,
    0x00, 0x00, 0x00, 0x00, 0x00, 0x00, 0x00, 0x00, 0x00, 0x00, 0x00, 0x00, 0x00, 0x00, 0x00, 0x00,
    0x00, 0x00, 0x00, 0x00, 0x00, 0x00, 0x00, 0x00, 0x00, 0x00, 0x00, 0x00, 0x00, 0x00, 0x00, 0x00,
    0x00, 0x00, 0x00, 0x00, 0x00, 0x00, 0x00, 0x00, 0x00, 0x00, 0x00, 0x00, 0x00, 0x00, 0x00, 0x00,
    0x00, 0x00, 0x00, 0x00, 0x00, 0x00, 0x00, 0x00, 0x00, 0x00, 0x00, 0x00, 0x00, 0x00, 0x00, 0x00,
    0x00, 0x00, 0x00, 0x00, 0x00, 0x00, 0x00, 0x00, 0x00, 0x00, 0x00, 0x00, 0x00, 0x00, 0x00, 0x00,
    0x00, 0x00, 0x00, 0x00, 0x00, 0x00, 0x00, 0x00, 0x00, 0x00, 0x00, 0x00, 0x00, 0x00, 0x00, 0x00,
    0x00, 0x00, 0x00, 0x00, 0x00, 0x00, 0x00, 0x00, 0x00, 0x00, 0x00, 0x00, 0x00, 0x00, 0x00, 0x00,
    0x00, 0x00, 0x00, 0x00, 0x00, 0x00, 0x00, 0x00, 0x00, 0x00, 0x00, 0x00, 0x00, 0x00, 0x00, 0x00,
    0x00, 0x00, 0x00, 0x00, 0x00, 0x00, 0x00, 0x00, 0x00, 0x00, 0x00, 0x00, 0x00, 0x00, 0x00, 0x00,
    0x00, 0x00, 0x00, 0x00, 0x00, 0x00, 0x00, 0x00, 0x00, 0x00, 0x00, 0x00, 0x00, 0x00, 0x00, 0x00,
    0x00, 0x00, 0x00, 0x00, 0x00, 0x00, 0x00, 0x00, 0x00, 0x00, 0x00, 0x00, 0x00, 0x00, 0x00, 0x00,
    0x00, 0x00, 0x00, 0x00, 0x00, 0x00, 0x00, 0x00, 0x00, 0x00, 0x00, 0x00, 0x00, 0x00, 0x00, 0x00,
    0x00, 0x00, 0x00, 0x00, 0x00, 0x00, 0x00, 0x00, 0x00, 0x00, 0x00, 0x00, 0x00, 0x00, 0x00, 0x00,
    0x00, 0x00, 0x00, 0x00, 0x00, 0x00, 0x00, 0x00, 0x00, 0x00, 0x00, 0x00, 0x00, 0x00, 0x00, 0x00,
    0x00, 0x00, 0x00, 0x00, 0x00, 0x00, 0x00, 0x00, 0x00, 0x00, 0x00, 0x00, 0x00, 0x00, 0x00, 0x00,
    0x00, 0x00, 0x00, 0x00, 0x00, 0x00, 0x00, 0x00, 0x00, 0x00, 0x00, 0x00, 0x00, 0x00, 0x00, 0x00,
    0x00, 0x00, 0x00, 0x00, 0x00, 0x00, 0x00, 0x00, 0x00, 0x00, 0x00, 0x00, 0x00, 0x00, 0x00, 0x00,
    0x00, 0x00, 0x00, 0x00, 0x00, 0x00, 0x00, 0x00, 0x00, 0x00, 0x00, 0x00, 0x00, 0x00, 0x00, 0x00,
    0x00, 0x00, 0x00, 0x00, 0x00, 0x00, 0x00, 0x00, 0x00, 0x00, 0x00, 0x00, 0x00, 0x00, 0x00, 0x00,
    0x00, 0x00, 0x00, 0x00, 0x00, 0x00, 0x00, 0x00, 0x00, 0x00, 0x00, 0x00, 0x00, 0x00, 0x00, 0x00,
    0x00, 0x00, 0x00, 0x00, 0x00, 0x00, 0x00, 0x00, 0x00, 0x00, 0x00, 0x00, 0x00, 0x00, 0x00, 0x00,
    0x00, 0x00, 0x00, 0x00, 0x00, 0x00, 0x00, 0x00, 0x00, 0x00, 0x00, 0x00, 0x00, 0x00, 0x00, 0x00,
    0x00, 0x00, 0x00, 0x00, 0x00, 0x00, 0x00, 0x00, 0x00, 0x00, 0x00, 0x00, 0x00, 0x00, 0x00, 0x00,
    0x00, 0x00, 0x00, 0x00, 0x00, 0x00, 0x00, 0x00, 0x00, 0x00, 0x00, 0x00, 0x00, 0x00, 0x00, 0x00,
    0x00, 0x00, 0x00, 0x00, 0x00, 0x00, 0x00, 0x00, 0x00, 0x00, 0x00, 0x00, 0x00, 0x00, 0x00, 0x00,
    0x00, 0x00, 0x00, 0x00, 0x00, 0x00, 0x00, 0x00, 0x00, 0x00, 0x00, 0x00, 0x00, 0x00, 0x00, 0x00,
    0x00, 0x00, 0x00, 0x00, 0x00, 0x00, 0x00, 0x00, 0x00, 0x00, 0x00, 0x00, 0x00, 0x00, 0x00, 0x00,
    0x00, 0x00, 0x00, 0x00, 0x00, 0x00, 0x00, 0x00, 0x00, 0x00, 0x00, 0x00, 0x00, 0x00, 0x00, 0x00,
    0x00, 0x00, 0x00, 0x00, 0x00, 0x00, 0x00, 0x00, 0x00, 0x00, 0x00, 0x00, 0x00, 0x00, 0x00, 0x00,
    0x00, 0x00, 0x00, 0x00, 0x00, 0x00, 0x00, 0x00, 0x00, 0x00, 0x00, 0x00, 0x00, 0x00, 0x00, 0x00,
    0x00, 0x00, 0x00, 0x00, 0x00, 0x00, 0x00, 0x00, 0x00, 0x00, 0x00, 0x00, 0x00, 0x00, 0x00, 0x00,
    0x00, 0x00, 0x00, 0x00, 0x00, 0x00, 0x00, 0x00, 0x00, 0x00, 0x00, 0x00, 0x00, 0x00, 0x00, 0x00,
    0x00, 0x00, 0x00, 0x00, 0x00, 0x00, 0x00, 0x00, 0x00, 0x00, 0x00, 0x00, 0x00, 0x00, 0x00, 0x00,
    0x00, 0x00, 0x00, 0x00, 0x00, 0x00, 0x00, 0x00, 0x00, 0x00, 0x00, 0x00, 0x00, 0x00, 0x00, 0x00,
    0x00, 0x00, 0x00, 0x00, 0x00, 0x00, 0x00, 0x00, 0x00, 0x00, 0x00, 0x00, 0x00, 0x00, 0x00, 0x00,
    0x00, 0x00, 0x00, 0x00, 0x00, 0x00, 0x00, 0x00, 0x00, 0x00, 0x00, 0x00, 0x00, 0x00, 0x00, 0x00,
};

const lv_image_dsc_t spr_egg_green = {
    .header.magic = LV_IMAGE_HEADER_MAGIC,
    .header.cf = LV_COLOR_FORMAT_ARGB8888,
    .header.w = 48,
    .header.h = 48,
    .header.stride = 192,
    .data_size = sizeof(spr_egg_green_map),
    .data = spr_egg_green_map,

static const uint8_t spr_paw_map[] = {
    0x00, 0x00, 0x00, 0x00, 0x00, 0x00, 0x00, 0x00, 0x00, 0x00, 0x00, 0x00, 0x00, 0x00, 0x00, 0x00,
    0x00, 0x00, 0x00, 0x00, 0x00, 0x00, 0x00, 0x00, 0x00, 0x00, 0x00, 0x00, 0x00, 0x00, 0x00, 0x00,
    0x00, 0x00, 0x00, 0x00, 0x00, 0x00, 0x00, 0x00, 0x00, 0x00, 0x00, 0x00, 0x00, 0x00, 0x00, 0x00,
    0x00, 0x00, 0x00, 0x00, 0x00, 0x00, 0x00, 0x00, 0x00, 0x00, 0x00, 0x00, 0x00, 0x00, 0x00, 0x00,
    0x00, 0x00, 0x00, 0x00, 0x00, 0x00, 0x00, 0x00, 0x00, 0x00, 0x00, 0x00, 0x00, 0x00, 0x00, 0x00,
    0x00, 0x00, 0x00, 0x00, 0x00, 0x00, 0x00, 0x00, 0x00, 0x00, 0x00, 0x00, 0x00, 0x00, 0x00, 0x00,
    0x00, 0x00, 0x00, 0x00, 0x00, 0x00, 0x00, 0x00, 0x00, 0x00, 0x00, 0x00, 0x00, 0x00, 0x00, 0x00,
    0x00, 0x00, 0x00, 0x00, 0x00, 0x00, 0x00, 0x00, 0x74, 0x68, 0xBC, 0xFF, 0x74, 0x68, 0xBC, 0xFF,
    0x00, 0x00, 0x00, 0x00, 0x00, 0x00, 0x00, 0x00, 0x00, 0x00, 0x00, 0x00, 0x00, 0x00, 0x00, 0x00,
    0x00, 0x00, 0x00, 0x00, 0x00, 0x00, 0x00, 0x00, 0x00, 0x00, 0x00, 0x00, 0x00, 0x00, 0x00, 0x00,
    0x00, 0x00, 0x00, 0x00, 0x00, 0x00, 0x00, 0x00, 0x00, 0x00, 0x00, 0x00, 0x00, 0x00, 0x00, 0x00,
    0x00, 0x00, 0x00, 0x00, 0x00, 0x00, 0x00, 0x00, 0x00, 0x00, 0x00, 0x00, 0x00, 0x00, 0x00, 0x00,
    0x00, 0x00, 0x00, 0x00, 0x74, 0x68, 0xBC, 0xFF, 0x96, 0x8C, 0xE2, 0xFF, 0x96, 0x8C, 0xE2, 0xFF,
    0x74, 0x68, 0xBC, 0xFF, 0x00, 0x00, 0x00, 0x00, 0x00, 0x00, 0x00, 0x00, 0x00, 0x00, 0x00, 0x00,
    0x00, 0x00, 0x00, 0x00, 0x00, 0x00, 0x00, 0x00, 0x00, 0x00, 0x00, 0x00, 0x00, 0x00, 0x00, 0x00,
    0x00, 0x00, 0x00, 0x00, 0x00, 0x00, 0x00, 0x00, 0x00, 0x00, 0x00, 0x00, 0x00, 0x00, 0x00, 0x00,
    0x00, 0x00, 0x00, 0x00, 0x74, 0x68, 0xBC, 0xFF, 0x74, 0x68, 0xBC, 0xFF, 0x00, 0x00, 0x00, 0x00,
    0x74, 0x68, 0xBC, 0xFF, 0x96, 0x8C, 0xE2, 0xFF, 0x96, 0x8C, 0xE2, 0xFF, 0x96, 0x8C, 0xE2, 0xFF,
    0x96, 0x8C, 0xE2, 0xFF, 0x74, 0x68, 0xBC, 0xFF, 0x00, 0x00, 0x00, 0x00, 0x74, 0x68, 0xBC, 0xFF,
    0x74, 0x68, 0xBC, 0xFF, 0x00, 0x00, 0x00, 0x00, 0x00, 0x00, 0x00, 0x00, 0x00, 0x00, 0x00, 0x00,
    0x00, 0x00, 0x00, 0x00, 0x00, 0x00, 0x00, 0x00, 0x00, 0x00, 0x00, 0x00, 0x00, 0x00, 0x00, 0x00,
    0x74, 0x68, 0xBC, 0xFF, 0x96, 0x8C, 0xE2, 0xFF, 0x96, 0x8C, 0xE2, 0xFF, 0x74, 0x68, 0xBC, 0xFF,
    0x74, 0x68, 0xBC, 0xFF, 0x96, 0x8C, 0xE2, 0xFF, 0x96, 0x8C, 0xE2, 0xFF, 0x96, 0x8C, 0xE2, 0xFF,
    0x96, 0x8C, 0xE2, 0xFF, 0x74, 0x68, 0xBC, 0xFF, 0x74, 0x68, 0xBC, 0xFF, 0x96, 0x8C, 0xE2, 0xFF,
    0x96, 0x8C, 0xE2, 0xFF, 0x74, 0x68, 0xBC, 0xFF, 0x00, 0x00, 0x00, 0x00, 0x00, 0x00, 0x00, 0x00,
    0x00, 0x00, 0x00, 0x00, 0x00, 0x00, 0x00, 0x00, 0x00, 0x00, 0x00, 0x00, 0x74, 0x68, 0xBC, 0xFF,
    0x96, 0x8C, 0xE2, 0xFF, 0x96, 0x8C, 0xE2, 0xFF, 0x96, 0x8C, 0xE2, 0xFF, 0x96, 0x8C, 0xE2, 0xFF,
    0x74, 0x68, 0xBC, 0xFF, 0x74, 0x68, 0xBC, 0xFF, 0x96, 0x8C, 0xE2, 0xFF, 0x96, 0x8C, 0xE2, 0xFF,
    0x74, 0x68, 0xBC, 0xFF, 0x74, 0x68, 0xBC, 0xFF, 0x96, 0x8C, 0xE2, 0xFF, 0x96, 0x8C, 0xE2, 0xFF,
    0x96, 0x8C, 0xE2, 0xFF, 0x96, 0x8C, 0xE2, 0xFF, 0x74, 0x68, 0xBC, 0xFF, 0x00, 0x00, 0x00, 0x00,
    0x00, 0x00, 0x00, 0x00, 0x00, 0x00, 0x00, 0x00, 0x00, 0x00, 0x00, 0x00, 0x74, 0x68, 0xBC, 0xFF,
    0x96, 0x8C, 0xE2, 0xFF, 0x96, 0x8C, 0xE2, 0xFF, 0x96, 0x8C, 0xE2, 0xFF, 0x96, 0x8C, 0xE2, 0xFF,
    0x74, 0x68, 0xBC, 0xFF, 0x00, 0x00, 0x00, 0x00, 0x74, 0x68, 0xBC, 0xFF, 0x74, 0x68, 0xBC, 0xFF,
    0x00, 0x00, 0x00, 0x00, 0x74, 0x68, 0xBC, 0xFF, 0x96, 0x8C, 0xE2, 0xFF, 0x96, 0x8C, 0xE2, 0xFF,
    0x96, 0x8C, 0xE2, 0xFF, 0x96, 0x8C, 0xE2, 0xFF, 0x74, 0x68, 0xBC, 0xFF, 0x00, 0x00, 0x00, 0x00,
    0x00, 0x00, 0x00, 0x00, 0x00, 0x00, 0x00, 0x00, 0x00, 0x00, 0x00, 0x00, 0x00, 0x00, 0x00, 0x00,
    0x74, 0x68, 0xBC, 0xFF, 0x96, 0x8C, 0xE2, 0xFF, 0x96, 0x8C, 0xE2, 0xFF, 0x74, 0x68, 0xBC, 0xFF,
    0x00, 0x00, 0x00, 0x00, 0x00, 0x00, 0x00, 0x00, 0x00, 0x00, 0x00, 0x00, 0x00, 0x00, 0x00, 0x00,
    0x00, 0x00, 0x00, 0x00, 0x00, 0x00, 0x00, 0x00, 0x74, 0x68, 0xBC, 0xFF, 0x96, 0x8C, 0xE2, 0xFF,
    0x96, 0x8C, 0xE2, 0xFF, 0x74, 0x68, 0xBC, 0xFF, 0x00, 0x00, 0x00, 0x00, 0x00, 0x00, 0x00, 0x00,
    0x00, 0x00, 0x00, 0x00, 0x00, 0x00, 0x00, 0x00, 0x00, 0x00, 0x00, 0x00, 0x00, 0x00, 0x00, 0x00,
    0x00, 0x00, 0x00, 0x00, 0x74, 0x68, 0xBC, 0xFF, 0x74, 0x68, 0xBC, 0xFF, 0x00, 0x00, 0x00, 0x00,
    0x00, 0x00, 0x00, 0x00, 0x00, 0x00, 0x00, 0x00, 0x00, 0x00, 0x00, 0x00, 0x00, 0x00, 0x00, 0x00,
    0x00, 0x00, 0x00, 0x00, 0x00, 0x00, 0x00, 0x00, 0x00, 0x00, 0x00, 0x00, 0x74, 0x68, 0xBC, 0xFF,
    0x74, 0x68, 0xBC, 0xFF, 0x00, 0x00, 0x00, 0x00, 0x00, 0x00, 0x00, 0x00, 0x00, 0x00, 0x00, 0x00,
    0x00, 0x00, 0x00, 0x00, 0x00, 0x00, 0x00, 0x00, 0x00, 0x00, 0x00, 0x00, 0x00, 0x00, 0x00, 0x00,
    0x00, 0x00, 0x00, 0x00, 0x00, 0x00, 0x00, 0x00, 0x00, 0x00, 0x00, 0x00, 0x00, 0x00, 0x00, 0x00,
    0x74, 0x68, 0xBC, 0xFF, 0x74, 0x68, 0xBC, 0xFF, 0x74, 0x68, 0xBC, 0xFF, 0x74, 0x68, 0xBC, 0xFF,
    0x74, 0x68, 0xBC, 0xFF, 0x00, 0x00, 0x00, 0x00, 0x00, 0x00, 0x00, 0x00, 0x00, 0x00, 0x00, 0x00,
    0x00, 0x00, 0x00, 0x00, 0x00, 0x00, 0x00, 0x00, 0x00, 0x00, 0x00, 0x00, 0x00, 0x00, 0x00, 0x00,
    0x00, 0x00, 0x00, 0x00, 0x00, 0x00, 0x00, 0x00, 0x00, 0x00, 0x00, 0x00, 0x00, 0x00, 0x00, 0x00,
    0x00, 0x00, 0x00, 0x00, 0x00, 0x00, 0x00, 0x00, 0x00, 0x00, 0x00, 0x00, 0x74, 0x68, 0xBC, 0xFF,
    0x96, 0x8C, 0xE2, 0xFF, 0x96, 0x8C, 0xE2, 0xFF, 0x96, 0x8C, 0xE2, 0xFF, 0x96, 0x8C, 0xE2, 0xFF,
    0x96, 0x8C, 0xE2, 0xFF, 0x74, 0x68, 0xBC, 0xFF, 0x00, 0x00, 0x00, 0x00, 0x00, 0x00, 0x00, 0x00,
    0x00, 0x00, 0x00, 0x00, 0x00, 0x00, 0x00, 0x00, 0x00, 0x00, 0x00, 0x00, 0x00, 0x00, 0x00, 0x00,
    0x00, 0x00, 0x00, 0x00, 0x00, 0x00, 0x00, 0x00, 0x00, 0x00, 0x00, 0x00, 0x00, 0x00, 0x00, 0x00,
    0x00, 0x00, 0x00, 0x00, 0x00, 0x00, 0x00, 0x00, 0x74, 0x68, 0xBC, 0xFF, 0x96, 0x8C, 0xE2, 0xFF,
    0x96, 0x8C, 0xE2, 0xFF, 0x96, 0x8C, 0xE2, 0xFF, 0x96, 0x8C, 0xE2, 0xFF, 0x96, 0x8C, 0xE2, 0xFF,
    0x96, 0x8C, 0xE2, 0xFF, 0x96, 0x8C, 0xE2, 0xFF, 0x74, 0x68, 0xBC, 0xFF, 0x00, 0x00, 0x00, 0x00,
    0x00, 0x00, 0x00, 0x00, 0x00, 0x00, 0x00, 0x00, 0x00, 0x00, 0x00, 0x00, 0x00, 0x00, 0x00, 0x00,
    0x00, 0x00, 0x00, 0x00, 0x00, 0x00, 0x00, 0x00, 0x00, 0x00, 0x00, 0x00, 0x00, 0x00, 0x00, 0x00,
    0x00, 0x00, 0x00, 0x00, 0x74, 0x68, 0xBC, 0xFF, 0x96, 0x8C, 0xE2, 0xFF, 0x96, 0x8C, 0xE2, 0xFF,
    0x96, 0x8C, 0xE2, 0xFF, 0x96, 0x8C, 0xE2, 0xFF, 0x96, 0x8C, 0xE2, 0xFF, 0x96, 0x8C, 0xE2, 0xFF,
    0x96, 0x8C, 0xE2, 0xFF, 0x96, 0x8C, 0xE2, 0xFF, 0x96, 0x8C, 0xE2, 0xFF, 0x74, 0x68, 0xBC, 0xFF,
    0x00, 0x00, 0x00, 0x00, 0x00, 0x00, 0x00, 0x00, 0x00, 0x00, 0x00, 0x00, 0x00, 0x00, 0x00, 0x00,
    0x00, 0x00, 0x00, 0x00, 0x00, 0x00, 0x00, 0x00, 0x00, 0x00, 0x00, 0x00, 0x00, 0x00, 0x00, 0x00,
    0x00, 0x00, 0x00, 0x00, 0x74, 0x68, 0xBC, 0xFF, 0x96, 0x8C, 0xE2, 0xFF, 0x96, 0x8C, 0xE2, 0xFF,
    0x96, 0x8C, 0xE2, 0xFF, 0x96, 0x8C, 0xE2, 0xFF, 0x96, 0x8C, 0xE2, 0xFF, 0x96, 0x8C, 0xE2, 0xFF,
    0x96, 0x8C, 0xE2, 0xFF, 0x96, 0x8C, 0xE2, 0xFF, 0x96, 0x8C, 0xE2, 0xFF, 0x74, 0x68, 0xBC, 0xFF,
    0x00, 0x00, 0x00, 0x00, 0x00, 0x00, 0x00, 0x00, 0x00, 0x00, 0x00, 0x00, 0x00, 0x00, 0x00, 0x00,
    0x00, 0x00, 0x00, 0x00, 0x00, 0x00, 0x00, 0x00, 0x00, 0x00, 0x00, 0x00, 0x00, 0x00, 0x00, 0x00,
    0x00, 0x00, 0x00, 0x00, 0x74, 0x68, 0xBC, 0xFF, 0x96, 0x8C, 0xE2, 0xFF, 0x96, 0x8C, 0xE2, 0xFF,
    0x96, 0x8C, 0xE2, 0xFF, 0x96, 0x8C, 0xE2, 0xFF, 0x96, 0x8C, 0xE2, 0xFF, 0x96, 0x8C, 0xE2, 0xFF,
    0x96, 0x8C, 0xE2, 0xFF, 0x96, 0x8C, 0xE2, 0xFF, 0x96, 0x8C, 0xE2, 0xFF, 0x74, 0x68, 0xBC, 0xFF,
    0x00, 0x00, 0x00, 0x00, 0x00, 0x00, 0x00, 0x00, 0x00, 0x00, 0x00, 0x00, 0x00, 0x00, 0x00, 0x00,
    0x00, 0x00, 0x00, 0x00, 0x00, 0x00, 0x00, 0x00, 0x00, 0x00, 0x00, 0x00, 0x00, 0x00, 0x00, 0x00,
    0x00, 0x00, 0x00, 0x00, 0x74, 0x68, 0xBC, 0xFF, 0x96, 0x8C, 0xE2, 0xFF, 0x96, 0x8C, 0xE2, 0xFF,
    0x96, 0x8C, 0xE2, 0xFF, 0x96, 0x8C, 0xE2, 0xFF, 0x96, 0x8C, 0xE2, 0xFF, 0x96, 0x8C, 0xE2, 0xFF,
    0x96, 0x8C, 0xE2, 0xFF, 0x96, 0x8C, 0xE2, 0xFF, 0x96, 0x8C, 0xE2, 0xFF, 0x74, 0x68, 0xBC, 0xFF,
    0x00, 0x00, 0x00, 0x00, 0x00, 0x00, 0x00, 0x00, 0x00, 0x00, 0x00, 0x00, 0x00, 0x00, 0x00, 0x00,
    0x00, 0x00, 0x00, 0x00, 0x00, 0x00, 0x00, 0x00, 0x00, 0x00, 0x00, 0x00, 0x00, 0x00, 0x00, 0x00,
    0x00, 0x00, 0x00, 0x00, 0x00, 0x00, 0x00, 0x00, 0x74, 0x68, 0xBC, 0xFF, 0x96, 0x8C, 0xE2, 0xFF,
    0x96, 0x8C, 0xE2, 0xFF, 0x96, 0x8C, 0xE2, 0xFF, 0x96, 0x8C, 0xE2, 0xFF, 0x96, 0x8C, 0xE2, 0xFF,
    0x96, 0x8C, 0xE2, 0xFF, 0x96, 0x8C, 0xE2, 0xFF, 0x74, 0x68, 0xBC, 0xFF, 0x00, 0x00, 0x00, 0x00,
    0x00, 0x00, 0x00, 0x00, 0x00, 0x00, 0x00, 0x00, 0x00, 0x00, 0x00, 0x00, 0x00, 0x00, 0x00, 0x00,
    0x00, 0x00, 0x00, 0x00, 0x00, 0x00, 0x00, 0x00, 0x00, 0x00, 0x00, 0x00, 0x00, 0x00, 0x00, 0x00,
    0x00, 0x00, 0x00, 0x00, 0x00, 0x00, 0x00, 0x00, 0x00, 0x00, 0x00, 0x00, 0x74, 0x68, 0xBC, 0xFF,
    0x96, 0x8C, 0xE2, 0xFF, 0x96, 0x8C, 0xE2, 0xFF, 0x96, 0x8C, 0xE2, 0xFF, 0x96, 0x8C, 0xE2, 0xFF,
    0x96, 0x8C, 0xE2, 0xFF, 0x74, 0x68, 0xBC, 0xFF, 0x00, 0x00, 0x00, 0x00, 0x00, 0x00, 0x00, 0x00,
    0x00, 0x00, 0x00, 0x00, 0x00, 0x00, 0x00, 0x00, 0x00, 0x00, 0x00, 0x00, 0x00, 0x00, 0x00, 0x00,
    0x00, 0x00, 0x00, 0x00, 0x00, 0x00, 0x00, 0x00, 0x00, 0x00, 0x00, 0x00, 0x00, 0x00, 0x00, 0x00,
    0x00, 0x00, 0x00, 0x00, 0x00, 0x00, 0x00, 0x00, 0x00, 0x00, 0x00, 0x00, 0x00, 0x00, 0x00, 0x00,
    0x74, 0x68, 0xBC, 0xFF, 0x74, 0x68, 0xBC, 0xFF, 0x74, 0x68, 0xBC, 0xFF, 0x74, 0x68, 0xBC, 0xFF,
    0x74, 0x68, 0xBC, 0xFF, 0x00, 0x00, 0x00, 0x00, 0x00, 0x00, 0x00, 0x00, 0x00, 0x00, 0x00, 0x00,
    0x00, 0x00, 0x00, 0x00, 0x00, 0x00, 0x00, 0x00, 0x00, 0x00, 0x00, 0x00, 0x00, 0x00, 0x00, 0x00,
    0x00, 0x00, 0x00, 0x00, 0x00, 0x00, 0x00, 0x00, 0x00, 0x00, 0x00, 0x00, 0x00, 0x00, 0x00, 0x00,
    0x00, 0x00, 0x00, 0x00, 0x00, 0x00, 0x00, 0x00, 0x00, 0x00, 0x00, 0x00, 0x00, 0x00, 0x00, 0x00,
    0x00, 0x00, 0x00, 0x00, 0x00, 0x00, 0x00, 0x00, 0x00, 0x00, 0x00, 0x00, 0x00, 0x00, 0x00, 0x00,
    0x00, 0x00, 0x00, 0x00, 0x00, 0x00, 0x00, 0x00, 0x00, 0x00, 0x00, 0x00, 0x00, 0x00, 0x00, 0x00,
    0x00, 0x00, 0x00, 0x00, 0x00, 0x00, 0x00, 0x00, 0x00, 0x00, 0x00, 0x00, 0x00, 0x00, 0x00, 0x00,
};

const lv_image_dsc_t spr_paw = {
    .header.magic = LV_IMAGE_HEADER_MAGIC,
    .header.cf = LV_COLOR_FORMAT_ARGB8888,
    .header.w = 20,
    .header.h = 20,
    .header.stride = 80,
    .data_size = sizeof(spr_paw_map),
    .data = spr_paw_map,

static const uint8_t spr_heart_map[] = {
    0x00, 0x00, 0x00, 0x00, 0x00, 0x00, 0x00, 0x00, 0x00, 0x00, 0x00, 0x00, 0x00, 0x00, 0x00, 0x00,
    0x00, 0x00, 0x00, 0x00, 0x00, 0x00, 0x00, 0x00, 0x00, 0x00, 0x00, 0x00, 0x00, 0x00, 0x00, 0x00,
    0x00, 0x00, 0x00, 0x00, 0x00, 0x00, 0x00, 0x00, 0x00, 0x00, 0x00, 0x00, 0x00, 0x00, 0x00, 0x00,
    0x00, 0x00, 0x00, 0x00, 0x00, 0x00, 0x00, 0x00, 0x00, 0x00, 0x00, 0x00, 0x00, 0x00, 0x00, 0x00,
    0x00, 0x00, 0x00, 0x00, 0x00, 0x00, 0x00, 0x00, 0x00, 0x00, 0x00, 0x00, 0x00, 0x00, 0x00, 0x00,
    0x00, 0x00, 0x00, 0x00, 0x00, 0x00, 0x00, 0x00, 0x00, 0x00, 0x00, 0x00, 0x00, 0x00, 0x00, 0x00,
    0x00, 0x00, 0x00, 0x00, 0x00, 0x00, 0x00, 0x00, 0x00, 0x00, 0x00, 0x00, 0x00, 0x00, 0x00, 0x00,
    0x00, 0x00, 0x00, 0x00, 0x00, 0x00, 0x00, 0x00, 0x00, 0x00, 0x00, 0x00, 0x00, 0x00, 0x00, 0x00,
    0x00, 0x00, 0x00, 0x00, 0x00, 0x00, 0x00, 0x00, 0x00, 0x00, 0x00, 0x00, 0x00, 0x00, 0x00, 0x00,
    0x00, 0x00, 0x00, 0x00, 0x00, 0x00, 0x00, 0x00, 0x00, 0x00, 0x00, 0x00, 0x00, 0x00, 0x00, 0x00,
    0x00, 0x00, 0x00, 0x00, 0x00, 0x00, 0x00, 0x00, 0x00, 0x00, 0x00, 0x00, 0x00, 0x00, 0x00, 0x00,
    0x00, 0x00, 0x00, 0x00, 0x00, 0x00, 0x00, 0x00, 0x00, 0x00, 0x00, 0x00, 0x00, 0x00, 0x00, 0x00,
    0x00, 0x00, 0x00, 0x00, 0x00, 0x00, 0x00, 0x00, 0x00, 0x00, 0x00, 0x00, 0x00, 0x00, 0x00, 0x00,
    0x00, 0x00, 0x00, 0x00, 0x00, 0x00, 0x00, 0x00, 0x00, 0x00, 0x00, 0x00, 0x00, 0x00, 0x00, 0x00,
    0x00, 0x00, 0x00, 0x00, 0x00, 0x00, 0x00, 0x00, 0x00, 0x00, 0x00, 0x00, 0x00, 0x00, 0x00, 0x00,
    0x00, 0x00, 0x00, 0x00, 0x00, 0x00, 0x00, 0x00, 0x00, 0x00, 0x00, 0x00, 0x00, 0x00, 0x00, 0x00,
    0x00, 0x00, 0x00, 0x00, 0x5A, 0x3C, 0xDE, 0xFF, 0x5A, 0x3C, 0xDE, 0xFF, 0x5A, 0x3C, 0xDE, 0xFF,
    0x00, 0x00, 0x00, 0x00, 0x00, 0x00, 0x00, 0x00, 0x00, 0x00, 0x00, 0x00, 0x00, 0x00, 0x00, 0x00,
    0x00, 0x00, 0x00, 0x00, 0x5A, 0x3C, 0xDE, 0xFF, 0x5A, 0x3C, 0xDE, 0xFF, 0x5A, 0x3C, 0xDE, 0xFF,
    0x00, 0x00, 0x00, 0x00, 0x00, 0x00, 0x00, 0x00, 0x00, 0x00, 0x00, 0x00, 0x00, 0x00, 0x00, 0x00,
    0x00, 0x00, 0x00, 0x00, 0x00, 0x00, 0x00, 0x00, 0x00, 0x00, 0x00, 0x00, 0x5A, 0x3C, 0xDE, 0xFF,
    0x5A, 0x3C, 0xDE, 0xFF, 0x5A, 0x3C, 0xDE, 0xFF, 0x5A, 0x3C, 0xDE, 0xFF, 0x5A, 0x3C, 0xDE, 0xFF,
    0x5A, 0x3C, 0xDE, 0xFF, 0x5A, 0x3C, 0xDE, 0xFF, 0x00, 0x00, 0x00, 0x00, 0x5A, 0x3C, 0xDE, 0xFF,
    0x5A, 0x3C, 0xDE, 0xFF, 0x5A, 0x3C, 0xDE, 0xFF, 0x5A, 0x3C, 0xDE, 0xFF, 0x5A, 0x3C, 0xDE, 0xFF,
    0x5A, 0x3C, 0xDE, 0xFF, 0x5A, 0x3C, 0xDE, 0xFF, 0x00, 0x00, 0x00, 0x00, 0x00, 0x00, 0x00, 0x00,
    0x00, 0x00, 0x00, 0x00, 0x00, 0x00, 0x00, 0x00, 0x00, 0x00, 0x00, 0x00, 0x5A, 0x3C, 0xDE, 0xFF,
    0x5A, 0x3C, 0xDE, 0xFF, 0xC8, 0xB4, 0xFA, 0xFF, 0x5A, 0x3C, 0xDE, 0xFF, 0x5A, 0x3C, 0xDE, 0xFF,
    0x5A, 0x3C, 0xDE, 0xFF, 0x5A, 0x3C, 0xDE, 0xFF, 0x00, 0x00, 0x00, 0x00, 0x5A, 0x3C, 0xDE, 0xFF,
    0x5A, 0x3C, 0xDE, 0xFF, 0x5A, 0x3C, 0xDE, 0xFF, 0x5A, 0x3C, 0xDE, 0xFF, 0x5A, 0x3C, 0xDE, 0xFF,
    0x5A, 0x3C, 0xDE, 0xFF, 0x5A, 0x3C, 0xDE, 0xFF, 0x00, 0x00, 0x00, 0x00, 0x00, 0x00, 0x00, 0x00,
    0x00, 0x00, 0x00, 0x00, 0x00, 0x00, 0x00, 0x00, 0x5A, 0x3C, 0xDE, 0xFF, 0x5A, 0x3C, 0xDE, 0xFF,
    0x5A, 0x3C, 0xDE, 0xFF, 0x5A, 0x3C, 0xDE, 0xFF, 0x5A, 0x3C, 0xDE, 0xFF, 0x5A, 0x3C, 0xDE, 0xFF,
    0x5A, 0x3C, 0xDE, 0xFF, 0x5A, 0x3C, 0xDE, 0xFF, 0x5A, 0x3C, 0xDE, 0xFF, 0x5A, 0x3C, 0xDE, 0xFF,
    0x5A, 0x3C, 0xDE, 0xFF, 0x5A, 0x3C, 0xDE, 0xFF, 0x5A, 0x3C, 0xDE, 0xFF, 0x5A, 0x3C, 0xDE, 0xFF,
    0x5A, 0x3C, 0xDE, 0xFF, 0x5A, 0x3C, 0xDE, 0xFF, 0x5A, 0x3C, 0xDE, 0xFF, 0x00, 0x00, 0x00, 0x00,
    0x00, 0x00, 0x00, 0x00, 0x00, 0x00, 0x00, 0x00, 0x5A, 0x3C, 0xDE, 0xFF, 0x5A, 0x3C, 0xDE, 0xFF,
    0x5A, 0x3C, 0xDE, 0xFF, 0x5A, 0x3C, 0xDE, 0xFF, 0x5A, 0x3C, 0xDE, 0xFF, 0x5A, 0x3C, 0xDE, 0xFF,
    0x5A, 0x3C, 0xDE, 0xFF, 0x5A, 0x3C, 0xDE, 0xFF, 0x5A, 0x3C, 0xDE, 0xFF, 0x5A, 0x3C, 0xDE, 0xFF,
    0x5A, 0x3C, 0xDE, 0xFF, 0x5A, 0x3C, 0xDE, 0xFF, 0x5A, 0x3C, 0xDE, 0xFF, 0x5A, 0x3C, 0xDE, 0xFF,
    0x5A, 0x3C, 0xDE, 0xFF, 0x5A, 0x3C, 0xDE, 0xFF, 0x5A, 0x3C, 0xDE, 0xFF, 0x00, 0x00, 0x00, 0x00,
    0x00, 0x00, 0x00, 0x00, 0x00, 0x00, 0x00, 0x00, 0x5A, 0x3C, 0xDE, 0xFF, 0x5A, 0x3C, 0xDE, 0xFF,
    0x5A, 0x3C, 0xDE, 0xFF, 0x5A, 0x3C, 0xDE, 0xFF, 0x5A, 0x3C, 0xDE, 0xFF, 0x5A, 0x3C, 0xDE, 0xFF,
    0x5A, 0x3C, 0xDE, 0xFF, 0x5A, 0x3C, 0xDE, 0xFF, 0x5A, 0x3C, 0xDE, 0xFF, 0x5A, 0x3C, 0xDE, 0xFF,
    0x5A, 0x3C, 0xDE, 0xFF, 0x5A, 0x3C, 0xDE, 0xFF, 0x5A, 0x3C, 0xDE, 0xFF, 0x5A, 0x3C, 0xDE, 0xFF,
    0x5A, 0x3C, 0xDE, 0xFF, 0x5A, 0x3C, 0xDE, 0xFF, 0x5A, 0x3C, 0xDE, 0xFF, 0x00, 0x00, 0x00, 0x00,
    0x00, 0x00, 0x00, 0x00, 0x00, 0x00, 0x00, 0x00, 0x00, 0x00, 0x00, 0x00, 0x5A, 0x3C, 0xDE, 0xFF,
    0x5A, 0x3C, 0xDE, 0xFF, 0x5A, 0x3C, 0xDE, 0xFF, 0x5A, 0x3C, 0xDE, 0xFF, 0x5A, 0x3C, 0xDE, 0xFF,
    0x5A, 0x3C, 0xDE, 0xFF, 0x5A, 0x3C, 0xDE, 0xFF, 0x5A, 0x3C, 0xDE, 0xFF, 0x5A, 0x3C, 0xDE, 0xFF,
    0x5A, 0x3C, 0xDE, 0xFF, 0x5A, 0x3C, 0xDE, 0xFF, 0x5A, 0x3C, 0xDE, 0xFF, 0x5A, 0x3C, 0xDE, 0xFF,
    0x5A, 0x3C, 0xDE, 0xFF, 0x5A, 0x3C, 0xDE, 0xFF, 0x00, 0x00, 0x00, 0x00, 0x00, 0x00, 0x00, 0x00,
    0x00, 0x00, 0x00, 0x00, 0x00, 0x00, 0x00, 0x00, 0x00, 0x00, 0x00, 0x00, 0x5A, 0x3C, 0xDE, 0xFF,
    0x5A, 0x3C, 0xDE, 0xFF, 0x5A, 0x3C, 0xDE, 0xFF, 0x5A, 0x3C, 0xDE, 0xFF, 0x5A, 0x3C, 0xDE, 0xFF,
    0x5A, 0x3C, 0xDE, 0xFF, 0x5A, 0x3C, 0xDE, 0xFF, 0x5A, 0x3C, 0xDE, 0xFF, 0x5A, 0x3C, 0xDE, 0xFF,
    0x5A, 0x3C, 0xDE, 0xFF, 0x5A, 0x3C, 0xDE, 0xFF, 0x5A, 0x3C, 0xDE, 0xFF, 0x5A, 0x3C, 0xDE, 0xFF,
    0x5A, 0x3C, 0xDE, 0xFF, 0x5A, 0x3C, 0xDE, 0xFF, 0x00, 0x00, 0x00, 0x00, 0x00, 0x00, 0x00, 0x00,
    0x00, 0x00, 0x00, 0x00, 0x00, 0x00, 0x00, 0x00, 0x00, 0x00, 0x00, 0x00, 0x00, 0x00, 0x00, 0x00,
    0x00, 0x00, 0x00, 0x00, 0x5A, 0x3C, 0xDE, 0xFF, 0x5A, 0x3C, 0xDE, 0xFF, 0x5A, 0x3C, 0xDE, 0xFF,
    0x5A, 0x3C, 0xDE, 0xFF, 0x5A, 0x3C, 0xDE, 0xFF, 0x5A, 0x3C, 0xDE, 0xFF, 0x5A, 0x3C, 0xDE, 0xFF,
    0x5A, 0x3C, 0xDE, 0xFF, 0x5A, 0x3C, 0xDE, 0xFF, 0x5A, 0x3C, 0xDE, 0xFF, 0x5A, 0x3C, 0xDE, 0xFF,
    0x00, 0x00, 0x00, 0x00, 0x00, 0x00, 0x00, 0x00, 0x00, 0x00, 0x00, 0x00, 0x00, 0x00, 0x00, 0x00,
    0x00, 0x00, 0x00, 0x00, 0x00, 0x00, 0x00, 0x00, 0x00, 0x00, 0x00, 0x00, 0x00, 0x00, 0x00, 0x00,
    0x00, 0x00, 0x00, 0x00, 0x00, 0x00, 0x00, 0x00, 0x5A, 0x3C, 0xDE, 0xFF, 0x5A, 0x3C, 0xDE, 0xFF,
    0x5A, 0x3C, 0xDE, 0xFF, 0x5A, 0x3C, 0xDE, 0xFF, 0x5A, 0x3C, 0xDE, 0xFF, 0x5A, 0x3C, 0xDE, 0xFF,
    0x5A, 0x3C, 0xDE, 0xFF, 0x5A, 0x3C, 0xDE, 0xFF, 0x5A, 0x3C, 0xDE, 0xFF, 0x00, 0x00, 0x00, 0x00,
    0x00, 0x00, 0x00, 0x00, 0x00, 0x00, 0x00, 0x00, 0x00, 0x00, 0x00, 0x00, 0x00, 0x00, 0x00, 0x00,
    0x00, 0x00, 0x00, 0x00, 0x00, 0x00, 0x00, 0x00, 0x00, 0x00, 0x00, 0x00, 0x00, 0x00, 0x00, 0x00,
    0x00, 0x00, 0x00, 0x00, 0x00, 0x00, 0x00, 0x00, 0x00, 0x00, 0x00, 0x00, 0x5A, 0x3C, 0xDE, 0xFF,
    0x5A, 0x3C, 0xDE, 0xFF, 0x5A, 0x3C, 0xDE, 0xFF, 0x5A, 0x3C, 0xDE, 0xFF, 0x5A, 0x3C, 0xDE, 0xFF,
    0x5A, 0x3C, 0xDE, 0xFF, 0x5A, 0x3C, 0xDE, 0xFF, 0x00, 0x00, 0x00, 0x00, 0x00, 0x00, 0x00, 0x00,
    0x00, 0x00, 0x00, 0x00, 0x00, 0x00, 0x00, 0x00, 0x00, 0x00, 0x00, 0x00, 0x00, 0x00, 0x00, 0x00,
    0x00, 0x00, 0x00, 0x00, 0x00, 0x00, 0x00, 0x00, 0x00, 0x00, 0x00, 0x00, 0x00, 0x00, 0x00, 0x00,
    0x00, 0x00, 0x00, 0x00, 0x00, 0x00, 0x00, 0x00, 0x00, 0x00, 0x00, 0x00, 0x5A, 0x3C, 0xDE, 0xFF,
    0x5A, 0x3C, 0xDE, 0xFF, 0x5A, 0x3C, 0xDE, 0xFF, 0x5A, 0x3C, 0xDE, 0xFF, 0x5A, 0x3C, 0xDE, 0xFF,
    0x5A, 0x3C, 0xDE, 0xFF, 0x5A, 0x3C, 0xDE, 0xFF, 0x00, 0x00, 0x00, 0x00, 0x00, 0x00, 0x00, 0x00,
    0x00, 0x00, 0x00, 0x00, 0x00, 0x00, 0x00, 0x00, 0x00, 0x00, 0x00, 0x00, 0x00, 0x00, 0x00, 0x00,
    0x00, 0x00, 0x00, 0x00, 0x00, 0x00, 0x00, 0x00, 0x00, 0x00, 0x00, 0x00, 0x00, 0x00, 0x00, 0x00,
    0x00, 0x00, 0x00, 0x00, 0x00, 0x00, 0x00, 0x00, 0x00, 0x00, 0x00, 0x00, 0x00, 0x00, 0x00, 0x00,
    0x5A, 0x3C, 0xDE, 0xFF, 0x5A, 0x3C, 0xDE, 0xFF, 0x5A, 0x3C, 0xDE, 0xFF, 0x5A, 0x3C, 0xDE, 0xFF,
    0x5A, 0x3C, 0xDE, 0xFF, 0x00, 0x00, 0x00, 0x00, 0x00, 0x00, 0x00, 0x00, 0x00, 0x00, 0x00, 0x00,
    0x00, 0x00, 0x00, 0x00, 0x00, 0x00, 0x00, 0x00, 0x00, 0x00, 0x00, 0x00, 0x00, 0x00, 0x00, 0x00,
    0x00, 0x00, 0x00, 0x00, 0x00, 0x00, 0x00, 0x00, 0x00, 0x00, 0x00, 0x00, 0x00, 0x00, 0x00, 0x00,
    0x00, 0x00, 0x00, 0x00, 0x00, 0x00, 0x00, 0x00, 0x00, 0x00, 0x00, 0x00, 0x00, 0x00, 0x00, 0x00,
    0x00, 0x00, 0x00, 0x00, 0x5A, 0x3C, 0xDE, 0xFF, 0x5A, 0x3C, 0xDE, 0xFF, 0x5A, 0x3C, 0xDE, 0xFF,
    0x00, 0x00, 0x00, 0x00, 0x00, 0x00, 0x00, 0x00, 0x00, 0x00, 0x00, 0x00, 0x00, 0x00, 0x00, 0x00,
    0x00, 0x00, 0x00, 0x00, 0x00, 0x00, 0x00, 0x00, 0x00, 0x00, 0x00, 0x00, 0x00, 0x00, 0x00, 0x00,
    0x00, 0x00, 0x00, 0x00, 0x00, 0x00, 0x00, 0x00, 0x00, 0x00, 0x00, 0x00, 0x00, 0x00, 0x00, 0x00,
    0x00, 0x00, 0x00, 0x00, 0x00, 0x00, 0x00, 0x00, 0x00, 0x00, 0x00, 0x00, 0x00, 0x00, 0x00, 0x00,
    0x00, 0x00, 0x00, 0x00, 0x5A, 0x3C, 0xDE, 0xFF, 0x5A, 0x3C, 0xDE, 0xFF, 0x5A, 0x3C, 0xDE, 0xFF,
    0x00, 0x00, 0x00, 0x00, 0x00, 0x00, 0x00, 0x00, 0x00, 0x00, 0x00, 0x00, 0x00, 0x00, 0x00, 0x00,
    0x00, 0x00, 0x00, 0x00, 0x00, 0x00, 0x00, 0x00, 0x00, 0x00, 0x00, 0x00, 0x00, 0x00, 0x00, 0x00,
    0x00, 0x00, 0x00, 0x00, 0x00, 0x00, 0x00, 0x00, 0x00, 0x00, 0x00, 0x00, 0x00, 0x00, 0x00, 0x00,
    0x00, 0x00, 0x00, 0x00, 0x00, 0x00, 0x00, 0x00, 0x00, 0x00, 0x00, 0x00, 0x00, 0x00, 0x00, 0x00,
    0x00, 0x00, 0x00, 0x00, 0x00, 0x00, 0x00, 0x00, 0x5A, 0x3C, 0xDE, 0xFF, 0x00, 0x00, 0x00, 0x00,
    0x00, 0x00, 0x00, 0x00, 0x00, 0x00, 0x00, 0x00, 0x00, 0x00, 0x00, 0x00, 0x00, 0x00, 0x00, 0x00,
    0x00, 0x00, 0x00, 0x00, 0x00, 0x00, 0x00, 0x00, 0x00, 0x00, 0x00, 0x00, 0x00, 0x00, 0x00, 0x00,
    0x00, 0x00, 0x00, 0x00, 0x00, 0x00, 0x00, 0x00, 0x00, 0x00, 0x00, 0x00, 0x00, 0x00, 0x00, 0x00,
    0x00, 0x00, 0x00, 0x00, 0x00, 0x00, 0x00, 0x00, 0x00, 0x00, 0x00, 0x00, 0x00, 0x00, 0x00, 0x00,
    0x00, 0x00, 0x00, 0x00, 0x00, 0x00, 0x00, 0x00, 0x00, 0x00, 0x00, 0x00, 0x00, 0x00, 0x00, 0x00,
    0x00, 0x00, 0x00, 0x00, 0x00, 0x00, 0x00, 0x00, 0x00, 0x00, 0x00, 0x00, 0x00, 0x00, 0x00, 0x00,
    0x00, 0x00, 0x00, 0x00, 0x00, 0x00, 0x00, 0x00, 0x00, 0x00, 0x00, 0x00, 0x00, 0x00, 0x00, 0x00,
};

const lv_image_dsc_t spr_heart = {
    .header.magic = LV_IMAGE_HEADER_MAGIC,
    .header.cf = LV_COLOR_FORMAT_ARGB8888,
    .header.w = 20,
    .header.h = 20,
    .header.stride = 80,
    .data_size = sizeof(spr_heart_map),
    .data = spr_heart_map,

static const uint8_t spr_star_map[] = {
    0x00, 0x00, 0x00, 0x00, 0x00, 0x00, 0x00, 0x00, 0x00, 0x00, 0x00, 0x00, 0x00, 0x00, 0x00, 0x00,
    0x00, 0x00, 0x00, 0x00, 0x00, 0x00, 0x00, 0x00, 0x00, 0x00, 0x00, 0x00, 0x00, 0x00, 0x00, 0x00,
    0x00, 0x00, 0x00, 0x00, 0x00, 0x00, 0x00, 0x00, 0x00, 0x00, 0x00, 0x00, 0x00, 0x00, 0x00, 0x00,
    0x00, 0x00, 0x00, 0x00, 0x00, 0x00, 0x00, 0x00, 0x00, 0x00, 0x00, 0x00, 0x00, 0x00, 0x00, 0x00,
    0x00, 0x00, 0x00, 0x00, 0x00, 0x00, 0x00, 0x00, 0x00, 0x00, 0x00, 0x00, 0x00, 0x00, 0x00, 0x00,
    0x00, 0x00, 0x00, 0x00, 0x00, 0x00, 0x00, 0x00, 0x00, 0x00, 0x00, 0x00, 0x00, 0x00, 0x00, 0x00,
    0x00, 0x00, 0x00, 0x00, 0x00, 0x00, 0x00, 0x00, 0x00, 0x00, 0x00, 0x00, 0x00, 0x00, 0x00, 0x00,
    0x00, 0x00, 0x00, 0x00, 0x00, 0x00, 0x00, 0x00, 0x28, 0xA8, 0xD2, 0xFF, 0x00, 0x00, 0x00, 0x00,
    0x00, 0x00, 0x00, 0x00, 0x00, 0x00, 0x00, 0x00, 0x00, 0x00, 0x00, 0x00, 0x00, 0x00, 0x00, 0x00,
    0x00, 0x00, 0x00, 0x00, 0x00, 0x00, 0x00, 0x00, 0x00, 0x00, 0x00, 0x00, 0x00, 0x00, 0x00, 0x00,
    0x00, 0x00, 0x00, 0x00, 0x00, 0x00, 0x00, 0x00, 0x00, 0x00, 0x00, 0x00, 0x00, 0x00, 0x00, 0x00,
    0x00, 0x00, 0x00, 0x00, 0x00, 0x00, 0x00, 0x00, 0x00, 0x00, 0x00, 0x00, 0x00, 0x00, 0x00, 0x00,
    0x00, 0x00, 0x00, 0x00, 0x00, 0x00, 0x00, 0x00, 0x28, 0xA8, 0xD2, 0xFF, 0x00, 0x00, 0x00, 0x00,
    0x00, 0x00, 0x00, 0x00, 0x00, 0x00, 0x00, 0x00, 0x00, 0x00, 0x00, 0x00, 0x00, 0x00, 0x00, 0x00,
    0x00, 0x00, 0x00, 0x00, 0x00, 0x00, 0x00, 0x00, 0x00, 0x00, 0x00, 0x00, 0x00, 0x00, 0x00, 0x00,
    0x00, 0x00, 0x00, 0x00, 0x00, 0x00, 0x00, 0x00, 0x00, 0x00, 0x00, 0x00, 0x00, 0x00, 0x00, 0x00,
    0x00, 0x00, 0x00, 0x00, 0x00, 0x00, 0x00, 0x00, 0x00, 0x00, 0x00, 0x00, 0x00, 0x00, 0x00, 0x00,
    0x00, 0x00, 0x00, 0x00, 0x28, 0xA8, 0xD2, 0xFF, 0x46, 0xD2, 0xFA, 0xFF, 0x28, 0xA8, 0xD2, 0xFF,
    0x00, 0x00, 0x00, 0x00, 0x00, 0x00, 0x00, 0x00, 0x00, 0x00, 0x00, 0x00, 0x00, 0x00, 0x00, 0x00,
    0x00, 0x00, 0x00, 0x00, 0x00, 0x00, 0x00, 0x00, 0x00, 0x00, 0x00, 0x00, 0x00, 0x00, 0x00, 0x00,
    0x00, 0x00, 0x00, 0x00, 0x00, 0x00, 0x00, 0x00, 0x00, 0x00, 0x00, 0x00, 0x00, 0x00, 0x00, 0x00,
    0x00, 0x00, 0x00, 0x00, 0x00, 0x00, 0x00, 0x00, 0x00, 0x00, 0x00, 0x00, 0x00, 0x00, 0x00, 0x00,
    0x00, 0x00, 0x00, 0x00, 0x28, 0xA8, 0xD2, 0xFF, 0x46, 0xD2, 0xFA, 0xFF, 0x28, 0xA8, 0xD2, 0xFF,
    0x00, 0x00, 0x00, 0x00, 0x00, 0x00, 0x00, 0x00, 0x00, 0x00, 0x00, 0x00, 0x00, 0x00, 0x00, 0x00,
    0x00, 0x00, 0x00, 0x00, 0x00, 0x00, 0x00, 0x00, 0x00, 0x00, 0x00, 0x00, 0x00, 0x00, 0x00, 0x00,
    0x00, 0x00, 0x00, 0x00, 0x00, 0x00, 0x00, 0x00, 0x00, 0x00, 0x00, 0x00, 0x00, 0x00, 0x00, 0x00,
    0x00, 0x00, 0x00, 0x00, 0x00, 0x00, 0x00, 0x00, 0x00, 0x00, 0x00, 0x00, 0x00, 0x00, 0x00, 0x00,
    0x00, 0x00, 0x00, 0x00, 0x28, 0xA8, 0xD2, 0xFF, 0x46, 0xD2, 0xFA, 0xFF, 0x28, 0xA8, 0xD2, 0xFF,
    0x00, 0x00, 0x00, 0x00, 0x00, 0x00, 0x00, 0x00, 0x00, 0x00, 0x00, 0x00, 0x00, 0x00, 0x00, 0x00,
    0x00, 0x00, 0x00, 0x00, 0x00, 0x00, 0x00, 0x00, 0x00, 0x00, 0x00, 0x00, 0x00, 0x00, 0x00, 0x00,
    0x00, 0x00, 0x00, 0x00, 0x00, 0x00, 0x00, 0x00, 0x00, 0x00, 0x00, 0x00, 0x00, 0x00, 0x00, 0x00,
    0x00, 0x00, 0x00, 0x00, 0x00, 0x00, 0x00, 0x00, 0x00, 0x00, 0x00, 0x00, 0x00, 0x00, 0x00, 0x00,
    0x28, 0xA8, 0xD2, 0xFF, 0x46, 0xD2, 0xFA, 0xFF, 0x46, 0xD2, 0xFA, 0xFF, 0x46, 0xD2, 0xFA, 0xFF,
    0x28, 0xA8, 0xD2, 0xFF, 0x00, 0x00, 0x00, 0x00, 0x00, 0x00, 0x00, 0x00, 0x00, 0x00, 0x00, 0x00,
    0x00, 0x00, 0x00, 0x00, 0x00, 0x00, 0x00, 0x00, 0x00, 0x00, 0x00, 0x00, 0x00, 0x00, 0x00, 0x00,
    0x00, 0x00, 0x00, 0x00, 0x28, 0xA8, 0xD2, 0xFF, 0x28, 0xA8, 0xD2, 0xFF, 0x28, 0xA8, 0xD2, 0xFF,
    0x28, 0xA8, 0xD2, 0xFF, 0x28, 0xA8, 0xD2, 0xFF, 0x28, 0xA8, 0xD2, 0xFF, 0x28, 0xA8, 0xD2, 0xFF,
    0x28, 0xA8, 0xD2, 0xFF, 0x46, 0xD2, 0xFA, 0xFF, 0x46, 0xD2, 0xFA, 0xFF, 0x46, 0xD2, 0xFA, 0xFF,
    0x28, 0xA8, 0xD2, 0xFF, 0x28, 0xA8, 0xD2, 0xFF, 0x28, 0xA8, 0xD2, 0xFF, 0x28, 0xA8, 0xD2, 0xFF,
    0x28, 0xA8, 0xD2, 0xFF, 0x28, 0xA8, 0xD2, 0xFF, 0x28, 0xA8, 0xD2, 0xFF, 0x28, 0xA8, 0xD2, 0xFF,
    0x00, 0x00, 0x00, 0x00, 0x00, 0x00, 0x00, 0x00, 0x28, 0xA8, 0xD2, 0xFF, 0x46, 0xD2, 0xFA, 0xFF,
    0x46, 0xD2, 0xFA, 0xFF, 0x46, 0xD2, 0xFA, 0xFF, 0x46, 0xD2, 0xFA, 0xFF, 0x46, 0xD2, 0xFA, 0xFF,
    0x46, 0xD2, 0xFA, 0xFF, 0x46, 0xD2, 0xFA, 0xFF, 0x46, 0xD2, 0xFA, 0xFF, 0x46, 0xD2, 0xFA, 0xFF,
    0x46, 0xD2, 0xFA, 0xFF, 0x46, 0xD2, 0xFA, 0xFF, 0x46, 0xD2, 0xFA, 0xFF, 0x46, 0xD2, 0xFA, 0xFF,
    0x46, 0xD2, 0xFA, 0xFF, 0x46, 0xD2, 0xFA, 0xFF, 0x28, 0xA8, 0xD2, 0xFF, 0x00, 0x00, 0x00, 0x00,
    0x00, 0x00, 0x00, 0x00, 0x00, 0x00, 0x00, 0x00, 0x00, 0x00, 0x00, 0x00, 0x28, 0xA8, 0xD2, 0xFF,
    0x28, 0xA8, 0xD2, 0xFF, 0x46, 0xD2, 0xFA, 0xFF, 0x46, 0xD2, 0xFA, 0xFF, 0x46, 0xD2, 0xFA, 0xFF,
    0x46, 0xD2, 0xFA, 0xFF, 0x46, 0xD2, 0xFA, 0xFF, 0x46, 0xD2, 0xFA, 0xFF, 0x46, 0xD2, 0xFA, 0xFF,
    0x46, 0xD2, 0xFA, 0xFF, 0x46, 0xD2, 0xFA, 0xFF, 0x46, 0xD2, 0xFA, 0xFF, 0x46, 0xD2, 0xFA, 0xFF,
    0x46, 0xD2, 0xFA, 0xFF, 0x28, 0xA8, 0xD2, 0xFF, 0x00, 0x00, 0x00, 0x00, 0x00, 0x00, 0x00, 0x00,
    0x00, 0x00, 0x00, 0x00, 0x00, 0x00, 0x00, 0x00, 0x00, 0x00, 0x00, 0x00, 0x00, 0x00, 0x00, 0x00,
    0x00, 0x00, 0x00, 0x00, 0x28, 0xA8, 0xD2, 0xFF, 0x46, 0xD2, 0xFA, 0xFF, 0x46, 0xD2, 0xFA, 0xFF,
    0x46, 0xD2, 0xFA, 0xFF, 0x46, 0xD2, 0xFA, 0xFF, 0x46, 0xD2, 0xFA, 0xFF, 0x46, 0xD2, 0xFA, 0xFF,
    0x46, 0xD2, 0xFA, 0xFF, 0x46, 0xD2, 0xFA, 0xFF, 0x46, 0xD2, 0xFA, 0xFF, 0x28, 0xA8, 0xD2, 0xFF,
    0x28, 0xA8, 0xD2, 0xFF, 0x00, 0x00, 0x00, 0x00, 0x00, 0x00, 0x00, 0x00, 0x00, 0x00, 0x00, 0x00,
    0x00, 0x00, 0x00, 0x00, 0x00, 0x00, 0x00, 0x00, 0x00, 0x00, 0x00, 0x00, 0x00, 0x00, 0x00, 0x00,
    0x00, 0x00, 0x00, 0x00, 0x00, 0x00, 0x00, 0x00, 0x28, 0xA8, 0xD2, 0xFF, 0x46, 0xD2, 0xFA, 0xFF,
    0x46, 0xD2, 0xFA, 0xFF, 0x46, 0xD2, 0xFA, 0xFF, 0x46, 0xD2, 0xFA, 0xFF, 0x46, 0xD2, 0xFA, 0xFF,
    0x46, 0xD2, 0xFA, 0xFF, 0x46, 0xD2, 0xFA, 0xFF, 0x28, 0xA8, 0xD2, 0xFF, 0x00, 0x00, 0x00, 0x00,
    0x00, 0x00, 0x00, 0x00, 0x00, 0x00, 0x00, 0x00, 0x00, 0x00, 0x00, 0x00, 0x00, 0x00, 0x00, 0x00,
    0x00, 0x00, 0x00, 0x00, 0x00, 0x00, 0x00, 0x00, 0x00, 0x00, 0x00, 0x00, 0x00, 0x00, 0x00, 0x00,
    0x00, 0x00, 0x00, 0x00, 0x00, 0x00, 0x00, 0x00, 0x00, 0x00, 0x00, 0x00, 0x28, 0xA8, 0xD2, 0xFF,
    0x46, 0xD2, 0xFA, 0xFF, 0x46, 0xD2, 0xFA, 0xFF, 0x46, 0xD2, 0xFA, 0xFF, 0x46, 0xD2, 0xFA, 0xFF,
    0x46, 0xD2, 0xFA, 0xFF, 0x28, 0xA8, 0xD2, 0xFF, 0x00, 0x00, 0x00, 0x00, 0x00, 0x00, 0x00, 0x00,
    0x00, 0x00, 0x00, 0x00, 0x00, 0x00, 0x00, 0x00, 0x00, 0x00, 0x00, 0x00, 0x00, 0x00, 0x00, 0x00,
    0x00, 0x00, 0x00, 0x00, 0x00, 0x00, 0x00, 0x00, 0x00, 0x00, 0x00, 0x00, 0x00, 0x00, 0x00, 0x00,
    0x00, 0x00, 0x00, 0x00, 0x00, 0x00, 0x00, 0x00, 0x00, 0x00, 0x00, 0x00, 0x28, 0xA8, 0xD2, 0xFF,
    0x46, 0xD2, 0xFA, 0xFF, 0x46, 0xD2, 0xFA, 0xFF, 0x46, 0xD2, 0xFA, 0xFF, 0x46, 0xD2, 0xFA, 0xFF,
    0x46, 0xD2, 0xFA, 0xFF, 0x28, 0xA8, 0xD2, 0xFF, 0x00, 0x00, 0x00, 0x00, 0x00, 0x00, 0x00, 0x00,
    0x00, 0x00, 0x00, 0x00, 0x00, 0x00, 0x00, 0x00, 0x00, 0x00, 0x00, 0x00, 0x00, 0x00, 0x00, 0x00,
    0x00, 0x00, 0x00, 0x00, 0x00, 0x00, 0x00, 0x00, 0x00, 0x00, 0x00, 0x00, 0x00, 0x00, 0x00, 0x00,
    0x00, 0x00, 0x00, 0x00, 0x00, 0x00, 0x00, 0x00, 0x28, 0xA8, 0xD2, 0xFF, 0x46, 0xD2, 0xFA, 0xFF,
    0x46, 0xD2, 0xFA, 0xFF, 0x46, 0xD2, 0xFA, 0xFF, 0x46, 0xD2, 0xFA, 0xFF, 0x46, 0xD2, 0xFA, 0xFF,
    0x46, 0xD2, 0xFA, 0xFF, 0x46, 0xD2, 0xFA, 0xFF, 0x28, 0xA8, 0xD2, 0xFF, 0x00, 0x00, 0x00, 0x00,
    0x00, 0x00, 0x00, 0x00, 0x00, 0x00, 0x00, 0x00, 0x00, 0x00, 0x00, 0x00, 0x00, 0x00, 0x00, 0x00,
    0x00, 0x00, 0x00, 0x00, 0x00, 0x00, 0x00, 0x00, 0x00, 0x00, 0x00, 0x00, 0x00, 0x00, 0x00, 0x00,
    0x00, 0x00, 0x00, 0x00, 0x00, 0x00, 0x00, 0x00, 0x28, 0xA8, 0xD2, 0xFF, 0x46, 0xD2, 0xFA, 0xFF,
    0x46, 0xD2, 0xFA, 0xFF, 0x46, 0xD2, 0xFA, 0xFF, 0x28, 0xA8, 0xD2, 0xFF, 0x46, 0xD2, 0xFA, 0xFF,
    0x46, 0xD2, 0xFA, 0xFF, 0x46, 0xD2, 0xFA, 0xFF, 0x28, 0xA8, 0xD2, 0xFF, 0x00, 0x00, 0x00, 0x00,
    0x00, 0x00, 0x00, 0x00, 0x00, 0x00, 0x00, 0x00, 0x00, 0x00, 0x00, 0x00, 0x00, 0x00, 0x00, 0x00,
    0x00, 0x00, 0x00, 0x00, 0x00, 0x00, 0x00, 0x00, 0x00, 0x00, 0x00, 0x00, 0x00, 0x00, 0x00, 0x00,
    0x00, 0x00, 0x00, 0x00, 0x00, 0x00, 0x00, 0x00, 0x28, 0xA8, 0xD2, 0xFF, 0x46, 0xD2, 0xFA, 0xFF,
    0x46, 0xD2, 0xFA, 0xFF, 0x28, 0xA8, 0xD2, 0xFF, 0x00, 0x00, 0x00, 0x00, 0x28, 0xA8, 0xD2, 0xFF,
    0x46, 0xD2, 0xFA, 0xFF, 0x46, 0xD2, 0xFA, 0xFF, 0x28, 0xA8, 0xD2, 0xFF, 0x00, 0x00, 0x00, 0x00,
    0x00, 0x00, 0x00, 0x00, 0x00, 0x00, 0x00, 0x00, 0x00, 0x00, 0x00, 0x00, 0x00, 0x00, 0x00, 0x00,
    0x00, 0x00, 0x00, 0x00, 0x00, 0x00, 0x00, 0x00, 0x00, 0x00, 0x00, 0x00, 0x00, 0x00, 0x00, 0x00,
    0x00, 0x00, 0x00, 0x00, 0x00, 0x00, 0x00, 0x00, 0x28, 0xA8, 0xD2, 0xFF, 0x28, 0xA8, 0xD2, 0xFF,
    0x28, 0xA8, 0xD2, 0xFF, 0x00, 0x00, 0x00, 0x00, 0x00, 0x00, 0x00, 0x00, 0x00, 0x00, 0x00, 0x00,
    0x28, 0xA8, 0xD2, 0xFF, 0x28, 0xA8, 0xD2, 0xFF, 0x28, 0xA8, 0xD2, 0xFF, 0x00, 0x00, 0x00, 0x00,
    0x00, 0x00, 0x00, 0x00, 0x00, 0x00, 0x00, 0x00, 0x00, 0x00, 0x00, 0x00, 0x00, 0x00, 0x00, 0x00,
    0x00, 0x00, 0x00, 0x00, 0x00, 0x00, 0x00, 0x00, 0x00, 0x00, 0x00, 0x00, 0x00, 0x00, 0x00, 0x00,
    0x00, 0x00, 0x00, 0x00, 0x28, 0xA8, 0xD2, 0xFF, 0x28, 0xA8, 0xD2, 0xFF, 0x00, 0x00, 0x00, 0x00,
    0x00, 0x00, 0x00, 0x00, 0x00, 0x00, 0x00, 0x00, 0x00, 0x00, 0x00, 0x00, 0x00, 0x00, 0x00, 0x00,
    0x00, 0x00, 0x00, 0x00, 0x00, 0x00, 0x00, 0x00, 0x28, 0xA8, 0xD2, 0xFF, 0x28, 0xA8, 0xD2, 0xFF,
    0x00, 0x00, 0x00, 0x00, 0x00, 0x00, 0x00, 0x00, 0x00, 0x00, 0x00, 0x00, 0x00, 0x00, 0x00, 0x00,
    0x00, 0x00, 0x00, 0x00, 0x00, 0x00, 0x00, 0x00, 0x00, 0x00, 0x00, 0x00, 0x00, 0x00, 0x00, 0x00,
    0x00, 0x00, 0x00, 0x00, 0x28, 0xA8, 0xD2, 0xFF, 0x00, 0x00, 0x00, 0x00, 0x00, 0x00, 0x00, 0x00,
    0x00, 0x00, 0x00, 0x00, 0x00, 0x00, 0x00, 0x00, 0x00, 0x00, 0x00, 0x00, 0x00, 0x00, 0x00, 0x00,
    0x00, 0x00, 0x00, 0x00, 0x00, 0x00, 0x00, 0x00, 0x00, 0x00, 0x00, 0x00, 0x28, 0xA8, 0xD2, 0xFF,
    0x00, 0x00, 0x00, 0x00, 0x00, 0x00, 0x00, 0x00, 0x00, 0x00, 0x00, 0x00, 0x00, 0x00, 0x00, 0x00,
};

const lv_image_dsc_t spr_star = {
    .header.magic = LV_IMAGE_HEADER_MAGIC,
    .header.cf = LV_COLOR_FORMAT_ARGB8888,
    .header.w = 20,
    .header.h = 20,
    .header.stride = 80,
    .data_size = sizeof(spr_star_map),
    .data = spr_star_map,

static const uint8_t spr_flower_map[] = {
    0x00, 0x00, 0x00, 0x00, 0x00, 0x00, 0x00, 0x00, 0x00, 0x00, 0x00, 0x00, 0x00, 0x00, 0x00, 0x00,
    0x00, 0x00, 0x00, 0x00, 0x00, 0x00, 0x00, 0x00, 0x00, 0x00, 0x00, 0x00, 0x00, 0x00, 0x00, 0x00,
    0x00, 0x00, 0x00, 0x00, 0x00, 0x00, 0x00, 0x00, 0x00, 0x00, 0x00, 0x00, 0x00, 0x00, 0x00, 0x00,
    0x00, 0x00, 0x00, 0x00, 0x00, 0x00, 0x00, 0x00, 0x00, 0x00, 0x00, 0x00, 0x00, 0x00, 0x00, 0x00,
    0x00, 0x00, 0x00, 0x00, 0x00, 0x00, 0x00, 0x00, 0x00, 0x00, 0x00, 0x00, 0x00, 0x00, 0x00, 0x00,
    0x00, 0x00, 0x00, 0x00, 0x00, 0x00, 0x00, 0x00, 0x00, 0x00, 0x00, 0x00, 0x00, 0x00, 0x00, 0x00,
    0xA8, 0x82, 0xF4, 0xFF, 0xA8, 0x82, 0xF4, 0xFF, 0xA8, 0x82, 0xF4, 0xFF, 0x00, 0x00, 0x00, 0x00,
    0x00, 0x00, 0x00, 0x00, 0xA8, 0x82, 0xF4, 0xFF, 0xA8, 0x82, 0xF4, 0xFF, 0xA8, 0x82, 0xF4, 0xFF,
    0x00, 0x00, 0x00, 0x00, 0x00, 0x00, 0x00, 0x00, 0xA8, 0x82, 0xF4, 0xFF, 0xA8, 0x82, 0xF4, 0xFF,
    0xA8, 0x82, 0xF4, 0xFF, 0x00, 0x00, 0x00, 0x00, 0x00, 0x00, 0x00, 0x00, 0x00, 0x00, 0x00, 0x00,
    0x00, 0x00, 0x00, 0x00, 0x00, 0x00, 0x00, 0x00, 0x00, 0x00, 0x00, 0x00, 0xA8, 0x82, 0xF4, 0xFF,
    0xA8, 0x82, 0xF4, 0xFF, 0xA8, 0x82, 0xF4, 0xFF, 0xA8, 0x82, 0xF4, 0xFF, 0xA8, 0x82, 0xF4, 0xFF,
    0xA8, 0x82, 0xF4, 0xFF, 0xA8, 0x82, 0xF4, 0xFF, 0xA8, 0x82, 0xF4, 0xFF, 0xA8, 0x82, 0xF4, 0xFF,
    0xA8, 0x82, 0xF4, 0xFF, 0xA8, 0x82, 0xF4, 0xFF, 0xA8, 0x82, 0xF4, 0xFF, 0xA8, 0x82, 0xF4, 0xFF,
    0xA8, 0x82, 0xF4, 0xFF, 0xA8, 0x82, 0xF4, 0xFF, 0x00, 0x00, 0x00, 0x00, 0x00, 0x00, 0x00, 0x00,
    0x00, 0x00, 0x00, 0x00, 0x00, 0x00, 0x00, 0x00, 0x00, 0x00, 0x00, 0x00, 0xA8, 0x82, 0xF4, 0xFF,
    0xA8, 0x82, 0xF4, 0xFF, 0xA8, 0x82, 0xF4, 0xFF, 0xA8, 0x82, 0xF4, 0xFF, 0xA8, 0x82, 0xF4, 0xFF,
    0xA8, 0x82, 0xF4, 0xFF, 0xA8, 0x82, 0xF4, 0xFF, 0xA8, 0x82, 0xF4, 0xFF, 0xA8, 0x82, 0xF4, 0xFF,
    0xA8, 0x82, 0xF4, 0xFF, 0xA8, 0x82, 0xF4, 0xFF, 0xA8, 0x82, 0xF4, 0xFF, 0xA8, 0x82, 0xF4, 0xFF,
    0xA8, 0x82, 0xF4, 0xFF, 0xA8, 0x82, 0xF4, 0xFF, 0x00, 0x00, 0x00, 0x00, 0x00, 0x00, 0x00, 0x00,
    0x00, 0x00, 0x00, 0x00, 0x00, 0x00, 0x00, 0x00, 0x00, 0x00, 0x00, 0x00, 0xA8, 0x82, 0xF4, 0xFF,
    0xA8, 0x82, 0xF4, 0xFF, 0xA8, 0x82, 0xF4, 0xFF, 0xA8, 0x82, 0xF4, 0xFF, 0xA8, 0x82, 0xF4, 0xFF,
    0xA8, 0x82, 0xF4, 0xFF, 0xA8, 0x82, 0xF4, 0xFF, 0xA8, 0x82, 0xF4, 0xFF, 0xA8, 0x82, 0xF4, 0xFF,
    0xA8, 0x82, 0xF4, 0xFF, 0xA8, 0x82, 0xF4, 0xFF, 0xA8, 0x82, 0xF4, 0xFF, 0xA8, 0x82, 0xF4, 0xFF,
    0xA8, 0x82, 0xF4, 0xFF, 0xA8, 0x82, 0xF4, 0xFF, 0x00, 0x00, 0x00, 0x00, 0x00, 0x00, 0x00, 0x00,
    0x00, 0x00, 0x00, 0x00, 0x00, 0x00, 0x00, 0x00, 0x00, 0x00, 0x00, 0x00, 0x00, 0x00, 0x00, 0x00,
    0xA8, 0x82, 0xF4, 0xFF, 0xA8, 0x82, 0xF4, 0xFF, 0xA8, 0x82, 0xF4, 0xFF, 0x00, 0x00, 0x00, 0x00,
    0x00, 0x00, 0x00, 0x00, 0x64, 0xD6, 0xFA, 0xFF, 0x64, 0xD6, 0xFA, 0xFF, 0x64, 0xD6, 0xFA, 0xFF,
    0x00, 0x00, 0x00, 0x00, 0x00, 0x00, 0x00, 0x00, 0xA8, 0x82, 0xF4, 0xFF, 0xA8, 0x82, 0xF4, 0xFF,
    0xA8, 0x82, 0xF4, 0xFF, 0x00, 0x00, 0x00, 0x00, 0x00, 0x00, 0x00, 0x00, 0x00, 0x00, 0x00, 0x00,
    0x00, 0x00, 0x00, 0x00, 0x00, 0x00, 0x00, 0x00, 0xA8, 0x82, 0xF4, 0xFF, 0xA8, 0x82, 0xF4, 0xFF,
    0xA8, 0x82, 0xF4, 0xFF, 0x00, 0x00, 0x00, 0x00, 0x00, 0x00, 0x00, 0x00, 0x00, 0x00, 0x00, 0x00,
    0x64, 0xD6, 0xFA, 0xFF, 0x64, 0xD6, 0xFA, 0xFF, 0x64, 0xD6, 0xFA, 0xFF, 0x64, 0xD6, 0xFA, 0xFF,
    0x64, 0xD6, 0xFA, 0xFF, 0xA8, 0x82, 0xF4, 0xFF, 0xA8, 0x82, 0xF4, 0xFF, 0x00, 0x00, 0x00, 0x00,
    0x00, 0x00, 0x00, 0x00, 0x00, 0x00, 0x00, 0x00, 0x00, 0x00, 0x00, 0x00, 0x00, 0x00, 0x00, 0x00,
    0x00, 0x00, 0x00, 0x00, 0xA8, 0x82, 0xF4, 0xFF, 0xA8, 0x82, 0xF4, 0xFF, 0xA8, 0x82, 0xF4, 0xFF,
    0xA8, 0x82, 0xF4, 0xFF, 0xA8, 0x82, 0xF4, 0xFF, 0x00, 0x00, 0x00, 0x00, 0x64, 0xD6, 0xFA, 0xFF,
    0x64, 0xD6, 0xFA, 0xFF, 0x64, 0xD6, 0xFA, 0xFF, 0x64, 0xD6, 0xFA, 0xFF, 0x64, 0xD6, 0xFA, 0xFF,
    0x64, 0xD6, 0xFA, 0xFF, 0x64, 0xD6, 0xFA, 0xFF, 0xA8, 0x82, 0xF4, 0xFF, 0xA8, 0x82, 0xF4, 0xFF,
    0x00, 0x00, 0x00, 0x00, 0x00, 0x00, 0x00, 0x00, 0x00, 0x00, 0x00, 0x00, 0x00, 0x00, 0x00, 0x00,
    0x00, 0x00, 0x00, 0x00, 0xA8, 0x82, 0xF4, 0xFF, 0xA8, 0x82, 0xF4, 0xFF, 0xA8, 0x82, 0xF4, 0xFF,
    0xA8, 0x82, 0xF4, 0xFF, 0xA8, 0x82, 0xF4, 0xFF, 0x00, 0x00, 0x00, 0x00, 0x64, 0xD6, 0xFA, 0xFF,
    0x64, 0xD6, 0xFA, 0xFF, 0x64, 0xD6, 0xFA, 0xFF, 0x64, 0xD6, 0xFA, 0xFF, 0x64, 0xD6, 0xFA, 0xFF,
    0x64, 0xD6, 0xFA, 0xFF, 0x64, 0xD6, 0xFA, 0xFF, 0xA8, 0x82, 0xF4, 0xFF, 0xA8, 0x82, 0xF4, 0xFF,
    0x00, 0x00, 0x00, 0x00, 0x00, 0x00, 0x00, 0x00, 0x00, 0x00, 0x00, 0x00, 0x00, 0x00, 0x00, 0x00,
    0x00, 0x00, 0x00, 0x00, 0xA8, 0x82, 0xF4, 0xFF, 0xA8, 0x82, 0xF4, 0xFF, 0xA8, 0x82, 0xF4, 0xFF,
    0xA8, 0x82, 0xF4, 0xFF, 0xA8, 0x82, 0xF4, 0xFF, 0x00, 0x00, 0x00, 0x00, 0x64, 0xD6, 0xFA, 0xFF,
    0x64, 0xD6, 0xFA, 0xFF, 0x64, 0xD6, 0xFA, 0xFF, 0x64, 0xD6, 0xFA, 0xFF, 0x64, 0xD6, 0xFA, 0xFF,
    0x64, 0xD6, 0xFA, 0xFF, 0x64, 0xD6, 0xFA, 0xFF, 0xA8, 0x82, 0xF4, 0xFF, 0xA8, 0x82, 0xF4, 0xFF,
    0x00, 0x00, 0x00, 0x00, 0x00, 0x00, 0x00, 0x00, 0x00, 0x00, 0x00, 0x00, 0x00, 0x00, 0x00, 0x00,
    0x00, 0x00, 0x00, 0x00, 0x00, 0x00, 0x00, 0x00, 0xA8, 0x82, 0xF4, 0xFF, 0xA8, 0x82, 0xF4, 0xFF,
    0xA8, 0x82, 0xF4, 0xFF, 0x00, 0x00, 0x00, 0x00, 0x00, 0x00, 0x00, 0x00, 0x00, 0x00, 0x00, 0x00,
    0x64, 0xD6, 0xFA, 0xFF, 0x64, 0xD6, 0xFA, 0xFF, 0x64, 0xD6, 0xFA, 0xFF, 0x64, 0xD6, 0xFA, 0xFF,
    0x64, 0xD6, 0xFA, 0xFF, 0xA8, 0x82, 0xF4, 0xFF, 0xA8, 0x82, 0xF4, 0xFF, 0x00, 0x00, 0x00, 0x00,
    0x00, 0x00, 0x00, 0x00, 0x00, 0x00, 0x00, 0x00, 0x00, 0x00, 0x00, 0x00, 0x00, 0x00, 0x00, 0x00,
    0x00, 0x00, 0x00, 0x00, 0x00, 0x00, 0x00, 0x00, 0x00, 0x00, 0x00, 0x00, 0x00, 0x00, 0x00, 0x00,
    0xA8, 0x82, 0xF4, 0xFF, 0xA8, 0x82, 0xF4, 0xFF, 0xA8, 0x82, 0xF4, 0xFF, 0x00, 0x00, 0x00, 0x00,
    0x00, 0x00, 0x00, 0x00, 0x64, 0xD6, 0xFA, 0xFF, 0x64, 0xD6, 0xFA, 0xFF, 0x64, 0xD6, 0xFA, 0xFF,
    0x00, 0x00, 0x00, 0x00, 0x00, 0x00, 0x00, 0x00, 0xA8, 0x82, 0xF4, 0xFF, 0xA8, 0x82, 0xF4, 0xFF,
    0xA8, 0x82, 0xF4, 0xFF, 0x00, 0x00, 0x00, 0x00, 0x00, 0x00, 0x00, 0x00, 0x00, 0x00, 0x00, 0x00,
    0x00, 0x00, 0x00, 0x00, 0x00, 0x00, 0x00, 0x00, 0x00, 0x00, 0x00, 0x00, 0xA8, 0x82, 0xF4, 0xFF,
    0xA8, 0x82, 0xF4, 0xFF, 0xA8, 0x82, 0xF4, 0xFF, 0xA8, 0x82, 0xF4, 0xFF, 0xA8, 0x82, 0xF4, 0xFF,
    0xA8, 0x82, 0xF4, 0xFF, 0xA8, 0x82, 0xF4, 0xFF, 0xA8, 0x82, 0xF4, 0xFF, 0xA8, 0x82, 0xF4, 0xFF,
    0xA8, 0x82, 0xF4, 0xFF, 0xA8, 0x82, 0xF4, 0xFF, 0xA8, 0x82, 0xF4, 0xFF, 0xA8, 0x82, 0xF4, 0xFF,
    0xA8, 0x82, 0xF4, 0xFF, 0xA8, 0x82, 0xF4, 0xFF, 0x00, 0x00, 0x00, 0x00, 0x00, 0x00, 0x00, 0x00,
    0x00, 0x00, 0x00, 0x00, 0x00, 0x00, 0x00, 0x00, 0x00, 0x00, 0x00, 0x00, 0xA8, 0x82, 0xF4, 0xFF,
    0xA8, 0x82, 0xF4, 0xFF, 0xA8, 0x82, 0xF4, 0xFF, 0xA8, 0x82, 0xF4, 0xFF, 0xA8, 0x82, 0xF4, 0xFF,
    0xA8, 0x82, 0xF4, 0xFF, 0xA8, 0x82, 0xF4, 0xFF, 0xA8, 0x82, 0xF4, 0xFF, 0xA8, 0x82, 0xF4, 0xFF,
    0xA8, 0x82, 0xF4, 0xFF, 0xA8, 0x82, 0xF4, 0xFF, 0xA8, 0x82, 0xF4, 0xFF, 0xA8, 0x82, 0xF4, 0xFF,
    0xA8, 0x82, 0xF4, 0xFF, 0xA8, 0x82, 0xF4, 0xFF, 0x00, 0x00, 0x00, 0x00, 0x00, 0x00, 0x00, 0x00,
    0x00, 0x00, 0x00, 0x00, 0x00, 0x00, 0x00, 0x00, 0x00, 0x00, 0x00, 0x00, 0xA8, 0x82, 0xF4, 0xFF,
    0xA8, 0x82, 0xF4, 0xFF, 0xA8, 0x82, 0xF4, 0xFF, 0xA8, 0x82, 0xF4, 0xFF, 0xA8, 0x82, 0xF4, 0xFF,
    0xA8, 0x82, 0xF4, 0xFF, 0xA8, 0x82, 0xF4, 0xFF, 0xA8, 0x82, 0xF4, 0xFF, 0xA8, 0x82, 0xF4, 0xFF,
    0xA8, 0x82, 0xF4, 0xFF, 0xA8, 0x82, 0xF4, 0xFF, 0xA8, 0x82, 0xF4, 0xFF, 0xA8, 0x82, 0xF4, 0xFF,
    0xA8, 0x82, 0xF4, 0xFF, 0xA8, 0x82, 0xF4, 0xFF, 0x00, 0x00, 0x00, 0x00, 0x00, 0x00, 0x00, 0x00,
    0x00, 0x00, 0x00, 0x00, 0x00, 0x00, 0x00, 0x00, 0x00, 0x00, 0x00, 0x00, 0x00, 0x00, 0x00, 0x00,
    0xA8, 0x82, 0xF4, 0xFF, 0xA8, 0x82, 0xF4, 0xFF, 0xA8, 0x82, 0xF4, 0xFF, 0x00, 0x00, 0x00, 0x00,
    0x00, 0x00, 0x00, 0x00, 0xA8, 0x82, 0xF4, 0xFF, 0xA8, 0x82, 0xF4, 0xFF, 0xA8, 0x82, 0xF4, 0xFF,
    0x00, 0x00, 0x00, 0x00, 0x00, 0x00, 0x00, 0x00, 0xA8, 0x82, 0xF4, 0xFF, 0xA8, 0x82, 0xF4, 0xFF,
    0xA8, 0x82, 0xF4, 0xFF, 0x00, 0x00, 0x00, 0x00, 0x00, 0x00, 0x00, 0x00, 0x00, 0x00, 0x00, 0x00,
    0x00, 0x00, 0x00, 0x00, 0x00, 0x00, 0x00, 0x00, 0x00, 0x00, 0x00, 0x00, 0x00, 0x00, 0x00, 0x00,
    0x00, 0x00, 0x00, 0x00, 0x00, 0x00, 0x00, 0x00, 0x00, 0x00, 0x00, 0x00, 0x00, 0x00, 0x00, 0x00,
    0x00, 0x00, 0x00, 0x00, 0x00, 0x00, 0x00, 0x00, 0x00, 0x00, 0x00, 0x00, 0x00, 0x00, 0x00, 0x00,
    0x00, 0x00, 0x00, 0x00, 0x00, 0x00, 0x00, 0x00, 0x00, 0x00, 0x00, 0x00, 0x00, 0x00, 0x00, 0x00,
    0x00, 0x00, 0x00, 0x00, 0x00, 0x00, 0x00, 0x00, 0x00, 0x00, 0x00, 0x00, 0x00, 0x00, 0x00, 0x00,
    0x00, 0x00, 0x00, 0x00, 0x00, 0x00, 0x00, 0x00, 0x00, 0x00, 0x00, 0x00, 0x00, 0x00, 0x00, 0x00,
    0x00, 0x00, 0x00, 0x00, 0x00, 0x00, 0x00, 0x00, 0x00, 0x00, 0x00, 0x00, 0x00, 0x00, 0x00, 0x00,
    0x00, 0x00, 0x00, 0x00, 0x00, 0x00, 0x00, 0x00, 0x00, 0x00, 0x00, 0x00, 0x00, 0x00, 0x00, 0x00,
    0x00, 0x00, 0x00, 0x00, 0x00, 0x00, 0x00, 0x00, 0x00, 0x00, 0x00, 0x00, 0x00, 0x00, 0x00, 0x00,
    0x00, 0x00, 0x00, 0x00, 0x00, 0x00, 0x00, 0x00, 0x00, 0x00, 0x00, 0x00, 0x00, 0x00, 0x00, 0x00,
    0x00, 0x00, 0x00, 0x00, 0x00, 0x00, 0x00, 0x00, 0x00, 0x00, 0x00, 0x00, 0x00, 0x00, 0x00, 0x00,
    0x00, 0x00, 0x00, 0x00, 0x00, 0x00, 0x00, 0x00, 0x00, 0x00, 0x00, 0x00, 0x00, 0x00, 0x00, 0x00,
    0x00, 0x00, 0x00, 0x00, 0x00, 0x00, 0x00, 0x00, 0x00, 0x00, 0x00, 0x00, 0x00, 0x00, 0x00, 0x00,
    0x00, 0x00, 0x00, 0x00, 0x00, 0x00, 0x00, 0x00, 0x00, 0x00, 0x00, 0x00, 0x00, 0x00, 0x00, 0x00,
    0x00, 0x00, 0x00, 0x00, 0x00, 0x00, 0x00, 0x00, 0x00, 0x00, 0x00, 0x00, 0x00, 0x00, 0x00, 0x00,
    0x00, 0x00, 0x00, 0x00, 0x00, 0x00, 0x00, 0x00, 0x00, 0x00, 0x00, 0x00, 0x00, 0x00, 0x00, 0x00,
    0x00, 0x00, 0x00, 0x00, 0x00, 0x00, 0x00, 0x00, 0x00, 0x00, 0x00, 0x00, 0x00, 0x00, 0x00, 0x00,
    0x00, 0x00, 0x00, 0x00, 0x00, 0x00, 0x00, 0x00, 0x00, 0x00, 0x00, 0x00, 0x00, 0x00, 0x00, 0x00,
    0x00, 0x00, 0x00, 0x00, 0x00, 0x00, 0x00, 0x00, 0x00, 0x00, 0x00, 0x00, 0x00, 0x00, 0x00, 0x00,
    0x00, 0x00, 0x00, 0x00, 0x00, 0x00, 0x00, 0x00, 0x00, 0x00, 0x00, 0x00, 0x00, 0x00, 0x00, 0x00,
};

const lv_image_dsc_t spr_flower = {
    .header.magic = LV_IMAGE_HEADER_MAGIC,
    .header.cf = LV_COLOR_FORMAT_ARGB8888,
    .header.w = 20,
    .header.h = 20,
    .header.stride = 80,
    .data_size = sizeof(spr_flower_map),
    .data = spr_flower_map,

static const uint8_t spr_bush_map[] = {
    0x00, 0x00, 0x00, 0x00, 0x00, 0x00, 0x00, 0x00, 0x00, 0x00, 0x00, 0x00, 0x00, 0x00, 0x00, 0x00,
    0x00, 0x00, 0x00, 0x00, 0x00, 0x00, 0x00, 0x00, 0x00, 0x00, 0x00, 0x00, 0x00, 0x00, 0x00, 0x00,
    0x00, 0x00, 0x00, 0x00, 0x00, 0x00, 0x00, 0x00, 0x00, 0x00, 0x00, 0x00, 0x00, 0x00, 0x00, 0x00,
    0x00, 0x00, 0x00, 0x00, 0x00, 0x00, 0x00, 0x00, 0x00, 0x00, 0x00, 0x00, 0x00, 0x00, 0x00, 0x00,
    0x00, 0x00, 0x00, 0x00, 0x00, 0x00, 0x00, 0x00, 0x00, 0x00, 0x00, 0x00, 0x00, 0x00, 0x00, 0x00,
    0x00, 0x00, 0x00, 0x00, 0x00, 0x00, 0x00, 0x00, 0x00, 0x00, 0x00, 0x00, 0x00, 0x00, 0x00, 0x00,
    0x00, 0x00, 0x00, 0x00, 0x00, 0x00, 0x00, 0x00, 0x00, 0x00, 0x00, 0x00, 0x00, 0x00, 0x00, 0x00,
    0x00, 0x00, 0x00, 0x00, 0x00, 0x00, 0x00, 0x00, 0x00, 0x00, 0x00, 0x00, 0x00, 0x00, 0x00, 0x00,
    0x00, 0x00, 0x00, 0x00, 0x00, 0x00, 0x00, 0x00, 0x00, 0x00, 0x00, 0x00, 0x00, 0x00, 0x00, 0x00,
    0x00, 0x00, 0x00, 0x00, 0x00, 0x00, 0x00, 0x00, 0x00, 0x00, 0x00, 0x00, 0x00, 0x00, 0x00, 0x00,
    0x00, 0x00, 0x00, 0x00, 0x00, 0x00, 0x00, 0x00, 0x00, 0x00, 0x00, 0x00, 0x00, 0x00, 0x00, 0x00,
    0x00, 0x00, 0x00, 0x00, 0x00, 0x00, 0x00, 0x00, 0x00, 0x00, 0x00, 0x00, 0x00, 0x00, 0x00, 0x00,
    0x00, 0x00, 0x00, 0x00, 0x00, 0x00, 0x00, 0x00, 0x00, 0x00, 0x00, 0x00, 0x00, 0x00, 0x00, 0x00,
    0x00, 0x00, 0x00, 0x00, 0x00, 0x00, 0x00, 0x00, 0x00, 0x00, 0x00, 0x00, 0x00, 0x00, 0x00, 0x00,
    0x00, 0x00, 0x00, 0x00, 0x00, 0x00, 0x00, 0x00, 0x00, 0x00, 0x00, 0x00, 0x00, 0x00, 0x00, 0x00,
    0x00, 0x00, 0x00, 0x00, 0x00, 0x00, 0x00, 0x00, 0x00, 0x00, 0x00, 0x00, 0x00, 0x00, 0x00, 0x00,
    0x00, 0x00, 0x00, 0x00, 0x00, 0x00, 0x00, 0x00, 0x00, 0x00, 0x00, 0x00, 0x00, 0x00, 0x00, 0x00,
    0x00, 0x00, 0x00, 0x00, 0x00, 0x00, 0x00, 0x00, 0x00, 0x00, 0x00, 0x00, 0x00, 0x00, 0x00, 0x00,
    0x00, 0x00, 0x00, 0x00, 0x00, 0x00, 0x00, 0x00, 0x00, 0x00, 0x00, 0x00, 0x00, 0x00, 0x00, 0x00,
    0x00, 0x00, 0x00, 0x00, 0x00, 0x00, 0x00, 0x00, 0x00, 0x00, 0x00, 0x00, 0x00, 0x00, 0x00, 0x00,
    0x00, 0x00, 0x00, 0x00, 0x00, 0x00, 0x00, 0x00, 0x00, 0x00, 0x00, 0x00, 0x00, 0x00, 0x00, 0x00,
    0x00, 0x00, 0x00, 0x00, 0x00, 0x00, 0x00, 0x00, 0x00, 0x00, 0x00, 0x00, 0x00, 0x00, 0x00, 0x00,
    0x00, 0x00, 0x00, 0x00, 0x00, 0x00, 0x00, 0x00, 0x00, 0x00, 0x00, 0x00, 0x00, 0x00, 0x00, 0x00,
    0x00, 0x00, 0x00, 0x00, 0x00, 0x00, 0x00, 0x00, 0x00, 0x00, 0x00, 0x00, 0x00, 0x00, 0x00, 0x00,
    0x00, 0x00, 0x00, 0x00, 0x00, 0x00, 0x00, 0x00, 0x00, 0x00, 0x00, 0x00, 0x00, 0x00, 0x00, 0x00,
    0x00, 0x00, 0x00, 0x00, 0x00, 0x00, 0x00, 0x00, 0x00, 0x00, 0x00, 0x00, 0x00, 0x00, 0x00, 0x00,
    0x00, 0x00, 0x00, 0x00, 0x00, 0x00, 0x00, 0x00, 0x00, 0x00, 0x00, 0x00, 0x00, 0x00, 0x00, 0x00,
    0x00, 0x00, 0x00, 0x00, 0x00, 0x00, 0x00, 0x00, 0x00, 0x00, 0x00, 0x00, 0x00, 0x00, 0x00, 0x00,
    0x00, 0x00, 0x00, 0x00, 0x00, 0x00, 0x00, 0x00, 0x00, 0x00, 0x00, 0x00, 0x00, 0x00, 0x00, 0x00,
    0x00, 0x00, 0x00, 0x00, 0x00, 0x00, 0x00, 0x00, 0x00, 0x00, 0x00, 0x00, 0x00, 0x00, 0x00, 0x00,
    0x00, 0x00, 0x00, 0x00, 0x00, 0x00, 0x00, 0x00, 0x00, 0x00, 0x00, 0x00, 0x00, 0x00, 0x00, 0x00,
    0x00, 0x00, 0x00, 0x00, 0x00, 0x00, 0x00, 0x00, 0x00, 0x00, 0x00, 0x00, 0x00, 0x00, 0x00, 0x00,
    0x00, 0x00, 0x00, 0x00, 0x00, 0x00, 0x00, 0x00, 0x00, 0x00, 0x00, 0x00, 0x00, 0x00, 0x00, 0x00,
    0x00, 0x00, 0x00, 0x00, 0x00, 0x00, 0x00, 0x00, 0x00, 0x00, 0x00, 0x00, 0x00, 0x00, 0x00, 0x00,
    0x00, 0x00, 0x00, 0x00, 0x00, 0x00, 0x00, 0x00, 0x00, 0x00, 0x00, 0x00, 0x00, 0x00, 0x00, 0x00,
    0x00, 0x00, 0x00, 0x00, 0x00, 0x00, 0x00, 0x00, 0x00, 0x00, 0x00, 0x00, 0x00, 0x00, 0x00, 0x00,
    0x00, 0x00, 0x00, 0x00, 0x00, 0x00, 0x00, 0x00, 0x00, 0x00, 0x00, 0x00, 0x00, 0x00, 0x00, 0x00,
    0x00, 0x00, 0x00, 0x00, 0x00, 0x00, 0x00, 0x00, 0x00, 0x00, 0x00, 0x00, 0x00, 0x00, 0x00, 0x00,
    0x00, 0x00, 0x00, 0x00, 0x00, 0x00, 0x00, 0x00, 0x00, 0x00, 0x00, 0x00, 0x00, 0x00, 0x00, 0x00,
    0x00, 0x00, 0x00, 0x00, 0x00, 0x00, 0x00, 0x00, 0x00, 0x00, 0x00, 0x00, 0x00, 0x00, 0x00, 0x00,
    0x00, 0x00, 0x00, 0x00, 0x00, 0x00, 0x00, 0x00, 0x00, 0x00, 0x00, 0x00, 0x00, 0x00, 0x00, 0x00,
    0x00, 0x00, 0x00, 0x00, 0x00, 0x00, 0x00, 0x00, 0x00, 0x00, 0x00, 0x00, 0x00, 0x00, 0x00, 0x00,
    0x00, 0x00, 0x00, 0x00, 0x00, 0x00, 0x00, 0x00, 0x00, 0x00, 0x00, 0x00, 0x00, 0x00, 0x00, 0x00,
    0x00, 0x00, 0x00, 0x00, 0x00, 0x00, 0x00, 0x00, 0x00, 0x00, 0x00, 0x00, 0x00, 0x00, 0x00, 0x00,
    0x00, 0x00, 0x00, 0x00, 0x00, 0x00, 0x00, 0x00, 0x00, 0x00, 0x00, 0x00, 0x00, 0x00, 0x00, 0x00,
    0x00, 0x00, 0x00, 0x00, 0x00, 0x00, 0x00, 0x00, 0x00, 0x00, 0x00, 0x00, 0x00, 0x00, 0x00, 0x00,
    0x00, 0x00, 0x00, 0x00, 0x00, 0x00, 0x00, 0x00, 0x00, 0x00, 0x00, 0x00, 0x00, 0x00, 0x00, 0x00,
    0x00, 0x00, 0x00, 0x00, 0x00, 0x00, 0x00, 0x00, 0x00, 0x00, 0x00, 0x00, 0x00, 0x00, 0x00, 0x00,
    0x00, 0x00, 0x00, 0x00, 0x00, 0x00, 0x00, 0x00, 0x00, 0x00, 0x00, 0x00, 0x00, 0x00, 0x00, 0x00,
    0x00, 0x00, 0x00, 0x00, 0x00, 0x00, 0x00, 0x00, 0x00, 0x00, 0x00, 0x00, 0x00, 0x00, 0x00, 0x00,
    0x00, 0x00, 0x00, 0x00, 0x00, 0x00, 0x00, 0x00, 0x00, 0x00, 0x00, 0x00, 0x00, 0x00, 0x00, 0x00,
    0x00, 0x00, 0x00, 0x00, 0x00, 0x00, 0x00, 0x00, 0x00, 0x00, 0x00, 0x00, 0x00, 0x00, 0x00, 0x00,
    0x00, 0x00, 0x00, 0x00, 0x00, 0x00, 0x00, 0x00, 0x00, 0x00, 0x00, 0x00, 0x00, 0x00, 0x00, 0x00,
    0x00, 0x00, 0x00, 0x00, 0x00, 0x00, 0x00, 0x00, 0x00, 0x00, 0x00, 0x00, 0x00, 0x00, 0x00, 0x00,
    0x00, 0x00, 0x00, 0x00, 0x00, 0x00, 0x00, 0x00, 0x00, 0x00, 0x00, 0x00, 0x00, 0x00, 0x00, 0x00,
    0x00, 0x00, 0x00, 0x00, 0x00, 0x00, 0x00, 0x00, 0x00, 0x00, 0x00, 0x00, 0x00, 0x00, 0x00, 0x00,
    0x00, 0x00, 0x00, 0x00, 0x00, 0x00, 0x00, 0x00, 0x00, 0x00, 0x00, 0x00, 0x00, 0x00, 0x00, 0x00,
    0x00, 0x00, 0x00, 0x00, 0x00, 0x00, 0x00, 0x00, 0x00, 0x00, 0x00, 0x00, 0x00, 0x00, 0x00, 0x00,
    0x00, 0x00, 0x00, 0x00, 0x00, 0x00, 0x00, 0x00, 0x00, 0x00, 0x00, 0x00, 0x00, 0x00, 0x00, 0x00,
    0x00, 0x00, 0x00, 0x00, 0x00, 0x00, 0x00, 0x00, 0x00, 0x00, 0x00, 0x00, 0x00, 0x00, 0x00, 0x00,
    0x00, 0x00, 0x00, 0x00, 0x00, 0x00, 0x00, 0x00, 0x00, 0x00, 0x00, 0x00, 0x00, 0x00, 0x00, 0x00,
    0x00, 0x00, 0x00, 0x00, 0x00, 0x00, 0x00, 0x00, 0x00, 0x00, 0x00, 0x00, 0x00, 0x00, 0x00, 0x00,
    0x00, 0x00, 0x00, 0x00, 0x00, 0x00, 0x00, 0x00, 0x00, 0x00, 0x00, 0x00, 0x00, 0x00, 0x00, 0x00,
    0x00, 0x00, 0x00, 0x00, 0x00, 0x00, 0x00, 0x00, 0x00, 0x00, 0x00, 0x00, 0x00, 0x00, 0x00, 0x00,
    0x00, 0x00, 0x00, 0x00, 0x00, 0x00, 0x00, 0x00, 0x00, 0x00, 0x00, 0x00, 0x00, 0x00, 0x00, 0x00,
    0x00, 0x00, 0x00, 0x00, 0x00, 0x00, 0x00, 0x00, 0x00, 0x00, 0x00, 0x00, 0x00, 0x00, 0x00, 0x00,
    0x00, 0x00, 0x00, 0x00, 0x00, 0x00, 0x00, 0x00, 0x00, 0x00, 0x00, 0x00, 0x00, 0x00, 0x00, 0x00,
    0x00, 0x00, 0x00, 0x00, 0x00, 0x00, 0x00, 0x00, 0x00, 0x00, 0x00, 0x00, 0x00, 0x00, 0x00, 0x00,
    0x00, 0x00, 0x00, 0x00, 0x00, 0x00, 0x00, 0x00, 0x00, 0x00, 0x00, 0x00, 0x00, 0x00, 0x00, 0x00,
    0x00, 0x00, 0x00, 0x00, 0x00, 0x00, 0x00, 0x00, 0x00, 0x00, 0x00, 0x00, 0x00, 0x00, 0x00, 0x00,
    0x00, 0x00, 0x00, 0x00, 0x00, 0x00, 0x00, 0x00, 0x00, 0x00, 0x00, 0x00, 0x00, 0x00, 0x00, 0x00,
    0x00, 0x00, 0x00, 0x00, 0x00, 0x00, 0x00, 0x00, 0x00, 0x00, 0x00, 0x00, 0x00, 0x00, 0x00, 0x00,
    0x00, 0x00, 0x00, 0x00, 0x00, 0x00, 0x00, 0x00, 0x00, 0x00, 0x00, 0x00, 0x00, 0x00, 0x00, 0x00,
    0x00, 0x00, 0x00, 0x00, 0x00, 0x00, 0x00, 0x00, 0x00, 0x00, 0x00, 0x00, 0x00, 0x00, 0x00, 0x00,
    0x00, 0x00, 0x00, 0x00, 0x00, 0x00, 0x00, 0x00, 0x00, 0x00, 0x00, 0x00, 0x00, 0x00, 0x00, 0x00,
    0x00, 0x00, 0x00, 0x00, 0x00, 0x00, 0x00, 0x00, 0x00, 0x00, 0x00, 0x00, 0x00, 0x00, 0x00, 0x00,
    0x00, 0x00, 0x00, 0x00, 0x00, 0x00, 0x00, 0x00, 0x00, 0x00, 0x00, 0x00, 0x00, 0x00, 0x00, 0x00,
    0x00, 0x00, 0x00, 0x00, 0x00, 0x00, 0x00, 0x00, 0x00, 0x00, 0x00, 0x00, 0x00, 0x00, 0x00, 0x00,
    0x00, 0x00, 0x00, 0x00, 0x00, 0x00, 0x00, 0x00, 0x00, 0x00, 0x00, 0x00, 0x00, 0x00, 0x00, 0x00,
    0x00, 0x00, 0x00, 0x00, 0x00, 0x00, 0x00, 0x00, 0x00, 0x00, 0x00, 0x00, 0x00, 0x00, 0x00, 0x00,
    0x00, 0x00, 0x00, 0x00, 0x00, 0x00, 0x00, 0x00, 0x00, 0x00, 0x00, 0x00, 0x00, 0x00, 0x00, 0x00,
    0x00, 0x00, 0x00, 0x00, 0x00, 0x00, 0x00, 0x00, 0x00, 0x00, 0x00, 0x00, 0x00, 0x00, 0x00, 0x00,
    0x00, 0x00, 0x00, 0x00, 0x00, 0x00, 0x00, 0x00, 0x00, 0x00, 0x00, 0x00, 0x00, 0x00, 0x00, 0x00,
    0x00, 0x00, 0x00, 0x00, 0x00, 0x00, 0x00, 0x00, 0x00, 0x00, 0x00, 0x00, 0x00, 0x00, 0x00, 0x00,
    0x00, 0x00, 0x00, 0x00, 0x00, 0x00, 0x00, 0x00, 0x00, 0x00, 0x00, 0x00, 0x00, 0x00, 0x00, 0x00,
    0x00, 0x00, 0x00, 0x00, 0x00, 0x00, 0x00, 0x00, 0x00, 0x00, 0x00, 0x00, 0x00, 0x00, 0x00, 0x00,
    0x00, 0x00, 0x00, 0x00, 0x00, 0x00, 0x00, 0x00, 0x00, 0x00, 0x00, 0x00, 0x00, 0x00, 0x00, 0x00,
    0x00, 0x00, 0x00, 0x00, 0x00, 0x00, 0x00, 0x00, 0x00, 0x00, 0x00, 0x00, 0x00, 0x00, 0x00, 0x00,
    0x00, 0x00, 0x00, 0x00, 0x00, 0x00, 0x00, 0x00, 0x00, 0x00, 0x00, 0x00, 0x00, 0x00, 0x00, 0x00,
    0x00, 0x00, 0x00, 0x00, 0x00, 0x00, 0x00, 0x00, 0x00, 0x00, 0x00, 0x00, 0x00, 0x00, 0x00, 0x00,
    0x00, 0x00, 0x00, 0x00, 0x00, 0x00, 0x00, 0x00, 0x00, 0x00, 0x00, 0x00, 0x00, 0x00, 0x00, 0x00,
    0x00, 0x00, 0x00, 0x00, 0x00, 0x00, 0x00, 0x00, 0x00, 0x00, 0x00, 0x00, 0x00, 0x00, 0x00, 0x00,
    0x00, 0x00, 0x00, 0x00, 0x00, 0x00, 0x00, 0x00, 0x00, 0x00, 0x00, 0x00, 0x00, 0x00, 0x00, 0x00,
    0x00, 0x00, 0x00, 0x00, 0x00, 0x00, 0x00, 0x00, 0x00, 0x00, 0x00, 0x00, 0x00, 0x00, 0x00, 0x00,
    0x00, 0x00, 0x00, 0x00, 0x00, 0x00, 0x00, 0x00, 0x00, 0x00, 0x00, 0x00, 0x00, 0x00, 0x00, 0x00,
    0x00, 0x00, 0x00, 0x00, 0x00, 0x00, 0x00, 0x00, 0x00, 0x00, 0x00, 0x00, 0x00, 0x00, 0x00, 0x00,
    0x00, 0x00, 0x00, 0x00, 0x00, 0x00, 0x00, 0x00, 0x00, 0x00, 0x00, 0x00, 0x00, 0x00, 0x00, 0x00,
    0x00, 0x00, 0x00, 0x00, 0x00, 0x00, 0x00, 0x00, 0x00, 0x00, 0x00, 0x00, 0x00, 0x00, 0x00, 0x00,
    0x00, 0x00, 0x00, 0x00, 0x00, 0x00, 0x00, 0x00, 0x00, 0x00, 0x00, 0x00, 0x00, 0x00, 0x00, 0x00,
    0x00, 0x00, 0x00, 0x00, 0x00, 0x00, 0x00, 0x00, 0x00, 0x00, 0x00, 0x00, 0x00, 0x00, 0x00, 0x00,
    0x00, 0x00, 0x00, 0x00, 0x00, 0x00, 0x00, 0x00, 0x00, 0x00, 0x00, 0x00, 0x00, 0x00, 0x00, 0x00,
    0x00, 0x00, 0x00, 0x00, 0x00, 0x00, 0x00, 0x00, 0x00, 0x00, 0x00, 0x00, 0x00, 0x00, 0x00, 0x00,
    0x00, 0x00, 0x00, 0x00, 0x00, 0x00, 0x00, 0x00, 0x00, 0x00, 0x00, 0x00, 0x00, 0x00, 0x00, 0x00,
    0x00, 0x00, 0x00, 0x00, 0x00, 0x00, 0x00, 0x00, 0x00, 0x00, 0x00, 0x00, 0x00, 0x00, 0x00, 0x00,
    0x00, 0x00, 0x00, 0x00, 0x00, 0x00, 0x00, 0x00, 0x00, 0x00, 0x00, 0x00, 0x00, 0x00, 0x00, 0x00,
    0x00, 0x00, 0x00, 0x00, 0x00, 0x00, 0x00, 0x00, 0x00, 0x00, 0x00, 0x00, 0x00, 0x00, 0x00, 0x00,
    0x00, 0x00, 0x00, 0x00, 0x00, 0x00, 0x00, 0x00, 0x00, 0x00, 0x00, 0x00, 0x00, 0x00, 0x00, 0x00,
    0x00, 0x00, 0x00, 0x00, 0x00, 0x00, 0x00, 0x00, 0x00, 0x00, 0x00, 0x00, 0x00, 0x00, 0x00, 0x00,
    0x00, 0x00, 0x00, 0x00, 0x00, 0x00, 0x00, 0x00, 0x00, 0x00, 0x00, 0x00, 0x00, 0x00, 0x00, 0x00,
    0x00, 0x00, 0x00, 0x00, 0x00, 0x00, 0x00, 0x00, 0x00, 0x00, 0x00, 0x00, 0x00, 0x00, 0x00, 0x00,
    0x00, 0x00, 0x00, 0x00, 0x00, 0x00, 0x00, 0x00, 0x00, 0x00, 0x00, 0x00, 0x00, 0x00, 0x00, 0x00,
    0x00, 0x00, 0x00, 0x00, 0x00, 0x00, 0x00, 0x00, 0x00, 0x00, 0x00, 0x00, 0x00, 0x00, 0x00, 0x00,
    0x00, 0x00, 0x00, 0x00, 0x00, 0x00, 0x00, 0x00, 0x00, 0x00, 0x00, 0x00, 0x00, 0x00, 0x00, 0x00,
    0x00, 0x00, 0x00, 0x00, 0x00, 0x00, 0x00, 0x00, 0x00, 0x00, 0x00, 0x00, 0x00, 0x00, 0x00, 0x00,
    0x00, 0x00, 0x00, 0x00, 0x00, 0x00, 0x00, 0x00, 0x00, 0x00, 0x00, 0x00, 0x00, 0x00, 0x00, 0x00,
    0x00, 0x00, 0x00, 0x00, 0x00, 0x00, 0x00, 0x00, 0x00, 0x00, 0x00, 0x00, 0x00, 0x00, 0x00, 0x00,
    0x00, 0x00, 0x00, 0x00, 0x00, 0x00, 0x00, 0x00, 0x00, 0x00, 0x00, 0x00, 0x00, 0x00, 0x00, 0x00,
    0x00, 0x00, 0x00, 0x00, 0x00, 0x00, 0x00, 0x00, 0x00, 0x00, 0x00, 0x00, 0x00, 0x00, 0x00, 0x00,
    0x00, 0x00, 0x00, 0x00, 0x00, 0x00, 0x00, 0x00, 0x00, 0x00, 0x00, 0x00, 0x00, 0x00, 0x00, 0x00,
    0x00, 0x00, 0x00, 0x00, 0x00, 0x00, 0x00, 0x00, 0x00, 0x00, 0x00, 0x00, 0x00, 0x00, 0x00, 0x00,
    0x00, 0x00, 0x00, 0x00, 0x00, 0x00, 0x00, 0x00, 0x00, 0x00, 0x00, 0x00, 0x00, 0x00, 0x00, 0x00,
    0x00, 0x00, 0x00, 0x00, 0x00, 0x00, 0x00, 0x00, 0x00, 0x00, 0x00, 0x00, 0x00, 0x00, 0x00, 0x00,
    0x00, 0x00, 0x00, 0x00, 0x00, 0x00, 0x00, 0x00, 0x00, 0x00, 0x00, 0x00, 0x00, 0x00, 0x00, 0x00,
    0x00, 0x00, 0x00, 0x00, 0x00, 0x00, 0x00, 0x00, 0x00, 0x00, 0x00, 0x00, 0x00, 0x00, 0x00, 0x00,
    0x00, 0x00, 0x00, 0x00, 0x00, 0x00, 0x00, 0x00, 0x00, 0x00, 0x00, 0x00, 0x00, 0x00, 0x00, 0x00,
    0x00, 0x00, 0x00, 0x00, 0x00, 0x00, 0x00, 0x00, 0x00, 0x00, 0x00, 0x00, 0x00, 0x00, 0x00, 0x00,
    0x00, 0x00, 0x00, 0x00, 0x00, 0x00, 0x00, 0x00, 0x00, 0x00, 0x00, 0x00, 0x00, 0x00, 0x00, 0x00,
    0x00, 0x00, 0x00, 0x00, 0x00, 0x00, 0x00, 0x00, 0x00, 0x00, 0x00, 0x00, 0x00, 0x00, 0x00, 0x00,
    0x00, 0x00, 0x00, 0x00, 0x00, 0x00, 0x00, 0x00, 0x00, 0x00, 0x00, 0x00, 0x00, 0x00, 0x00, 0x00,
    0x00, 0x00, 0x00, 0x00, 0x00, 0x00, 0x00, 0x00, 0x00, 0x00, 0x00, 0x00, 0x00, 0x00, 0x00, 0x00,
    0x00, 0x00, 0x00, 0x00, 0x00, 0x00, 0x00, 0x00, 0x00, 0x00, 0x00, 0x00, 0x00, 0x00, 0x00, 0x00,
    0x00, 0x00, 0x00, 0x00, 0x00, 0x00, 0x00, 0x00, 0x00, 0x00, 0x00, 0x00, 0x00, 0x00, 0x00, 0x00,
    0x00, 0x00, 0x00, 0x00, 0x00, 0x00, 0x00, 0x00, 0x00, 0x00, 0x00, 0x00, 0x00, 0x00, 0x00, 0x00,
    0x00, 0x00, 0x00, 0x00, 0x00, 0x00, 0x00, 0x00, 0x00, 0x00, 0x00, 0x00, 0x00, 0x00, 0x00, 0x00,
    0x00, 0x00, 0x00, 0x00, 0x00, 0x00, 0x00, 0x00, 0x00, 0x00, 0x00, 0x00, 0x00, 0x00, 0x00, 0x00,
    0x00, 0x00, 0x00, 0x00, 0x00, 0x00, 0x00, 0x00, 0x00, 0x00, 0x00, 0x00, 0x00, 0x00, 0x00, 0x00,
    0x00, 0x00, 0x00, 0x00, 0x00, 0x00, 0x00, 0x00, 0x00, 0x00, 0x00, 0x00, 0x00, 0x00, 0x00, 0x00,
    0x00, 0x00, 0x00, 0x00, 0x00, 0x00, 0x00, 0x00, 0x00, 0x00, 0x00, 0x00, 0x00, 0x00, 0x00, 0x00,
    0x00, 0x00, 0x00, 0x00, 0x00, 0x00, 0x00, 0x00, 0x00, 0x00, 0x00, 0x00, 0x00, 0x00, 0x00, 0x00,
    0x00, 0x00, 0x00, 0x00, 0x00, 0x00, 0x00, 0x00, 0x00, 0x00, 0x00, 0x00, 0x00, 0x00, 0x00, 0x00,
    0x00, 0x00, 0x00, 0x00, 0x00, 0x00, 0x00, 0x00, 0x00, 0x00, 0x00, 0x00, 0x00, 0x00, 0x00, 0x00,
    0x00, 0x00, 0x00, 0x00, 0x00, 0x00, 0x00, 0x00, 0x00, 0x00, 0x00, 0x00, 0x00, 0x00, 0x00, 0x00,
    0x00, 0x00, 0x00, 0x00, 0x00, 0x00, 0x00, 0x00, 0x00, 0x00, 0x00, 0x00, 0x00, 0x00, 0x00, 0x00,
    0x00, 0x00, 0x00, 0x00, 0x00, 0x00, 0x00, 0x00, 0x00, 0x00, 0x00, 0x00, 0x00, 0x00, 0x00, 0x00,
    0x00, 0x00, 0x00, 0x00, 0x00, 0x00, 0x00, 0x00, 0x00, 0x00, 0x00, 0x00, 0x00, 0x00, 0x00, 0x00,
    0x00, 0x00, 0x00, 0x00, 0x00, 0x00, 0x00, 0x00, 0x00, 0x00, 0x00, 0x00, 0x00, 0x00, 0x00, 0x00,
    0x00, 0x00, 0x00, 0x00, 0x00, 0x00, 0x00, 0x00, 0x00, 0x00, 0x00, 0x00, 0x00, 0x00, 0x00, 0x00,
    0x00, 0x00, 0x00, 0x00, 0x00, 0x00, 0x00, 0x00, 0x00, 0x00, 0x00, 0x00, 0x00, 0x00, 0x00, 0x00,
    0x00, 0x00, 0x00, 0x00, 0x00, 0x00, 0x00, 0x00, 0x00, 0x00, 0x00, 0x00, 0x00, 0x00, 0x00, 0x00,
    0x00, 0x00, 0x00, 0x00, 0x00, 0x00, 0x00, 0x00, 0x00, 0x00, 0x00, 0x00, 0x00, 0x00, 0x00, 0x00,
    0x00, 0x00, 0x00, 0x00, 0x00, 0x00, 0x00, 0x00, 0x00, 0x00, 0x00, 0x00, 0x00, 0x00, 0x00, 0x00,
    0x00, 0x00, 0x00, 0x00, 0x00, 0x00, 0x00, 0x00, 0x00, 0x00, 0x00, 0x00, 0x00, 0x00, 0x00, 0x00,
    0x00, 0x00, 0x00, 0x00, 0x00, 0x00, 0x00, 0x00, 0x00, 0x00, 0x00, 0x00, 0x00, 0x00, 0x00, 0x00,
    0x00, 0x00, 0x00, 0x00, 0x00, 0x00, 0x00, 0x00, 0x00, 0x00, 0x00, 0x00, 0x00, 0x00, 0x00, 0x00,
    0x00, 0x00, 0x00, 0x00, 0x00, 0x00, 0x00, 0x00, 0x00, 0x00, 0x00, 0x00, 0x00, 0x00, 0x00, 0x00,
    0x00, 0x00, 0x00, 0x00, 0x00, 0x00, 0x00, 0x00, 0x00, 0x00, 0x00, 0x00, 0x00, 0x00, 0x00, 0x00,
    0x00, 0x00, 0x00, 0x00, 0x00, 0x00, 0x00, 0x00, 0x00, 0x00, 0x00, 0x00, 0x00, 0x00, 0x00, 0x00,
    0x00, 0x00, 0x00, 0x00, 0x00, 0x00, 0x00, 0x00, 0x00, 0x00, 0x00, 0x00, 0x00, 0x00, 0x00, 0x00,
    0x00, 0x00, 0x00, 0x00, 0x00, 0x00, 0x00, 0x00, 0x00, 0x00, 0x00, 0x00, 0x00, 0x00, 0x00, 0x00,
    0x00, 0x00, 0x00, 0x00, 0x00, 0x00, 0x00, 0x00, 0x00, 0x00, 0x00, 0x00, 0x00, 0x00, 0x00, 0x00,
    0x00, 0x00, 0x00, 0x00, 0x00, 0x00, 0x00, 0x00, 0x00, 0x00, 0x00, 0x00, 0x00, 0x00, 0x00, 0x00,
    0x00, 0x00, 0x00, 0x00, 0x00, 0x00, 0x00, 0x00, 0x00, 0x00, 0x00, 0x00, 0x00, 0x00, 0x00, 0x00,
    0x00, 0x00, 0x00, 0x00, 0x00, 0x00, 0x00, 0x00, 0x00, 0x00, 0x00, 0x00, 0x00, 0x00, 0x00, 0x00,
    0x00, 0x00, 0x00, 0x00, 0x00, 0x00, 0x00, 0x00, 0x00, 0x00, 0x00, 0x00, 0x00, 0x00, 0x00, 0x00,
    0x00, 0x00, 0x00, 0x00, 0x00, 0x00, 0x00, 0x00, 0x00, 0x00, 0x00, 0x00, 0x00, 0x00, 0x00, 0x00,
    0x00, 0x00, 0x00, 0x00, 0x00, 0x00, 0x00, 0x00, 0x00, 0x00, 0x00, 0x00, 0x00, 0x00, 0x00, 0x00,
    0x00, 0x00, 0x00, 0x00, 0x00, 0x00, 0x00, 0x00, 0x00, 0x00, 0x00, 0x00, 0x00, 0x00, 0x00, 0x00,
    0x00, 0x00, 0x00, 0x00, 0x00, 0x00, 0x00, 0x00, 0x00, 0x00, 0x00, 0x00, 0x00, 0x00, 0x00, 0x00,
    0x00, 0x00, 0x00, 0x00, 0x00, 0x00, 0x00, 0x00, 0x00, 0x00, 0x00, 0x00, 0x00, 0x00, 0x00, 0x00,
    0x00, 0x00, 0x00, 0x00, 0x00, 0x00, 0x00, 0x00, 0x00, 0x00, 0x00, 0x00, 0x00, 0x00, 0x00, 0x00,
    0x00, 0x00, 0x00, 0x00, 0x00, 0x00, 0x00, 0x00, 0x00, 0x00, 0x00, 0x00, 0x00, 0x00, 0x00, 0x00,
    0x00, 0x00, 0x00, 0x00, 0x00, 0x00, 0x00, 0x00, 0x00, 0x00, 0x00, 0x00, 0x00, 0x00, 0x00, 0x00,
    0x00, 0x00, 0x00, 0x00, 0x00, 0x00, 0x00, 0x00, 0x00, 0x00, 0x00, 0x00, 0x00, 0x00, 0x00, 0x00,
    0x00, 0x00, 0x00, 0x00, 0x00, 0x00, 0x00, 0x00, 0x00, 0x00, 0x00, 0x00, 0x00, 0x00, 0x00, 0x00,
    0x00, 0x00, 0x00, 0x00, 0x00, 0x00, 0x00, 0x00, 0x00, 0x00, 0x00, 0x00, 0x00, 0x00, 0x00, 0x00,
    0x00, 0x00, 0x00, 0x00, 0x00, 0x00, 0x00, 0x00, 0x00, 0x00, 0x00, 0x00, 0x00, 0x00, 0x00, 0x00,
    0x00, 0x00, 0x00, 0x00, 0x00, 0x00, 0x00, 0x00, 0x00, 0x00, 0x00, 0x00, 0x00, 0x00, 0x00, 0x00,
    0x00, 0x00, 0x00, 0x00, 0x00, 0x00, 0x00, 0x00, 0x00, 0x00, 0x00, 0x00, 0x00, 0x00, 0x00, 0x00,
    0x00, 0x00, 0x00, 0x00, 0x00, 0x00, 0x00, 0x00, 0x00, 0x00, 0x00, 0x00, 0x00, 0x00, 0x00, 0x00,
    0x00, 0x00, 0x00, 0x00, 0x00, 0x00, 0x00, 0x00, 0x00, 0x00, 0x00, 0x00, 0x00, 0x00, 0x00, 0x00,
    0x00, 0x00, 0x00, 0x00, 0x00, 0x00, 0x00, 0x00, 0x00, 0x00, 0x00, 0x00, 0x00, 0x00, 0x00, 0x00,
    0x00, 0x00, 0x00, 0x00, 0x00, 0x00, 0x00, 0x00, 0x00, 0x00, 0x00, 0x00, 0x00, 0x00, 0x00, 0x00,
    0x00, 0x00, 0x00, 0x00, 0x00, 0x00, 0x00, 0x00, 0x00, 0x00, 0x00, 0x00, 0x00, 0x00, 0x00, 0x00,
    0x00, 0x00, 0x00, 0x00, 0x00, 0x00, 0x00, 0x00, 0x00, 0x00, 0x00, 0x00, 0x00, 0x00, 0x00, 0x00,
    0x00, 0x00, 0x00, 0x00, 0x00, 0x00, 0x00, 0x00, 0x00, 0x00, 0x00, 0x00, 0x00, 0x00, 0x00, 0x00,
    0x00, 0x00, 0x00, 0x00, 0x00, 0x00, 0x00, 0x00, 0x00, 0x00, 0x00, 0x00, 0x00, 0x00, 0x00, 0x00,
    0x00, 0x00, 0x00, 0x00, 0x00, 0x00, 0x00, 0x00, 0x00, 0x00, 0x00, 0x00, 0x00, 0x00, 0x00, 0x00,
    0x00, 0x00, 0x00, 0x00, 0x00, 0x00, 0x00, 0x00, 0x00, 0x00, 0x00, 0x00, 0x00, 0x00, 0x00, 0x00,
    0x00, 0x00, 0x00, 0x00, 0x00, 0x00, 0x00, 0x00, 0x00, 0x00, 0x00, 0x00, 0x00, 0x00, 0x00, 0x00,
    0x00, 0x00, 0x00, 0x00, 0x40, 0x82, 0x3E, 0xFF, 0x40, 0x82, 0x3E, 0xFF, 0x40, 0x82, 0x3E, 0xFF,
    0x40, 0x82, 0x3E, 0xFF, 0x40, 0x82, 0x3E, 0xFF, 0x40, 0x82, 0x3E, 0xFF, 0x40, 0x82, 0x3E, 0xFF,
    0x00, 0x00, 0x00, 0x00, 0x00, 0x00, 0x00, 0x00, 0x00, 0x00, 0x00, 0x00, 0x00, 0x00, 0x00, 0x00,
    0x00, 0x00, 0x00, 0x00, 0x00, 0x00, 0x00, 0x00, 0x00, 0x00, 0x00, 0x00, 0x00, 0x00, 0x00, 0x00,
    0x00, 0x00, 0x00, 0x00, 0x00, 0x00, 0x00, 0x00, 0x00, 0x00, 0x00, 0x00, 0x00, 0x00, 0x00, 0x00,
    0x00, 0x00, 0x00, 0x00, 0x00, 0x00, 0x00, 0x00, 0x00, 0x00, 0x00, 0x00, 0x00, 0x00, 0x00, 0x00,
    0x00, 0x00, 0x00, 0x00, 0x00, 0x00, 0x00, 0x00, 0x00, 0x00, 0x00, 0x00, 0x00, 0x00, 0x00, 0x00,
    0x00, 0x00, 0x00, 0x00, 0x00, 0x00, 0x00, 0x00, 0x00, 0x00, 0x00, 0x00, 0x00, 0x00, 0x00, 0x00,
    0x00, 0x00, 0x00, 0x00, 0x00, 0x00, 0x00, 0x00, 0x00, 0x00, 0x00, 0x00, 0x00, 0x00, 0x00, 0x00,
    0x00, 0x00, 0x00, 0x00, 0x00, 0x00, 0x00, 0x00, 0x00, 0x00, 0x00, 0x00, 0x00, 0x00, 0x00, 0x00,
    0x00, 0x00, 0x00, 0x00, 0x00, 0x00, 0x00, 0x00, 0x00, 0x00, 0x00, 0x00, 0x00, 0x00, 0x00, 0x00,
    0x00, 0x00, 0x00, 0x00, 0x00, 0x00, 0x00, 0x00, 0x00, 0x00, 0x00, 0x00, 0x00, 0x00, 0x00, 0x00,
    0x00, 0x00, 0x00, 0x00, 0x00, 0x00, 0x00, 0x00, 0x00, 0x00, 0x00, 0x00, 0x00, 0x00, 0x00, 0x00,
    0x00, 0x00, 0x00, 0x00, 0x00, 0x00, 0x00, 0x00, 0x00, 0x00, 0x00, 0x00, 0x00, 0x00, 0x00, 0x00,
    0x00, 0x00, 0x00, 0x00, 0x00, 0x00, 0x00, 0x00, 0x00, 0x00, 0x00, 0x00, 0x40, 0x82, 0x3E, 0xFF,
    0x40, 0x82, 0x3E, 0xFF, 0x40, 0x82, 0x3E, 0xFF, 0x40, 0x82, 0x3E, 0xFF, 0x40, 0x82, 0x3E, 0xFF,
    0x40, 0x82, 0x3E, 0xFF, 0x40, 0x82, 0x3E, 0xFF, 0x40, 0x82, 0x3E, 0xFF, 0x40, 0x82, 0x3E, 0xFF,
    0x40, 0x82, 0x3E, 0xFF, 0x40, 0x82, 0x3E, 0xFF, 0x00, 0x00, 0x00, 0x00, 0x00, 0x00, 0x00, 0x00,
    0x00, 0x00, 0x00, 0x00, 0x00, 0x00, 0x00, 0x00, 0x00, 0x00, 0x00, 0x00, 0x00, 0x00, 0x00, 0x00,
    0x00, 0x00, 0x00, 0x00, 0x00, 0x00, 0x00, 0x00, 0x00, 0x00, 0x00, 0x00, 0x00, 0x00, 0x00, 0x00,
    0x00, 0x00, 0x00, 0x00, 0x00, 0x00, 0x00, 0x00, 0x00, 0x00, 0x00, 0x00, 0x00, 0x00, 0x00, 0x00,
    0x00, 0x00, 0x00, 0x00, 0x00, 0x00, 0x00, 0x00, 0x00, 0x00, 0x00, 0x00, 0x00, 0x00, 0x00, 0x00,
    0x00, 0x00, 0x00, 0x00, 0x00, 0x00, 0x00, 0x00, 0x00, 0x00, 0x00, 0x00, 0x00, 0x00, 0x00, 0x00,
    0x00, 0x00, 0x00, 0x00, 0x00, 0x00, 0x00, 0x00, 0x00, 0x00, 0x00, 0x00, 0x00, 0x00, 0x00, 0x00,
    0x00, 0x00, 0x00, 0x00, 0x00, 0x00, 0x00, 0x00, 0x00, 0x00, 0x00, 0x00, 0x00, 0x00, 0x00, 0x00,
    0x00, 0x00, 0x00, 0x00, 0x00, 0x00, 0x00, 0x00, 0x00, 0x00, 0x00, 0x00, 0x00, 0x00, 0x00, 0x00,
    0x00, 0x00, 0x00, 0x00, 0x00, 0x00, 0x00, 0x00, 0x00, 0x00, 0x00, 0x00, 0x00, 0x00, 0x00, 0x00,
    0x00, 0x00, 0x00, 0x00, 0x00, 0x00, 0x00, 0x00, 0x00, 0x00, 0x00, 0x00, 0x00, 0x00, 0x00, 0x00,
    0x00, 0x00, 0x00, 0x00, 0x00, 0x00, 0x00, 0x00, 0x00, 0x00, 0x00, 0x00, 0x00, 0x00, 0x00, 0x00,
    0x00, 0x00, 0x00, 0x00, 0x40, 0x82, 0x3E, 0xFF, 0x40, 0x82, 0x3E, 0xFF, 0x40, 0x82, 0x3E, 0xFF,
    0x40, 0x82, 0x3E, 0xFF, 0x5C, 0xA8, 0x5C, 0xFF, 0x5C, 0xA8, 0x5C, 0xFF, 0x5C, 0xA8, 0x5C, 0xFF,
    0x5C, 0xA8, 0x5C, 0xFF, 0x5C, 0xA8, 0x5C, 0xFF, 0x5C, 0xA8, 0x5C, 0xFF, 0x5C, 0xA8, 0x5C, 0xFF,
    0x40, 0x82, 0x3E, 0xFF, 0x40, 0x82, 0x3E, 0xFF, 0x40, 0x82, 0x3E, 0xFF, 0x40, 0x82, 0x3E, 0xFF,
    0x00, 0x00, 0x00, 0x00, 0x00, 0x00, 0x00, 0x00, 0x00, 0x00, 0x00, 0x00, 0x00, 0x00, 0x00, 0x00,
    0x00, 0x00, 0x00, 0x00, 0x00, 0x00, 0x00, 0x00, 0x00, 0x00, 0x00, 0x00, 0x00, 0x00, 0x00, 0x00,
    0x00, 0x00, 0x00, 0x00, 0x00, 0x00, 0x00, 0x00, 0x00, 0x00, 0x00, 0x00, 0x00, 0x00, 0x00, 0x00,
    0x00, 0x00, 0x00, 0x00, 0x00, 0x00, 0x00, 0x00, 0x00, 0x00, 0x00, 0x00, 0x00, 0x00, 0x00, 0x00,
    0x00, 0x00, 0x00, 0x00, 0x00, 0x00, 0x00, 0x00, 0x00, 0x00, 0x00, 0x00, 0x00, 0x00, 0x00, 0x00,
    0x00, 0x00, 0x00, 0x00, 0x00, 0x00, 0x00, 0x00, 0x00, 0x00, 0x00, 0x00, 0x00, 0x00, 0x00, 0x00,
    0x00, 0x00, 0x00, 0x00, 0x00, 0x00, 0x00, 0x00, 0x00, 0x00, 0x00, 0x00, 0x00, 0x00, 0x00, 0x00,
    0x00, 0x00, 0x00, 0x00, 0x00, 0x00, 0x00, 0x00, 0x00, 0x00, 0x00, 0x00, 0x00, 0x00, 0x00, 0x00,
    0x00, 0x00, 0x00, 0x00, 0x00, 0x00, 0x00, 0x00, 0x00, 0x00, 0x00, 0x00, 0x00, 0x00, 0x00, 0x00,
    0x00, 0x00, 0x00, 0x00, 0x00, 0x00, 0x00, 0x00, 0x00, 0x00, 0x00, 0x00, 0x00, 0x00, 0x00, 0x00,
    0x00, 0x00, 0x00, 0x00, 0x00, 0x00, 0x00, 0x00, 0x00, 0x00, 0x00, 0x00, 0x00, 0x00, 0x00, 0x00,
    0x40, 0x82, 0x3E, 0xFF, 0x40, 0x82, 0x3E, 0xFF, 0x40, 0x82, 0x3E, 0xFF, 0x5C, 0xA8, 0x5C, 0xFF,
    0x5C, 0xA8, 0x5C, 0xFF, 0x5C, 0xA8, 0x5C, 0xFF, 0x5C, 0xA8, 0x5C, 0xFF, 0x5C, 0xA8, 0x5C, 0xFF,
    0x5C, 0xA8, 0x5C, 0xFF, 0x5C, 0xA8, 0x5C, 0xFF, 0x5C, 0xA8, 0x5C, 0xFF, 0x5C, 0xA8, 0x5C, 0xFF,
    0x5C, 0xA8, 0x5C, 0xFF, 0x5C, 0xA8, 0x5C, 0xFF, 0x40, 0x82, 0x3E, 0xFF, 0x40, 0x82, 0x3E, 0xFF,
    0x40, 0x82, 0x3E, 0xFF, 0x00, 0x00, 0x00, 0x00, 0x00, 0x00, 0x00, 0x00, 0x00, 0x00, 0x00, 0x00,
    0x00, 0x00, 0x00, 0x00, 0x00, 0x00, 0x00, 0x00, 0x00, 0x00, 0x00, 0x00, 0x00, 0x00, 0x00, 0x00,
    0x00, 0x00, 0x00, 0x00, 0x00, 0x00, 0x00, 0x00, 0x00, 0x00, 0x00, 0x00, 0x00, 0x00, 0x00, 0x00,
    0x00, 0x00, 0x00, 0x00, 0x00, 0x00, 0x00, 0x00, 0x00, 0x00, 0x00, 0x00, 0x00, 0x00, 0x00, 0x00,
    0x00, 0x00, 0x00, 0x00, 0x00, 0x00, 0x00, 0x00, 0x00, 0x00, 0x00, 0x00, 0x00, 0x00, 0x00, 0x00,
    0x00, 0x00, 0x00, 0x00, 0x00, 0x00, 0x00, 0x00, 0x00, 0x00, 0x00, 0x00, 0x00, 0x00, 0x00, 0x00,
    0x00, 0x00, 0x00, 0x00, 0x00, 0x00, 0x00, 0x00, 0x00, 0x00, 0x00, 0x00, 0x00, 0x00, 0x00, 0x00,
    0x00, 0x00, 0x00, 0x00, 0x00, 0x00, 0x00, 0x00, 0x00, 0x00, 0x00, 0x00, 0x00, 0x00, 0x00, 0x00,
    0x00, 0x00, 0x00, 0x00, 0x00, 0x00, 0x00, 0x00, 0x00, 0x00, 0x00, 0x00, 0x00, 0x00, 0x00, 0x00,
    0x00, 0x00, 0x00, 0x00, 0x00, 0x00, 0x00, 0x00, 0x00, 0x00, 0x00, 0x00, 0x00, 0x00, 0x00, 0x00,
    0x00, 0x00, 0x00, 0x00, 0x00, 0x00, 0x00, 0x00, 0x00, 0x00, 0x00, 0x00, 0x40, 0x82, 0x3E, 0xFF,
    0x40, 0x82, 0x3E, 0xFF, 0x5C, 0xA8, 0x5C, 0xFF, 0x5C, 0xA8, 0x5C, 0xFF, 0x5C, 0xA8, 0x5C, 0xFF,
    0x5C, 0xA8, 0x5C, 0xFF, 0x5C, 0xA8, 0x5C, 0xFF, 0x5C, 0xA8, 0x5C, 0xFF, 0x5C, 0xA8, 0x5C, 0xFF,
    0x5C, 0xA8, 0x5C, 0xFF, 0x5C, 0xA8, 0x5C, 0xFF, 0x5C, 0xA8, 0x5C, 0xFF, 0x5C, 0xA8, 0x5C, 0xFF,
    0x5C, 0xA8, 0x5C, 0xFF, 0x5C, 0xA8, 0x5C, 0xFF, 0x5C, 0xA8, 0x5C, 0xFF, 0x5C, 0xA8, 0x5C, 0xFF,
    0x40, 0x82, 0x3E, 0xFF, 0x40, 0x82, 0x3E, 0xFF, 0x00, 0x00, 0x00, 0x00, 0x00, 0x00, 0x00, 0x00,
    0x00, 0x00, 0x00, 0x00, 0x00, 0x00, 0x00, 0x00, 0x00, 0x00, 0x00, 0x00, 0x00, 0x00, 0x00, 0x00,
    0x00, 0x00, 0x00, 0x00, 0x00, 0x00, 0x00, 0x00, 0x00, 0x00, 0x00, 0x00, 0x00, 0x00, 0x00, 0x00,
    0x00, 0x00, 0x00, 0x00, 0x00, 0x00, 0x00, 0x00, 0x00, 0x00, 0x00, 0x00, 0x00, 0x00, 0x00, 0x00,
    0x00, 0x00, 0x00, 0x00, 0x00, 0x00, 0x00, 0x00, 0x00, 0x00, 0x00, 0x00, 0x00, 0x00, 0x00, 0x00,
    0x00, 0x00, 0x00, 0x00, 0x00, 0x00, 0x00, 0x00, 0x00, 0x00, 0x00, 0x00, 0x00, 0x00, 0x00, 0x00,
    0x00, 0x00, 0x00, 0x00, 0x00, 0x00, 0x00, 0x00, 0x00, 0x00, 0x00, 0x00, 0x00, 0x00, 0x00, 0x00,
    0x00, 0x00, 0x00, 0x00, 0x00, 0x00, 0x00, 0x00, 0x00, 0x00, 0x00, 0x00, 0x00, 0x00, 0x00, 0x00,
    0x00, 0x00, 0x00, 0x00, 0x00, 0x00, 0x00, 0x00, 0x00, 0x00, 0x00, 0x00, 0x00, 0x00, 0x00, 0x00,
    0x00, 0x00, 0x00, 0x00, 0x00, 0x00, 0x00, 0x00, 0x00, 0x00, 0x00, 0x00, 0x00, 0x00, 0x00, 0x00,
    0x00, 0x00, 0x00, 0x00, 0x00, 0x00, 0x00, 0x00, 0x40, 0x82, 0x3E, 0xFF, 0x40, 0x82, 0x3E, 0xFF,
    0x5C, 0xA8, 0x5C, 0xFF, 0x5C, 0xA8, 0x5C, 0xFF, 0x5C, 0xA8, 0x5C, 0xFF, 0x5C, 0xA8, 0x5C, 0xFF,
    0x5C, 0xA8, 0x5C, 0xFF, 0x5C, 0xA8, 0x5C, 0xFF, 0x5C, 0xA8, 0x5C, 0xFF, 0x5C, 0xA8, 0x5C, 0xFF,
    0x5C, 0xA8, 0x5C, 0xFF, 0x5C, 0xA8, 0x5C, 0xFF, 0x5C, 0xA8, 0x5C, 0xFF, 0x5C, 0xA8, 0x5C, 0xFF,
    0x5C, 0xA8, 0x5C, 0xFF, 0x5C, 0xA8, 0x5C, 0xFF, 0x5C, 0xA8, 0x5C, 0xFF, 0x5C, 0xA8, 0x5C, 0xFF,
    0x5C, 0xA8, 0x5C, 0xFF, 0x40, 0x82, 0x3E, 0xFF, 0x40, 0x82, 0x3E, 0xFF, 0x00, 0x00, 0x00, 0x00,
    0x00, 0x00, 0x00, 0x00, 0x00, 0x00, 0x00, 0x00, 0x00, 0x00, 0x00, 0x00, 0x00, 0x00, 0x00, 0x00,
    0x00, 0x00, 0x00, 0x00, 0x00, 0x00, 0x00, 0x00, 0x00, 0x00, 0x00, 0x00, 0x00, 0x00, 0x00, 0x00,
    0x00, 0x00, 0x00, 0x00, 0x00, 0x00, 0x00, 0x00, 0x00, 0x00, 0x00, 0x00, 0x00, 0x00, 0x00, 0x00,
    0x00, 0x00, 0x00, 0x00, 0x00, 0x00, 0x00, 0x00, 0x00, 0x00, 0x00, 0x00, 0x00, 0x00, 0x00, 0x00,
    0x00, 0x00, 0x00, 0x00, 0x00, 0x00, 0x00, 0x00, 0x00, 0x00, 0x00, 0x00, 0x00, 0x00, 0x00, 0x00,
    0x00, 0x00, 0x00, 0x00, 0x00, 0x00, 0x00, 0x00, 0x00, 0x00, 0x00, 0x00, 0x00, 0x00, 0x00, 0x00,
    0x00, 0x00, 0x00, 0x00, 0x00, 0x00, 0x00, 0x00, 0x00, 0x00, 0x00, 0x00, 0x00, 0x00, 0x00, 0x00,
    0x00, 0x00, 0x00, 0x00, 0x00, 0x00, 0x00, 0x00, 0x00, 0x00, 0x00, 0x00, 0x00, 0x00, 0x00, 0x00,
    0x00, 0x00, 0x00, 0x00, 0x00, 0x00, 0x00, 0x00, 0x00, 0x00, 0x00, 0x00, 0x00, 0x00, 0x00, 0x00,
    0x00, 0x00, 0x00, 0x00, 0x40, 0x82, 0x3E, 0xFF, 0x40, 0x82, 0x3E, 0xFF, 0x5C, 0xA8, 0x5C, 0xFF,
    0x5C, 0xA8, 0x5C, 0xFF, 0x5C, 0xA8, 0x5C, 0xFF, 0x5C, 0xA8, 0x5C, 0xFF, 0x5C, 0xA8, 0x5C, 0xFF,
    0x5C, 0xA8, 0x5C, 0xFF, 0x5C, 0xA8, 0x5C, 0xFF, 0x5C, 0xA8, 0x5C, 0xFF, 0x5C, 0xA8, 0x5C, 0xFF,
    0x5C, 0xA8, 0x5C, 0xFF, 0x5C, 0xA8, 0x5C, 0xFF, 0x5C, 0xA8, 0x5C, 0xFF, 0x5C, 0xA8, 0x5C, 0xFF,
    0x5C, 0xA8, 0x5C, 0xFF, 0x5C, 0xA8, 0x5C, 0xFF, 0x5C, 0xA8, 0x5C, 0xFF, 0x5C, 0xA8, 0x5C, 0xFF,
    0x5C, 0xA8, 0x5C, 0xFF, 0x5C, 0xA8, 0x5C, 0xFF, 0x40, 0x82, 0x3E, 0xFF, 0x40, 0x82, 0x3E, 0xFF,
    0x00, 0x00, 0x00, 0x00, 0x00, 0x00, 0x00, 0x00, 0x00, 0x00, 0x00, 0x00, 0x00, 0x00, 0x00, 0x00,
    0x00, 0x00, 0x00, 0x00, 0x00, 0x00, 0x00, 0x00, 0x00, 0x00, 0x00, 0x00, 0x00, 0x00, 0x00, 0x00,
    0x00, 0x00, 0x00, 0x00, 0x00, 0x00, 0x00, 0x00, 0x00, 0x00, 0x00, 0x00, 0x00, 0x00, 0x00, 0x00,
    0x00, 0x00, 0x00, 0x00, 0x00, 0x00, 0x00, 0x00, 0x00, 0x00, 0x00, 0x00, 0x00, 0x00, 0x00, 0x00,
    0x00, 0x00, 0x00, 0x00, 0x00, 0x00, 0x00, 0x00, 0x00, 0x00, 0x00, 0x00, 0x00, 0x00, 0x00, 0x00,
    0x00, 0x00, 0x00, 0x00, 0x00, 0x00, 0x00, 0x00, 0x00, 0x00, 0x00, 0x00, 0x00, 0x00, 0x00, 0x00,
    0x00, 0x00, 0x00, 0x00, 0x00, 0x00, 0x00, 0x00, 0x00, 0x00, 0x00, 0x00, 0x00, 0x00, 0x00, 0x00,
    0x00, 0x00, 0x00, 0x00, 0x00, 0x00, 0x00, 0x00, 0x00, 0x00, 0x00, 0x00, 0x00, 0x00, 0x00, 0x00,
    0x00, 0x00, 0x00, 0x00, 0x00, 0x00, 0x00, 0x00, 0x00, 0x00, 0x00, 0x00, 0x00, 0x00, 0x00, 0x00,
    0x40, 0x82, 0x3E, 0xFF, 0x40, 0x82, 0x3E, 0xFF, 0x5C, 0xA8, 0x5C, 0xFF, 0x5C, 0xA8, 0x5C, 0xFF,
    0x5C, 0xA8, 0x5C, 0xFF, 0x5C, 0xA8, 0x5C, 0xFF, 0x5C, 0xA8, 0x5C, 0xFF, 0x5C, 0xA8, 0x5C, 0xFF,
    0x5C, 0xA8, 0x5C, 0xFF, 0x5C, 0xA8, 0x5C, 0xFF, 0x5C, 0xA8, 0x5C, 0xFF, 0x5C, 0xA8, 0x5C, 0xFF,
    0x5C, 0xA8, 0x5C, 0xFF, 0x5C, 0xA8, 0x5C, 0xFF, 0x5C, 0xA8, 0x5C, 0xFF, 0x5C, 0xA8, 0x5C, 0xFF,
    0x5C, 0xA8, 0x5C, 0xFF, 0x5C, 0xA8, 0x5C, 0xFF, 0x5C, 0xA8, 0x5C, 0xFF, 0x5C, 0xA8, 0x5C, 0xFF,
    0x5C, 0xA8, 0x5C, 0xFF, 0x5C, 0xA8, 0x5C, 0xFF, 0x5C, 0xA8, 0x5C, 0xFF, 0x40, 0x82, 0x3E, 0xFF,
    0x40, 0x82, 0x3E, 0xFF, 0x00, 0x00, 0x00, 0x00, 0x00, 0x00, 0x00, 0x00, 0x00, 0x00, 0x00, 0x00,
    0x00, 0x00, 0x00, 0x00, 0x00, 0x00, 0x00, 0x00, 0x00, 0x00, 0x00, 0x00, 0x00, 0x00, 0x00, 0x00,
    0x00, 0x00, 0x00, 0x00, 0x00, 0x00, 0x00, 0x00, 0x00, 0x00, 0x00, 0x00, 0x00, 0x00, 0x00, 0x00,
    0x00, 0x00, 0x00, 0x00, 0x00, 0x00, 0x00, 0x00, 0x00, 0x00, 0x00, 0x00, 0x00, 0x00, 0x00, 0x00,
    0x00, 0x00, 0x00, 0x00, 0x00, 0x00, 0x00, 0x00, 0x00, 0x00, 0x00, 0x00, 0x00, 0x00, 0x00, 0x00,
    0x00, 0x00, 0x00, 0x00, 0x00, 0x00, 0x00, 0x00, 0x00, 0x00, 0x00, 0x00, 0x00, 0x00, 0x00, 0x00,
    0x00, 0x00, 0x00, 0x00, 0x00, 0x00, 0x00, 0x00, 0x00, 0x00, 0x00, 0x00, 0x00, 0x00, 0x00, 0x00,
    0x00, 0x00, 0x00, 0x00, 0x00, 0x00, 0x00, 0x00, 0x00, 0x00, 0x00, 0x00, 0x00, 0x00, 0x00, 0x00,
    0x00, 0x00, 0x00, 0x00, 0x00, 0x00, 0x00, 0x00, 0x00, 0x00, 0x00, 0x00, 0x00, 0x00, 0x00, 0x00,
    0x40, 0x82, 0x3E, 0xFF, 0x40, 0x82, 0x3E, 0xFF, 0x5C, 0xA8, 0x5C, 0xFF, 0x5C, 0xA8, 0x5C, 0xFF,
    0x5C, 0xA8, 0x5C, 0xFF, 0x5C, 0xA8, 0x5C, 0xFF, 0x5C, 0xA8, 0x5C, 0xFF, 0x5C, 0xA8, 0x5C, 0xFF,
    0x5C, 0xA8, 0x5C, 0xFF, 0x5C, 0xA8, 0x5C, 0xFF, 0x5C, 0xA8, 0x5C, 0xFF, 0x5C, 0xA8, 0x5C, 0xFF,
    0x5C, 0xA8, 0x5C, 0xFF, 0x5C, 0xA8, 0x5C, 0xFF, 0x5C, 0xA8, 0x5C, 0xFF, 0x5C, 0xA8, 0x5C, 0xFF,
    0x5C, 0xA8, 0x5C, 0xFF, 0x5C, 0xA8, 0x5C, 0xFF, 0x5C, 0xA8, 0x5C, 0xFF, 0x5C, 0xA8, 0x5C, 0xFF,
    0x5C, 0xA8, 0x5C, 0xFF, 0x5C, 0xA8, 0x5C, 0xFF, 0x5C, 0xA8, 0x5C, 0xFF, 0x40, 0x82, 0x3E, 0xFF,
    0x40, 0x82, 0x3E, 0xFF, 0x00, 0x00, 0x00, 0x00, 0x00, 0x00, 0x00, 0x00, 0x00, 0x00, 0x00, 0x00,
    0x00, 0x00, 0x00, 0x00, 0x00, 0x00, 0x00, 0x00, 0x00, 0x00, 0x00, 0x00, 0x00, 0x00, 0x00, 0x00,
    0x00, 0x00, 0x00, 0x00, 0x00, 0x00, 0x00, 0x00, 0x00, 0x00, 0x00, 0x00, 0x00, 0x00, 0x00, 0x00,
    0x00, 0x00, 0x00, 0x00, 0x00, 0x00, 0x00, 0x00, 0x00, 0x00, 0x00, 0x00, 0x00, 0x00, 0x00, 0x00,
    0x00, 0x00, 0x00, 0x00, 0x00, 0x00, 0x00, 0x00, 0x00, 0x00, 0x00, 0x00, 0x00, 0x00, 0x00, 0x00,
    0x00, 0x00, 0x00, 0x00, 0x00, 0x00, 0x00, 0x00, 0x00, 0x00, 0x00, 0x00, 0x00, 0x00, 0x00, 0x00,
    0x00, 0x00, 0x00, 0x00, 0x00, 0x00, 0x00, 0x00, 0x00, 0x00, 0x00, 0x00, 0x00, 0x00, 0x00, 0x00,
    0x00, 0x00, 0x00, 0x00, 0x00, 0x00, 0x00, 0x00, 0x00, 0x00, 0x00, 0x00, 0x00, 0x00, 0x00, 0x00,
    0x00, 0x00, 0x00, 0x00, 0x00, 0x00, 0x00, 0x00, 0x00, 0x00, 0x00, 0x00, 0x40, 0x82, 0x3E, 0xFF,
    0x40, 0x82, 0x3E, 0xFF, 0x5C, 0xA8, 0x5C, 0xFF, 0x5C, 0xA8, 0x5C, 0xFF, 0x5C, 0xA8, 0x5C, 0xFF,
    0x5C, 0xA8, 0x5C, 0xFF, 0x5C, 0xA8, 0x5C, 0xFF, 0x5C, 0xA8, 0x5C, 0xFF, 0x5C, 0xA8, 0x5C, 0xFF,
    0x5C, 0xA8, 0x5C, 0xFF, 0x5C, 0xA8, 0x5C, 0xFF, 0x5C, 0xA8, 0x5C, 0xFF, 0x5C, 0xA8, 0x5C, 0xFF,
    0x5C, 0xA8, 0x5C, 0xFF, 0x5C, 0xA8, 0x5C, 0xFF, 0x5C, 0xA8, 0x5C, 0xFF, 0x5C, 0xA8, 0x5C, 0xFF,
    0x5C, 0xA8, 0x5C, 0xFF, 0x5C, 0xA8, 0x5C, 0xFF, 0x5C, 0xA8, 0x5C, 0xFF, 0x5C, 0xA8, 0x5C, 0xFF,
    0x5C, 0xA8, 0x5C, 0xFF, 0x5C, 0xA8, 0x5C, 0xFF, 0x5C, 0xA8, 0x5C, 0xFF, 0x5C, 0xA8, 0x5C, 0xFF,
    0x40, 0x82, 0x3E, 0xFF, 0x40, 0x82, 0x3E, 0xFF, 0x00, 0x00, 0x00, 0x00, 0x00, 0x00, 0x00, 0x00,
    0x00, 0x00, 0x00, 0x00, 0x00, 0x00, 0x00, 0x00, 0x00, 0x00, 0x00, 0x00, 0x00, 0x00, 0x00, 0x00,
    0x00, 0x00, 0x00, 0x00, 0x00, 0x00, 0x00, 0x00, 0x00, 0x00, 0x00, 0x00, 0x00, 0x00, 0x00, 0x00,
    0x00, 0x00, 0x00, 0x00, 0x00, 0x00, 0x00, 0x00, 0x00, 0x00, 0x00, 0x00, 0x00, 0x00, 0x00, 0x00,
    0x00, 0x00, 0x00, 0x00, 0x00, 0x00, 0x00, 0x00, 0x00, 0x00, 0x00, 0x00, 0x00, 0x00, 0x00, 0x00,
    0x00, 0x00, 0x00, 0x00, 0x00, 0x00, 0x00, 0x00, 0x00, 0x00, 0x00, 0x00, 0x00, 0x00, 0x00, 0x00,
    0x00, 0x00, 0x00, 0x00, 0x00, 0x00, 0x00, 0x00, 0x00, 0x00, 0x00, 0x00, 0x00, 0x00, 0x00, 0x00,
    0x00, 0x00, 0x00, 0x00, 0x00, 0x00, 0x00, 0x00, 0x00, 0x00, 0x00, 0x00, 0x00, 0x00, 0x00, 0x00,
    0x00, 0x00, 0x00, 0x00, 0x00, 0x00, 0x00, 0x00, 0x40, 0x82, 0x3E, 0xFF, 0x40, 0x82, 0x3E, 0xFF,
    0x40, 0x82, 0x3E, 0xFF, 0x5C, 0xA8, 0x5C, 0xFF, 0x5C, 0xA8, 0x5C, 0xFF, 0x5C, 0xA8, 0x5C, 0xFF,
    0x5C, 0xA8, 0x5C, 0xFF, 0x5C, 0xA8, 0x5C, 0xFF, 0x5C, 0xA8, 0x5C, 0xFF, 0x5C, 0xA8, 0x5C, 0xFF,
    0x5C, 0xA8, 0x5C, 0xFF, 0x5C, 0xA8, 0x5C, 0xFF, 0x5C, 0xA8, 0x5C, 0xFF, 0x5C, 0xA8, 0x5C, 0xFF,
    0x5C, 0xA8, 0x5C, 0xFF, 0x5C, 0xA8, 0x5C, 0xFF, 0x5C, 0xA8, 0x5C, 0xFF, 0x5C, 0xA8, 0x5C, 0xFF,
    0x5C, 0xA8, 0x5C, 0xFF, 0x5C, 0xA8, 0x5C, 0xFF, 0x5C, 0xA8, 0x5C, 0xFF, 0x5C, 0xA8, 0x5C, 0xFF,
    0x5C, 0xA8, 0x5C, 0xFF, 0x5C, 0xA8, 0x5C, 0xFF, 0x5C, 0xA8, 0x5C, 0xFF, 0x5C, 0xA8, 0x5C, 0xFF,
    0x40, 0x82, 0x3E, 0xFF, 0x40, 0x82, 0x3E, 0xFF, 0x40, 0x82, 0x3E, 0xFF, 0x00, 0x00, 0x00, 0x00,
    0x00, 0x00, 0x00, 0x00, 0x00, 0x00, 0x00, 0x00, 0x00, 0x00, 0x00, 0x00, 0x00, 0x00, 0x00, 0x00,
    0x00, 0x00, 0x00, 0x00, 0x00, 0x00, 0x00, 0x00, 0x00, 0x00, 0x00, 0x00, 0x00, 0x00, 0x00, 0x00,
    0x00, 0x00, 0x00, 0x00, 0x00, 0x00, 0x00, 0x00, 0x00, 0x00, 0x00, 0x00, 0x00, 0x00, 0x00, 0x00,
    0x00, 0x00, 0x00, 0x00, 0x00, 0x00, 0x00, 0x00, 0x00, 0x00, 0x00, 0x00, 0x00, 0x00, 0x00, 0x00,
    0x00, 0x00, 0x00, 0x00, 0x00, 0x00, 0x00, 0x00, 0x00, 0x00, 0x00, 0x00, 0x00, 0x00, 0x00, 0x00,
    0x00, 0x00, 0x00, 0x00, 0x00, 0x00, 0x00, 0x00, 0x00, 0x00, 0x00, 0x00, 0x00, 0x00, 0x00, 0x00,
    0x00, 0x00, 0x00, 0x00, 0x00, 0x00, 0x00, 0x00, 0x00, 0x00, 0x00, 0x00, 0x00, 0x00, 0x00, 0x00,
    0x00, 0x00, 0x00, 0x00, 0x00, 0x00, 0x00, 0x00, 0x40, 0x82, 0x3E, 0xFF, 0x40, 0x82, 0x3E, 0xFF,
    0x5C, 0xA8, 0x5C, 0xFF, 0x5C, 0xA8, 0x5C, 0xFF, 0x5C, 0xA8, 0x5C, 0xFF, 0x5C, 0xA8, 0x5C, 0xFF,
    0x5C, 0xA8, 0x5C, 0xFF, 0x5C, 0xA8, 0x5C, 0xFF, 0x5C, 0xA8, 0x5C, 0xFF, 0x5C, 0xA8, 0x5C, 0xFF,
    0x5C, 0xA8, 0x5C, 0xFF, 0x5C, 0xA8, 0x5C, 0xFF, 0x5C, 0xA8, 0x5C, 0xFF, 0x5C, 0xA8, 0x5C, 0xFF,
    0x5C, 0xA8, 0x5C, 0xFF, 0x5C, 0xA8, 0x5C, 0xFF, 0x5C, 0xA8, 0x5C, 0xFF, 0x5C, 0xA8, 0x5C, 0xFF,
    0x5C, 0xA8, 0x5C, 0xFF, 0x5C, 0xA8, 0x5C, 0xFF, 0x5C, 0xA8, 0x5C, 0xFF, 0x5C, 0xA8, 0x5C, 0xFF,
    0x5C, 0xA8, 0x5C, 0xFF, 0x5C, 0xA8, 0x5C, 0xFF, 0x5C, 0xA8, 0x5C, 0xFF, 0x5C, 0xA8, 0x5C, 0xFF,
    0x5C, 0xA8, 0x5C, 0xFF, 0x40, 0x82, 0x3E, 0xFF, 0x40, 0x82, 0x3E, 0xFF, 0x00, 0x00, 0x00, 0x00,
    0x00, 0x00, 0x00, 0x00, 0x00, 0x00, 0x00, 0x00, 0x00, 0x00, 0x00, 0x00, 0x00, 0x00, 0x00, 0x00,
    0x00, 0x00, 0x00, 0x00, 0x00, 0x00, 0x00, 0x00, 0x00, 0x00, 0x00, 0x00, 0x00, 0x00, 0x00, 0x00,
    0x00, 0x00, 0x00, 0x00, 0x00, 0x00, 0x00, 0x00, 0x00, 0x00, 0x00, 0x00, 0x00, 0x00, 0x00, 0x00,
    0x00, 0x00, 0x00, 0x00, 0x00, 0x00, 0x00, 0x00, 0x00, 0x00, 0x00, 0x00, 0x00, 0x00, 0x00, 0x00,
    0x00, 0x00, 0x00, 0x00, 0x00, 0x00, 0x00, 0x00, 0x00, 0x00, 0x00, 0x00, 0x00, 0x00, 0x00, 0x00,
    0x00, 0x00, 0x00, 0x00, 0x00, 0x00, 0x00, 0x00, 0x00, 0x00, 0x00, 0x00, 0x00, 0x00, 0x00, 0x00,
    0x00, 0x00, 0x00, 0x00, 0x00, 0x00, 0x00, 0x00, 0x00, 0x00, 0x00, 0x00, 0x00, 0x00, 0x00, 0x00,
    0x00, 0x00, 0x00, 0x00, 0x40, 0x82, 0x3E, 0xFF, 0x40, 0x82, 0x3E, 0xFF, 0x40, 0x82, 0x3E, 0xFF,
    0x5C, 0xA8, 0x5C, 0xFF, 0x5C, 0xA8, 0x5C, 0xFF, 0x5C, 0xA8, 0x5C, 0xFF, 0x5C, 0xA8, 0x5C, 0xFF,
    0x5C, 0xA8, 0x5C, 0xFF, 0x5C, 0xA8, 0x5C, 0xFF, 0x5C, 0xA8, 0x5C, 0xFF, 0x5C, 0xA8, 0x5C, 0xFF,
    0x5C, 0xA8, 0x5C, 0xFF, 0x5C, 0xA8, 0x5C, 0xFF, 0x5C, 0xA8, 0x5C, 0xFF, 0x5C, 0xA8, 0x5C, 0xFF,
    0x5C, 0xA8, 0x5C, 0xFF, 0x5C, 0xA8, 0x5C, 0xFF, 0x5C, 0xA8, 0x5C, 0xFF, 0x5C, 0xA8, 0x5C, 0xFF,
    0x5C, 0xA8, 0x5C, 0xFF, 0x5C, 0xA8, 0x5C, 0xFF, 0x5C, 0xA8, 0x5C, 0xFF, 0x5C, 0xA8, 0x5C, 0xFF,
    0x5C, 0xA8, 0x5C, 0xFF, 0x5C, 0xA8, 0x5C, 0xFF, 0x5C, 0xA8, 0x5C, 0xFF, 0x5C, 0xA8, 0x5C, 0xFF,
    0x5C, 0xA8, 0x5C, 0xFF, 0x40, 0x82, 0x3E, 0xFF, 0x40, 0x82, 0x3E, 0xFF, 0x40, 0x82, 0x3E, 0xFF,
    0x00, 0x00, 0x00, 0x00, 0x00, 0x00, 0x00, 0x00, 0x00, 0x00, 0x00, 0x00, 0x00, 0x00, 0x00, 0x00,
    0x00, 0x00, 0x00, 0x00, 0x00, 0x00, 0x00, 0x00, 0x00, 0x00, 0x00, 0x00, 0x00, 0x00, 0x00, 0x00,
    0x00, 0x00, 0x00, 0x00, 0x00, 0x00, 0x00, 0x00, 0x00, 0x00, 0x00, 0x00, 0x00, 0x00, 0x00, 0x00,
    0x00, 0x00, 0x00, 0x00, 0x00, 0x00, 0x00, 0x00, 0x00, 0x00, 0x00, 0x00, 0x00, 0x00, 0x00, 0x00,
    0x00, 0x00, 0x00, 0x00, 0x00, 0x00, 0x00, 0x00, 0x00, 0x00, 0x00, 0x00, 0x00, 0x00, 0x00, 0x00,
    0x00, 0x00, 0x00, 0x00, 0x00, 0x00, 0x00, 0x00, 0x00, 0x00, 0x00, 0x00, 0x00, 0x00, 0x00, 0x00,
    0x00, 0x00, 0x00, 0x00, 0x00, 0x00, 0x00, 0x00, 0x00, 0x00, 0x00, 0x00, 0x00, 0x00, 0x00, 0x00,
    0x00, 0x00, 0x00, 0x00, 0x40, 0x82, 0x3E, 0xFF, 0x40, 0x82, 0x3E, 0xFF, 0x5C, 0xA8, 0x5C, 0xFF,
    0x5C, 0xA8, 0x5C, 0xFF, 0x5C, 0xA8, 0x5C, 0xFF, 0x5C, 0xA8, 0x5C, 0xFF, 0x5C, 0xA8, 0x5C, 0xFF,
    0x5C, 0xA8, 0x5C, 0xFF, 0x5C, 0xA8, 0x5C, 0xFF, 0x5C, 0xA8, 0x5C, 0xFF, 0x5C, 0xA8, 0x5C, 0xFF,
    0x5C, 0xA8, 0x5C, 0xFF, 0x5C, 0xA8, 0x5C, 0xFF, 0x5C, 0xA8, 0x5C, 0xFF, 0x5C, 0xA8, 0x5C, 0xFF,
    0x5C, 0xA8, 0x5C, 0xFF, 0x5C, 0xA8, 0x5C, 0xFF, 0x5C, 0xA8, 0x5C, 0xFF, 0x5C, 0xA8, 0x5C, 0xFF,
    0x5C, 0xA8, 0x5C, 0xFF, 0x5C, 0xA8, 0x5C, 0xFF, 0x5C, 0xA8, 0x5C, 0xFF, 0x5C, 0xA8, 0x5C, 0xFF,
    0x5C, 0xA8, 0x5C, 0xFF, 0x5C, 0xA8, 0x5C, 0xFF, 0x5C, 0xA8, 0x5C, 0xFF, 0x5C, 0xA8, 0x5C, 0xFF,
    0x5C, 0xA8, 0x5C, 0xFF, 0x5C, 0xA8, 0x5C, 0xFF, 0x40, 0x82, 0x3E, 0xFF, 0x40, 0x82, 0x3E, 0xFF,
    0x00, 0x00, 0x00, 0x00, 0x00, 0x00, 0x00, 0x00, 0x00, 0x00, 0x00, 0x00, 0x00, 0x00, 0x00, 0x00,
    0x00, 0x00, 0x00, 0x00, 0x00, 0x00, 0x00, 0x00, 0x00, 0x00, 0x00, 0x00, 0x00, 0x00, 0x00, 0x00,
    0x00, 0x00, 0x00, 0x00, 0x00, 0x00, 0x00, 0x00, 0x00, 0x00, 0x00, 0x00, 0x00, 0x00, 0x00, 0x00,
    0x00, 0x00, 0x00, 0x00, 0x00, 0x00, 0x00, 0x00, 0x00, 0x00, 0x00, 0x00, 0x00, 0x00, 0x00, 0x00,
    0x00, 0x00, 0x00, 0x00, 0x00, 0x00, 0x00, 0x00, 0x00, 0x00, 0x00, 0x00, 0x00, 0x00, 0x00, 0x00,
    0x00, 0x00, 0x00, 0x00, 0x40, 0x82, 0x3E, 0xFF, 0x40, 0x82, 0x3E, 0xFF, 0x40, 0x82, 0x3E, 0xFF,
    0x40, 0x82, 0x3E, 0xFF, 0x40, 0x82, 0x3E, 0xFF, 0x40, 0x82, 0x3E, 0xFF, 0x40, 0x82, 0x3E, 0xFF,
    0x00, 0x00, 0x00, 0x00, 0x40, 0x82, 0x3E, 0xFF, 0x40, 0x82, 0x3E, 0xFF, 0x5C, 0xA8, 0x5C, 0xFF,
    0x5C, 0xA8, 0x5C, 0xFF, 0x5C, 0xA8, 0x5C, 0xFF, 0x5C, 0xA8, 0x5C, 0xFF, 0x5C, 0xA8, 0x5C, 0xFF,
    0x5C, 0xA8, 0x5C, 0xFF, 0x5C, 0xA8, 0x5C, 0xFF, 0x5C, 0xA8, 0x5C, 0xFF, 0x5C, 0xA8, 0x5C, 0xFF,
    0x5C, 0xA8, 0x5C, 0xFF, 0x5C, 0xA8, 0x5C, 0xFF, 0x5C, 0xA8, 0x5C, 0xFF, 0x5C, 0xA8, 0x5C, 0xFF,
    0x5C, 0xA8, 0x5C, 0xFF, 0x5C, 0xA8, 0x5C, 0xFF, 0x5C, 0xA8, 0x5C, 0xFF, 0x5C, 0xA8, 0x5C, 0xFF,
    0x5C, 0xA8, 0x5C, 0xFF, 0x5C, 0xA8, 0x5C, 0xFF, 0x5C, 0xA8, 0x5C, 0xFF, 0x5C, 0xA8, 0x5C, 0xFF,
    0x5C, 0xA8, 0x5C, 0xFF, 0x5C, 0xA8, 0x5C, 0xFF, 0x5C, 0xA8, 0x5C, 0xFF, 0x5C, 0xA8, 0x5C, 0xFF,
    0x5C, 0xA8, 0x5C, 0xFF, 0x5C, 0xA8, 0x5C, 0xFF, 0x40, 0x82, 0x3E, 0xFF, 0x40, 0x82, 0x3E, 0xFF,
    0x00, 0x00, 0x00, 0x00, 0x00, 0x00, 0x00, 0x00, 0x00, 0x00, 0x00, 0x00, 0x00, 0x00, 0x00, 0x00,
    0x00, 0x00, 0x00, 0x00, 0x00, 0x00, 0x00, 0x00, 0x00, 0x00, 0x00, 0x00, 0x00, 0x00, 0x00, 0x00,
    0x00, 0x00, 0x00, 0x00, 0x00, 0x00, 0x00, 0x00, 0x00, 0x00, 0x00, 0x00, 0x00, 0x00, 0x00, 0x00,
    0x00, 0x00, 0x00, 0x00, 0x00, 0x00, 0x00, 0x00, 0x00, 0x00, 0x00, 0x00, 0x00, 0x00, 0x00, 0x00,
    0x00, 0x00, 0x00, 0x00, 0x00, 0x00, 0x00, 0x00, 0x40, 0x82, 0x3E, 0xFF, 0x40, 0x82, 0x3E, 0xFF,
    0x40, 0x82, 0x3E, 0xFF, 0x40, 0x82, 0x3E, 0xFF, 0x40, 0x82, 0x3E, 0xFF, 0x40, 0x82, 0x3E, 0xFF,
    0x40, 0x82, 0x3E, 0xFF, 0x40, 0x82, 0x3E, 0xFF, 0x40, 0x82, 0x3E, 0xFF, 0x40, 0x82, 0x3E, 0xFF,
    0x40, 0x82, 0x3E, 0xFF, 0x40, 0x82, 0x3E, 0xFF, 0x5C, 0xA8, 0x5C, 0xFF, 0x5C, 0xA8, 0x5C, 0xFF,
    0x5C, 0xA8, 0x5C, 0xFF, 0x5C, 0xA8, 0x5C, 0xFF, 0x5C, 0xA8, 0x5C, 0xFF, 0x5C, 0xA8, 0x5C, 0xFF,
    0x5C, 0xA8, 0x5C, 0xFF, 0x5C, 0xA8, 0x5C, 0xFF, 0x5C, 0xA8, 0x5C, 0xFF, 0x5C, 0xA8, 0x5C, 0xFF,
    0x5C, 0xA8, 0x5C, 0xFF, 0x5C, 0xA8, 0x5C, 0xFF, 0x5C, 0xA8, 0x5C, 0xFF, 0x5C, 0xA8, 0x5C, 0xFF,
    0x5C, 0xA8, 0x5C, 0xFF, 0x5C, 0xA8, 0x5C, 0xFF, 0x5C, 0xA8, 0x5C, 0xFF, 0x5C, 0xA8, 0x5C, 0xFF,
    0x5C, 0xA8, 0x5C, 0xFF, 0x5C, 0xA8, 0x5C, 0xFF, 0x5C, 0xA8, 0x5C, 0xFF, 0x5C, 0xA8, 0x5C, 0xFF,
    0x5C, 0xA8, 0x5C, 0xFF, 0x5C, 0xA8, 0x5C, 0xFF, 0x5C, 0xA8, 0x5C, 0xFF, 0x5C, 0xA8, 0x5C, 0xFF,
    0x5C, 0xA8, 0x5C, 0xFF, 0x5C, 0xA8, 0x5C, 0xFF, 0x5C, 0xA8, 0x5C, 0xFF, 0x40, 0x82, 0x3E, 0xFF,
    0x40, 0x82, 0x3E, 0xFF, 0x00, 0x00, 0x00, 0x00, 0x00, 0x00, 0x00, 0x00, 0x00, 0x00, 0x00, 0x00,
    0x00, 0x00, 0x00, 0x00, 0x00, 0x00, 0x00, 0x00, 0x00, 0x00, 0x00, 0x00, 0x00, 0x00, 0x00, 0x00,
    0x00, 0x00, 0x00, 0x00, 0x00, 0x00, 0x00, 0x00, 0x00, 0x00, 0x00, 0x00, 0x00, 0x00, 0x00, 0x00,
    0x00, 0x00, 0x00, 0x00, 0x00, 0x00, 0x00, 0x00, 0x00, 0x00, 0x00, 0x00, 0x00, 0x00, 0x00, 0x00,
    0x00, 0x00, 0x00, 0x00, 0x40, 0x82, 0x3E, 0xFF, 0x40, 0x82, 0x3E, 0xFF, 0x40, 0x82, 0x3E, 0xFF,
    0x40, 0x82, 0x3E, 0xFF, 0x5C, 0xA8, 0x5C, 0xFF, 0x5C, 0xA8, 0x5C, 0xFF, 0x5C, 0xA8, 0x5C, 0xFF,
    0x5C, 0xA8, 0x5C, 0xFF, 0x5C, 0xA8, 0x5C, 0xFF, 0x5C, 0xA8, 0x5C, 0xFF, 0x5C, 0xA8, 0x5C, 0xFF,
    0x40, 0x82, 0x3E, 0xFF, 0x40, 0x82, 0x3E, 0xFF, 0x5C, 0xA8, 0x5C, 0xFF, 0x5C, 0xA8, 0x5C, 0xFF,
    0x5C, 0xA8, 0x5C, 0xFF, 0x5C, 0xA8, 0x5C, 0xFF, 0x5C, 0xA8, 0x5C, 0xFF, 0x5C, 0xA8, 0x5C, 0xFF,
    0x5C, 0xA8, 0x5C, 0xFF, 0x5C, 0xA8, 0x5C, 0xFF, 0x5C, 0xA8, 0x5C, 0xFF, 0x5C, 0xA8, 0x5C, 0xFF,
    0x5C, 0xA8, 0x5C, 0xFF, 0x5C, 0xA8, 0x5C, 0xFF, 0x5C, 0xA8, 0x5C, 0xFF, 0x5C, 0xA8, 0x5C, 0xFF,
    0x5C, 0xA8, 0x5C, 0xFF, 0x5C, 0xA8, 0x5C, 0xFF, 0x5C, 0xA8, 0x5C, 0xFF, 0x5C, 0xA8, 0x5C, 0xFF,
    0x5C, 0xA8, 0x5C, 0xFF, 0x5C, 0xA8, 0x5C, 0xFF, 0x5C, 0xA8, 0x5C, 0xFF, 0x5C, 0xA8, 0x5C, 0xFF,
    0x5C, 0xA8, 0x5C, 0xFF, 0x5C, 0xA8, 0x5C, 0xFF, 0x5C, 0xA8, 0x5C, 0xFF, 0x5C, 0xA8, 0x5C, 0xFF,
    0x5C, 0xA8, 0x5C, 0xFF, 0x5C, 0xA8, 0x5C, 0xFF, 0x5C, 0xA8, 0x5C, 0xFF, 0x40, 0x82, 0x3E, 0xFF,
    0x40, 0x82, 0x3E, 0xFF, 0x00, 0x00, 0x00, 0x00, 0x00, 0x00, 0x00, 0x00, 0x00, 0x00, 0x00, 0x00,
    0x00, 0x00, 0x00, 0x00, 0x00, 0x00, 0x00, 0x00, 0x00, 0x00, 0x00, 0x00, 0x00, 0x00, 0x00, 0x00,
    0x00, 0x00, 0x00, 0x00, 0x00, 0x00, 0x00, 0x00, 0x00, 0x00, 0x00, 0x00, 0x00, 0x00, 0x00, 0x00,
    0x00, 0x00, 0x00, 0x00, 0x00, 0x00, 0x00, 0x00, 0x00, 0x00, 0x00, 0x00, 0x40, 0x82, 0x3E, 0xFF,
    0x40, 0x82, 0x3E, 0xFF, 0x40, 0x82, 0x3E, 0xFF, 0x40, 0x82, 0x3E, 0xFF, 0x5C, 0xA8, 0x5C, 0xFF,
    0x5C, 0xA8, 0x5C, 0xFF, 0x5C, 0xA8, 0x5C, 0xFF, 0x5C, 0xA8, 0x5C, 0xFF, 0x5C, 0xA8, 0x5C, 0xFF,
    0x5C, 0xA8, 0x5C, 0xFF, 0x5C, 0xA8, 0x5C, 0xFF, 0x5C, 0xA8, 0x5C, 0xFF, 0x5C, 0xA8, 0x5C, 0xFF,
    0x40, 0x82, 0x3E, 0xFF, 0x40, 0x82, 0x3E, 0xFF, 0x5C, 0xA8, 0x5C, 0xFF, 0x5C, 0xA8, 0x5C, 0xFF,
    0x5C, 0xA8, 0x5C, 0xFF, 0x5C, 0xA8, 0x5C, 0xFF, 0x5C, 0xA8, 0x5C, 0xFF, 0x5C, 0xA8, 0x5C, 0xFF,
    0x5C, 0xA8, 0x5C, 0xFF, 0x5C, 0xA8, 0x5C, 0xFF, 0x5C, 0xA8, 0x5C, 0xFF, 0x5C, 0xA8, 0x5C, 0xFF,
    0x5C, 0xA8, 0x5C, 0xFF, 0x5C, 0xA8, 0x5C, 0xFF, 0x5C, 0xA8, 0x5C, 0xFF, 0x5C, 0xA8, 0x5C, 0xFF,
    0x5C, 0xA8, 0x5C, 0xFF, 0x5C, 0xA8, 0x5C, 0xFF, 0x5C, 0xA8, 0x5C, 0xFF, 0x5C, 0xA8, 0x5C, 0xFF,
    0x5C, 0xA8, 0x5C, 0xFF, 0x5C, 0xA8, 0x5C, 0xFF, 0x5C, 0xA8, 0x5C, 0xFF, 0x5C, 0xA8, 0x5C, 0xFF,
    0x5C, 0xA8, 0x5C, 0xFF, 0x5C, 0xA8, 0x5C, 0xFF, 0x5C, 0xA8, 0x5C, 0xFF, 0x5C, 0xA8, 0x5C, 0xFF,
    0x5C, 0xA8, 0x5C, 0xFF, 0x5C, 0xA8, 0x5C, 0xFF, 0x5C, 0xA8, 0x5C, 0xFF, 0x40, 0x82, 0x3E, 0xFF,
    0x40, 0x82, 0x3E, 0xFF, 0x00, 0x00, 0x00, 0x00, 0x00, 0x00, 0x00, 0x00, 0x00, 0x00, 0x00, 0x00,
    0x00, 0x00, 0x00, 0x00, 0x00, 0x00, 0x00, 0x00, 0x00, 0x00, 0x00, 0x00, 0x00, 0x00, 0x00, 0x00,
    0x00, 0x00, 0x00, 0x00, 0x00, 0x00, 0x00, 0x00, 0x00, 0x00, 0x00, 0x00, 0x00, 0x00, 0x00, 0x00,
    0x00, 0x00, 0x00, 0x00, 0x00, 0x00, 0x00, 0x00, 0x40, 0x82, 0x3E, 0xFF, 0x40, 0x82, 0x3E, 0xFF,
    0x40, 0x82, 0x3E, 0xFF, 0x5C, 0xA8, 0x5C, 0xFF, 0x5C, 0xA8, 0x5C, 0xFF, 0x5C, 0xA8, 0x5C, 0xFF,
    0x5C, 0xA8, 0x5C, 0xFF, 0x5C, 0xA8, 0x5C, 0xFF, 0x5C, 0xA8, 0x5C, 0xFF, 0x5C, 0xA8, 0x5C, 0xFF,
    0x5C, 0xA8, 0x5C, 0xFF, 0x5C, 0xA8, 0x5C, 0xFF, 0x5C, 0xA8, 0x5C, 0xFF, 0x40, 0x82, 0x3E, 0xFF,
    0x40, 0x82, 0x3E, 0xFF, 0x5C, 0xA8, 0x5C, 0xFF, 0x5C, 0xA8, 0x5C, 0xFF, 0x5C, 0xA8, 0x5C, 0xFF,
    0x5C, 0xA8, 0x5C, 0xFF, 0x5C, 0xA8, 0x5C, 0xFF, 0x5C, 0xA8, 0x5C, 0xFF, 0x5C, 0xA8, 0x5C, 0xFF,
    0x5C, 0xA8, 0x5C, 0xFF, 0x5C, 0xA8, 0x5C, 0xFF, 0x5C, 0xA8, 0x5C, 0xFF, 0x5C, 0xA8, 0x5C, 0xFF,
    0x5C, 0xA8, 0x5C, 0xFF, 0x76, 0xC6, 0x80, 0xFF, 0x76, 0xC6, 0x80, 0xFF, 0x76, 0xC6, 0x80, 0xFF,
    0x76, 0xC6, 0x80, 0xFF, 0x76, 0xC6, 0x80, 0xFF, 0x5C, 0xA8, 0x5C, 0xFF, 0x5C, 0xA8, 0x5C, 0xFF,
    0x5C, 0xA8, 0x5C, 0xFF, 0x5C, 0xA8, 0x5C, 0xFF, 0x5C, 0xA8, 0x5C, 0xFF, 0x5C, 0xA8, 0x5C, 0xFF,
    0x5C, 0xA8, 0x5C, 0xFF, 0x5C, 0xA8, 0x5C, 0xFF, 0x5C, 0xA8, 0x5C, 0xFF, 0x5C, 0xA8, 0x5C, 0xFF,
    0x5C, 0xA8, 0x5C, 0xFF, 0x5C, 0xA8, 0x5C, 0xFF, 0x5C, 0xA8, 0x5C, 0xFF, 0x5C, 0xA8, 0x5C, 0xFF,
    0x40, 0x82, 0x3E, 0xFF, 0x40, 0x82, 0x3E, 0xFF, 0x00, 0x00, 0x00, 0x00, 0x00, 0x00, 0x00, 0x00,
    0x00, 0x00, 0x00, 0x00, 0x00, 0x00, 0x00, 0x00, 0x00, 0x00, 0x00, 0x00, 0x00, 0x00, 0x00, 0x00,
    0x00, 0x00, 0x00, 0x00, 0x00, 0x00, 0x00, 0x00, 0x00, 0x00, 0x00, 0x00, 0x00, 0x00, 0x00, 0x00,
    0x00, 0x00, 0x00, 0x00, 0x40, 0x82, 0x3E, 0xFF, 0x40, 0x82, 0x3E, 0xFF, 0x40, 0x82, 0x3E, 0xFF,
    0x5C, 0xA8, 0x5C, 0xFF, 0x5C, 0xA8, 0x5C, 0xFF, 0x5C, 0xA8, 0x5C, 0xFF, 0x5C, 0xA8, 0x5C, 0xFF,
    0x5C, 0xA8, 0x5C, 0xFF, 0x5C, 0xA8, 0x5C, 0xFF, 0x5C, 0xA8, 0x5C, 0xFF, 0x5C, 0xA8, 0x5C, 0xFF,
    0x5C, 0xA8, 0x5C, 0xFF, 0x5C, 0xA8, 0x5C, 0xFF, 0x5C, 0xA8, 0x5C, 0xFF, 0x40, 0x82, 0x3E, 0xFF,
    0x40, 0x82, 0x3E, 0xFF, 0x5C, 0xA8, 0x5C, 0xFF, 0x5C, 0xA8, 0x5C, 0xFF, 0x5C, 0xA8, 0x5C, 0xFF,
    0x5C, 0xA8, 0x5C, 0xFF, 0x5C, 0xA8, 0x5C, 0xFF, 0x5C, 0xA8, 0x5C, 0xFF, 0x5C, 0xA8, 0x5C, 0xFF,
    0x5C, 0xA8, 0x5C, 0xFF, 0x5C, 0xA8, 0x5C, 0xFF, 0x5C, 0xA8, 0x5C, 0xFF, 0x5C, 0xA8, 0x5C, 0xFF,
    0x76, 0xC6, 0x80, 0xFF, 0x76, 0xC6, 0x80, 0xFF, 0x76, 0xC6, 0x80, 0xFF, 0x76, 0xC6, 0x80, 0xFF,
    0x76, 0xC6, 0x80, 0xFF, 0x76, 0xC6, 0x80, 0xFF, 0x76, 0xC6, 0x80, 0xFF, 0x5C, 0xA8, 0x5C, 0xFF,
    0x5C, 0xA8, 0x5C, 0xFF, 0x5C, 0xA8, 0x5C, 0xFF, 0x5C, 0xA8, 0x5C, 0xFF, 0x5C, 0xA8, 0x5C, 0xFF,
    0x5C, 0xA8, 0x5C, 0xFF, 0x5C, 0xA8, 0x5C, 0xFF, 0x5C, 0xA8, 0x5C, 0xFF, 0x5C, 0xA8, 0x5C, 0xFF,
    0x5C, 0xA8, 0x5C, 0xFF, 0x5C, 0xA8, 0x5C, 0xFF, 0x5C, 0xA8, 0x5C, 0xFF, 0x5C, 0xA8, 0x5C, 0xFF,
    0x40, 0x82, 0x3E, 0xFF, 0x40, 0x82, 0x3E, 0xFF, 0x00, 0x00, 0x00, 0x00, 0x00, 0x00, 0x00, 0x00,
    0x00, 0x00, 0x00, 0x00, 0x00, 0x00, 0x00, 0x00, 0x00, 0x00, 0x00, 0x00, 0x00, 0x00, 0x00, 0x00,
    0x00, 0x00, 0x00, 0x00, 0x00, 0x00, 0x00, 0x00, 0x00, 0x00, 0x00, 0x00, 0x00, 0x00, 0x00, 0x00,
    0x40, 0x82, 0x3E, 0xFF, 0x40, 0x82, 0x3E, 0xFF, 0x40, 0x82, 0x3E, 0xFF, 0x5C, 0xA8, 0x5C, 0xFF,
    0x5C, 0xA8, 0x5C, 0xFF, 0x5C, 0xA8, 0x5C, 0xFF, 0x5C, 0xA8, 0x5C, 0xFF, 0x5C, 0xA8, 0x5C, 0xFF,
    0x5C, 0xA8, 0x5C, 0xFF, 0x5C, 0xA8, 0x5C, 0xFF, 0x5C, 0xA8, 0x5C, 0xFF, 0x5C, 0xA8, 0x5C, 0xFF,
    0x5C, 0xA8, 0x5C, 0xFF, 0x5C, 0xA8, 0x5C, 0xFF, 0x5C, 0xA8, 0x5C, 0xFF, 0x40, 0x82, 0x3E, 0xFF,
    0x40, 0x82, 0x3E, 0xFF, 0x5C, 0xA8, 0x5C, 0xFF, 0x5C, 0xA8, 0x5C, 0xFF, 0x5C, 0xA8, 0x5C, 0xFF,
    0x5C, 0xA8, 0x5C, 0xFF, 0x5C, 0xA8, 0x5C, 0xFF, 0x5C, 0xA8, 0x5C, 0xFF, 0x5C, 0xA8, 0x5C, 0xFF,
    0x5C, 0xA8, 0x5C, 0xFF, 0x5C, 0xA8, 0x5C, 0xFF, 0x5C, 0xA8, 0x5C, 0xFF, 0x76, 0xC6, 0x80, 0xFF,
    0x76, 0xC6, 0x80, 0xFF, 0x76, 0xC6, 0x80, 0xFF, 0x76, 0xC6, 0x80, 0xFF, 0x76, 0xC6, 0x80, 0xFF,
    0x76, 0xC6, 0x80, 0xFF, 0x76, 0xC6, 0x80, 0xFF, 0x76, 0xC6, 0x80, 0xFF, 0x76, 0xC6, 0x80, 0xFF,
    0x5C, 0xA8, 0x5C, 0xFF, 0x5C, 0xA8, 0x5C, 0xFF, 0x5C, 0xA8, 0x5C, 0xFF, 0x5C, 0xA8, 0x5C, 0xFF,
    0x5C, 0xA8, 0x5C, 0xFF, 0x5C, 0xA8, 0x5C, 0xFF, 0x5C, 0xA8, 0x5C, 0xFF, 0x5C, 0xA8, 0x5C, 0xFF,
    0x5C, 0xA8, 0x5C, 0xFF, 0x5C, 0xA8, 0x5C, 0xFF, 0x5C, 0xA8, 0x5C, 0xFF, 0x5C, 0xA8, 0x5C, 0xFF,
    0x40, 0x82, 0x3E, 0xFF, 0x40, 0x82, 0x3E, 0xFF, 0x00, 0x00, 0x00, 0x00, 0x00, 0x00, 0x00, 0x00,
    0x00, 0x00, 0x00, 0x00, 0x00, 0x00, 0x00, 0x00, 0x00, 0x00, 0x00, 0x00, 0x00, 0x00, 0x00, 0x00,
    0x00, 0x00, 0x00, 0x00, 0x00, 0x00, 0x00, 0x00, 0x00, 0x00, 0x00, 0x00, 0x00, 0x00, 0x00, 0x00,
    0x40, 0x82, 0x3E, 0xFF, 0x40, 0x82, 0x3E, 0xFF, 0x5C, 0xA8, 0x5C, 0xFF, 0x5C, 0xA8, 0x5C, 0xFF,
    0x5C, 0xA8, 0x5C, 0xFF, 0x5C, 0xA8, 0x5C, 0xFF, 0x5C, 0xA8, 0x5C, 0xFF, 0x5C, 0xA8, 0x5C, 0xFF,
    0x5C, 0xA8, 0x5C, 0xFF, 0x5C, 0xA8, 0x5C, 0xFF, 0x5C, 0xA8, 0x5C, 0xFF, 0x5C, 0xA8, 0x5C, 0xFF,
    0x5C, 0xA8, 0x5C, 0xFF, 0x5C, 0xA8, 0x5C, 0xFF, 0x5C, 0xA8, 0x5C, 0xFF, 0x40, 0x82, 0x3E, 0xFF,
    0x40, 0x82, 0x3E, 0xFF, 0x5C, 0xA8, 0x5C, 0xFF, 0x5C, 0xA8, 0x5C, 0xFF, 0x5C, 0xA8, 0x5C, 0xFF,
    0x5C, 0xA8, 0x5C, 0xFF, 0x5C, 0xA8, 0x5C, 0xFF, 0x5C, 0xA8, 0x5C, 0xFF, 0x5C, 0xA8, 0x5C, 0xFF,
    0x5C, 0xA8, 0x5C, 0xFF, 0x5C, 0xA8, 0x5C, 0xFF, 0x76, 0xC6, 0x80, 0xFF, 0x76, 0xC6, 0x80, 0xFF,
    0x76, 0xC6, 0x80, 0xFF, 0x76, 0xC6, 0x80, 0xFF, 0x76, 0xC6, 0x80, 0xFF, 0x76, 0xC6, 0x80, 0xFF,
    0x76, 0xC6, 0x80, 0xFF, 0x76, 0xC6, 0x80, 0xFF, 0x76, 0xC6, 0x80, 0xFF, 0x76, 0xC6, 0x80, 0xFF,
    0x76, 0xC6, 0x80, 0xFF, 0x5C, 0xA8, 0x5C, 0xFF, 0x5C, 0xA8, 0x5C, 0xFF, 0x5C, 0xA8, 0x5C, 0xFF,
    0x5C, 0xA8, 0x5C, 0xFF, 0x5C, 0xA8, 0x5C, 0xFF, 0x5C, 0xA8, 0x5C, 0xFF, 0x5C, 0xA8, 0x5C, 0xFF,
    0x5C, 0xA8, 0x5C, 0xFF, 0x5C, 0xA8, 0x5C, 0xFF, 0x5C, 0xA8, 0x5C, 0xFF, 0x5C, 0xA8, 0x5C, 0xFF,
    0x40, 0x82, 0x3E, 0xFF, 0x40, 0x82, 0x3E, 0xFF, 0x00, 0x00, 0x00, 0x00, 0x00, 0x00, 0x00, 0x00,
    0x00, 0x00, 0x00, 0x00, 0x00, 0x00, 0x00, 0x00, 0x00, 0x00, 0x00, 0x00, 0x00, 0x00, 0x00, 0x00,
    0x00, 0x00, 0x00, 0x00, 0x00, 0x00, 0x00, 0x00, 0x00, 0x00, 0x00, 0x00, 0x40, 0x82, 0x3E, 0xFF,
    0x40, 0x82, 0x3E, 0xFF, 0x5C, 0xA8, 0x5C, 0xFF, 0x5C, 0xA8, 0x5C, 0xFF, 0x5C, 0xA8, 0x5C, 0xFF,
    0x5C, 0xA8, 0x5C, 0xFF, 0x5C, 0xA8, 0x5C, 0xFF, 0x5C, 0xA8, 0x5C, 0xFF, 0x5C, 0xA8, 0x5C, 0xFF,
    0x5C, 0xA8, 0x5C, 0xFF, 0x5C, 0xA8, 0x5C, 0xFF, 0x5C, 0xA8, 0x5C, 0xFF, 0x5C, 0xA8, 0x5C, 0xFF,
    0x5C, 0xA8, 0x5C, 0xFF, 0x5C, 0xA8, 0x5C, 0xFF, 0x5C, 0xA8, 0x5C, 0xFF, 0x40, 0x82, 0x3E, 0xFF,
    0x40, 0x82, 0x3E, 0xFF, 0x5C, 0xA8, 0x5C, 0xFF, 0x5C, 0xA8, 0x5C, 0xFF, 0x5C, 0xA8, 0x5C, 0xFF,
    0x5C, 0xA8, 0x5C, 0xFF, 0x5C, 0xA8, 0x5C, 0xFF, 0x5C, 0xA8, 0x5C, 0xFF, 0x5C, 0xA8, 0x5C, 0xFF,
    0x5C, 0xA8, 0x5C, 0xFF, 0x5C, 0xA8, 0x5C, 0xFF, 0x76, 0xC6, 0x80, 0xFF, 0x76, 0xC6, 0x80, 0xFF,
    0x76, 0xC6, 0x80, 0xFF, 0x76, 0xC6, 0x80, 0xFF, 0x76, 0xC6, 0x80, 0xFF, 0x76, 0xC6, 0x80, 0xFF,
    0x76, 0xC6, 0x80, 0xFF, 0x76, 0xC6, 0x80, 0xFF, 0x76, 0xC6, 0x80, 0xFF, 0x76, 0xC6, 0x80, 0xFF,
    0x76, 0xC6, 0x80, 0xFF, 0x5C, 0xA8, 0x5C, 0xFF, 0x5C, 0xA8, 0x5C, 0xFF, 0x5C, 0xA8, 0x5C, 0xFF,
    0x5C, 0xA8, 0x5C, 0xFF, 0x5C, 0xA8, 0x5C, 0xFF, 0x5C, 0xA8, 0x5C, 0xFF, 0x5C, 0xA8, 0x5C, 0xFF,
    0x5C, 0xA8, 0x5C, 0xFF, 0x5C, 0xA8, 0x5C, 0xFF, 0x5C, 0xA8, 0x5C, 0xFF, 0x5C, 0xA8, 0x5C, 0xFF,
    0x40, 0x82, 0x3E, 0xFF, 0x40, 0x82, 0x3E, 0xFF, 0x00, 0x00, 0x00, 0x00, 0x00, 0x00, 0x00, 0x00,
    0x00, 0x00, 0x00, 0x00, 0x00, 0x00, 0x00, 0x00, 0x00, 0x00, 0x00, 0x00, 0x00, 0x00, 0x00, 0x00,
    0x00, 0x00, 0x00, 0x00, 0x00, 0x00, 0x00, 0x00, 0x40, 0x82, 0x3E, 0xFF, 0x40, 0x82, 0x3E, 0xFF,
    0x5C, 0xA8, 0x5C, 0xFF, 0x5C, 0xA8, 0x5C, 0xFF, 0x5C, 0xA8, 0x5C, 0xFF, 0x5C, 0xA8, 0x5C, 0xFF,
    0x5C, 0xA8, 0x5C, 0xFF, 0x5C, 0xA8, 0x5C, 0xFF, 0x5C, 0xA8, 0x5C, 0xFF, 0x5C, 0xA8, 0x5C, 0xFF,
    0x5C, 0xA8, 0x5C, 0xFF, 0x5C, 0xA8, 0x5C, 0xFF, 0x5C, 0xA8, 0x5C, 0xFF, 0x5C, 0xA8, 0x5C, 0xFF,
    0x5C, 0xA8, 0x5C, 0xFF, 0x5C, 0xA8, 0x5C, 0xFF, 0x40, 0x82, 0x3E, 0xFF, 0x40, 0x82, 0x3E, 0xFF,
    0x5C, 0xA8, 0x5C, 0xFF, 0x5C, 0xA8, 0x5C, 0xFF, 0x5C, 0xA8, 0x5C, 0xFF, 0x5C, 0xA8, 0x5C, 0xFF,
    0x5C, 0xA8, 0x5C, 0xFF, 0x5C, 0xA8, 0x5C, 0xFF, 0x5C, 0xA8, 0x5C, 0xFF, 0x5C, 0xA8, 0x5C, 0xFF,
    0x5C, 0xA8, 0x5C, 0xFF, 0x5C, 0xA8, 0x5C, 0xFF, 0x76, 0xC6, 0x80, 0xFF, 0x76, 0xC6, 0x80, 0xFF,
    0x76, 0xC6, 0x80, 0xFF, 0x76, 0xC6, 0x80, 0xFF, 0x76, 0xC6, 0x80, 0xFF, 0x76, 0xC6, 0x80, 0xFF,
    0x76, 0xC6, 0x80, 0xFF, 0x76, 0xC6, 0x80, 0xFF, 0x76, 0xC6, 0x80, 0xFF, 0x76, 0xC6, 0x80, 0xFF,
    0x76, 0xC6, 0x80, 0xFF, 0x5C, 0xA8, 0x5C, 0xFF, 0x5C, 0xA8, 0x5C, 0xFF, 0x5C, 0xA8, 0x5C, 0xFF,
    0x5C, 0xA8, 0x5C, 0xFF, 0x5C, 0xA8, 0x5C, 0xFF, 0x5C, 0xA8, 0x5C, 0xFF, 0x5C, 0xA8, 0x5C, 0xFF,
    0x5C, 0xA8, 0x5C, 0xFF, 0x5C, 0xA8, 0x5C, 0xFF, 0x5C, 0xA8, 0x5C, 0xFF, 0x5C, 0xA8, 0x5C, 0xFF,
    0x5C, 0xA8, 0x5C, 0xFF, 0x40, 0x82, 0x3E, 0xFF, 0x40, 0x82, 0x3E, 0xFF, 0x00, 0x00, 0x00, 0x00,
    0x00, 0x00, 0x00, 0x00, 0x00, 0x00, 0x00, 0x00, 0x00, 0x00, 0x00, 0x00, 0x00, 0x00, 0x00, 0x00,
    0x00, 0x00, 0x00, 0x00, 0x00, 0x00, 0x00, 0x00, 0x40, 0x82, 0x3E, 0xFF, 0x40, 0x82, 0x3E, 0xFF,
    0x5C, 0xA8, 0x5C, 0xFF, 0x5C, 0xA8, 0x5C, 0xFF, 0x5C, 0xA8, 0x5C, 0xFF, 0x5C, 0xA8, 0x5C, 0xFF,
    0x5C, 0xA8, 0x5C, 0xFF, 0x5C, 0xA8, 0x5C, 0xFF, 0x5C, 0xA8, 0x5C, 0xFF, 0x5C, 0xA8, 0x5C, 0xFF,
    0x5C, 0xA8, 0x5C, 0xFF, 0x5C, 0xA8, 0x5C, 0xFF, 0x5C, 0xA8, 0x5C, 0xFF, 0x5C, 0xA8, 0x5C, 0xFF,
    0x5C, 0xA8, 0x5C, 0xFF, 0x5C, 0xA8, 0x5C, 0xFF, 0x40, 0x82, 0x3E, 0xFF, 0x40, 0x82, 0x3E, 0xFF,
    0x5C, 0xA8, 0x5C, 0xFF, 0x5C, 0xA8, 0x5C, 0xFF, 0x5C, 0xA8, 0x5C, 0xFF, 0x5C, 0xA8, 0x5C, 0xFF,
    0x5C, 0xA8, 0x5C, 0xFF, 0x5C, 0xA8, 0x5C, 0xFF, 0x5C, 0xA8, 0x5C, 0xFF, 0x5C, 0xA8, 0x5C, 0xFF,
    0x5C, 0xA8, 0x5C, 0xFF, 0x5C, 0xA8, 0x5C, 0xFF, 0x76, 0xC6, 0x80, 0xFF, 0x76, 0xC6, 0x80, 0xFF,
    0x76, 0xC6, 0x80, 0xFF, 0x76, 0xC6, 0x80, 0xFF, 0x76, 0xC6, 0x80, 0xFF, 0x76, 0xC6, 0x80, 0xFF,
    0x76, 0xC6, 0x80, 0xFF, 0x76, 0xC6, 0x80, 0xFF, 0x76, 0xC6, 0x80, 0xFF, 0x76, 0xC6, 0x80, 0xFF,
    0x76, 0xC6, 0x80, 0xFF, 0x5C, 0xA8, 0x5C, 0xFF, 0x5C, 0xA8, 0x5C, 0xFF, 0x5C, 0xA8, 0x5C, 0xFF,
    0x5C, 0xA8, 0x5C, 0xFF, 0x5C, 0xA8, 0x5C, 0xFF, 0x5C, 0xA8, 0x5C, 0xFF, 0x5C, 0xA8, 0x5C, 0xFF,
    0x5C, 0xA8, 0x5C, 0xFF, 0x5C, 0xA8, 0x5C, 0xFF, 0x5C, 0xA8, 0x5C, 0xFF, 0x5C, 0xA8, 0x5C, 0xFF,
    0x5C, 0xA8, 0x5C, 0xFF, 0x40, 0x82, 0x3E, 0xFF, 0x40, 0x82, 0x3E, 0xFF, 0x00, 0x00, 0x00, 0x00,
    0x00, 0x00, 0x00, 0x00, 0x00, 0x00, 0x00, 0x00, 0x00, 0x00, 0x00, 0x00, 0x00, 0x00, 0x00, 0x00,
    0x00, 0x00, 0x00, 0x00, 0x40, 0x82, 0x3E, 0xFF, 0x40, 0x82, 0x3E, 0xFF, 0x5C, 0xA8, 0x5C, 0xFF,
    0x5C, 0xA8, 0x5C, 0xFF, 0x5C, 0xA8, 0x5C, 0xFF, 0x5C, 0xA8, 0x5C, 0xFF, 0x5C, 0xA8, 0x5C, 0xFF,
    0x5C, 0xA8, 0x5C, 0xFF, 0x5C, 0xA8, 0x5C, 0xFF, 0x5C, 0xA8, 0x5C, 0xFF, 0x5C, 0xA8, 0x5C, 0xFF,
    0x5C, 0xA8, 0x5C, 0xFF, 0x5C, 0xA8, 0x5C, 0xFF, 0x5C, 0xA8, 0x5C, 0xFF, 0x5C, 0xA8, 0x5C, 0xFF,
    0x5C, 0xA8, 0x5C, 0xFF, 0x5C, 0xA8, 0x5C, 0xFF, 0x40, 0x82, 0x3E, 0xFF, 0x40, 0x82, 0x3E, 0xFF,
    0x5C, 0xA8, 0x5C, 0xFF, 0x5C, 0xA8, 0x5C, 0xFF, 0x5C, 0xA8, 0x5C, 0xFF, 0x5C, 0xA8, 0x5C, 0xFF,
    0x5C, 0xA8, 0x5C, 0xFF, 0x5C, 0xA8, 0x5C, 0xFF, 0x5C, 0xA8, 0x5C, 0xFF, 0x5C, 0xA8, 0x5C, 0xFF,
    0x5C, 0xA8, 0x5C, 0xFF, 0x5C, 0xA8, 0x5C, 0xFF, 0x76, 0xC6, 0x80, 0xFF, 0x76, 0xC6, 0x80, 0xFF,
    0x76, 0xC6, 0x80, 0xFF, 0x76, 0xC6, 0x80, 0xFF, 0x76, 0xC6, 0x80, 0xFF, 0x76, 0xC6, 0x80, 0xFF,
    0x76, 0xC6, 0x80, 0xFF, 0x76, 0xC6, 0x80, 0xFF, 0x76, 0xC6, 0x80, 0xFF, 0x76, 0xC6, 0x80, 0xFF,
    0x76, 0xC6, 0x80, 0xFF, 0x5C, 0xA8, 0x5C, 0xFF, 0x5C, 0xA8, 0x5C, 0xFF, 0x5C, 0xA8, 0x5C, 0xFF,
    0x5C, 0xA8, 0x5C, 0xFF, 0x5C, 0xA8, 0x5C, 0xFF, 0x5C, 0xA8, 0x5C, 0xFF, 0x5C, 0xA8, 0x5C, 0xFF,
    0x5C, 0xA8, 0x5C, 0xFF, 0x5C, 0xA8, 0x5C, 0xFF, 0x5C, 0xA8, 0x5C, 0xFF, 0x5C, 0xA8, 0x5C, 0xFF,
    0x5C, 0xA8, 0x5C, 0xFF, 0x40, 0x82, 0x3E, 0xFF, 0x40, 0x82, 0x3E, 0xFF, 0x00, 0x00, 0x00, 0x00,
    0x00, 0x00, 0x00, 0x00, 0x00, 0x00, 0x00, 0x00, 0x00, 0x00, 0x00, 0x00, 0x00, 0x00, 0x00, 0x00,
    0x00, 0x00, 0x00, 0x00, 0x40, 0x82, 0x3E, 0xFF, 0x40, 0x82, 0x3E, 0xFF, 0x5C, 0xA8, 0x5C, 0xFF,
    0x5C, 0xA8, 0x5C, 0xFF, 0x5C, 0xA8, 0x5C, 0xFF, 0x5C, 0xA8, 0x5C, 0xFF, 0x5C, 0xA8, 0x5C, 0xFF,
    0x5C, 0xA8, 0x5C, 0xFF, 0x5C, 0xA8, 0x5C, 0xFF, 0x5C, 0xA8, 0x5C, 0xFF, 0x5C, 0xA8, 0x5C, 0xFF,
    0x5C, 0xA8, 0x5C, 0xFF, 0x5C, 0xA8, 0x5C, 0xFF, 0x5C, 0xA8, 0x5C, 0xFF, 0x5C, 0xA8, 0x5C, 0xFF,
    0x5C, 0xA8, 0x5C, 0xFF, 0x5C, 0xA8, 0x5C, 0xFF, 0x40, 0x82, 0x3E, 0xFF, 0x40, 0x82, 0x3E, 0xFF,
    0x5C, 0xA8, 0x5C, 0xFF, 0x5C, 0xA8, 0x5C, 0xFF, 0x5C, 0xA8, 0x5C, 0xFF, 0x5C, 0xA8, 0x5C, 0xFF,
    0x5C, 0xA8, 0x5C, 0xFF, 0x5C, 0xA8, 0x5C, 0xFF, 0x5C, 0xA8, 0x5C, 0xFF, 0x5C, 0xA8, 0x5C, 0xFF,
    0x5C, 0xA8, 0x5C, 0xFF, 0x5C, 0xA8, 0x5C, 0xFF, 0x5C, 0xA8, 0x5C, 0xFF, 0x76, 0xC6, 0x80, 0xFF,
    0x76, 0xC6, 0x80, 0xFF, 0x76, 0xC6, 0x80, 0xFF, 0x76, 0xC6, 0x80, 0xFF, 0x76, 0xC6, 0x80, 0xFF,
    0x76, 0xC6, 0x80, 0xFF, 0x76, 0xC6, 0x80, 0xFF, 0x76, 0xC6, 0x80, 0xFF, 0x76, 0xC6, 0x80, 0xFF,
    0x5C, 0xA8, 0x5C, 0xFF, 0x5C, 0xA8, 0x5C, 0xFF, 0x5C, 0xA8, 0x5C, 0xFF, 0x5C, 0xA8, 0x5C, 0xFF,
    0x5C, 0xA8, 0x5C, 0xFF, 0x5C, 0xA8, 0x5C, 0xFF, 0x5C, 0xA8, 0x5C, 0xFF, 0x5C, 0xA8, 0x5C, 0xFF,
    0x5C, 0xA8, 0x5C, 0xFF, 0x5C, 0xA8, 0x5C, 0xFF, 0x5C, 0xA8, 0x5C, 0xFF, 0x5C, 0xA8, 0x5C, 0xFF,
    0x5C, 0xA8, 0x5C, 0xFF, 0x40, 0x82, 0x3E, 0xFF, 0x40, 0x82, 0x3E, 0xFF, 0x00, 0x00, 0x00, 0x00,
    0x00, 0x00, 0x00, 0x00, 0x00, 0x00, 0x00, 0x00, 0x00, 0x00, 0x00, 0x00, 0x00, 0x00, 0x00, 0x00,
    0x40, 0x82, 0x3E, 0xFF, 0x40, 0x82, 0x3E, 0xFF, 0x5C, 0xA8, 0x5C, 0xFF, 0x5C, 0xA8, 0x5C, 0xFF,
    0x5C, 0xA8, 0x5C, 0xFF, 0x5C, 0xA8, 0x5C, 0xFF, 0x5C, 0xA8, 0x5C, 0xFF, 0x5C, 0xA8, 0x5C, 0xFF,
    0x5C, 0xA8, 0x5C, 0xFF, 0x5C, 0xA8, 0x5C, 0xFF, 0x5C, 0xA8, 0x5C, 0xFF, 0x5C, 0xA8, 0x5C, 0xFF,
    0x5C, 0xA8, 0x5C, 0xFF, 0x5C, 0xA8, 0x5C, 0xFF, 0x5C, 0xA8, 0x5C, 0xFF, 0x5C, 0xA8, 0x5C, 0xFF,
    0x5C, 0xA8, 0x5C, 0xFF, 0x5C, 0xA8, 0x5C, 0xFF, 0x40, 0x82, 0x3E, 0xFF, 0x40, 0x82, 0x3E, 0xFF,
    0x5C, 0xA8, 0x5C, 0xFF, 0x5C, 0xA8, 0x5C, 0xFF, 0x5C, 0xA8, 0x5C, 0xFF, 0x5C, 0xA8, 0x5C, 0xFF,
    0x5C, 0xA8, 0x5C, 0xFF, 0x5C, 0xA8, 0x5C, 0xFF, 0x5C, 0xA8, 0x5C, 0xFF, 0x5C, 0xA8, 0x5C, 0xFF,
    0x5C, 0xA8, 0x5C, 0xFF, 0x5C, 0xA8, 0x5C, 0xFF, 0x5C, 0xA8, 0x5C, 0xFF, 0x5C, 0xA8, 0x5C, 0xFF,
    0x76, 0xC6, 0x80, 0xFF, 0x76, 0xC6, 0x80, 0xFF, 0x76, 0xC6, 0x80, 0xFF, 0x76, 0xC6, 0x80, 0xFF,
    0x76, 0xC6, 0x80, 0xFF, 0x76, 0xC6, 0x80, 0xFF, 0x76, 0xC6, 0x80, 0xFF, 0x5C, 0xA8, 0x5C, 0xFF,
    0x5C, 0xA8, 0x5C, 0xFF, 0x5C, 0xA8, 0x5C, 0xFF, 0x5C, 0xA8, 0x5C, 0xFF, 0x5C, 0xA8, 0x5C, 0xFF,
    0x5C, 0xA8, 0x5C, 0xFF, 0x5C, 0xA8, 0x5C, 0xFF, 0x5C, 0xA8, 0x5C, 0xFF, 0x5C, 0xA8, 0x5C, 0xFF,
    0x5C, 0xA8, 0x5C, 0xFF, 0x5C, 0xA8, 0x5C, 0xFF, 0x5C, 0xA8, 0x5C, 0xFF, 0x5C, 0xA8, 0x5C, 0xFF,
    0x5C, 0xA8, 0x5C, 0xFF, 0x40, 0x82, 0x3E, 0xFF, 0x40, 0x82, 0x3E, 0xFF, 0x00, 0x00, 0x00, 0x00,
    0x00, 0x00, 0x00, 0x00, 0x00, 0x00, 0x00, 0x00, 0x00, 0x00, 0x00, 0x00, 0x00, 0x00, 0x00, 0x00,
    0x40, 0x82, 0x3E, 0xFF, 0x40, 0x82, 0x3E, 0xFF, 0x5C, 0xA8, 0x5C, 0xFF, 0x5C, 0xA8, 0x5C, 0xFF,
    0x5C, 0xA8, 0x5C, 0xFF, 0x5C, 0xA8, 0x5C, 0xFF, 0x5C, 0xA8, 0x5C, 0xFF, 0x5C, 0xA8, 0x5C, 0xFF,
    0x5C, 0xA8, 0x5C, 0xFF, 0x5C, 0xA8, 0x5C, 0xFF, 0x5C, 0xA8, 0x5C, 0xFF, 0x76, 0xC6, 0x80, 0xFF,
    0x76, 0xC6, 0x80, 0xFF, 0x76, 0xC6, 0x80, 0xFF, 0x76, 0xC6, 0x80, 0xFF, 0x76, 0xC6, 0x80, 0xFF,
    0x5C, 0xA8, 0x5C, 0xFF, 0x5C, 0xA8, 0x5C, 0xFF, 0x40, 0x82, 0x3E, 0xFF, 0x40, 0x82, 0x3E, 0xFF,
    0x5C, 0xA8, 0x5C, 0xFF, 0x5C, 0xA8, 0x5C, 0xFF, 0x5C, 0xA8, 0x5C, 0xFF, 0x5C, 0xA8, 0x5C, 0xFF,
    0x5C, 0xA8, 0x5C, 0xFF, 0x5C, 0xA8, 0x5C, 0xFF, 0x5C, 0xA8, 0x5C, 0xFF, 0x5C, 0xA8, 0x5C, 0xFF,
    0x5C, 0xA8, 0x5C, 0xFF, 0x5C, 0xA8, 0x5C, 0xFF, 0x5C, 0xA8, 0x5C, 0xFF, 0x5C, 0xA8, 0x5C, 0xFF,
    0x5C, 0xA8, 0x5C, 0xFF, 0x76, 0xC6, 0x80, 0xFF, 0x76, 0xC6, 0x80, 0xFF, 0x76, 0xC6, 0x80, 0xFF,
    0x76, 0xC6, 0x80, 0xFF, 0x76, 0xC6, 0x80, 0xFF, 0x5C, 0xA8, 0x5C, 0xFF, 0x5C, 0xA8, 0x5C, 0xFF,
    0x5C, 0xA8, 0x5C, 0xFF, 0x5C, 0xA8, 0x5C, 0xFF, 0x5C, 0xA8, 0x5C, 0xFF, 0x5C, 0xA8, 0x5C, 0xFF,
    0x5C, 0xA8, 0x5C, 0xFF, 0x5C, 0xA8, 0x5C, 0xFF, 0x5C, 0xA8, 0x5C, 0xFF, 0x5C, 0xA8, 0x5C, 0xFF,
    0x5C, 0xA8, 0x5C, 0xFF, 0x5C, 0xA8, 0x5C, 0xFF, 0x5C, 0xA8, 0x5C, 0xFF, 0x5C, 0xA8, 0x5C, 0xFF,
    0x5C, 0xA8, 0x5C, 0xFF, 0x40, 0x82, 0x3E, 0xFF, 0x40, 0x82, 0x3E, 0xFF, 0x00, 0x00, 0x00, 0x00,
    0x00, 0x00, 0x00, 0x00, 0x00, 0x00, 0x00, 0x00, 0x00, 0x00, 0x00, 0x00, 0x00, 0x00, 0x00, 0x00,
    0x40, 0x82, 0x3E, 0xFF, 0x40, 0x82, 0x3E, 0xFF, 0x5C, 0xA8, 0x5C, 0xFF, 0x5C, 0xA8, 0x5C, 0xFF,
    0x5C, 0xA8, 0x5C, 0xFF, 0x5C, 0xA8, 0x5C, 0xFF, 0x5C, 0xA8, 0x5C, 0xFF, 0x5C, 0xA8, 0x5C, 0xFF,
    0x5C, 0xA8, 0x5C, 0xFF, 0x5C, 0xA8, 0x5C, 0xFF, 0x76, 0xC6, 0x80, 0xFF, 0x76, 0xC6, 0x80, 0xFF,
    0x76, 0xC6, 0x80, 0xFF, 0x76, 0xC6, 0x80, 0xFF, 0x76, 0xC6, 0x80, 0xFF, 0x76, 0xC6, 0x80, 0xFF,
    0x76, 0xC6, 0x80, 0xFF, 0x5C, 0xA8, 0x5C, 0xFF, 0x40, 0x82, 0x3E, 0xFF, 0x40, 0x82, 0x3E, 0xFF,
    0x5C, 0xA8, 0x5C, 0xFF, 0x5C, 0xA8, 0x5C, 0xFF, 0x5C, 0xA8, 0x5C, 0xFF, 0x5C, 0xA8, 0x5C, 0xFF,
    0x5C, 0xA8, 0x5C, 0xFF, 0x5C, 0xA8, 0x5C, 0xFF, 0x5C, 0xA8, 0x5C, 0xFF, 0x5C, 0xA8, 0x5C, 0xFF,
    0x5C, 0xA8, 0x5C, 0xFF, 0x5C, 0xA8, 0x5C, 0xFF, 0x5C, 0xA8, 0x5C, 0xFF, 0x5C, 0xA8, 0x5C, 0xFF,
    0x5C, 0xA8, 0x5C, 0xFF, 0x5C, 0xA8, 0x5C, 0xFF, 0x5C, 0xA8, 0x5C, 0xFF, 0x5C, 0xA8, 0x5C, 0xFF,
    0x5C, 0xA8, 0x5C, 0xFF, 0x5C, 0xA8, 0x5C, 0xFF, 0x5C, 0xA8, 0x5C, 0xFF, 0x5C, 0xA8, 0x5C, 0xFF,
    0x5C, 0xA8, 0x5C, 0xFF, 0x5C, 0xA8, 0x5C, 0xFF, 0x5C, 0xA8, 0x5C, 0xFF, 0x5C, 0xA8, 0x5C, 0xFF,
    0x5C, 0xA8, 0x5C, 0xFF, 0x5C, 0xA8, 0x5C, 0xFF, 0x5C, 0xA8, 0x5C, 0xFF, 0x5C, 0xA8, 0x5C, 0xFF,
    0x5C, 0xA8, 0x5C, 0xFF, 0x5C, 0xA8, 0x5C, 0xFF, 0x5C, 0xA8, 0x5C, 0xFF, 0x5C, 0xA8, 0x5C, 0xFF,
    0x5C, 0xA8, 0x5C, 0xFF, 0x40, 0x82, 0x3E, 0xFF, 0x40, 0x82, 0x3E, 0xFF, 0x00, 0x00, 0x00, 0x00,
    0x00, 0x00, 0x00, 0x00, 0x00, 0x00, 0x00, 0x00, 0x00, 0x00, 0x00, 0x00, 0x40, 0x82, 0x3E, 0xFF,
    0x40, 0x82, 0x3E, 0xFF, 0x5C, 0xA8, 0x5C, 0xFF, 0x5C, 0xA8, 0x5C, 0xFF, 0x5C, 0xA8, 0x5C, 0xFF,
    0x5C, 0xA8, 0x5C, 0xFF, 0x5C, 0xA8, 0x5C, 0xFF, 0x5C, 0xA8, 0x5C, 0xFF, 0x5C, 0xA8, 0x5C, 0xFF,
    0x5C, 0xA8, 0x5C, 0xFF, 0x76, 0xC6, 0x80, 0xFF, 0x76, 0xC6, 0x80, 0xFF, 0x76, 0xC6, 0x80, 0xFF,
    0x76, 0xC6, 0x80, 0xFF, 0x76, 0xC6, 0x80, 0xFF, 0x76, 0xC6, 0x80, 0xFF, 0x76, 0xC6, 0x80, 0xFF,
    0x76, 0xC6, 0x80, 0xFF, 0x76, 0xC6, 0x80, 0xFF, 0x40, 0x82, 0x3E, 0xFF, 0x40, 0x82, 0x3E, 0xFF,
    0x5C, 0xA8, 0x5C, 0xFF, 0x5C, 0xA8, 0x5C, 0xFF, 0x5C, 0xA8, 0x5C, 0xFF, 0x5C, 0xA8, 0x5C, 0xFF,
    0x5C, 0xA8, 0x5C, 0xFF, 0x5C, 0xA8, 0x5C, 0xFF, 0x5C, 0xA8, 0x5C, 0xFF, 0x5C, 0xA8, 0x5C, 0xFF,
    0x5C, 0xA8, 0x5C, 0xFF, 0x5C, 0xA8, 0x5C, 0xFF, 0x5C, 0xA8, 0x5C, 0xFF, 0x5C, 0xA8, 0x5C, 0xFF,
    0x5C, 0xA8, 0x5C, 0xFF, 0x5C, 0xA8, 0x5C, 0xFF, 0x5C, 0xA8, 0x5C, 0xFF, 0x5C, 0xA8, 0x5C, 0xFF,
    0x5C, 0xA8, 0x5C, 0xFF, 0x5C, 0xA8, 0x5C, 0xFF, 0x5C, 0xA8, 0x5C, 0xFF, 0x5C, 0xA8, 0x5C, 0xFF,
    0x5C, 0xA8, 0x5C, 0xFF, 0x5C, 0xA8, 0x5C, 0xFF, 0x5C, 0xA8, 0x5C, 0xFF, 0x5C, 0xA8, 0x5C, 0xFF,
    0x5C, 0xA8, 0x5C, 0xFF, 0x5C, 0xA8, 0x5C, 0xFF, 0x5C, 0xA8, 0x5C, 0xFF, 0x5C, 0xA8, 0x5C, 0xFF,
    0x5C, 0xA8, 0x5C, 0xFF, 0x5C, 0xA8, 0x5C, 0xFF, 0x5C, 0xA8, 0x5C, 0xFF, 0x5C, 0xA8, 0x5C, 0xFF,
    0x5C, 0xA8, 0x5C, 0xFF, 0x40, 0x82, 0x3E, 0xFF, 0x40, 0x82, 0x3E, 0xFF, 0x00, 0x00, 0x00, 0x00,
    0x00, 0x00, 0x00, 0x00, 0x00, 0x00, 0x00, 0x00, 0x00, 0x00, 0x00, 0x00, 0x40, 0x82, 0x3E, 0xFF,
    0x40, 0x82, 0x3E, 0xFF, 0x5C, 0xA8, 0x5C, 0xFF, 0x5C, 0xA8, 0x5C, 0xFF, 0x5C, 0xA8, 0x5C, 0xFF,
    0x5C, 0xA8, 0x5C, 0xFF, 0x5C, 0xA8, 0x5C, 0xFF, 0x5C, 0xA8, 0x5C, 0xFF, 0x5C, 0xA8, 0x5C, 0xFF,
    0x76, 0xC6, 0x80, 0xFF, 0x76, 0xC6, 0x80, 0xFF, 0x76, 0xC6, 0x80, 0xFF, 0x76, 0xC6, 0x80, 0xFF,
    0x76, 0xC6, 0x80, 0xFF, 0x76, 0xC6, 0x80, 0xFF, 0x76, 0xC6, 0x80, 0xFF, 0x76, 0xC6, 0x80, 0xFF,
    0x76, 0xC6, 0x80, 0xFF, 0x76, 0xC6, 0x80, 0xFF, 0x76, 0xC6, 0x80, 0xFF, 0x40, 0x82, 0x3E, 0xFF,
    0x5C, 0xA8, 0x5C, 0xFF, 0x5C, 0xA8, 0x5C, 0xFF, 0x5C, 0xA8, 0x5C, 0xFF, 0x5C, 0xA8, 0x5C, 0xFF,
    0x5C, 0xA8, 0x5C, 0xFF, 0x5C, 0xA8, 0x5C, 0xFF, 0x5C, 0xA8, 0x5C, 0xFF, 0x5C, 0xA8, 0x5C, 0xFF,
    0x5C, 0xA8, 0x5C, 0xFF, 0x5C, 0xA8, 0x5C, 0xFF, 0x5C, 0xA8, 0x5C, 0xFF, 0x5C, 0xA8, 0x5C, 0xFF,
    0x5C, 0xA8, 0x5C, 0xFF, 0x5C, 0xA8, 0x5C, 0xFF, 0x5C, 0xA8, 0x5C, 0xFF, 0x5C, 0xA8, 0x5C, 0xFF,
    0x5C, 0xA8, 0x5C, 0xFF, 0x5C, 0xA8, 0x5C, 0xFF, 0x5C, 0xA8, 0x5C, 0xFF, 0x5C, 0xA8, 0x5C, 0xFF,
    0x5C, 0xA8, 0x5C, 0xFF, 0x5C, 0xA8, 0x5C, 0xFF, 0x5C, 0xA8, 0x5C, 0xFF, 0x5C, 0xA8, 0x5C, 0xFF,
    0x5C, 0xA8, 0x5C, 0xFF, 0x5C, 0xA8, 0x5C, 0xFF, 0x5C, 0xA8, 0x5C, 0xFF, 0x5C, 0xA8, 0x5C, 0xFF,
    0x5C, 0xA8, 0x5C, 0xFF, 0x5C, 0xA8, 0x5C, 0xFF, 0x5C, 0xA8, 0x5C, 0xFF, 0x5C, 0xA8, 0x5C, 0xFF,
    0x5C, 0xA8, 0x5C, 0xFF, 0x40, 0x82, 0x3E, 0xFF, 0x40, 0x82, 0x3E, 0xFF, 0x00, 0x00, 0x00, 0x00,
    0x00, 0x00, 0x00, 0x00, 0x00, 0x00, 0x00, 0x00, 0x00, 0x00, 0x00, 0x00, 0x40, 0x82, 0x3E, 0xFF,
    0x40, 0x82, 0x3E, 0xFF, 0x5C, 0xA8, 0x5C, 0xFF, 0x5C, 0xA8, 0x5C, 0xFF, 0x5C, 0xA8, 0x5C, 0xFF,
    0x5C, 0xA8, 0x5C, 0xFF, 0x5C, 0xA8, 0x5C, 0xFF, 0x5C, 0xA8, 0x5C, 0xFF, 0x5C, 0xA8, 0x5C, 0xFF,
    0x76, 0xC6, 0x80, 0xFF, 0x76, 0xC6, 0x80, 0xFF, 0x76, 0xC6, 0x80, 0xFF, 0x76, 0xC6, 0x80, 0xFF,
    0x76, 0xC6, 0x80, 0xFF, 0x76, 0xC6, 0x80, 0xFF, 0x76, 0xC6, 0x80, 0xFF, 0x76, 0xC6, 0x80, 0xFF,
    0x76, 0xC6, 0x80, 0xFF, 0x76, 0xC6, 0x80, 0xFF, 0x76, 0xC6, 0x80, 0xFF, 0x40, 0x82, 0x3E, 0xFF,
    0x5C, 0xA8, 0x5C, 0xFF, 0x5C, 0xA8, 0x5C, 0xFF, 0x5C, 0xA8, 0x5C, 0xFF, 0x5C, 0xA8, 0x5C, 0xFF,
    0x5C, 0xA8, 0x5C, 0xFF, 0x5C, 0xA8, 0x5C, 0xFF, 0x5C, 0xA8, 0x5C, 0xFF, 0x5C, 0xA8, 0x5C, 0xFF,
    0x5C, 0xA8, 0x5C, 0xFF, 0x5C, 0xA8, 0x5C, 0xFF, 0x5C, 0xA8, 0x5C, 0xFF, 0x5C, 0xA8, 0x5C, 0xFF,
    0x5C, 0xA8, 0x5C, 0xFF, 0x5C, 0xA8, 0x5C, 0xFF, 0x5C, 0xA8, 0x5C, 0xFF, 0x5C, 0xA8, 0x5C, 0xFF,
    0x5C, 0xA8, 0x5C, 0xFF, 0x5C, 0xA8, 0x5C, 0xFF, 0x5C, 0xA8, 0x5C, 0xFF, 0x5C, 0xA8, 0x5C, 0xFF,
    0x5C, 0xA8, 0x5C, 0xFF, 0x5C, 0xA8, 0x5C, 0xFF, 0x5C, 0xA8, 0x5C, 0xFF, 0x5C, 0xA8, 0x5C, 0xFF,
    0x5C, 0xA8, 0x5C, 0xFF, 0x5C, 0xA8, 0x5C, 0xFF, 0x5C, 0xA8, 0x5C, 0xFF, 0x5C, 0xA8, 0x5C, 0xFF,
    0x5C, 0xA8, 0x5C, 0xFF, 0x5C, 0xA8, 0x5C, 0xFF, 0x5C, 0xA8, 0x5C, 0xFF, 0x5C, 0xA8, 0x5C, 0xFF,
    0x5C, 0xA8, 0x5C, 0xFF, 0x40, 0x82, 0x3E, 0xFF, 0x40, 0x82, 0x3E, 0xFF, 0x00, 0x00, 0x00, 0x00,
    0x00, 0x00, 0x00, 0x00, 0x00, 0x00, 0x00, 0x00, 0x00, 0x00, 0x00, 0x00, 0x40, 0x82, 0x3E, 0xFF,
    0x40, 0x82, 0x3E, 0xFF, 0x5C, 0xA8, 0x5C, 0xFF, 0x5C, 0xA8, 0x5C, 0xFF, 0x5C, 0xA8, 0x5C, 0xFF,
    0x5C, 0xA8, 0x5C, 0xFF, 0x5C, 0xA8, 0x5C, 0xFF, 0x5C, 0xA8, 0x5C, 0xFF, 0x5C, 0xA8, 0x5C, 0xFF,
    0x76, 0xC6, 0x80, 0xFF, 0x76, 0xC6, 0x80, 0xFF, 0x76, 0xC6, 0x80, 0xFF, 0x76, 0xC6, 0x80, 0xFF,
    0x76, 0xC6, 0x80, 0xFF, 0x76, 0xC6, 0x80, 0xFF, 0x76, 0xC6, 0x80, 0xFF, 0x76, 0xC6, 0x80, 0xFF,
    0x76, 0xC6, 0x80, 0xFF, 0x76, 0xC6, 0x80, 0xFF, 0x76, 0xC6, 0x80, 0xFF, 0x40, 0x82, 0x3E, 0xFF,
    0x5C, 0xA8, 0x5C, 0xFF, 0x5C, 0xA8, 0x5C, 0xFF, 0x5C, 0xA8, 0x5C, 0xFF, 0x5C, 0xA8, 0x5C, 0xFF,
    0x5C, 0xA8, 0x5C, 0xFF, 0x5C, 0xA8, 0x5C, 0xFF, 0x5C, 0xA8, 0x5C, 0xFF, 0x5C, 0xA8, 0x5C, 0xFF,
    0x5C, 0xA8, 0x5C, 0xFF, 0x5C, 0xA8, 0x5C, 0xFF, 0x5C, 0xA8, 0x5C, 0xFF, 0x5C, 0xA8, 0x5C, 0xFF,
    0x5C, 0xA8, 0x5C, 0xFF, 0x5C, 0xA8, 0x5C, 0xFF, 0x5C, 0xA8, 0x5C, 0xFF, 0x5C, 0xA8, 0x5C, 0xFF,
    0x5C, 0xA8, 0x5C, 0xFF, 0x5C, 0xA8, 0x5C, 0xFF, 0x5C, 0xA8, 0x5C, 0xFF, 0x5C, 0xA8, 0x5C, 0xFF,
    0x5C, 0xA8, 0x5C, 0xFF, 0x5C, 0xA8, 0x5C, 0xFF, 0x5C, 0xA8, 0x5C, 0xFF, 0x5C, 0xA8, 0x5C, 0xFF,
    0x5C, 0xA8, 0x5C, 0xFF, 0x5C, 0xA8, 0x5C, 0xFF, 0x5C, 0xA8, 0x5C, 0xFF, 0x5C, 0xA8, 0x5C, 0xFF,
    0x5C, 0xA8, 0x5C, 0xFF, 0x5C, 0xA8, 0x5C, 0xFF, 0x5C, 0xA8, 0x5C, 0xFF, 0x5C, 0xA8, 0x5C, 0xFF,
    0x5C, 0xA8, 0x5C, 0xFF, 0x40, 0x82, 0x3E, 0xFF, 0x40, 0x82, 0x3E, 0xFF, 0x00, 0x00, 0x00, 0x00,
    0x00, 0x00, 0x00, 0x00, 0x00, 0x00, 0x00, 0x00, 0x40, 0x82, 0x3E, 0xFF, 0x40, 0x82, 0x3E, 0xFF,
    0x5C, 0xA8, 0x5C, 0xFF, 0x5C, 0xA8, 0x5C, 0xFF, 0x5C, 0xA8, 0x5C, 0xFF, 0x5C, 0xA8, 0x5C, 0xFF,
    0x5C, 0xA8, 0x5C, 0xFF, 0x5C, 0xA8, 0x5C, 0xFF, 0x5C, 0xA8, 0x5C, 0xFF, 0x5C, 0xA8, 0x5C, 0xFF,
    0x76, 0xC6, 0x80, 0xFF, 0x76, 0xC6, 0x80, 0xFF, 0x76, 0xC6, 0x80, 0xFF, 0x76, 0xC6, 0x80, 0xFF,
    0x76, 0xC6, 0x80, 0xFF, 0x76, 0xC6, 0x80, 0xFF, 0x76, 0xC6, 0x80, 0xFF, 0x76, 0xC6, 0x80, 0xFF,
    0x76, 0xC6, 0x80, 0xFF, 0x76, 0xC6, 0x80, 0xFF, 0x76, 0xC6, 0x80, 0xFF, 0x40, 0x82, 0x3E, 0xFF,
    0x5C, 0xA8, 0x5C, 0xFF, 0x5C, 0xA8, 0x5C, 0xFF, 0x5C, 0xA8, 0x5C, 0xFF, 0x5C, 0xA8, 0x5C, 0xFF,
    0x5C, 0xA8, 0x5C, 0xFF, 0x5C, 0xA8, 0x5C, 0xFF, 0x5C, 0xA8, 0x5C, 0xFF, 0x5C, 0xA8, 0x5C, 0xFF,
    0x5C, 0xA8, 0x5C, 0xFF, 0x5C, 0xA8, 0x5C, 0xFF, 0x5C, 0xA8, 0x5C, 0xFF, 0x5C, 0xA8, 0x5C, 0xFF,
    0x5C, 0xA8, 0x5C, 0xFF, 0x5C, 0xA8, 0x5C, 0xFF, 0x5C, 0xA8, 0x5C, 0xFF, 0x5C, 0xA8, 0x5C, 0xFF,
    0x5C, 0xA8, 0x5C, 0xFF, 0x5C, 0xA8, 0x5C, 0xFF, 0x5C, 0xA8, 0x5C, 0xFF, 0x5C, 0xA8, 0x5C, 0xFF,
    0x5C, 0xA8, 0x5C, 0xFF, 0x5C, 0xA8, 0x5C, 0xFF, 0x5C, 0xA8, 0x5C, 0xFF, 0x5C, 0xA8, 0x5C, 0xFF,
    0x5C, 0xA8, 0x5C, 0xFF, 0x5C, 0xA8, 0x5C, 0xFF, 0x5C, 0xA8, 0x5C, 0xFF, 0x5C, 0xA8, 0x5C, 0xFF,
    0x5C, 0xA8, 0x5C, 0xFF, 0x5C, 0xA8, 0x5C, 0xFF, 0x5C, 0xA8, 0x5C, 0xFF, 0x5C, 0xA8, 0x5C, 0xFF,
    0x5C, 0xA8, 0x5C, 0xFF, 0x40, 0x82, 0x3E, 0xFF, 0x40, 0x82, 0x3E, 0xFF, 0x00, 0x00, 0x00, 0x00,
    0x00, 0x00, 0x00, 0x00, 0x00, 0x00, 0x00, 0x00, 0x40, 0x82, 0x3E, 0xFF, 0x40, 0x82, 0x3E, 0xFF,
    0x5C, 0xA8, 0x5C, 0xFF, 0x5C, 0xA8, 0x5C, 0xFF, 0x5C, 0xA8, 0x5C, 0xFF, 0x5C, 0xA8, 0x5C, 0xFF,
    0x5C, 0xA8, 0x5C, 0xFF, 0x5C, 0xA8, 0x5C, 0xFF, 0x5C, 0xA8, 0x5C, 0xFF, 0x5C, 0xA8, 0x5C, 0xFF,
    0x76, 0xC6, 0x80, 0xFF, 0x76, 0xC6, 0x80, 0xFF, 0x76, 0xC6, 0x80, 0xFF, 0x76, 0xC6, 0x80, 0xFF,
    0x76, 0xC6, 0x80, 0xFF, 0x76, 0xC6, 0x80, 0xFF, 0x76, 0xC6, 0x80, 0xFF, 0x76, 0xC6, 0x80, 0xFF,
    0x76, 0xC6, 0x80, 0xFF, 0x76, 0xC6, 0x80, 0xFF, 0x76, 0xC6, 0x80, 0xFF, 0x40, 0x82, 0x3E, 0xFF,
    0x5C, 0xA8, 0x5C, 0xFF, 0x5C, 0xA8, 0x5C, 0xFF, 0x5C, 0xA8, 0x5C, 0xFF, 0x5C, 0xA8, 0x5C, 0xFF,
    0x5C, 0xA8, 0x5C, 0xFF, 0x5C, 0xA8, 0x5C, 0xFF, 0x5C, 0xA8, 0x5C, 0xFF, 0x5C, 0xA8, 0x5C, 0xFF,
    0x5C, 0xA8, 0x5C, 0xFF, 0x5C, 0xA8, 0x5C, 0xFF, 0x5C, 0xA8, 0x5C, 0xFF, 0x5C, 0xA8, 0x5C, 0xFF,
    0x5C, 0xA8, 0x5C, 0xFF, 0x5C, 0xA8, 0x5C, 0xFF, 0x5C, 0xA8, 0x5C, 0xFF, 0x5C, 0xA8, 0x5C, 0xFF,
    0x5C, 0xA8, 0x5C, 0xFF, 0x5C, 0xA8, 0x5C, 0xFF, 0x5C, 0xA8, 0x5C, 0xFF, 0x5C, 0xA8, 0x5C, 0xFF,
    0x5C, 0xA8, 0x5C, 0xFF, 0x5C, 0xA8, 0x5C, 0xFF, 0x5C, 0xA8, 0x5C, 0xFF, 0x5C, 0xA8, 0x5C, 0xFF,
    0x5C, 0xA8, 0x5C, 0xFF, 0x5C, 0xA8, 0x5C, 0xFF, 0x5C, 0xA8, 0x5C, 0xFF, 0x5C, 0xA8, 0x5C, 0xFF,
    0x5C, 0xA8, 0x5C, 0xFF, 0x5C, 0xA8, 0x5C, 0xFF, 0x5C, 0xA8, 0x5C, 0xFF, 0x5C, 0xA8, 0x5C, 0xFF,
    0x5C, 0xA8, 0x5C, 0xFF, 0x40, 0x82, 0x3E, 0xFF, 0x40, 0x82, 0x3E, 0xFF, 0x00, 0x00, 0x00, 0x00,
    0x00, 0x00, 0x00, 0x00, 0x00, 0x00, 0x00, 0x00, 0x40, 0x82, 0x3E, 0xFF, 0x40, 0x82, 0x3E, 0xFF,
    0x5C, 0xA8, 0x5C, 0xFF, 0x5C, 0xA8, 0x5C, 0xFF, 0x5C, 0xA8, 0x5C, 0xFF, 0x5C, 0xA8, 0x5C, 0xFF,
    0x5C, 0xA8, 0x5C, 0xFF, 0x5C, 0xA8, 0x5C, 0xFF, 0x5C, 0xA8, 0x5C, 0xFF, 0x5C, 0xA8, 0x5C, 0xFF,
    0x5C, 0xA8, 0x5C, 0xFF, 0x76, 0xC6, 0x80, 0xFF, 0x76, 0xC6, 0x80, 0xFF, 0x76, 0xC6, 0x80, 0xFF,
    0x76, 0xC6, 0x80, 0xFF, 0x76, 0xC6, 0x80, 0xFF, 0x76, 0xC6, 0x80, 0xFF, 0x76, 0xC6, 0x80, 0xFF,
    0x76, 0xC6, 0x80, 0xFF, 0x76, 0xC6, 0x80, 0xFF, 0x5C, 0xA8, 0x5C, 0xFF, 0x40, 0x82, 0x3E, 0xFF,
    0x40, 0x82, 0x3E, 0xFF, 0x5C, 0xA8, 0x5C, 0xFF, 0x5C, 0xA8, 0x5C, 0xFF, 0x5C, 0xA8, 0x5C, 0xFF,
    0x5C, 0xA8, 0x5C, 0xFF, 0x5C, 0xA8, 0x5C, 0xFF, 0x5C, 0xA8, 0x5C, 0xFF, 0x5C, 0xA8, 0x5C, 0xFF,
    0x5C, 0xA8, 0x5C, 0xFF, 0x5C, 0xA8, 0x5C, 0xFF, 0x5C, 0xA8, 0x5C, 0xFF, 0x5C, 0xA8, 0x5C, 0xFF,
    0x5C, 0xA8, 0x5C, 0xFF, 0x5C, 0xA8, 0x5C, 0xFF, 0x5C, 0xA8, 0x5C, 0xFF, 0x5C, 0xA8, 0x5C, 0xFF,
    0x5C, 0xA8, 0x5C, 0xFF, 0x5C, 0xA8, 0x5C, 0xFF, 0x5C, 0xA8, 0x5C, 0xFF, 0x5C, 0xA8, 0x5C, 0xFF,
    0x6E, 0x5A, 0xE2, 0xFF, 0x6E, 0x5A, 0xE2, 0xFF, 0x6E, 0x5A, 0xE2, 0xFF, 0x5C, 0xA8, 0x5C, 0xFF,
    0x5C, 0xA8, 0x5C, 0xFF, 0x5C, 0xA8, 0x5C, 0xFF, 0x5C, 0xA8, 0x5C, 0xFF, 0x5C, 0xA8, 0x5C, 0xFF,
    0x5C, 0xA8, 0x5C, 0xFF, 0x5C, 0xA8, 0x5C, 0xFF, 0x5C, 0xA8, 0x5C, 0xFF, 0x5C, 0xA8, 0x5C, 0xFF,
    0x40, 0x82, 0x3E, 0xFF, 0x40, 0x82, 0x3E, 0xFF, 0x00, 0x00, 0x00, 0x00, 0x00, 0x00, 0x00, 0x00,
    0x00, 0x00, 0x00, 0x00, 0x00, 0x00, 0x00, 0x00, 0x40, 0x82, 0x3E, 0xFF, 0x40, 0x82, 0x3E, 0xFF,
    0x5C, 0xA8, 0x5C, 0xFF, 0x5C, 0xA8, 0x5C, 0xFF, 0x5C, 0xA8, 0x5C, 0xFF, 0x5C, 0xA8, 0x5C, 0xFF,
    0x5C, 0xA8, 0x5C, 0xFF, 0x5C, 0xA8, 0x5C, 0xFF, 0x5C, 0xA8, 0x5C, 0xFF, 0x5C, 0xA8, 0x5C, 0xFF,
    0x5C, 0xA8, 0x5C, 0xFF, 0x5C, 0xA8, 0x5C, 0xFF, 0x76, 0xC6, 0x80, 0xFF, 0x76, 0xC6, 0x80, 0xFF,
    0x76, 0xC6, 0x80, 0xFF, 0x76, 0xC6, 0x80, 0xFF, 0x76, 0xC6, 0x80, 0xFF, 0x76, 0xC6, 0x80, 0xFF,
    0x76, 0xC6, 0x80, 0xFF, 0x5C, 0xA8, 0x5C, 0xFF, 0x5C, 0xA8, 0x5C, 0xFF, 0x40, 0x82, 0x3E, 0xFF,
    0x40, 0x82, 0x3E, 0xFF, 0x5C, 0xA8, 0x5C, 0xFF, 0x5C, 0xA8, 0x5C, 0xFF, 0x5C, 0xA8, 0x5C, 0xFF,
    0x5C, 0xA8, 0x5C, 0xFF, 0x5C, 0xA8, 0x5C, 0xFF, 0x5C, 0xA8, 0x5C, 0xFF, 0x5C, 0xA8, 0x5C, 0xFF,
    0x5C, 0xA8, 0x5C, 0xFF, 0x5C, 0xA8, 0x5C, 0xFF, 0x5C, 0xA8, 0x5C, 0xFF, 0x5C, 0xA8, 0x5C, 0xFF,
    0x5C, 0xA8, 0x5C, 0xFF, 0x5C, 0xA8, 0x5C, 0xFF, 0x5C, 0xA8, 0x5C, 0xFF, 0x5C, 0xA8, 0x5C, 0xFF,
    0x5C, 0xA8, 0x5C, 0xFF, 0x5C, 0xA8, 0x5C, 0xFF, 0x5C, 0xA8, 0x5C, 0xFF, 0x6E, 0x5A, 0xE2, 0xFF,
    0x6E, 0x5A, 0xE2, 0xFF, 0x6E, 0x5A, 0xE2, 0xFF, 0x6E, 0x5A, 0xE2, 0xFF, 0x6E, 0x5A, 0xE2, 0xFF,
    0x5C, 0xA8, 0x5C, 0xFF, 0x5C, 0xA8, 0x5C, 0xFF, 0x5C, 0xA8, 0x5C, 0xFF, 0x5C, 0xA8, 0x5C, 0xFF,
    0x5C, 0xA8, 0x5C, 0xFF, 0x5C, 0xA8, 0x5C, 0xFF, 0x5C, 0xA8, 0x5C, 0xFF, 0x5C, 0xA8, 0x5C, 0xFF,
    0x40, 0x82, 0x3E, 0xFF, 0x40, 0x82, 0x3E, 0xFF, 0x00, 0x00, 0x00, 0x00, 0x00, 0x00, 0x00, 0x00,
    0x00, 0x00, 0x00, 0x00, 0x00, 0x00, 0x00, 0x00, 0x40, 0x82, 0x3E, 0xFF, 0x40, 0x82, 0x3E, 0xFF,
    0x5C, 0xA8, 0x5C, 0xFF, 0x5C, 0xA8, 0x5C, 0xFF, 0x5C, 0xA8, 0x5C, 0xFF, 0x5C, 0xA8, 0x5C, 0xFF,
    0x5C, 0xA8, 0x5C, 0xFF, 0x5C, 0xA8, 0x5C, 0xFF, 0x5C, 0xA8, 0x5C, 0xFF, 0x5C, 0xA8, 0x5C, 0xFF,
    0x5C, 0xA8, 0x5C, 0xFF, 0x5C, 0xA8, 0x5C, 0xFF, 0x5C, 0xA8, 0x5C, 0xFF, 0x76, 0xC6, 0x80, 0xFF,
    0x76, 0xC6, 0x80, 0xFF, 0x76, 0xC6, 0x80, 0xFF, 0x76, 0xC6, 0x80, 0xFF, 0x76, 0xC6, 0x80, 0xFF,
    0x5C, 0xA8, 0x5C, 0xFF, 0x5C, 0xA8, 0x5C, 0xFF, 0x5C, 0xA8, 0x5C, 0xFF, 0x40, 0x82, 0x3E, 0xFF,
    0x40, 0x82, 0x3E, 0xFF, 0x5C, 0xA8, 0x5C, 0xFF, 0x5C, 0xA8, 0x5C, 0xFF, 0x5C, 0xA8, 0x5C, 0xFF,
    0x5C, 0xA8, 0x5C, 0xFF, 0x5C, 0xA8, 0x5C, 0xFF, 0x5C, 0xA8, 0x5C, 0xFF, 0x5C, 0xA8, 0x5C, 0xFF,
    0x5C, 0xA8, 0x5C, 0xFF, 0x5C, 0xA8, 0x5C, 0xFF, 0x5C, 0xA8, 0x5C, 0xFF, 0x5C, 0xA8, 0x5C, 0xFF,
    0x5C, 0xA8, 0x5C, 0xFF, 0x5C, 0xA8, 0x5C, 0xFF, 0x5C, 0xA8, 0x5C, 0xFF, 0x5C, 0xA8, 0x5C, 0xFF,
    0x5C, 0xA8, 0x5C, 0xFF, 0x5C, 0xA8, 0x5C, 0xFF, 0x6E, 0x5A, 0xE2, 0xFF, 0x6E, 0x5A, 0xE2, 0xFF,
    0x6E, 0x5A, 0xE2, 0xFF, 0x6E, 0x5A, 0xE2, 0xFF, 0x6E, 0x5A, 0xE2, 0xFF, 0x6E, 0x5A, 0xE2, 0xFF,
    0x6E, 0x5A, 0xE2, 0xFF, 0x5C, 0xA8, 0x5C, 0xFF, 0x5C, 0xA8, 0x5C, 0xFF, 0x5C, 0xA8, 0x5C, 0xFF,
    0x5C, 0xA8, 0x5C, 0xFF, 0x5C, 0xA8, 0x5C, 0xFF, 0x5C, 0xA8, 0x5C, 0xFF, 0x5C, 0xA8, 0x5C, 0xFF,
    0x40, 0x82, 0x3E, 0xFF, 0x40, 0x82, 0x3E, 0xFF, 0x00, 0x00, 0x00, 0x00, 0x00, 0x00, 0x00, 0x00,
    0x00, 0x00, 0x00, 0x00, 0x00, 0x00, 0x00, 0x00, 0x40, 0x82, 0x3E, 0xFF, 0x40, 0x82, 0x3E, 0xFF,
    0x5C, 0xA8, 0x5C, 0xFF, 0x5C, 0xA8, 0x5C, 0xFF, 0x5C, 0xA8, 0x5C, 0xFF, 0x5C, 0xA8, 0x5C, 0xFF,
    0x5C, 0xA8, 0x5C, 0xFF, 0x5C, 0xA8, 0x5C, 0xFF, 0x5C, 0xA8, 0x5C, 0xFF, 0x5C, 0xA8, 0x5C, 0xFF,
    0x5C, 0xA8, 0x5C, 0xFF, 0x5C, 0xA8, 0x5C, 0xFF, 0x5C, 0xA8, 0x5C, 0xFF, 0x5C, 0xA8, 0x5C, 0xFF,
    0x5C, 0xA8, 0x5C, 0xFF, 0x5C, 0xA8, 0x5C, 0xFF, 0x5C, 0xA8, 0x5C, 0xFF, 0x5C, 0xA8, 0x5C, 0xFF,
    0x5C, 0xA8, 0x5C, 0xFF, 0x5C, 0xA8, 0x5C, 0xFF, 0x5C, 0xA8, 0x5C, 0xFF, 0x40, 0x82, 0x3E, 0xFF,
    0x40, 0x82, 0x3E, 0xFF, 0x5C, 0xA8, 0x5C, 0xFF, 0x5C, 0xA8, 0x5C, 0xFF, 0x5C, 0xA8, 0x5C, 0xFF,
    0x5C, 0xA8, 0x5C, 0xFF, 0x5C, 0xA8, 0x5C, 0xFF, 0x5C, 0xA8, 0x5C, 0xFF, 0x5C, 0xA8, 0x5C, 0xFF,
    0x5C, 0xA8, 0x5C, 0xFF, 0x5C, 0xA8, 0x5C, 0xFF, 0x5C, 0xA8, 0x5C, 0xFF, 0x5C, 0xA8, 0x5C, 0xFF,
    0x5C, 0xA8, 0x5C, 0xFF, 0x5C, 0xA8, 0x5C, 0xFF, 0x5C, 0xA8, 0x5C, 0xFF, 0x5C, 0xA8, 0x5C, 0xFF,
    0x5C, 0xA8, 0x5C, 0xFF, 0x5C, 0xA8, 0x5C, 0xFF, 0x6E, 0x5A, 0xE2, 0xFF, 0x6E, 0x5A, 0xE2, 0xFF,
    0x6E, 0x5A, 0xE2, 0xFF, 0x6E, 0x5A, 0xE2, 0xFF, 0x6E, 0x5A, 0xE2, 0xFF, 0x6E, 0x5A, 0xE2, 0xFF,
    0x6E, 0x5A, 0xE2, 0xFF, 0x5C, 0xA8, 0x5C, 0xFF, 0x5C, 0xA8, 0x5C, 0xFF, 0x5C, 0xA8, 0x5C, 0xFF,
    0x5C, 0xA8, 0x5C, 0xFF, 0x5C, 0xA8, 0x5C, 0xFF, 0x5C, 0xA8, 0x5C, 0xFF, 0x5C, 0xA8, 0x5C, 0xFF,
    0x40, 0x82, 0x3E, 0xFF, 0x40, 0x82, 0x3E, 0xFF, 0x00, 0x00, 0x00, 0x00, 0x00, 0x00, 0x00, 0x00,
    0x00, 0x00, 0x00, 0x00, 0x00, 0x00, 0x00, 0x00, 0x40, 0x82, 0x3E, 0xFF, 0x40, 0x82, 0x3E, 0xFF,
    0x5C, 0xA8, 0x5C, 0xFF, 0x5C, 0xA8, 0x5C, 0xFF, 0x5C, 0xA8, 0x5C, 0xFF, 0x5C, 0xA8, 0x5C, 0xFF,
    0x5C, 0xA8, 0x5C, 0xFF, 0x5C, 0xA8, 0x5C, 0xFF, 0x5C, 0xA8, 0x5C, 0xFF, 0x5C, 0xA8, 0x5C, 0xFF,
    0x5C, 0xA8, 0x5C, 0xFF, 0x5C, 0xA8, 0x5C, 0xFF, 0x5C, 0xA8, 0x5C, 0xFF, 0x5C, 0xA8, 0x5C, 0xFF,
    0x6E, 0x5A, 0xE2, 0xFF, 0x6E, 0x5A, 0xE2, 0xFF, 0x6E, 0x5A, 0xE2, 0xFF, 0x5C, 0xA8, 0x5C, 0xFF,
    0x5C, 0xA8, 0x5C, 0xFF, 0x5C, 0xA8, 0x5C, 0xFF, 0x5C, 0xA8, 0x5C, 0xFF, 0x40, 0x82, 0x3E, 0xFF,
    0x40, 0x82, 0x3E, 0xFF, 0x5C, 0xA8, 0x5C, 0xFF, 0x5C, 0xA8, 0x5C, 0xFF, 0x5C, 0xA8, 0x5C, 0xFF,
    0x5C, 0xA8, 0x5C, 0xFF, 0x5C, 0xA8, 0x5C, 0xFF, 0x5C, 0xA8, 0x5C, 0xFF, 0x5C, 0xA8, 0x5C, 0xFF,
    0x5C, 0xA8, 0x5C, 0xFF, 0x5C, 0xA8, 0x5C, 0xFF, 0x5C, 0xA8, 0x5C, 0xFF, 0x5C, 0xA8, 0x5C, 0xFF,
    0x5C, 0xA8, 0x5C, 0xFF, 0x5C, 0xA8, 0x5C, 0xFF, 0x5C, 0xA8, 0x5C, 0xFF, 0x5C, 0xA8, 0x5C, 0xFF,
    0x5C, 0xA8, 0x5C, 0xFF, 0x5C, 0xA8, 0x5C, 0xFF, 0x6E, 0x5A, 0xE2, 0xFF, 0x6E, 0x5A, 0xE2, 0xFF,
    0x6E, 0x5A, 0xE2, 0xFF, 0x6E, 0x5A, 0xE2, 0xFF, 0x6E, 0x5A, 0xE2, 0xFF, 0x6E, 0x5A, 0xE2, 0xFF,
    0x6E, 0x5A, 0xE2, 0xFF, 0x5C, 0xA8, 0x5C, 0xFF, 0x5C, 0xA8, 0x5C, 0xFF, 0x5C, 0xA8, 0x5C, 0xFF,
    0x5C, 0xA8, 0x5C, 0xFF, 0x5C, 0xA8, 0x5C, 0xFF, 0x5C, 0xA8, 0x5C, 0xFF, 0x5C, 0xA8, 0x5C, 0xFF,
    0x40, 0x82, 0x3E, 0xFF, 0x40, 0x82, 0x3E, 0xFF, 0x00, 0x00, 0x00, 0x00, 0x00, 0x00, 0x00, 0x00,
    0x00, 0x00, 0x00, 0x00, 0x00, 0x00, 0x00, 0x00, 0x40, 0x82, 0x3E, 0xFF, 0x40, 0x82, 0x3E, 0xFF,
    0x5C, 0xA8, 0x5C, 0xFF, 0x5C, 0xA8, 0x5C, 0xFF, 0x5C, 0xA8, 0x5C, 0xFF, 0x5C, 0xA8, 0x5C, 0xFF,
    0x5C, 0xA8, 0x5C, 0xFF, 0x5C, 0xA8, 0x5C, 0xFF, 0x5C, 0xA8, 0x5C, 0xFF, 0x5C, 0xA8, 0x5C, 0xFF,
    0x5C, 0xA8, 0x5C, 0xFF, 0x5C, 0xA8, 0x5C, 0xFF, 0x5C, 0xA8, 0x5C, 0xFF, 0x6E, 0x5A, 0xE2, 0xFF,
    0x6E, 0x5A, 0xE2, 0xFF, 0x6E, 0x5A, 0xE2, 0xFF, 0x6E, 0x5A, 0xE2, 0xFF, 0x6E, 0x5A, 0xE2, 0xFF,
    0x5C, 0xA8, 0x5C, 0xFF, 0x5C, 0xA8, 0x5C, 0xFF, 0x5C, 0xA8, 0x5C, 0xFF, 0x5C, 0xA8, 0x5C, 0xFF,
    0x40, 0x82, 0x3E, 0xFF, 0x40, 0x82, 0x3E, 0xFF, 0x5C, 0xA8, 0x5C, 0xFF, 0x5C, 0xA8, 0x5C, 0xFF,
    0x5C, 0xA8, 0x5C, 0xFF, 0x5C, 0xA8, 0x5C, 0xFF, 0x5C, 0xA8, 0x5C, 0xFF, 0x5C, 0xA8, 0x5C, 0xFF,
    0x5C, 0xA8, 0x5C, 0xFF, 0x5C, 0xA8, 0x5C, 0xFF, 0x5C, 0xA8, 0x5C, 0xFF, 0x5C, 0xA8, 0x5C, 0xFF,
    0x5C, 0xA8, 0x5C, 0xFF, 0x5C, 0xA8, 0x5C, 0xFF, 0x5C, 0xA8, 0x5C, 0xFF, 0x5C, 0xA8, 0x5C, 0xFF,
    0x5C, 0xA8, 0x5C, 0xFF, 0x5C, 0xA8, 0x5C, 0xFF, 0x5C, 0xA8, 0x5C, 0xFF, 0x6E, 0x5A, 0xE2, 0xFF,
    0x6E, 0x5A, 0xE2, 0xFF, 0x6E, 0x5A, 0xE2, 0xFF, 0x6E, 0x5A, 0xE2, 0xFF, 0x6E, 0x5A, 0xE2, 0xFF,
    0x5C, 0xA8, 0x5C, 0xFF, 0x5C, 0xA8, 0x5C, 0xFF, 0x5C, 0xA8, 0x5C, 0xFF, 0x5C, 0xA8, 0x5C, 0xFF,
    0x5C, 0xA8, 0x5C, 0xFF, 0x5C, 0xA8, 0x5C, 0xFF, 0x5C, 0xA8, 0x5C, 0xFF, 0x40, 0x82, 0x3E, 0xFF,
    0x40, 0x82, 0x3E, 0xFF, 0x00, 0x00, 0x00, 0x00, 0x00, 0x00, 0x00, 0x00, 0x00, 0x00, 0x00, 0x00,
    0x00, 0x00, 0x00, 0x00, 0x00, 0x00, 0x00, 0x00, 0x40, 0x82, 0x3E, 0xFF, 0x40, 0x82, 0x3E, 0xFF,
    0x5C, 0xA8, 0x5C, 0xFF, 0x5C, 0xA8, 0x5C, 0xFF, 0x5C, 0xA8, 0x5C, 0xFF, 0x5C, 0xA8, 0x5C, 0xFF,
    0x5C, 0xA8, 0x5C, 0xFF, 0x5C, 0xA8, 0x5C, 0xFF, 0x5C, 0xA8, 0x5C, 0xFF, 0x5C, 0xA8, 0x5C, 0xFF,
    0x5C, 0xA8, 0x5C, 0xFF, 0x5C, 0xA8, 0x5C, 0xFF, 0x6E, 0x5A, 0xE2, 0xFF, 0x6E, 0x5A, 0xE2, 0xFF,
    0x6E, 0x5A, 0xE2, 0xFF, 0x6E, 0x5A, 0xE2, 0xFF, 0x6E, 0x5A, 0xE2, 0xFF, 0x6E, 0x5A, 0xE2, 0xFF,
    0x6E, 0x5A, 0xE2, 0xFF, 0x5C, 0xA8, 0x5C, 0xFF, 0x5C, 0xA8, 0x5C, 0xFF, 0x5C, 0xA8, 0x5C, 0xFF,
    0x40, 0x82, 0x3E, 0xFF, 0x40, 0x82, 0x3E, 0xFF, 0x5C, 0xA8, 0x5C, 0xFF, 0x5C, 0xA8, 0x5C, 0xFF,
    0x5C, 0xA8, 0x5C, 0xFF, 0x5C, 0xA8, 0x5C, 0xFF, 0x5C, 0xA8, 0x5C, 0xFF, 0x5C, 0xA8, 0x5C, 0xFF,
    0x5C, 0xA8, 0x5C, 0xFF, 0x5C, 0xA8, 0x5C, 0xFF, 0x5C, 0xA8, 0x5C, 0xFF, 0x5C, 0xA8, 0x5C, 0xFF,
    0x5C, 0xA8, 0x5C, 0xFF, 0x5C, 0xA8, 0x5C, 0xFF, 0x5C, 0xA8, 0x5C, 0xFF, 0x5C, 0xA8, 0x5C, 0xFF,
    0x5C, 0xA8, 0x5C, 0xFF, 0x5C, 0xA8, 0x5C, 0xFF, 0x5C, 0xA8, 0x5C, 0xFF, 0x5C, 0xA8, 0x5C, 0xFF,
    0x6E, 0x5A, 0xE2, 0xFF, 0x6E, 0x5A, 0xE2, 0xFF, 0x6E, 0x5A, 0xE2, 0xFF, 0x5C, 0xA8, 0x5C, 0xFF,
    0x5C, 0xA8, 0x5C, 0xFF, 0x5C, 0xA8, 0x5C, 0xFF, 0x5C, 0xA8, 0x5C, 0xFF, 0x5C, 0xA8, 0x5C, 0xFF,
    0x5C, 0xA8, 0x5C, 0xFF, 0x5C, 0xA8, 0x5C, 0xFF, 0x5C, 0xA8, 0x5C, 0xFF, 0x40, 0x82, 0x3E, 0xFF,
    0x40, 0x82, 0x3E, 0xFF, 0x00, 0x00, 0x00, 0x00, 0x00, 0x00, 0x00, 0x00, 0x00, 0x00, 0x00, 0x00,
    0x00, 0x00, 0x00, 0x00, 0x00, 0x00, 0x00, 0x00, 0x40, 0x82, 0x3E, 0xFF, 0x40, 0x82, 0x3E, 0xFF,
    0x5C, 0xA8, 0x5C, 0xFF, 0x5C, 0xA8, 0x5C, 0xFF, 0x5C, 0xA8, 0x5C, 0xFF, 0x5C, 0xA8, 0x5C, 0xFF,
    0x5C, 0xA8, 0x5C, 0xFF, 0x5C, 0xA8, 0x5C, 0xFF, 0x5C, 0xA8, 0x5C, 0xFF, 0x5C, 0xA8, 0x5C, 0xFF,
    0x5C, 0xA8, 0x5C, 0xFF, 0x5C, 0xA8, 0x5C, 0xFF, 0x6E, 0x5A, 0xE2, 0xFF, 0x6E, 0x5A, 0xE2, 0xFF,
    0x6E, 0x5A, 0xE2, 0xFF, 0x6E, 0x5A, 0xE2, 0xFF, 0x6E, 0x5A, 0xE2, 0xFF, 0x6E, 0x5A, 0xE2, 0xFF,
    0x6E, 0x5A, 0xE2, 0xFF, 0x5C, 0xA8, 0x5C, 0xFF, 0x5C, 0xA8, 0x5C, 0xFF, 0x5C, 0xA8, 0x5C, 0xFF,
    0x40, 0x82, 0x3E, 0xFF, 0x40, 0x82, 0x3E, 0xFF, 0x5C, 0xA8, 0x5C, 0xFF, 0x5C, 0xA8, 0x5C, 0xFF,
    0x5C, 0xA8, 0x5C, 0xFF, 0x5C, 0xA8, 0x5C, 0xFF, 0x5C, 0xA8, 0x5C, 0xFF, 0x5C, 0xA8, 0x5C, 0xFF,
    0x5C, 0xA8, 0x5C, 0xFF, 0x5C, 0xA8, 0x5C, 0xFF, 0x5C, 0xA8, 0x5C, 0xFF, 0x5C, 0xA8, 0x5C, 0xFF,
    0x5C, 0xA8, 0x5C, 0xFF, 0x5C, 0xA8, 0x5C, 0xFF, 0x5C, 0xA8, 0x5C, 0xFF, 0x5C, 0xA8, 0x5C, 0xFF,
    0x5C, 0xA8, 0x5C, 0xFF, 0x5C, 0xA8, 0x5C, 0xFF, 0x5C, 0xA8, 0x5C, 0xFF, 0x5C, 0xA8, 0x5C, 0xFF,
    0x5C, 0xA8, 0x5C, 0xFF, 0x5C, 0xA8, 0x5C, 0xFF, 0x5C, 0xA8, 0x5C, 0xFF, 0x5C, 0xA8, 0x5C, 0xFF,
    0x5C, 0xA8, 0x5C, 0xFF, 0x5C, 0xA8, 0x5C, 0xFF, 0x5C, 0xA8, 0x5C, 0xFF, 0x5C, 0xA8, 0x5C, 0xFF,
    0x5C, 0xA8, 0x5C, 0xFF, 0x5C, 0xA8, 0x5C, 0xFF, 0x5C, 0xA8, 0x5C, 0xFF, 0x40, 0x82, 0x3E, 0xFF,
    0x40, 0x82, 0x3E, 0xFF, 0x00, 0x00, 0x00, 0x00, 0x00, 0x00, 0x00, 0x00, 0x00, 0x00, 0x00, 0x00,
    0x00, 0x00, 0x00, 0x00, 0x00, 0x00, 0x00, 0x00, 0x40, 0x82, 0x3E, 0xFF, 0x40, 0x82, 0x3E, 0xFF,
    0x5C, 0xA8, 0x5C, 0xFF, 0x5C, 0xA8, 0x5C, 0xFF, 0x5C, 0xA8, 0x5C, 0xFF, 0x5C, 0xA8, 0x5C, 0xFF,
    0x5C, 0xA8, 0x5C, 0xFF, 0x5C, 0xA8, 0x5C, 0xFF, 0x5C, 0xA8, 0x5C, 0xFF, 0x5C, 0xA8, 0x5C, 0xFF,
    0x5C, 0xA8, 0x5C, 0xFF, 0x5C, 0xA8, 0x5C, 0xFF, 0x6E, 0x5A, 0xE2, 0xFF, 0x6E, 0x5A, 0xE2, 0xFF,
    0x6E, 0x5A, 0xE2, 0xFF, 0x6E, 0x5A, 0xE2, 0xFF, 0x6E, 0x5A, 0xE2, 0xFF, 0x6E, 0x5A, 0xE2, 0xFF,
    0x6E, 0x5A, 0xE2, 0xFF, 0x5C, 0xA8, 0x5C, 0xFF, 0x5C, 0xA8, 0x5C, 0xFF, 0x5C, 0xA8, 0x5C, 0xFF,
    0x5C, 0xA8, 0x5C, 0xFF, 0x40, 0x82, 0x3E, 0xFF, 0x40, 0x82, 0x3E, 0xFF, 0x5C, 0xA8, 0x5C, 0xFF,
    0x5C, 0xA8, 0x5C, 0xFF, 0x5C, 0xA8, 0x5C, 0xFF, 0x5C, 0xA8, 0x5C, 0xFF, 0x5C, 0xA8, 0x5C, 0xFF,
    0x5C, 0xA8, 0x5C, 0xFF, 0x5C, 0xA8, 0x5C, 0xFF, 0x5C, 0xA8, 0x5C, 0xFF, 0x5C, 0xA8, 0x5C, 0xFF,
    0x5C, 0xA8, 0x5C, 0xFF, 0x5C, 0xA8, 0x5C, 0xFF, 0x5C, 0xA8, 0x5C, 0xFF, 0x5C, 0xA8, 0x5C, 0xFF,
    0x5C, 0xA8, 0x5C, 0xFF, 0x5C, 0xA8, 0x5C, 0xFF, 0x5C, 0xA8, 0x5C, 0xFF, 0x5C, 0xA8, 0x5C, 0xFF,
    0x5C, 0xA8, 0x5C, 0xFF, 0x5C, 0xA8, 0x5C, 0xFF, 0x5C, 0xA8, 0x5C, 0xFF, 0x5C, 0xA8, 0x5C, 0xFF,
    0x5C, 0xA8, 0x5C, 0xFF, 0x5C, 0xA8, 0x5C, 0xFF, 0x5C, 0xA8, 0x5C, 0xFF, 0x5C, 0xA8, 0x5C, 0xFF,
    0x5C, 0xA8, 0x5C, 0xFF, 0x5C, 0xA8, 0x5C, 0xFF, 0x40, 0x82, 0x3E, 0xFF, 0x40, 0x82, 0x3E, 0xFF,
    0x00, 0x00, 0x00, 0x00, 0x00, 0x00, 0x00, 0x00, 0x00, 0x00, 0x00, 0x00, 0x00, 0x00, 0x00, 0x00,
    0x00, 0x00, 0x00, 0x00, 0x00, 0x00, 0x00, 0x00, 0x00, 0x00, 0x00, 0x00, 0x40, 0x82, 0x3E, 0xFF,
    0x40, 0x82, 0x3E, 0xFF, 0x5C, 0xA8, 0x5C, 0xFF, 0x5C, 0xA8, 0x5C, 0xFF, 0x5C, 0xA8, 0x5C, 0xFF,
    0x5C, 0xA8, 0x5C, 0xFF, 0x5C, 0xA8, 0x5C, 0xFF, 0x5C, 0xA8, 0x5C, 0xFF, 0x5C, 0xA8, 0x5C, 0xFF,
    0x5C, 0xA8, 0x5C, 0xFF, 0x5C, 0xA8, 0x5C, 0xFF, 0x5C, 0xA8, 0x5C, 0xFF, 0x6E, 0x5A, 0xE2, 0xFF,
    0x6E, 0x5A, 0xE2, 0xFF, 0x6E, 0x5A, 0xE2, 0xFF, 0x6E, 0x5A, 0xE2, 0xFF, 0x6E, 0x5A, 0xE2, 0xFF,
    0x5C, 0xA8, 0x5C, 0xFF, 0x5C, 0xA8, 0x5C, 0xFF, 0x5C, 0xA8, 0x5C, 0xFF, 0x5C, 0xA8, 0x5C, 0xFF,
    0x5C, 0xA8, 0x5C, 0xFF, 0x40, 0x82, 0x3E, 0xFF, 0x40, 0x82, 0x3E, 0xFF, 0x5C, 0xA8, 0x5C, 0xFF,
    0x5C, 0xA8, 0x5C, 0xFF, 0x5C, 0xA8, 0x5C, 0xFF, 0x5C, 0xA8, 0x5C, 0xFF, 0x5C, 0xA8, 0x5C, 0xFF,
    0x5C, 0xA8, 0x5C, 0xFF, 0x5C, 0xA8, 0x5C, 0xFF, 0x5C, 0xA8, 0x5C, 0xFF, 0x5C, 0xA8, 0x5C, 0xFF,
    0x5C, 0xA8, 0x5C, 0xFF, 0x5C, 0xA8, 0x5C, 0xFF, 0x5C, 0xA8, 0x5C, 0xFF, 0x5C, 0xA8, 0x5C, 0xFF,
    0x5C, 0xA8, 0x5C, 0xFF, 0x5C, 0xA8, 0x5C, 0xFF, 0x5C, 0xA8, 0x5C, 0xFF, 0x5C, 0xA8, 0x5C, 0xFF,
    0x5C, 0xA8, 0x5C, 0xFF, 0x5C, 0xA8, 0x5C, 0xFF, 0x5C, 0xA8, 0x5C, 0xFF, 0x5C, 0xA8, 0x5C, 0xFF,
    0x5C, 0xA8, 0x5C, 0xFF, 0x5C, 0xA8, 0x5C, 0xFF, 0x5C, 0xA8, 0x5C, 0xFF, 0x5C, 0xA8, 0x5C, 0xFF,
    0x5C, 0xA8, 0x5C, 0xFF, 0x5C, 0xA8, 0x5C, 0xFF, 0x40, 0x82, 0x3E, 0xFF, 0x40, 0x82, 0x3E, 0xFF,
    0x00, 0x00, 0x00, 0x00, 0x00, 0x00, 0x00, 0x00, 0x00, 0x00, 0x00, 0x00, 0x00, 0x00, 0x00, 0x00,
    0x00, 0x00, 0x00, 0x00, 0x00, 0x00, 0x00, 0x00, 0x00, 0x00, 0x00, 0x00, 0x40, 0x82, 0x3E, 0xFF,
    0x40, 0x82, 0x3E, 0xFF, 0x5C, 0xA8, 0x5C, 0xFF, 0x5C, 0xA8, 0x5C, 0xFF, 0x5C, 0xA8, 0x5C, 0xFF,
    0x5C, 0xA8, 0x5C, 0xFF, 0x5C, 0xA8, 0x5C, 0xFF, 0x5C, 0xA8, 0x5C, 0xFF, 0x5C, 0xA8, 0x5C, 0xFF,
    0x5C, 0xA8, 0x5C, 0xFF, 0x5C, 0xA8, 0x5C, 0xFF, 0x5C, 0xA8, 0x5C, 0xFF, 0x5C, 0xA8, 0x5C, 0xFF,
    0x6E, 0x5A, 0xE2, 0xFF, 0x6E, 0x5A, 0xE2, 0xFF, 0x6E, 0x5A, 0xE2, 0xFF, 0x5C, 0xA8, 0x5C, 0xFF,
    0x5C, 0xA8, 0x5C, 0xFF, 0x5C, 0xA8, 0x5C, 0xFF, 0x5C, 0xA8, 0x5C, 0xFF, 0x5C, 0xA8, 0x5C, 0xFF,
    0x5C, 0xA8, 0x5C, 0xFF, 0x40, 0x82, 0x3E, 0xFF, 0x40, 0x82, 0x3E, 0xFF, 0x40, 0x82, 0x3E, 0xFF,
    0x5C, 0xA8, 0x5C, 0xFF, 0x5C, 0xA8, 0x5C, 0xFF, 0x5C, 0xA8, 0x5C, 0xFF, 0x5C, 0xA8, 0x5C, 0xFF,
    0x5C, 0xA8, 0x5C, 0xFF, 0x5C, 0xA8, 0x5C, 0xFF, 0x5C, 0xA8, 0x5C, 0xFF, 0x5C, 0xA8, 0x5C, 0xFF,
    0x5C, 0xA8, 0x5C, 0xFF, 0x5C, 0xA8, 0x5C, 0xFF, 0x5C, 0xA8, 0x5C, 0xFF, 0x5C, 0xA8, 0x5C, 0xFF,
    0x76, 0xC6, 0x80, 0xFF, 0x5C, 0xA8, 0x5C, 0xFF, 0x5C, 0xA8, 0x5C, 0xFF, 0x5C, 0xA8, 0x5C, 0xFF,
    0x5C, 0xA8, 0x5C, 0xFF, 0x5C, 0xA8, 0x5C, 0xFF, 0x5C, 0xA8, 0x5C, 0xFF, 0x5C, 0xA8, 0x5C, 0xFF,
    0x5C, 0xA8, 0x5C, 0xFF, 0x5C, 0xA8, 0x5C, 0xFF, 0x5C, 0xA8, 0x5C, 0xFF, 0x5C, 0xA8, 0x5C, 0xFF,
    0x5C, 0xA8, 0x5C, 0xFF, 0x40, 0x82, 0x3E, 0xFF, 0x40, 0x82, 0x3E, 0xFF, 0x40, 0x82, 0x3E, 0xFF,
    0x00, 0x00, 0x00, 0x00, 0x00, 0x00, 0x00, 0x00, 0x00, 0x00, 0x00, 0x00, 0x00, 0x00, 0x00, 0x00,
    0x00, 0x00, 0x00, 0x00, 0x00, 0x00, 0x00, 0x00, 0x00, 0x00, 0x00, 0x00, 0x40, 0x82, 0x3E, 0xFF,
    0x40, 0x82, 0x3E, 0xFF, 0x5C, 0xA8, 0x5C, 0xFF, 0x5C, 0xA8, 0x5C, 0xFF, 0x5C, 0xA8, 0x5C, 0xFF,
    0x5C, 0xA8, 0x5C, 0xFF, 0x5C, 0xA8, 0x5C, 0xFF, 0x5C, 0xA8, 0x5C, 0xFF, 0x5C, 0xA8, 0x5C, 0xFF,
    0x5C, 0xA8, 0x5C, 0xFF, 0x5C, 0xA8, 0x5C, 0xFF, 0x5C, 0xA8, 0x5C, 0xFF, 0x5C, 0xA8, 0x5C, 0xFF,
    0x5C, 0xA8, 0x5C, 0xFF, 0x5C, 0xA8, 0x5C, 0xFF, 0x5C, 0xA8, 0x5C, 0xFF, 0x5C, 0xA8, 0x5C, 0xFF,
    0x5C, 0xA8, 0x5C, 0xFF, 0x5C, 0xA8, 0x5C, 0xFF, 0x5C, 0xA8, 0x5C, 0xFF, 0x5C, 0xA8, 0x5C, 0xFF,
    0x5C, 0xA8, 0x5C, 0xFF, 0x5C, 0xA8, 0x5C, 0xFF, 0x40, 0x82, 0x3E, 0xFF, 0x40, 0x82, 0x3E, 0xFF,
    0x5C, 0xA8, 0x5C, 0xFF, 0x5C, 0xA8, 0x5C, 0xFF, 0x5C, 0xA8, 0x5C, 0xFF, 0x5C, 0xA8, 0x5C, 0xFF,
    0x5C, 0xA8, 0x5C, 0xFF, 0x5C, 0xA8, 0x5C, 0xFF, 0x5C, 0xA8, 0x5C, 0xFF, 0x5C, 0xA8, 0x5C, 0xFF,
    0x5C, 0xA8, 0x5C, 0xFF, 0x5C, 0xA8, 0x5C, 0xFF, 0x5C, 0xA8, 0x5C, 0xFF, 0x5C, 0xA8, 0x5C, 0xFF,
    0x5C, 0xA8, 0x5C, 0xFF, 0x5C, 0xA8, 0x5C, 0xFF, 0x5C, 0xA8, 0x5C, 0xFF, 0x5C, 0xA8, 0x5C, 0xFF,
    0x5C, 0xA8, 0x5C, 0xFF, 0x5C, 0xA8, 0x5C, 0xFF, 0x5C, 0xA8, 0x5C, 0xFF, 0x5C, 0xA8, 0x5C, 0xFF,
    0x5C, 0xA8, 0x5C, 0xFF, 0x5C, 0xA8, 0x5C, 0xFF, 0x5C, 0xA8, 0x5C, 0xFF, 0x5C, 0xA8, 0x5C, 0xFF,
    0x5C, 0xA8, 0x5C, 0xFF, 0x40, 0x82, 0x3E, 0xFF, 0x40, 0x82, 0x3E, 0xFF, 0x00, 0x00, 0x00, 0x00,
    0x00, 0x00, 0x00, 0x00, 0x00, 0x00, 0x00, 0x00, 0x00, 0x00, 0x00, 0x00, 0x00, 0x00, 0x00, 0x00,
    0x00, 0x00, 0x00, 0x00, 0x00, 0x00, 0x00, 0x00, 0x00, 0x00, 0x00, 0x00, 0x40, 0x82, 0x3E, 0xFF,
    0x40, 0x82, 0x3E, 0xFF, 0x5C, 0xA8, 0x5C, 0xFF, 0x5C, 0xA8, 0x5C, 0xFF, 0x5C, 0xA8, 0x5C, 0xFF,
    0x5C, 0xA8, 0x5C, 0xFF, 0x5C, 0xA8, 0x5C, 0xFF, 0x5C, 0xA8, 0x5C, 0xFF, 0x5C, 0xA8, 0x5C, 0xFF,
    0x5C, 0xA8, 0x5C, 0xFF, 0x5C, 0xA8, 0x5C, 0xFF, 0x5C, 0xA8, 0x5C, 0xFF, 0x5C, 0xA8, 0x5C, 0xFF,
    0x5C, 0xA8, 0x5C, 0xFF, 0x5C, 0xA8, 0x5C, 0xFF, 0x5C, 0xA8, 0x5C, 0xFF, 0x5C, 0xA8, 0x5C, 0xFF,
    0x5C, 0xA8, 0x5C, 0xFF, 0x5C, 0xA8, 0x5C, 0xFF, 0x5C, 0xA8, 0x5C, 0xFF, 0x5C, 0xA8, 0x5C, 0xFF,
    0x5C, 0xA8, 0x5C, 0xFF, 0x5C, 0xA8, 0x5C, 0xFF, 0x40, 0x82, 0x3E, 0xFF, 0x40, 0x82, 0x3E, 0xFF,
    0x76, 0xC6, 0x80, 0xFF, 0x5C, 0xA8, 0x5C, 0xFF, 0x5C, 0xA8, 0x5C, 0xFF, 0x5C, 0xA8, 0x5C, 0xFF,
    0x5C, 0xA8, 0x5C, 0xFF, 0x5C, 0xA8, 0x5C, 0xFF, 0x5C, 0xA8, 0x5C, 0xFF, 0x5C, 0xA8, 0x5C, 0xFF,
    0x5C, 0xA8, 0x5C, 0xFF, 0x5C, 0xA8, 0x5C, 0xFF, 0x5C, 0xA8, 0x5C, 0xFF, 0x5C, 0xA8, 0x5C, 0xFF,
    0x5C, 0xA8, 0x5C, 0xFF, 0x5C, 0xA8, 0x5C, 0xFF, 0x5C, 0xA8, 0x5C, 0xFF, 0x5C, 0xA8, 0x5C, 0xFF,
    0x5C, 0xA8, 0x5C, 0xFF, 0x5C, 0xA8, 0x5C, 0xFF, 0x5C, 0xA8, 0x5C, 0xFF, 0x5C, 0xA8, 0x5C, 0xFF,
    0x5C, 0xA8, 0x5C, 0xFF, 0x5C, 0xA8, 0x5C, 0xFF, 0x5C, 0xA8, 0x5C, 0xFF, 0x5C, 0xA8, 0x5C, 0xFF,
    0x5C, 0xA8, 0x5C, 0xFF, 0x40, 0x82, 0x3E, 0xFF, 0x40, 0x82, 0x3E, 0xFF, 0x00, 0x00, 0x00, 0x00,
    0x00, 0x00, 0x00, 0x00, 0x00, 0x00, 0x00, 0x00, 0x00, 0x00, 0x00, 0x00, 0x00, 0x00, 0x00, 0x00,
    0x00, 0x00, 0x00, 0x00, 0x00, 0x00, 0x00, 0x00, 0x00, 0x00, 0x00, 0x00, 0x00, 0x00, 0x00, 0x00,
    0x40, 0x82, 0x3E, 0xFF, 0x40, 0x82, 0x3E, 0xFF, 0x5C, 0xA8, 0x5C, 0xFF, 0x5C, 0xA8, 0x5C, 0xFF,
    0x5C, 0xA8, 0x5C, 0xFF, 0x5C, 0xA8, 0x5C, 0xFF, 0x5C, 0xA8, 0x5C, 0xFF, 0x5C, 0xA8, 0x5C, 0xFF,
    0x5C, 0xA8, 0x5C, 0xFF, 0x5C, 0xA8, 0x5C, 0xFF, 0x5C, 0xA8, 0x5C, 0xFF, 0x5C, 0xA8, 0x5C, 0xFF,
    0x5C, 0xA8, 0x5C, 0xFF, 0x5C, 0xA8, 0x5C, 0xFF, 0x5C, 0xA8, 0x5C, 0xFF, 0x5C, 0xA8, 0x5C, 0xFF,
    0x5C, 0xA8, 0x5C, 0xFF, 0x5C, 0xA8, 0x5C, 0xFF, 0x5C, 0xA8, 0x5C, 0xFF, 0x5C, 0xA8, 0x5C, 0xFF,
    0x5C, 0xA8, 0x5C, 0xFF, 0x5C, 0xA8, 0x5C, 0xFF, 0x5C, 0xA8, 0x5C, 0xFF, 0x40, 0x82, 0x3E, 0xFF,
    0x40, 0x82, 0x3E, 0xFF, 0x5C, 0xA8, 0x5C, 0xFF, 0x5C, 0xA8, 0x5C, 0xFF, 0x5C, 0xA8, 0x5C, 0xFF,
    0x5C, 0xA8, 0x5C, 0xFF, 0x5C, 0xA8, 0x5C, 0xFF, 0x5C, 0xA8, 0x5C, 0xFF, 0x5C, 0xA8, 0x5C, 0xFF,
    0x5C, 0xA8, 0x5C, 0xFF, 0x5C, 0xA8, 0x5C, 0xFF, 0x5C, 0xA8, 0x5C, 0xFF, 0x5C, 0xA8, 0x5C, 0xFF,
    0x5C, 0xA8, 0x5C, 0xFF, 0x5C, 0xA8, 0x5C, 0xFF, 0x5C, 0xA8, 0x5C, 0xFF, 0x5C, 0xA8, 0x5C, 0xFF,
    0x5C, 0xA8, 0x5C, 0xFF, 0x5C, 0xA8, 0x5C, 0xFF, 0x5C, 0xA8, 0x5C, 0xFF, 0x5C, 0xA8, 0x5C, 0xFF,
    0x5C, 0xA8, 0x5C, 0xFF, 0x5C, 0xA8, 0x5C, 0xFF, 0x5C, 0xA8, 0x5C, 0xFF, 0x5C, 0xA8, 0x5C, 0xFF,
    0x5C, 0xA8, 0x5C, 0xFF, 0x40, 0x82, 0x3E, 0xFF, 0x00, 0x00, 0x00, 0x00, 0x00, 0x00, 0x00, 0x00,
    0x00, 0x00, 0x00, 0x00, 0x00, 0x00, 0x00, 0x00, 0x00, 0x00, 0x00, 0x00, 0x00, 0x00, 0x00, 0x00,
    0x00, 0x00, 0x00, 0x00, 0x00, 0x00, 0x00, 0x00, 0x00, 0x00, 0x00, 0x00, 0x00, 0x00, 0x00, 0x00,
    0x40, 0x82, 0x3E, 0xFF, 0x40, 0x82, 0x3E, 0xFF, 0x5C, 0xA8, 0x5C, 0xFF, 0x5C, 0xA8, 0x5C, 0xFF,
    0x5C, 0xA8, 0x5C, 0xFF, 0x5C, 0xA8, 0x5C, 0xFF, 0x5C, 0xA8, 0x5C, 0xFF, 0x5C, 0xA8, 0x5C, 0xFF,
    0x5C, 0xA8, 0x5C, 0xFF, 0x5C, 0xA8, 0x5C, 0xFF, 0x5C, 0xA8, 0x5C, 0xFF, 0x5C, 0xA8, 0x5C, 0xFF,
    0x5C, 0xA8, 0x5C, 0xFF, 0x5C, 0xA8, 0x5C, 0xFF, 0x5C, 0xA8, 0x5C, 0xFF, 0x5C, 0xA8, 0x5C, 0xFF,
    0x5C, 0xA8, 0x5C, 0xFF, 0x5C, 0xA8, 0x5C, 0xFF, 0x5C, 0xA8, 0x5C, 0xFF, 0x5C, 0xA8, 0x5C, 0xFF,
    0x5C, 0xA8, 0x5C, 0xFF, 0x5C, 0xA8, 0x5C, 0xFF, 0x5C, 0xA8, 0x5C, 0xFF, 0x5C, 0xA8, 0x5C, 0xFF,
    0x40, 0x82, 0x3E, 0xFF, 0x40, 0x82, 0x3E, 0xFF, 0x5C, 0xA8, 0x5C, 0xFF, 0x5C, 0xA8, 0x5C, 0xFF,
    0x5C, 0xA8, 0x5C, 0xFF, 0x5C, 0xA8, 0x5C, 0xFF, 0x5C, 0xA8, 0x5C, 0xFF, 0x5C, 0xA8, 0x5C, 0xFF,
    0x5C, 0xA8, 0x5C, 0xFF, 0x5C, 0xA8, 0x5C, 0xFF, 0x5C, 0xA8, 0x5C, 0xFF, 0x5C, 0xA8, 0x5C, 0xFF,
    0x5C, 0xA8, 0x5C, 0xFF, 0x5C, 0xA8, 0x5C, 0xFF, 0x5C, 0xA8, 0x5C, 0xFF, 0x5C, 0xA8, 0x5C, 0xFF,
    0x5C, 0xA8, 0x5C, 0xFF, 0x5C, 0xA8, 0x5C, 0xFF, 0x5C, 0xA8, 0x5C, 0xFF, 0x5C, 0xA8, 0x5C, 0xFF,
    0x5C, 0xA8, 0x5C, 0xFF, 0x5C, 0xA8, 0x5C, 0xFF, 0x5C, 0xA8, 0x5C, 0xFF, 0x5C, 0xA8, 0x5C, 0xFF,
    0x40, 0x82, 0x3E, 0xFF, 0x00, 0x00, 0x00, 0x00, 0x00, 0x00, 0x00, 0x00, 0x00, 0x00, 0x00, 0x00,
    0x00, 0x00, 0x00, 0x00, 0x00, 0x00, 0x00, 0x00, 0x00, 0x00, 0x00, 0x00, 0x00, 0x00, 0x00, 0x00,
    0x00, 0x00, 0x00, 0x00, 0x00, 0x00, 0x00, 0x00, 0x00, 0x00, 0x00, 0x00, 0x00, 0x00, 0x00, 0x00,
    0x40, 0x82, 0x3E, 0xFF, 0x40, 0x82, 0x3E, 0xFF, 0x5C, 0xA8, 0x5C, 0xFF, 0x5C, 0xA8, 0x5C, 0xFF,
    0x5C, 0xA8, 0x5C, 0xFF, 0x5C, 0xA8, 0x5C, 0xFF, 0x5C, 0xA8, 0x5C, 0xFF, 0x5C, 0xA8, 0x5C, 0xFF,
    0x5C, 0xA8, 0x5C, 0xFF, 0x5C, 0xA8, 0x5C, 0xFF, 0x5C, 0xA8, 0x5C, 0xFF, 0x5C, 0xA8, 0x5C, 0xFF,
    0x5C, 0xA8, 0x5C, 0xFF, 0x5C, 0xA8, 0x5C, 0xFF, 0x5C, 0xA8, 0x5C, 0xFF, 0x5C, 0xA8, 0x5C, 0xFF,
    0x5C, 0xA8, 0x5C, 0xFF, 0x5C, 0xA8, 0x5C, 0xFF, 0x5C, 0xA8, 0x5C, 0xFF, 0x5C, 0xA8, 0x5C, 0xFF,
    0x5C, 0xA8, 0x5C, 0xFF, 0x5C, 0xA8, 0x5C, 0xFF, 0x5C, 0xA8, 0x5C, 0xFF, 0x5C, 0xA8, 0x5C, 0xFF,
    0x40, 0x82, 0x3E, 0xFF, 0x40, 0x82, 0x3E, 0xFF, 0x5C, 0xA8, 0x5C, 0xFF, 0x5C, 0xA8, 0x5C, 0xFF,
    0x5C, 0xA8, 0x5C, 0xFF, 0x5C, 0xA8, 0x5C, 0xFF, 0x5C, 0xA8, 0x5C, 0xFF, 0x5C, 0xA8, 0x5C, 0xFF,
    0x5C, 0xA8, 0x5C, 0xFF, 0x5C, 0xA8, 0x5C, 0xFF, 0x5C, 0xA8, 0x5C, 0xFF, 0x5C, 0xA8, 0x5C, 0xFF,
    0x5C, 0xA8, 0x5C, 0xFF, 0x5C, 0xA8, 0x5C, 0xFF, 0x5C, 0xA8, 0x5C, 0xFF, 0x5C, 0xA8, 0x5C, 0xFF,
    0x5C, 0xA8, 0x5C, 0xFF, 0x5C, 0xA8, 0x5C, 0xFF, 0x5C, 0xA8, 0x5C, 0xFF, 0x5C, 0xA8, 0x5C, 0xFF,
    0x5C, 0xA8, 0x5C, 0xFF, 0x5C, 0xA8, 0x5C, 0xFF, 0x5C, 0xA8, 0x5C, 0xFF, 0x5C, 0xA8, 0x5C, 0xFF,
    0x40, 0x82, 0x3E, 0xFF, 0x00, 0x00, 0x00, 0x00, 0x00, 0x00, 0x00, 0x00, 0x00, 0x00, 0x00, 0x00,
    0x00, 0x00, 0x00, 0x00, 0x00, 0x00, 0x00, 0x00, 0x00, 0x00, 0x00, 0x00, 0x00, 0x00, 0x00, 0x00,
    0x00, 0x00, 0x00, 0x00, 0x00, 0x00, 0x00, 0x00, 0x00, 0x00, 0x00, 0x00, 0x00, 0x00, 0x00, 0x00,
    0x00, 0x00, 0x00, 0x00, 0x40, 0x82, 0x3E, 0xFF, 0x40, 0x82, 0x3E, 0xFF, 0x5C, 0xA8, 0x5C, 0xFF,
    0x5C, 0xA8, 0x5C, 0xFF, 0x5C, 0xA8, 0x5C, 0xFF, 0x5C, 0xA8, 0x5C, 0xFF, 0x5C, 0xA8, 0x5C, 0xFF,
    0x5C, 0xA8, 0x5C, 0xFF, 0x5C, 0xA8, 0x5C, 0xFF, 0x5C, 0xA8, 0x5C, 0xFF, 0x5C, 0xA8, 0x5C, 0xFF,
    0x5C, 0xA8, 0x5C, 0xFF, 0x5C, 0xA8, 0x5C, 0xFF, 0x5C, 0xA8, 0x5C, 0xFF, 0x5C, 0xA8, 0x5C, 0xFF,
    0x5C, 0xA8, 0x5C, 0xFF, 0x5C, 0xA8, 0x5C, 0xFF, 0x5C, 0xA8, 0x5C, 0xFF, 0x5C, 0xA8, 0x5C, 0xFF,
    0x5C, 0xA8, 0x5C, 0xFF, 0x5C, 0xA8, 0x5C, 0xFF, 0x5C, 0xA8, 0x5C, 0xFF, 0x5C, 0xA8, 0x5C, 0xFF,
    0x5C, 0xA8, 0x5C, 0xFF, 0x40, 0x82, 0x3E, 0xFF, 0x40, 0x82, 0x3E, 0xFF, 0x5C, 0xA8, 0x5C, 0xFF,
    0x5C, 0xA8, 0x5C, 0xFF, 0x5C, 0xA8, 0x5C, 0xFF, 0x5C, 0xA8, 0x5C, 0xFF, 0x5C, 0xA8, 0x5C, 0xFF,
    0x5C, 0xA8, 0x5C, 0xFF, 0x5C, 0xA8, 0x5C, 0xFF, 0x5C, 0xA8, 0x5C, 0xFF, 0x5C, 0xA8, 0x5C, 0xFF,
    0x5C, 0xA8, 0x5C, 0xFF, 0x5C, 0xA8, 0x5C, 0xFF, 0x5C, 0xA8, 0x5C, 0xFF, 0x5C, 0xA8, 0x5C, 0xFF,
    0x5C, 0xA8, 0x5C, 0xFF, 0x5C, 0xA8, 0x5C, 0xFF, 0x5C, 0xA8, 0x5C, 0xFF, 0x5C, 0xA8, 0x5C, 0xFF,
    0x5C, 0xA8, 0x5C, 0xFF, 0x5C, 0xA8, 0x5C, 0xFF, 0x5C, 0xA8, 0x5C, 0xFF, 0x5C, 0xA8, 0x5C, 0xFF,
    0x00, 0x00, 0x00, 0x00, 0x00, 0x00, 0x00, 0x00, 0x00, 0x00, 0x00, 0x00, 0x00, 0x00, 0x00, 0x00,
    0x00, 0x00, 0x00, 0x00, 0x00, 0x00, 0x00, 0x00, 0x00, 0x00, 0x00, 0x00, 0x00, 0x00, 0x00, 0x00,
    0x00, 0x00, 0x00, 0x00, 0x00, 0x00, 0x00, 0x00, 0x00, 0x00, 0x00, 0x00, 0x00, 0x00, 0x00, 0x00,
    0x00, 0x00, 0x00, 0x00, 0x40, 0x82, 0x3E, 0xFF, 0x40, 0x82, 0x3E, 0xFF, 0x5C, 0xA8, 0x5C, 0xFF,
    0x5C, 0xA8, 0x5C, 0xFF, 0x5C, 0xA8, 0x5C, 0xFF, 0x5C, 0xA8, 0x5C, 0xFF, 0x5C, 0xA8, 0x5C, 0xFF,
    0x5C, 0xA8, 0x5C, 0xFF, 0x5C, 0xA8, 0x5C, 0xFF, 0x5C, 0xA8, 0x5C, 0xFF, 0x5C, 0xA8, 0x5C, 0xFF,
    0x5C, 0xA8, 0x5C, 0xFF, 0x5C, 0xA8, 0x5C, 0xFF, 0x5C, 0xA8, 0x5C, 0xFF, 0x5C, 0xA8, 0x5C, 0xFF,
    0x5C, 0xA8, 0x5C, 0xFF, 0x5C, 0xA8, 0x5C, 0xFF, 0x5C, 0xA8, 0x5C, 0xFF, 0x5C, 0xA8, 0x5C, 0xFF,
    0x5C, 0xA8, 0x5C, 0xFF, 0x5C, 0xA8, 0x5C, 0xFF, 0x5C, 0xA8, 0x5C, 0xFF, 0x5C, 0xA8, 0x5C, 0xFF,
    0x5C, 0xA8, 0x5C, 0xFF, 0x5C, 0xA8, 0x5C, 0xFF, 0x40, 0x82, 0x3E, 0xFF, 0x40, 0x82, 0x3E, 0xFF,
    0x5C, 0xA8, 0x5C, 0xFF, 0x5C, 0xA8, 0x5C, 0xFF, 0x5C, 0xA8, 0x5C, 0xFF, 0x5C, 0xA8, 0x5C, 0xFF,
    0x5C, 0xA8, 0x5C, 0xFF, 0x5C, 0xA8, 0x5C, 0xFF, 0x5C, 0xA8, 0x5C, 0xFF, 0x5C, 0xA8, 0x5C, 0xFF,
    0x5C, 0xA8, 0x5C, 0xFF, 0x5C, 0xA8, 0x5C, 0xFF, 0x5C, 0xA8, 0x5C, 0xFF, 0x5C, 0xA8, 0x5C, 0xFF,
    0x5C, 0xA8, 0x5C, 0xFF, 0x5C, 0xA8, 0x5C, 0xFF, 0x5C, 0xA8, 0x5C, 0xFF, 0x5C, 0xA8, 0x5C, 0xFF,
    0x5C, 0xA8, 0x5C, 0xFF, 0x5C, 0xA8, 0x5C, 0xFF, 0x5C, 0xA8, 0x5C, 0xFF, 0x5C, 0xA8, 0x5C, 0xFF,
    0x00, 0x00, 0x00, 0x00, 0x00, 0x00, 0x00, 0x00, 0x00, 0x00, 0x00, 0x00, 0x00, 0x00, 0x00, 0x00,
    0x00, 0x00, 0x00, 0x00, 0x00, 0x00, 0x00, 0x00, 0x00, 0x00, 0x00, 0x00, 0x00, 0x00, 0x00, 0x00,
    0x00, 0x00, 0x00, 0x00, 0x00, 0x00, 0x00, 0x00, 0x00, 0x00, 0x00, 0x00, 0x00, 0x00, 0x00, 0x00,
    0x00, 0x00, 0x00, 0x00, 0x00, 0x00, 0x00, 0x00, 0x40, 0x82, 0x3E, 0xFF, 0x40, 0x82, 0x3E, 0xFF,
    0x5C, 0xA8, 0x5C, 0xFF, 0x5C, 0xA8, 0x5C, 0xFF, 0x5C, 0xA8, 0x5C, 0xFF, 0x5C, 0xA8, 0x5C, 0xFF,
    0x5C, 0xA8, 0x5C, 0xFF, 0x5C, 0xA8, 0x5C, 0xFF, 0x5C, 0xA8, 0x5C, 0xFF, 0x5C, 0xA8, 0x5C, 0xFF,
    0x5C, 0xA8, 0x5C, 0xFF, 0x5C, 0xA8, 0x5C, 0xFF, 0x5C, 0xA8, 0x5C, 0xFF, 0x5C, 0xA8, 0x5C, 0xFF,
    0x5C, 0xA8, 0x5C, 0xFF, 0x5C, 0xA8, 0x5C, 0xFF, 0x5C, 0xA8, 0x5C, 0xFF, 0x5C, 0xA8, 0x5C, 0xFF,
    0x5C, 0xA8, 0x5C, 0xFF, 0x5C, 0xA8, 0x5C, 0xFF, 0x5C, 0xA8, 0x5C, 0xFF, 0x5C, 0xA8, 0x5C, 0xFF,
    0x5C, 0xA8, 0x5C, 0xFF, 0x5C, 0xA8, 0x5C, 0xFF, 0x5C, 0xA8, 0x5C, 0xFF, 0x40, 0x82, 0x3E, 0xFF,
    0x40, 0x82, 0x3E, 0xFF, 0x5C, 0xA8, 0x5C, 0xFF, 0x5C, 0xA8, 0x5C, 0xFF, 0x5C, 0xA8, 0x5C, 0xFF,
    0x5C, 0xA8, 0x5C, 0xFF, 0x5C, 0xA8, 0x5C, 0xFF, 0x5C, 0xA8, 0x5C, 0xFF, 0x5C, 0xA8, 0x5C, 0xFF,
    0x5C, 0xA8, 0x5C, 0xFF, 0x5C, 0xA8, 0x5C, 0xFF, 0x5C, 0xA8, 0x5C, 0xFF, 0x5C, 0xA8, 0x5C, 0xFF,
    0x5C, 0xA8, 0x5C, 0xFF, 0x5C, 0xA8, 0x5C, 0xFF, 0x5C, 0xA8, 0x5C, 0xFF, 0x5C, 0xA8, 0x5C, 0xFF,
    0x5C, 0xA8, 0x5C, 0xFF, 0x5C, 0xA8, 0x5C, 0xFF, 0x5C, 0xA8, 0x5C, 0xFF, 0x00, 0x00, 0x00, 0x00,
    0x00, 0x00, 0x00, 0x00, 0x00, 0x00, 0x00, 0x00, 0x00, 0x00, 0x00, 0x00, 0x00, 0x00, 0x00, 0x00,
    0x00, 0x00, 0x00, 0x00, 0x00, 0x00, 0x00, 0x00, 0x00, 0x00, 0x00, 0x00, 0x00, 0x00, 0x00, 0x00,
    0x00, 0x00, 0x00, 0x00, 0x00, 0x00, 0x00, 0x00, 0x00, 0x00, 0x00, 0x00, 0x00, 0x00, 0x00, 0x00,
    0x00, 0x00, 0x00, 0x00, 0x00, 0x00, 0x00, 0x00, 0x40, 0x82, 0x3E, 0xFF, 0x40, 0x82, 0x3E, 0xFF,
    0x5C, 0xA8, 0x5C, 0xFF, 0x5C, 0xA8, 0x5C, 0xFF, 0x5C, 0xA8, 0x5C, 0xFF, 0x5C, 0xA8, 0x5C, 0xFF,
    0x5C, 0xA8, 0x5C, 0xFF, 0x5C, 0xA8, 0x5C, 0xFF, 0x5C, 0xA8, 0x5C, 0xFF, 0x5C, 0xA8, 0x5C, 0xFF,
    0x5C, 0xA8, 0x5C, 0xFF, 0x5C, 0xA8, 0x5C, 0xFF, 0x5C, 0xA8, 0x5C, 0xFF, 0x5C, 0xA8, 0x5C, 0xFF,
    0x5C, 0xA8, 0x5C, 0xFF, 0x5C, 0xA8, 0x5C, 0xFF, 0x5C, 0xA8, 0x5C, 0xFF, 0x5C, 0xA8, 0x5C, 0xFF,
    0x5C, 0xA8, 0x5C, 0xFF, 0x5C, 0xA8, 0x5C, 0xFF, 0x5C, 0xA8, 0x5C, 0xFF, 0x5C, 0xA8, 0x5C, 0xFF,
    0x5C, 0xA8, 0x5C, 0xFF, 0x5C, 0xA8, 0x5C, 0xFF, 0x5C, 0xA8, 0x5C, 0xFF, 0x5C, 0xA8, 0x5C, 0xFF,
    0x40, 0x82, 0x3E, 0xFF, 0x40, 0x82, 0x3E, 0xFF, 0x40, 0x82, 0x3E, 0xFF, 0x5C, 0xA8, 0x5C, 0xFF,
    0x5C, 0xA8, 0x5C, 0xFF, 0x5C, 0xA8, 0x5C, 0xFF, 0x5C, 0xA8, 0x5C, 0xFF, 0x5C, 0xA8, 0x5C, 0xFF,
    0x5C, 0xA8, 0x5C, 0xFF, 0x5C, 0xA8, 0x5C, 0xFF, 0x5C, 0xA8, 0x5C, 0xFF, 0x5C, 0xA8, 0x5C, 0xFF,
    0x5C, 0xA8, 0x5C, 0xFF, 0x5C, 0xA8, 0x5C, 0xFF, 0x5C, 0xA8, 0x5C, 0xFF, 0x5C, 0xA8, 0x5C, 0xFF,
    0x5C, 0xA8, 0x5C, 0xFF, 0x5C, 0xA8, 0x5C, 0xFF, 0x5C, 0xA8, 0x5C, 0xFF, 0x00, 0x00, 0x00, 0x00,
    0x00, 0x00, 0x00, 0x00, 0x00, 0x00, 0x00, 0x00, 0x00, 0x00, 0x00, 0x00, 0x00, 0x00, 0x00, 0x00,
    0x00, 0x00, 0x00, 0x00, 0x00, 0x00, 0x00, 0x00, 0x00, 0x00, 0x00, 0x00, 0x00, 0x00, 0x00, 0x00,
    0x00, 0x00, 0x00, 0x00, 0x00, 0x00, 0x00, 0x00, 0x00, 0x00, 0x00, 0x00, 0x00, 0x00, 0x00, 0x00,
    0x00, 0x00, 0x00, 0x00, 0x00, 0x00, 0x00, 0x00, 0x00, 0x00, 0x00, 0x00, 0x40, 0x82, 0x3E, 0xFF,
    0x40, 0x82, 0x3E, 0xFF, 0x5C, 0xA8, 0x5C, 0xFF, 0x5C, 0xA8, 0x5C, 0xFF, 0x5C, 0xA8, 0x5C, 0xFF,
    0x5C, 0xA8, 0x5C, 0xFF, 0x5C, 0xA8, 0x5C, 0xFF, 0x5C, 0xA8, 0x5C, 0xFF, 0x5C, 0xA8, 0x5C, 0xFF,
    0x5C, 0xA8, 0x5C, 0xFF, 0x5C, 0xA8, 0x5C, 0xFF, 0x5C, 0xA8, 0x5C, 0xFF, 0x5C, 0xA8, 0x5C, 0xFF,
    0x5C, 0xA8, 0x5C, 0xFF, 0x5C, 0xA8, 0x5C, 0xFF, 0x5C, 0xA8, 0x5C, 0xFF, 0x5C, 0xA8, 0x5C, 0xFF,
    0x5C, 0xA8, 0x5C, 0xFF, 0x5C, 0xA8, 0x5C, 0xFF, 0x5C, 0xA8, 0x5C, 0xFF, 0x5C, 0xA8, 0x5C, 0xFF,
    0x5C, 0xA8, 0x5C, 0xFF, 0x5C, 0xA8, 0x5C, 0xFF, 0x5C, 0xA8, 0x5C, 0xFF, 0x5C, 0xA8, 0x5C, 0xFF,
    0x5C, 0xA8, 0x5C, 0xFF, 0x40, 0x82, 0x3E, 0xFF, 0x40, 0x82, 0x3E, 0xFF, 0x40, 0x82, 0x3E, 0xFF,
    0x40, 0x82, 0x3E, 0xFF, 0x5C, 0xA8, 0x5C, 0xFF, 0x5C, 0xA8, 0x5C, 0xFF, 0x5C, 0xA8, 0x5C, 0xFF,
    0x5C, 0xA8, 0x5C, 0xFF, 0x5C, 0xA8, 0x5C, 0xFF, 0x5C, 0xA8, 0x5C, 0xFF, 0x5C, 0xA8, 0x5C, 0xFF,
    0x5C, 0xA8, 0x5C, 0xFF, 0x5C, 0xA8, 0x5C, 0xFF, 0x5C, 0xA8, 0x5C, 0xFF, 0x5C, 0xA8, 0x5C, 0xFF,
    0x5C, 0xA8, 0x5C, 0xFF, 0x5C, 0xA8, 0x5C, 0xFF, 0x00, 0x00, 0x00, 0x00, 0x00, 0x00, 0x00, 0x00,
    0x00, 0x00, 0x00, 0x00, 0x00, 0x00, 0x00, 0x00, 0x00, 0x00, 0x00, 0x00, 0x00, 0x00, 0x00, 0x00,
    0x00, 0x00, 0x00, 0x00, 0x00, 0x00, 0x00, 0x00, 0x00, 0x00, 0x00, 0x00, 0x00, 0x00, 0x00, 0x00,
    0x00, 0x00, 0x00, 0x00, 0x00, 0x00, 0x00, 0x00, 0x00, 0x00, 0x00, 0x00, 0x00, 0x00, 0x00, 0x00,
    0x00, 0x00, 0x00, 0x00, 0x00, 0x00, 0x00, 0x00, 0x00, 0x00, 0x00, 0x00, 0x00, 0x00, 0x00, 0x00,
    0x40, 0x82, 0x3E, 0xFF, 0x40, 0x82, 0x3E, 0xFF, 0x5C, 0xA8, 0x5C, 0xFF, 0x5C, 0xA8, 0x5C, 0xFF,
    0x5C, 0xA8, 0x5C, 0xFF, 0x5C, 0xA8, 0x5C, 0xFF, 0x5C, 0xA8, 0x5C, 0xFF, 0x5C, 0xA8, 0x5C, 0xFF,
    0x5C, 0xA8, 0x5C, 0xFF, 0x5C, 0xA8, 0x5C, 0xFF, 0x5C, 0xA8, 0x5C, 0xFF, 0x5C, 0xA8, 0x5C, 0xFF,
    0x5C, 0xA8, 0x5C, 0xFF, 0x5C, 0xA8, 0x5C, 0xFF, 0x5C, 0xA8, 0x5C, 0xFF, 0x5C, 0xA8, 0x5C, 0xFF,
    0x5C, 0xA8, 0x5C, 0xFF, 0x5C, 0xA8, 0x5C, 0xFF, 0x5C, 0xA8, 0x5C, 0xFF, 0x5C, 0xA8, 0x5C, 0xFF,
    0x5C, 0xA8, 0x5C, 0xFF, 0x5C, 0xA8, 0x5C, 0xFF, 0x5C, 0xA8, 0x5C, 0xFF, 0x5C, 0xA8, 0x5C, 0xFF,
    0x5C, 0xA8, 0x5C, 0xFF, 0x5C, 0xA8, 0x5C, 0xFF, 0x5C, 0xA8, 0x5C, 0xFF, 0x40, 0x82, 0x3E, 0xFF,
    0x40, 0x82, 0x3E, 0xFF, 0x40, 0x82, 0x3E, 0xFF, 0x40, 0x82, 0x3E, 0xFF, 0x40, 0x82, 0x3E, 0xFF,
    0x40, 0x82, 0x3E, 0xFF, 0x5C, 0xA8, 0x5C, 0xFF, 0x5C, 0xA8, 0x5C, 0xFF, 0x5C, 0xA8, 0x5C, 0xFF,
    0x5C, 0xA8, 0x5C, 0xFF, 0x5C, 0xA8, 0x5C, 0xFF, 0x5C, 0xA8, 0x5C, 0xFF, 0x5C, 0xA8, 0x5C, 0xFF,
    0x5C, 0xA8, 0x5C, 0xFF, 0x5C, 0xA8, 0x5C, 0xFF, 0x00, 0x00, 0x00, 0x00, 0x00, 0x00, 0x00, 0x00,
    0x00, 0x00, 0x00, 0x00, 0x00, 0x00, 0x00, 0x00, 0x00, 0x00, 0x00, 0x00, 0x00, 0x00, 0x00, 0x00,
    0x00, 0x00, 0x00, 0x00, 0x00, 0x00, 0x00, 0x00, 0x00, 0x00, 0x00, 0x00, 0x00, 0x00, 0x00, 0x00,
    0x00, 0x00, 0x00, 0x00, 0x00, 0x00, 0x00, 0x00, 0x00, 0x00, 0x00, 0x00, 0x00, 0x00, 0x00, 0x00,
    0x00, 0x00, 0x00, 0x00, 0x00, 0x00, 0x00, 0x00, 0x00, 0x00, 0x00, 0x00, 0x00, 0x00, 0x00, 0x00,
    0x40, 0x82, 0x3E, 0xFF, 0x40, 0x82, 0x3E, 0xFF, 0x40, 0x82, 0x3E, 0xFF, 0x5C, 0xA8, 0x5C, 0xFF,
    0x5C, 0xA8, 0x5C, 0xFF, 0x5C, 0xA8, 0x5C, 0xFF, 0x5C, 0xA8, 0x5C, 0xFF, 0x5C, 0xA8, 0x5C, 0xFF,
    0x5C, 0xA8, 0x5C, 0xFF, 0x5C, 0xA8, 0x5C, 0xFF, 0x5C, 0xA8, 0x5C, 0xFF, 0x5C, 0xA8, 0x5C, 0xFF,
    0x5C, 0xA8, 0x5C, 0xFF, 0x5C, 0xA8, 0x5C, 0xFF, 0x5C, 0xA8, 0x5C, 0xFF, 0x5C, 0xA8, 0x5C, 0xFF,
    0x5C, 0xA8, 0x5C, 0xFF, 0x5C, 0xA8, 0x5C, 0xFF, 0x5C, 0xA8, 0x5C, 0xFF, 0x5C, 0xA8, 0x5C, 0xFF,
    0x5C, 0xA8, 0x5C, 0xFF, 0x5C, 0xA8, 0x5C, 0xFF, 0x5C, 0xA8, 0x5C, 0xFF, 0x5C, 0xA8, 0x5C, 0xFF,
    0x5C, 0xA8, 0x5C, 0xFF, 0x5C, 0xA8, 0x5C, 0xFF, 0x5C, 0xA8, 0x5C, 0xFF, 0x5C, 0xA8, 0x5C, 0xFF,
    0x5C, 0xA8, 0x5C, 0xFF, 0x40, 0x82, 0x3E, 0xFF, 0x40, 0x82, 0x3E, 0xFF, 0x40, 0x82, 0x3E, 0xFF,
    0x40, 0x82, 0x3E, 0xFF, 0x5C, 0xA8, 0x5C, 0xFF, 0x5C, 0xA8, 0x5C, 0xFF, 0x5C, 0xA8, 0x5C, 0xFF,
    0x5C, 0xA8, 0x5C, 0xFF, 0x5C, 0xA8, 0x5C, 0xFF, 0x5C, 0xA8, 0x5C, 0xFF, 0x5C, 0xA8, 0x5C, 0xFF,
    0x5C, 0xA8, 0x5C, 0xFF, 0x00, 0x00, 0x00, 0x00, 0x00, 0x00, 0x00, 0x00, 0x00, 0x00, 0x00, 0x00,
    0x00, 0x00, 0x00, 0x00, 0x00, 0x00, 0x00, 0x00, 0x00, 0x00, 0x00, 0x00, 0x00, 0x00, 0x00, 0x00,
    0x00, 0x00, 0x00, 0x00, 0x00, 0x00, 0x00, 0x00, 0x00, 0x00, 0x00, 0x00, 0x00, 0x00, 0x00, 0x00,
    0x00, 0x00, 0x00, 0x00, 0x00, 0x00, 0x00, 0x00, 0x00, 0x00, 0x00, 0x00, 0x00, 0x00, 0x00, 0x00,
    0x00, 0x00, 0x00, 0x00, 0x00, 0x00, 0x00, 0x00, 0x00, 0x00, 0x00, 0x00, 0x00, 0x00, 0x00, 0x00,
    0x00, 0x00, 0x00, 0x00, 0x40, 0x82, 0x3E, 0xFF, 0x40, 0x82, 0x3E, 0xFF, 0x40, 0x82, 0x3E, 0xFF,
    0x5C, 0xA8, 0x5C, 0xFF, 0x5C, 0xA8, 0x5C, 0xFF, 0x5C, 0xA8, 0x5C, 0xFF, 0x5C, 0xA8, 0x5C, 0xFF,
    0x5C, 0xA8, 0x5C, 0xFF, 0x5C, 0xA8, 0x5C, 0xFF, 0x5C, 0xA8, 0x5C, 0xFF, 0x5C, 0xA8, 0x5C, 0xFF,
    0x5C, 0xA8, 0x5C, 0xFF, 0x5C, 0xA8, 0x5C, 0xFF, 0x5C, 0xA8, 0x5C, 0xFF, 0x5C, 0xA8, 0x5C, 0xFF,
    0x5C, 0xA8, 0x5C, 0xFF, 0x5C, 0xA8, 0x5C, 0xFF, 0x5C, 0xA8, 0x5C, 0xFF, 0x5C, 0xA8, 0x5C, 0xFF,
    0x5C, 0xA8, 0x5C, 0xFF, 0x5C, 0xA8, 0x5C, 0xFF, 0x5C, 0xA8, 0x5C, 0xFF, 0x5C, 0xA8, 0x5C, 0xFF,
    0x5C, 0xA8, 0x5C, 0xFF, 0x5C, 0xA8, 0x5C, 0xFF, 0x5C, 0xA8, 0x5C, 0xFF, 0x5C, 0xA8, 0x5C, 0xFF,
    0x5C, 0xA8, 0x5C, 0xFF, 0x5C, 0xA8, 0x5C, 0xFF, 0x5C, 0xA8, 0x5C, 0xFF, 0x5C, 0xA8, 0x5C, 0xFF,
    0x5C, 0xA8, 0x5C, 0xFF, 0x5C, 0xA8, 0x5C, 0xFF, 0x5C, 0xA8, 0x5C, 0xFF, 0x5C, 0xA8, 0x5C, 0xFF,
    0x5C, 0xA8, 0x5C, 0xFF, 0x5C, 0xA8, 0x5C, 0xFF, 0x5C, 0xA8, 0x5C, 0xFF, 0x5C, 0xA8, 0x5C, 0xFF,
    0x5C, 0xA8, 0x5C, 0xFF, 0x00, 0x00, 0x00, 0x00, 0x00, 0x00, 0x00, 0x00, 0x00, 0x00, 0x00, 0x00,
    0x00, 0x00, 0x00, 0x00, 0x00, 0x00, 0x00, 0x00, 0x00, 0x00, 0x00, 0x00, 0x00, 0x00, 0x00, 0x00,
    0x00, 0x00, 0x00, 0x00, 0x00, 0x00, 0x00, 0x00, 0x00, 0x00, 0x00, 0x00, 0x00, 0x00, 0x00, 0x00,
    0x00, 0x00, 0x00, 0x00, 0x00, 0x00, 0x00, 0x00, 0x00, 0x00, 0x00, 0x00, 0x00, 0x00, 0x00, 0x00,
    0x00, 0x00, 0x00, 0x00, 0x00, 0x00, 0x00, 0x00, 0x00, 0x00, 0x00, 0x00, 0x00, 0x00, 0x00, 0x00,
    0x00, 0x00, 0x00, 0x00, 0x00, 0x00, 0x00, 0x00, 0x40, 0x82, 0x3E, 0xFF, 0x40, 0x82, 0x3E, 0xFF,
    0x40, 0x82, 0x3E, 0xFF, 0x5C, 0xA8, 0x5C, 0xFF, 0x5C, 0xA8, 0x5C, 0xFF, 0x5C, 0xA8, 0x5C, 0xFF,
    0x5C, 0xA8, 0x5C, 0xFF, 0x5C, 0xA8, 0x5C, 0xFF, 0x5C, 0xA8, 0x5C, 0xFF, 0x5C, 0xA8, 0x5C, 0xFF,
    0x5C, 0xA8, 0x5C, 0xFF, 0x5C, 0xA8, 0x5C, 0xFF, 0x5C, 0xA8, 0x5C, 0xFF, 0x5C, 0xA8, 0x5C, 0xFF,
    0x5C, 0xA8, 0x5C, 0xFF, 0x5C, 0xA8, 0x5C, 0xFF, 0x5C, 0xA8, 0x5C, 0xFF, 0x5C, 0xA8, 0x5C, 0xFF,
    0x5C, 0xA8, 0x5C, 0xFF, 0x5C, 0xA8, 0x5C, 0xFF, 0x5C, 0xA8, 0x5C, 0xFF, 0x5C, 0xA8, 0x5C, 0xFF,
    0x5C, 0xA8, 0x5C, 0xFF, 0x5C, 0xA8, 0x5C, 0xFF, 0x5C, 0xA8, 0x5C, 0xFF, 0x5C, 0xA8, 0x5C, 0xFF,
    0x5C, 0xA8, 0x5C, 0xFF, 0x5C, 0xA8, 0x5C, 0xFF, 0x5C, 0xA8, 0x5C, 0xFF, 0x5C, 0xA8, 0x5C, 0xFF,
    0x5C, 0xA8, 0x5C, 0xFF, 0x5C, 0xA8, 0x5C, 0xFF, 0x5C, 0xA8, 0x5C, 0xFF, 0x5C, 0xA8, 0x5C, 0xFF,
    0x5C, 0xA8, 0x5C, 0xFF, 0x5C, 0xA8, 0x5C, 0xFF, 0x5C, 0xA8, 0x5C, 0xFF, 0x5C, 0xA8, 0x5C, 0xFF,
    0x00, 0x00, 0x00, 0x00, 0x00, 0x00, 0x00, 0x00, 0x00, 0x00, 0x00, 0x00, 0x00, 0x00, 0x00, 0x00,
    0x00, 0x00, 0x00, 0x00, 0x00, 0x00, 0x00, 0x00, 0x00, 0x00, 0x00, 0x00, 0x00, 0x00, 0x00, 0x00,
    0x00, 0x00, 0x00, 0x00, 0x00, 0x00, 0x00, 0x00, 0x00, 0x00, 0x00, 0x00, 0x00, 0x00, 0x00, 0x00,
    0x00, 0x00, 0x00, 0x00, 0x00, 0x00, 0x00, 0x00, 0x00, 0x00, 0x00, 0x00, 0x00, 0x00, 0x00, 0x00,
    0x00, 0x00, 0x00, 0x00, 0x00, 0x00, 0x00, 0x00, 0x00, 0x00, 0x00, 0x00, 0x00, 0x00, 0x00, 0x00,
    0x00, 0x00, 0x00, 0x00, 0x00, 0x00, 0x00, 0x00, 0x00, 0x00, 0x00, 0x00, 0x40, 0x82, 0x3E, 0xFF,
    0x40, 0x82, 0x3E, 0xFF, 0x40, 0x82, 0x3E, 0xFF, 0x40, 0x82, 0x3E, 0xFF, 0x5C, 0xA8, 0x5C, 0xFF,
    0x5C, 0xA8, 0x5C, 0xFF, 0x5C, 0xA8, 0x5C, 0xFF, 0x5C, 0xA8, 0x5C, 0xFF, 0x5C, 0xA8, 0x5C, 0xFF,
    0x5C, 0xA8, 0x5C, 0xFF, 0x5C, 0xA8, 0x5C, 0xFF, 0x5C, 0xA8, 0x5C, 0xFF, 0x5C, 0xA8, 0x5C, 0xFF,
    0x5C, 0xA8, 0x5C, 0xFF, 0x5C, 0xA8, 0x5C, 0xFF, 0x5C, 0xA8, 0x5C, 0xFF, 0x5C, 0xA8, 0x5C, 0xFF,
    0x5C, 0xA8, 0x5C, 0xFF, 0x5C, 0xA8, 0x5C, 0xFF, 0x5C, 0xA8, 0x5C, 0xFF, 0x5C, 0xA8, 0x5C, 0xFF,
    0x5C, 0xA8, 0x5C, 0xFF, 0x5C, 0xA8, 0x5C, 0xFF, 0x5C, 0xA8, 0x5C, 0xFF, 0x5C, 0xA8, 0x5C, 0xFF,
    0x5C, 0xA8, 0x5C, 0xFF, 0x5C, 0xA8, 0x5C, 0xFF, 0x5C, 0xA8, 0x5C, 0xFF, 0x5C, 0xA8, 0x5C, 0xFF,
    0x5C, 0xA8, 0x5C, 0xFF, 0x5C, 0xA8, 0x5C, 0xFF, 0x5C, 0xA8, 0x5C, 0xFF, 0x5C, 0xA8, 0x5C, 0xFF,
    0x5C, 0xA8, 0x5C, 0xFF, 0x5C, 0xA8, 0x5C, 0xFF, 0x5C, 0xA8, 0x5C, 0xFF, 0x00, 0x00, 0x00, 0x00,
    0x00, 0x00, 0x00, 0x00, 0x00, 0x00, 0x00, 0x00, 0x00, 0x00, 0x00, 0x00, 0x00, 0x00, 0x00, 0x00,
    0x00, 0x00, 0x00, 0x00, 0x00, 0x00, 0x00, 0x00, 0x00, 0x00, 0x00, 0x00, 0x00, 0x00, 0x00, 0x00,
    0x00, 0x00, 0x00, 0x00, 0x00, 0x00, 0x00, 0x00, 0x00, 0x00, 0x00, 0x00, 0x00, 0x00, 0x00, 0x00,
    0x00, 0x00, 0x00, 0x00, 0x00, 0x00, 0x00, 0x00, 0x00, 0x00, 0x00, 0x00, 0x00, 0x00, 0x00, 0x00,
    0x00, 0x00, 0x00, 0x00, 0x00, 0x00, 0x00, 0x00, 0x00, 0x00, 0x00, 0x00, 0x00, 0x00, 0x00, 0x00,
    0x5C, 0xA8, 0x5C, 0xFF, 0x5C, 0xA8, 0x5C, 0xFF, 0x5C, 0xA8, 0x5C, 0xFF, 0x5C, 0xA8, 0x5C, 0xFF,
    0x5C, 0xA8, 0x5C, 0xFF, 0x5C, 0xA8, 0x5C, 0xFF, 0x5C, 0xA8, 0x5C, 0xFF, 0x5C, 0xA8, 0x5C, 0xFF,
    0x5C, 0xA8, 0x5C, 0xFF, 0x5C, 0xA8, 0x5C, 0xFF, 0x5C, 0xA8, 0x5C, 0xFF, 0x5C, 0xA8, 0x5C, 0xFF,
    0x5C, 0xA8, 0x5C, 0xFF, 0x5C, 0xA8, 0x5C, 0xFF, 0x5C, 0xA8, 0x5C, 0xFF, 0x5C, 0xA8, 0x5C, 0xFF,
    0x5C, 0xA8, 0x5C, 0xFF, 0x5C, 0xA8, 0x5C, 0xFF, 0x5C, 0xA8, 0x5C, 0xFF, 0x5C, 0xA8, 0x5C, 0xFF,
    0x5C, 0xA8, 0x5C, 0xFF, 0x5C, 0xA8, 0x5C, 0xFF, 0x5C, 0xA8, 0x5C, 0xFF, 0x5C, 0xA8, 0x5C, 0xFF,
    0x5C, 0xA8, 0x5C, 0xFF, 0x5C, 0xA8, 0x5C, 0xFF, 0x5C, 0xA8, 0x5C, 0xFF, 0x5C, 0xA8, 0x5C, 0xFF,
    0x5C, 0xA8, 0x5C, 0xFF, 0x5C, 0xA8, 0x5C, 0xFF, 0x5C, 0xA8, 0x5C, 0xFF, 0x5C, 0xA8, 0x5C, 0xFF,
    0x5C, 0xA8, 0x5C, 0xFF, 0x5C, 0xA8, 0x5C, 0xFF, 0x5C, 0xA8, 0x5C, 0xFF, 0x5C, 0xA8, 0x5C, 0xFF,
    0x5C, 0xA8, 0x5C, 0xFF, 0x5C, 0xA8, 0x5C, 0xFF, 0x5C, 0xA8, 0x5C, 0xFF, 0x5C, 0xA8, 0x5C, 0xFF,
    0x5C, 0xA8, 0x5C, 0xFF, 0x5C, 0xA8, 0x5C, 0xFF, 0x5C, 0xA8, 0x5C, 0xFF, 0x5C, 0xA8, 0x5C, 0xFF,
    0x5C, 0xA8, 0x5C, 0xFF, 0x00, 0x00, 0x00, 0x00, 0x00, 0x00, 0x00, 0x00, 0x00, 0x00, 0x00, 0x00,
    0x00, 0x00, 0x00, 0x00, 0x00, 0x00, 0x00, 0x00, 0x00, 0x00, 0x00, 0x00, 0x00, 0x00, 0x00, 0x00,
    0x00, 0x00, 0x00, 0x00, 0x00, 0x00, 0x00, 0x00, 0x00, 0x00, 0x00, 0x00, 0x00, 0x00, 0x00, 0x00,
    0x00, 0x00, 0x00, 0x00, 0x00, 0x00, 0x00, 0x00, 0x00, 0x00, 0x00, 0x00, 0x00, 0x00, 0x00, 0x00,
    0x5C, 0xA8, 0x5C, 0xFF, 0x5C, 0xA8, 0x5C, 0xFF, 0x5C, 0xA8, 0x5C, 0xFF, 0x5C, 0xA8, 0x5C, 0xFF,
    0x5C, 0xA8, 0x5C, 0xFF, 0x5C, 0xA8, 0x5C, 0xFF, 0x5C, 0xA8, 0x5C, 0xFF, 0x5C, 0xA8, 0x5C, 0xFF,
    0x5C, 0xA8, 0x5C, 0xFF, 0x5C, 0xA8, 0x5C, 0xFF, 0x5C, 0xA8, 0x5C, 0xFF, 0x5C, 0xA8, 0x5C, 0xFF,
    0x5C, 0xA8, 0x5C, 0xFF, 0x5C, 0xA8, 0x5C, 0xFF, 0x5C, 0xA8, 0x5C, 0xFF, 0x5C, 0xA8, 0x5C, 0xFF,
    0x5C, 0xA8, 0x5C, 0xFF, 0x5C, 0xA8, 0x5C, 0xFF, 0x5C, 0xA8, 0x5C, 0xFF, 0x5C, 0xA8, 0x5C, 0xFF,
    0x5C, 0xA8, 0x5C, 0xFF, 0x5C, 0xA8, 0x5C, 0xFF, 0x5C, 0xA8, 0x5C, 0xFF, 0x5C, 0xA8, 0x5C, 0xFF,
    0x5C, 0xA8, 0x5C, 0xFF, 0x5C, 0xA8, 0x5C, 0xFF, 0x5C, 0xA8, 0x5C, 0xFF, 0x5C, 0xA8, 0x5C, 0xFF,
    0x5C, 0xA8, 0x5C, 0xFF, 0x5C, 0xA8, 0x5C, 0xFF, 0x5C, 0xA8, 0x5C, 0xFF, 0x5C, 0xA8, 0x5C, 0xFF,
    0x5C, 0xA8, 0x5C, 0xFF, 0x5C, 0xA8, 0x5C, 0xFF, 0x5C, 0xA8, 0x5C, 0xFF, 0x5C, 0xA8, 0x5C, 0xFF,
    0x5C, 0xA8, 0x5C, 0xFF, 0x5C, 0xA8, 0x5C, 0xFF, 0x5C, 0xA8, 0x5C, 0xFF, 0x5C, 0xA8, 0x5C, 0xFF,
    0x5C, 0xA8, 0x5C, 0xFF, 0x5C, 0xA8, 0x5C, 0xFF, 0x5C, 0xA8, 0x5C, 0xFF, 0x5C, 0xA8, 0x5C, 0xFF,
    0x5C, 0xA8, 0x5C, 0xFF, 0x00, 0x00, 0x00, 0x00, 0x00, 0x00, 0x00, 0x00, 0x00, 0x00, 0x00, 0x00,
    0x00, 0x00, 0x00, 0x00, 0x00, 0x00, 0x00, 0x00, 0x00, 0x00, 0x00, 0x00, 0x00, 0x00, 0x00, 0x00,
    0x00, 0x00, 0x00, 0x00, 0x00, 0x00, 0x00, 0x00, 0x00, 0x00, 0x00, 0x00, 0x00, 0x00, 0x00, 0x00,
    0x00, 0x00, 0x00, 0x00, 0x00, 0x00, 0x00, 0x00, 0x00, 0x00, 0x00, 0x00, 0x00, 0x00, 0x00, 0x00,
    0x5C, 0xA8, 0x5C, 0xFF, 0x5C, 0xA8, 0x5C, 0xFF, 0x5C, 0xA8, 0x5C, 0xFF, 0x5C, 0xA8, 0x5C, 0xFF,
    0x5C, 0xA8, 0x5C, 0xFF, 0x5C, 0xA8, 0x5C, 0xFF, 0x5C, 0xA8, 0x5C, 0xFF, 0x5C, 0xA8, 0x5C, 0xFF,
    0x5C, 0xA8, 0x5C, 0xFF, 0x5C, 0xA8, 0x5C, 0xFF, 0x5C, 0xA8, 0x5C, 0xFF, 0x5C, 0xA8, 0x5C, 0xFF,
    0x5C, 0xA8, 0x5C, 0xFF, 0x5C, 0xA8, 0x5C, 0xFF, 0x5C, 0xA8, 0x5C, 0xFF, 0x5C, 0xA8, 0x5C, 0xFF,
    0x5C, 0xA8, 0x5C, 0xFF, 0x5C, 0xA8, 0x5C, 0xFF, 0x5C, 0xA8, 0x5C, 0xFF, 0x5C, 0xA8, 0x5C, 0xFF,
    0x5C, 0xA8, 0x5C, 0xFF, 0x5C, 0xA8, 0x5C, 0xFF, 0x5C, 0xA8, 0x5C, 0xFF, 0x5C, 0xA8, 0x5C, 0xFF,
    0x5C, 0xA8, 0x5C, 0xFF, 0x5C, 0xA8, 0x5C, 0xFF, 0x5C, 0xA8, 0x5C, 0xFF, 0x5C, 0xA8, 0x5C, 0xFF,
    0x5C, 0xA8, 0x5C, 0xFF, 0x5C, 0xA8, 0x5C, 0xFF, 0x5C, 0xA8, 0x5C, 0xFF, 0x5C, 0xA8, 0x5C, 0xFF,
    0x5C, 0xA8, 0x5C, 0xFF, 0x5C, 0xA8, 0x5C, 0xFF, 0x5C, 0xA8, 0x5C, 0xFF, 0x5C, 0xA8, 0x5C, 0xFF,
    0x5C, 0xA8, 0x5C, 0xFF, 0x5C, 0xA8, 0x5C, 0xFF, 0x5C, 0xA8, 0x5C, 0xFF, 0x5C, 0xA8, 0x5C, 0xFF,
    0x5C, 0xA8, 0x5C, 0xFF, 0x5C, 0xA8, 0x5C, 0xFF, 0x5C, 0xA8, 0x5C, 0xFF, 0x5C, 0xA8, 0x5C, 0xFF,
    0x5C, 0xA8, 0x5C, 0xFF, 0x00, 0x00, 0x00, 0x00, 0x00, 0x00, 0x00, 0x00, 0x00, 0x00, 0x00, 0x00,
    0x00, 0x00, 0x00, 0x00, 0x00, 0x00, 0x00, 0x00, 0x00, 0x00, 0x00, 0x00, 0x00, 0x00, 0x00, 0x00,
    0x00, 0x00, 0x00, 0x00, 0x00, 0x00, 0x00, 0x00, 0x00, 0x00, 0x00, 0x00, 0x00, 0x00, 0x00, 0x00,
    0x00, 0x00, 0x00, 0x00, 0x00, 0x00, 0x00, 0x00, 0x00, 0x00, 0x00, 0x00, 0x00, 0x00, 0x00, 0x00,
    0x5C, 0xA8, 0x5C, 0xFF, 0x5C, 0xA8, 0x5C, 0xFF, 0x5C, 0xA8, 0x5C, 0xFF, 0x5C, 0xA8, 0x5C, 0xFF,
    0x5C, 0xA8, 0x5C, 0xFF, 0x5C, 0xA8, 0x5C, 0xFF, 0x5C, 0xA8, 0x5C, 0xFF, 0x5C, 0xA8, 0x5C, 0xFF,
    0x5C, 0xA8, 0x5C, 0xFF, 0x5C, 0xA8, 0x5C, 0xFF, 0x5C, 0xA8, 0x5C, 0xFF, 0x5C, 0xA8, 0x5C, 0xFF,
    0x5C, 0xA8, 0x5C, 0xFF, 0x5C, 0xA8, 0x5C, 0xFF, 0x5C, 0xA8, 0x5C, 0xFF, 0x5C, 0xA8, 0x5C, 0xFF,
    0x5C, 0xA8, 0x5C, 0xFF, 0x5C, 0xA8, 0x5C, 0xFF, 0x5C, 0xA8, 0x5C, 0xFF, 0x5C, 0xA8, 0x5C, 0xFF,
    0x5C, 0xA8, 0x5C, 0xFF, 0x5C, 0xA8, 0x5C, 0xFF, 0x5C, 0xA8, 0x5C, 0xFF, 0x5C, 0xA8, 0x5C, 0xFF,
    0x5C, 0xA8, 0x5C, 0xFF, 0x5C, 0xA8, 0x5C, 0xFF, 0x5C, 0xA8, 0x5C, 0xFF, 0x5C, 0xA8, 0x5C, 0xFF,
    0x5C, 0xA8, 0x5C, 0xFF, 0x5C, 0xA8, 0x5C, 0xFF, 0x5C, 0xA8, 0x5C, 0xFF, 0x5C, 0xA8, 0x5C, 0xFF,
    0x5C, 0xA8, 0x5C, 0xFF, 0x5C, 0xA8, 0x5C, 0xFF, 0x5C, 0xA8, 0x5C, 0xFF, 0x5C, 0xA8, 0x5C, 0xFF,
    0x5C, 0xA8, 0x5C, 0xFF, 0x5C, 0xA8, 0x5C, 0xFF, 0x5C, 0xA8, 0x5C, 0xFF, 0x5C, 0xA8, 0x5C, 0xFF,
    0x5C, 0xA8, 0x5C, 0xFF, 0x5C, 0xA8, 0x5C, 0xFF, 0x5C, 0xA8, 0x5C, 0xFF, 0x5C, 0xA8, 0x5C, 0xFF,
    0x5C, 0xA8, 0x5C, 0xFF, 0x00, 0x00, 0x00, 0x00, 0x00, 0x00, 0x00, 0x00, 0x00, 0x00, 0x00, 0x00,
    0x00, 0x00, 0x00, 0x00, 0x00, 0x00, 0x00, 0x00, 0x00, 0x00, 0x00, 0x00, 0x00, 0x00, 0x00, 0x00,
    0x00, 0x00, 0x00, 0x00, 0x00, 0x00, 0x00, 0x00, 0x00, 0x00, 0x00, 0x00, 0x00, 0x00, 0x00, 0x00,
    0x00, 0x00, 0x00, 0x00, 0x00, 0x00, 0x00, 0x00, 0x00, 0x00, 0x00, 0x00, 0x00, 0x00, 0x00, 0x00,
    0x5C, 0xA8, 0x5C, 0xFF, 0x5C, 0xA8, 0x5C, 0xFF, 0x5C, 0xA8, 0x5C, 0xFF, 0x5C, 0xA8, 0x5C, 0xFF,
    0x5C, 0xA8, 0x5C, 0xFF, 0x5C, 0xA8, 0x5C, 0xFF, 0x5C, 0xA8, 0x5C, 0xFF, 0x5C, 0xA8, 0x5C, 0xFF,
    0x5C, 0xA8, 0x5C, 0xFF, 0x5C, 0xA8, 0x5C, 0xFF, 0x5C, 0xA8, 0x5C, 0xFF, 0x5C, 0xA8, 0x5C, 0xFF,
    0x5C, 0xA8, 0x5C, 0xFF, 0x5C, 0xA8, 0x5C, 0xFF, 0x5C, 0xA8, 0x5C, 0xFF, 0x5C, 0xA8, 0x5C, 0xFF,
    0x5C, 0xA8, 0x5C, 0xFF, 0x5C, 0xA8, 0x5C, 0xFF, 0x5C, 0xA8, 0x5C, 0xFF, 0x5C, 0xA8, 0x5C, 0xFF,
    0x5C, 0xA8, 0x5C, 0xFF, 0x5C, 0xA8, 0x5C, 0xFF, 0x5C, 0xA8, 0x5C, 0xFF, 0x5C, 0xA8, 0x5C, 0xFF,
    0x5C, 0xA8, 0x5C, 0xFF, 0x5C, 0xA8, 0x5C, 0xFF, 0x5C, 0xA8, 0x5C, 0xFF, 0x5C, 0xA8, 0x5C, 0xFF,
    0x5C, 0xA8, 0x5C, 0xFF, 0x5C, 0xA8, 0x5C, 0xFF, 0x5C, 0xA8, 0x5C, 0xFF, 0x5C, 0xA8, 0x5C, 0xFF,
    0x5C, 0xA8, 0x5C, 0xFF, 0x5C, 0xA8, 0x5C, 0xFF, 0x5C, 0xA8, 0x5C, 0xFF, 0x5C, 0xA8, 0x5C, 0xFF,
    0x5C, 0xA8, 0x5C, 0xFF, 0x5C, 0xA8, 0x5C, 0xFF, 0x5C, 0xA8, 0x5C, 0xFF, 0x5C, 0xA8, 0x5C, 0xFF,
    0x5C, 0xA8, 0x5C, 0xFF, 0x5C, 0xA8, 0x5C, 0xFF, 0x5C, 0xA8, 0x5C, 0xFF, 0x5C, 0xA8, 0x5C, 0xFF,
    0x5C, 0xA8, 0x5C, 0xFF, 0x00, 0x00, 0x00, 0x00, 0x00, 0x00, 0x00, 0x00, 0x00, 0x00, 0x00, 0x00,
    0x00, 0x00, 0x00, 0x00, 0x00, 0x00, 0x00, 0x00, 0x00, 0x00, 0x00, 0x00, 0x00, 0x00, 0x00, 0x00,
    0x00, 0x00, 0x00, 0x00, 0x00, 0x00, 0x00, 0x00, 0x00, 0x00, 0x00, 0x00, 0x00, 0x00, 0x00, 0x00,
    0x00, 0x00, 0x00, 0x00, 0x00, 0x00, 0x00, 0x00, 0x00, 0x00, 0x00, 0x00, 0x00, 0x00, 0x00, 0x00,
    0x40, 0x82, 0x3E, 0xFF, 0x40, 0x82, 0x3E, 0xFF, 0x40, 0x82, 0x3E, 0xFF, 0x40, 0x82, 0x3E, 0xFF,
    0x40, 0x82, 0x3E, 0xFF, 0x40, 0x82, 0x3E, 0xFF, 0x40, 0x82, 0x3E, 0xFF, 0x40, 0x82, 0x3E, 0xFF,
    0x40, 0x82, 0x3E, 0xFF, 0x40, 0x82, 0x3E, 0xFF, 0x40, 0x82, 0x3E, 0xFF, 0x40, 0x82, 0x3E, 0xFF,
    0x40, 0x82, 0x3E, 0xFF, 0x40, 0x82, 0x3E, 0xFF, 0x40, 0x82, 0x3E, 0xFF, 0x40, 0x82, 0x3E, 0xFF,
    0x40, 0x82, 0x3E, 0xFF, 0x40, 0x82, 0x3E, 0xFF, 0x40, 0x82, 0x3E, 0xFF, 0x40, 0x82, 0x3E, 0xFF,
    0x40, 0x82, 0x3E, 0xFF, 0x40, 0x82, 0x3E, 0xFF, 0x40, 0x82, 0x3E, 0xFF, 0x40, 0x82, 0x3E, 0xFF,
    0x40, 0x82, 0x3E, 0xFF, 0x40, 0x82, 0x3E, 0xFF, 0x40, 0x82, 0x3E, 0xFF, 0x40, 0x82, 0x3E, 0xFF,
    0x40, 0x82, 0x3E, 0xFF, 0x40, 0x82, 0x3E, 0xFF, 0x40, 0x82, 0x3E, 0xFF, 0x40, 0x82, 0x3E, 0xFF,
    0x40, 0x82, 0x3E, 0xFF, 0x40, 0x82, 0x3E, 0xFF, 0x40, 0x82, 0x3E, 0xFF, 0x40, 0x82, 0x3E, 0xFF,
    0x40, 0x82, 0x3E, 0xFF, 0x40, 0x82, 0x3E, 0xFF, 0x40, 0x82, 0x3E, 0xFF, 0x40, 0x82, 0x3E, 0xFF,
    0x40, 0x82, 0x3E, 0xFF, 0x40, 0x82, 0x3E, 0xFF, 0x40, 0x82, 0x3E, 0xFF, 0x40, 0x82, 0x3E, 0xFF,
    0x40, 0x82, 0x3E, 0xFF, 0x00, 0x00, 0x00, 0x00, 0x00, 0x00, 0x00, 0x00, 0x00, 0x00, 0x00, 0x00,
    0x00, 0x00, 0x00, 0x00, 0x00, 0x00, 0x00, 0x00, 0x00, 0x00, 0x00, 0x00, 0x00, 0x00, 0x00, 0x00,
    0x00, 0x00, 0x00, 0x00, 0x00, 0x00, 0x00, 0x00, 0x00, 0x00, 0x00, 0x00, 0x00, 0x00, 0x00, 0x00,
    0x00, 0x00, 0x00, 0x00, 0x00, 0x00, 0x00, 0x00, 0x00, 0x00, 0x00, 0x00, 0x00, 0x00, 0x00, 0x00,
    0x40, 0x82, 0x3E, 0xFF, 0x40, 0x82, 0x3E, 0xFF, 0x40, 0x82, 0x3E, 0xFF, 0x40, 0x82, 0x3E, 0xFF,
    0x40, 0x82, 0x3E, 0xFF, 0x40, 0x82, 0x3E, 0xFF, 0x40, 0x82, 0x3E, 0xFF, 0x40, 0x82, 0x3E, 0xFF,
    0x40, 0x82, 0x3E, 0xFF, 0x40, 0x82, 0x3E, 0xFF, 0x40, 0x82, 0x3E, 0xFF, 0x40, 0x82, 0x3E, 0xFF,
    0x40, 0x82, 0x3E, 0xFF, 0x40, 0x82, 0x3E, 0xFF, 0x40, 0x82, 0x3E, 0xFF, 0x40, 0x82, 0x3E, 0xFF,
    0x40, 0x82, 0x3E, 0xFF, 0x40, 0x82, 0x3E, 0xFF, 0x40, 0x82, 0x3E, 0xFF, 0x40, 0x82, 0x3E, 0xFF,
    0x40, 0x82, 0x3E, 0xFF, 0x40, 0x82, 0x3E, 0xFF, 0x40, 0x82, 0x3E, 0xFF, 0x40, 0x82, 0x3E, 0xFF,
    0x40, 0x82, 0x3E, 0xFF, 0x40, 0x82, 0x3E, 0xFF, 0x40, 0x82, 0x3E, 0xFF, 0x40, 0x82, 0x3E, 0xFF,
    0x40, 0x82, 0x3E, 0xFF, 0x40, 0x82, 0x3E, 0xFF, 0x40, 0x82, 0x3E, 0xFF, 0x40, 0x82, 0x3E, 0xFF,
    0x40, 0x82, 0x3E, 0xFF, 0x40, 0x82, 0x3E, 0xFF, 0x40, 0x82, 0x3E, 0xFF, 0x40, 0x82, 0x3E, 0xFF,
    0x40, 0x82, 0x3E, 0xFF, 0x40, 0x82, 0x3E, 0xFF, 0x40, 0x82, 0x3E, 0xFF, 0x40, 0x82, 0x3E, 0xFF,
    0x40, 0x82, 0x3E, 0xFF, 0x40, 0x82, 0x3E, 0xFF, 0x40, 0x82, 0x3E, 0xFF, 0x40, 0x82, 0x3E, 0xFF,
    0x40, 0x82, 0x3E, 0xFF, 0x00, 0x00, 0x00, 0x00, 0x00, 0x00, 0x00, 0x00, 0x00, 0x00, 0x00, 0x00,
    0x00, 0x00, 0x00, 0x00, 0x00, 0x00, 0x00, 0x00, 0x00, 0x00, 0x00, 0x00, 0x00, 0x00, 0x00, 0x00,
    0x00, 0x00, 0x00, 0x00, 0x00, 0x00, 0x00, 0x00, 0x00, 0x00, 0x00, 0x00, 0x00, 0x00, 0x00, 0x00,
    0x00, 0x00, 0x00, 0x00, 0x00, 0x00, 0x00, 0x00, 0x00, 0x00, 0x00, 0x00, 0x00, 0x00, 0x00, 0x00,
    0x00, 0x00, 0x00, 0x00, 0x00, 0x00, 0x00, 0x00, 0x00, 0x00, 0x00, 0x00, 0x00, 0x00, 0x00, 0x00,
    0x00, 0x00, 0x00, 0x00, 0x00, 0x00, 0x00, 0x00, 0x00, 0x00, 0x00, 0x00, 0x00, 0x00, 0x00, 0x00,
    0x00, 0x00, 0x00, 0x00, 0x00, 0x00, 0x00, 0x00, 0x00, 0x00, 0x00, 0x00, 0x00, 0x00, 0x00, 0x00,
    0x00, 0x00, 0x00, 0x00, 0x00, 0x00, 0x00, 0x00, 0x00, 0x00, 0x00, 0x00, 0x00, 0x00, 0x00, 0x00,
    0x00, 0x00, 0x00, 0x00, 0x00, 0x00, 0x00, 0x00, 0x00, 0x00, 0x00, 0x00, 0x00, 0x00, 0x00, 0x00,
    0x00, 0x00, 0x00, 0x00, 0x00, 0x00, 0x00, 0x00, 0x00, 0x00, 0x00, 0x00, 0x00, 0x00, 0x00, 0x00,
    0x00, 0x00, 0x00, 0x00, 0x00, 0x00, 0x00, 0x00, 0x00, 0x00, 0x00, 0x00, 0x00, 0x00, 0x00, 0x00,
    0x00, 0x00, 0x00, 0x00, 0x00, 0x00, 0x00, 0x00, 0x00, 0x00, 0x00, 0x00, 0x00, 0x00, 0x00, 0x00,
    0x00, 0x00, 0x00, 0x00, 0x00, 0x00, 0x00, 0x00, 0x00, 0x00, 0x00, 0x00, 0x00, 0x00, 0x00, 0x00,
    0x00, 0x00, 0x00, 0x00, 0x00, 0x00, 0x00, 0x00, 0x00, 0x00, 0x00, 0x00, 0x00, 0x00, 0x00, 0x00,
    0x00, 0x00, 0x00, 0x00, 0x00, 0x00, 0x00, 0x00, 0x00, 0x00, 0x00, 0x00, 0x00, 0x00, 0x00, 0x00,
    0x00, 0x00, 0x00, 0x00, 0x00, 0x00, 0x00, 0x00, 0x00, 0x00, 0x00, 0x00, 0x00, 0x00, 0x00, 0x00,
    0x00, 0x00, 0x00, 0x00, 0x00, 0x00, 0x00, 0x00, 0x00, 0x00, 0x00, 0x00, 0x00, 0x00, 0x00, 0x00,
    0x00, 0x00, 0x00, 0x00, 0x00, 0x00, 0x00, 0x00, 0x00, 0x00, 0x00, 0x00, 0x00, 0x00, 0x00, 0x00,
    0x00, 0x00, 0x00, 0x00, 0x00, 0x00, 0x00, 0x00, 0x00, 0x00, 0x00, 0x00, 0x00, 0x00, 0x00, 0x00,
    0x00, 0x00, 0x00, 0x00, 0x00, 0x00, 0x00, 0x00, 0x00, 0x00, 0x00, 0x00, 0x00, 0x00, 0x00, 0x00,
    0x00, 0x00, 0x00, 0x00, 0x00, 0x00, 0x00, 0x00, 0x00, 0x00, 0x00, 0x00, 0x00, 0x00, 0x00, 0x00,
    0x00, 0x00, 0x00, 0x00, 0x00, 0x00, 0x00, 0x00, 0x00, 0x00, 0x00, 0x00, 0x00, 0x00, 0x00, 0x00,
    0x00, 0x00, 0x00, 0x00, 0x00, 0x00, 0x00, 0x00, 0x00, 0x00, 0x00, 0x00, 0x00, 0x00, 0x00, 0x00,
    0x00, 0x00, 0x00, 0x00, 0x00, 0x00, 0x00, 0x00, 0x00, 0x00, 0x00, 0x00, 0x00, 0x00, 0x00, 0x00,
    0x00, 0x00, 0x00, 0x00, 0x00, 0x00, 0x00, 0x00, 0x00, 0x00, 0x00, 0x00, 0x00, 0x00, 0x00, 0x00,
    0x00, 0x00, 0x00, 0x00, 0x00, 0x00, 0x00, 0x00, 0x00, 0x00, 0x00, 0x00, 0x00, 0x00, 0x00, 0x00,
    0x00, 0x00, 0x00, 0x00, 0x00, 0x00, 0x00, 0x00, 0x00, 0x00, 0x00, 0x00, 0x00, 0x00, 0x00, 0x00,
    0x00, 0x00, 0x00, 0x00, 0x00, 0x00, 0x00, 0x00, 0x00, 0x00, 0x00, 0x00, 0x00, 0x00, 0x00, 0x00,
    0x00, 0x00, 0x00, 0x00, 0x00, 0x00, 0x00, 0x00, 0x00, 0x00, 0x00, 0x00, 0x00, 0x00, 0x00, 0x00,
    0x00, 0x00, 0x00, 0x00, 0x00, 0x00, 0x00, 0x00, 0x00, 0x00, 0x00, 0x00, 0x00, 0x00, 0x00, 0x00,
    0x00, 0x00, 0x00, 0x00, 0x00, 0x00, 0x00, 0x00, 0x00, 0x00, 0x00, 0x00, 0x00, 0x00, 0x00, 0x00,
    0x00, 0x00, 0x00, 0x00, 0x00, 0x00, 0x00, 0x00, 0x00, 0x00, 0x00, 0x00, 0x00, 0x00, 0x00, 0x00,
    0x00, 0x00, 0x00, 0x00, 0x00, 0x00, 0x00, 0x00, 0x00, 0x00, 0x00, 0x00, 0x00, 0x00, 0x00, 0x00,
    0x00, 0x00, 0x00, 0x00, 0x00, 0x00, 0x00, 0x00, 0x00, 0x00, 0x00, 0x00, 0x00, 0x00, 0x00, 0x00,
    0x00, 0x00, 0x00, 0x00, 0x00, 0x00, 0x00, 0x00, 0x00, 0x00, 0x00, 0x00, 0x00, 0x00, 0x00, 0x00,
    0x00, 0x00, 0x00, 0x00, 0x00, 0x00, 0x00, 0x00, 0x00, 0x00, 0x00, 0x00, 0x00, 0x00, 0x00, 0x00,
    0x00, 0x00, 0x00, 0x00, 0x00, 0x00, 0x00, 0x00, 0x00, 0x00, 0x00, 0x00, 0x00, 0x00, 0x00, 0x00,
    0x00, 0x00, 0x00, 0x00, 0x00, 0x00, 0x00, 0x00, 0x00, 0x00, 0x00, 0x00, 0x00, 0x00, 0x00, 0x00,
    0x00, 0x00, 0x00, 0x00, 0x00, 0x00, 0x00, 0x00, 0x00, 0x00, 0x00, 0x00, 0x00, 0x00, 0x00, 0x00,
    0x00, 0x00, 0x00, 0x00, 0x00, 0x00, 0x00, 0x00, 0x00, 0x00, 0x00, 0x00, 0x00, 0x00, 0x00, 0x00,
    0x00, 0x00, 0x00, 0x00, 0x00, 0x00, 0x00, 0x00, 0x00, 0x00, 0x00, 0x00, 0x00, 0x00, 0x00, 0x00,
    0x00, 0x00, 0x00, 0x00, 0x00, 0x00, 0x00, 0x00, 0x00, 0x00, 0x00, 0x00, 0x00, 0x00, 0x00, 0x00,
    0x00, 0x00, 0x00, 0x00, 0x00, 0x00, 0x00, 0x00, 0x00, 0x00, 0x00, 0x00, 0x00, 0x00, 0x00, 0x00,
    0x00, 0x00, 0x00, 0x00, 0x00, 0x00, 0x00, 0x00, 0x00, 0x00, 0x00, 0x00, 0x00, 0x00, 0x00, 0x00,
    0x00, 0x00, 0x00, 0x00, 0x00, 0x00, 0x00, 0x00, 0x00, 0x00, 0x00, 0x00, 0x00, 0x00, 0x00, 0x00,
    0x00, 0x00, 0x00, 0x00, 0x00, 0x00, 0x00, 0x00, 0x00, 0x00, 0x00, 0x00, 0x00, 0x00, 0x00, 0x00,
    0x00, 0x00, 0x00, 0x00, 0x00, 0x00, 0x00, 0x00, 0x00, 0x00, 0x00, 0x00, 0x00, 0x00, 0x00, 0x00,
};

const lv_image_dsc_t spr_bush = {
    .header.magic = LV_IMAGE_HEADER_MAGIC,
    .header.cf = LV_COLOR_FORMAT_ARGB8888,
    .header.w = 60,
    .header.h = 84,
    .header.stride = 240,
    .data_size = sizeof(spr_bush_map),
    .data = spr_bush_map,

static const uint8_t spr_arrow_map[] = {
    0x00, 0x00, 0x00, 0x00, 0x00, 0x00, 0x00, 0x00, 0x00, 0x00, 0x00, 0x00, 0x00, 0x00, 0x00, 0x00,
    0x00, 0x00, 0x00, 0x00, 0x00, 0x00, 0x00, 0x00, 0x00, 0x00, 0x00, 0x00, 0x00, 0x00, 0x00, 0x00,
    0x00, 0x00, 0x00, 0x00, 0x00, 0x00, 0x00, 0x00, 0x00, 0x00, 0x00, 0x00, 0x00, 0x00, 0x00, 0x00,
    0x00, 0x00, 0x00, 0x00, 0x00, 0x00, 0x00, 0x00, 0x00, 0x00, 0x00, 0x00, 0xFF, 0xFF, 0xFF, 0xFF,
    0xFF, 0xFF, 0xFF, 0xFF, 0xFF, 0xFF, 0xFF, 0xFF, 0xFF, 0xFF, 0xFF, 0xFF, 0xFF, 0xFF, 0xFF, 0xFF,
    0xFF, 0xFF, 0xFF, 0xFF, 0xFF, 0xFF, 0xFF, 0xFF, 0xFF, 0xFF, 0xFF, 0xFF, 0xFF, 0xFF, 0xFF, 0xFF,
    0xFF, 0xFF, 0xFF, 0xFF, 0xFF, 0xFF, 0xFF, 0xFF, 0xFF, 0xFF, 0xFF, 0xFF, 0x00, 0x00, 0x00, 0x00,
    0x00, 0x00, 0x00, 0x00, 0x00, 0x00, 0x00, 0x00, 0xFF, 0xFF, 0xFF, 0xFF, 0x5C, 0x28, 0xD6, 0xFF,
    0x5C, 0x28, 0xD6, 0xFF, 0x5C, 0x28, 0xD6, 0xFF, 0x5C, 0x28, 0xD6, 0xFF, 0x5C, 0x28, 0xD6, 0xFF,
    0x5C, 0x28, 0xD6, 0xFF, 0x5C, 0x28, 0xD6, 0xFF, 0x5C, 0x28, 0xD6, 0xFF, 0xFF, 0xFF, 0xFF, 0xFF,
    0x00, 0x00, 0x00, 0x00, 0x00, 0x00, 0x00, 0x00, 0x00, 0x00, 0x00, 0x00, 0x00, 0x00, 0x00, 0x00,
    0xFF, 0xFF, 0xFF, 0xFF, 0x5C, 0x28, 0xD6, 0xFF, 0x5C, 0x28, 0xD6, 0xFF, 0x5C, 0x28, 0xD6, 0xFF,
    0x5C, 0x28, 0xD6, 0xFF, 0x5C, 0x28, 0xD6, 0xFF, 0x5C, 0x28, 0xD6, 0xFF, 0x5C, 0x28, 0xD6, 0xFF,
    0xFF, 0xFF, 0xFF, 0xFF, 0x00, 0x00, 0x00, 0x00, 0x00, 0x00, 0x00, 0x00, 0x00, 0x00, 0x00, 0x00,
    0x00, 0x00, 0x00, 0x00, 0x00, 0x00, 0x00, 0x00, 0x00, 0x00, 0x00, 0x00, 0xFF, 0xFF, 0xFF, 0xFF,
    0x5C, 0x28, 0xD6, 0xFF, 0x5C, 0x28, 0xD6, 0xFF, 0x5C, 0x28, 0xD6, 0xFF, 0x5C, 0x28, 0xD6, 0xFF,
    0x5C, 0x28, 0xD6, 0xFF, 0x5C, 0x28, 0xD6, 0xFF, 0xFF, 0xFF, 0xFF, 0xFF, 0x00, 0x00, 0x00, 0x00,
    0x00, 0x00, 0x00, 0x00, 0x00, 0x00, 0x00, 0x00, 0x00, 0x00, 0x00, 0x00, 0x00, 0x00, 0x00, 0x00,
    0x00, 0x00, 0x00, 0x00, 0xFF, 0xFF, 0xFF, 0xFF, 0x5C, 0x28, 0xD6, 0xFF, 0x5C, 0x28, 0xD6, 0xFF,
    0x5C, 0x28, 0xD6, 0xFF, 0x5C, 0x28, 0xD6, 0xFF, 0x5C, 0x28, 0xD6, 0xFF, 0xFF, 0xFF, 0xFF, 0xFF,
    0x00, 0x00, 0x00, 0x00, 0x00, 0x00, 0x00, 0x00, 0x00, 0x00, 0x00, 0x00, 0x00, 0x00, 0x00, 0x00,
    0x00, 0x00, 0x00, 0x00, 0x00, 0x00, 0x00, 0x00, 0x00, 0x00, 0x00, 0x00, 0x00, 0x00, 0x00, 0x00,
    0xFF, 0xFF, 0xFF, 0xFF, 0x5C, 0x28, 0xD6, 0xFF, 0x5C, 0x28, 0xD6, 0xFF, 0x5C, 0x28, 0xD6, 0xFF,
    0xFF, 0xFF, 0xFF, 0xFF, 0x00, 0x00, 0x00, 0x00, 0x00, 0x00, 0x00, 0x00, 0x00, 0x00, 0x00, 0x00,
    0x00, 0x00, 0x00, 0x00, 0x00, 0x00, 0x00, 0x00, 0x00, 0x00, 0x00, 0x00, 0x00, 0x00, 0x00, 0x00,
    0x00, 0x00, 0x00, 0x00, 0x00, 0x00, 0x00, 0x00, 0x00, 0x00, 0x00, 0x00, 0xFF, 0xFF, 0xFF, 0xFF,
    0x5C, 0x28, 0xD6, 0xFF, 0xFF, 0xFF, 0xFF, 0xFF, 0x00, 0x00, 0x00, 0x00, 0x00, 0x00, 0x00, 0x00,
    0x00, 0x00, 0x00, 0x00, 0x00, 0x00, 0x00, 0x00, 0x00, 0x00, 0x00, 0x00, 0x00, 0x00, 0x00, 0x00,
    0x00, 0x00, 0x00, 0x00, 0x00, 0x00, 0x00, 0x00, 0x00, 0x00, 0x00, 0x00, 0x00, 0x00, 0x00, 0x00,
    0x00, 0x00, 0x00, 0x00, 0xFF, 0xFF, 0xFF, 0xFF, 0x5C, 0x28, 0xD6, 0xFF, 0xFF, 0xFF, 0xFF, 0xFF,
    0x00, 0x00, 0x00, 0x00, 0x00, 0x00, 0x00, 0x00, 0x00, 0x00, 0x00, 0x00, 0x00, 0x00, 0x00, 0x00,
    0x00, 0x00, 0x00, 0x00, 0x00, 0x00, 0x00, 0x00, 0x00, 0x00, 0x00, 0x00, 0x00, 0x00, 0x00, 0x00,
    0x00, 0x00, 0x00, 0x00, 0x00, 0x00, 0x00, 0x00, 0x00, 0x00, 0x00, 0x00, 0x00, 0x00, 0x00, 0x00,
    0xFF, 0xFF, 0xFF, 0xFF, 0x00, 0x00, 0x00, 0x00, 0x00, 0x00, 0x00, 0x00, 0x00, 0x00, 0x00, 0x00,
    0x00, 0x00, 0x00, 0x00, 0x00, 0x00, 0x00, 0x00, 0x00, 0x00, 0x00, 0x00, 0x00, 0x00, 0x00, 0x00,
};

const lv_image_dsc_t spr_arrow = {
    .header.magic = LV_IMAGE_HEADER_MAGIC,
    .header.cf = LV_COLOR_FORMAT_ARGB8888,
    .header.w = 14,
    .header.h = 10,
    .header.stride = 56,
    .data_size = sizeof(spr_arrow_map),
    .data = spr_arrow_map,

static const uint8_t spr_note_map[] = {
    0x00, 0x00, 0x00, 0x00, 0x00, 0x00, 0x00, 0x00, 0x00, 0x00, 0x00, 0x00, 0x00, 0x00, 0x00, 0x00,
    0x00, 0x00, 0x00, 0x00, 0x00, 0x00, 0x00, 0x00, 0x00, 0x00, 0x00, 0x00, 0x00, 0x00, 0x00, 0x00,
    0x00, 0x00, 0x00, 0x00, 0x00, 0x00, 0x00, 0x00, 0x00, 0x00, 0x00, 0x00, 0x00, 0x00, 0x00, 0x00,
    0x00, 0x00, 0x00, 0x00, 0x00, 0x00, 0x00, 0x00, 0x00, 0x00, 0x00, 0x00, 0x00, 0x00, 0x00, 0x00,
    0x00, 0x00, 0x00, 0x00, 0x00, 0x00, 0x00, 0x00, 0x00, 0x00, 0x00, 0x00, 0x46, 0x3C, 0x46, 0xFF,
    0x00, 0x00, 0x00, 0x00, 0x00, 0x00, 0x00, 0x00, 0x00, 0x00, 0x00, 0x00, 0x00, 0x00, 0x00, 0x00,
    0x00, 0x00, 0x00, 0x00, 0x00, 0x00, 0x00, 0x00, 0x00, 0x00, 0x00, 0x00, 0x00, 0x00, 0x00, 0x00,
    0x00, 0x00, 0x00, 0x00, 0x00, 0x00, 0x00, 0x00, 0x00, 0x00, 0x00, 0x00, 0x46, 0x3C, 0x46, 0xFF,
    0x46, 0x3C, 0x46, 0xFF, 0x00, 0x00, 0x00, 0x00, 0x00, 0x00, 0x00, 0x00, 0x00, 0x00, 0x00, 0x00,
    0x00, 0x00, 0x00, 0x00, 0x00, 0x00, 0x00, 0x00, 0x00, 0x00, 0x00, 0x00, 0x00, 0x00, 0x00, 0x00,
    0x00, 0x00, 0x00, 0x00, 0x00, 0x00, 0x00, 0x00, 0x00, 0x00, 0x00, 0x00, 0x46, 0x3C, 0x46, 0xFF,
    0x46, 0x3C, 0x46, 0xFF, 0x46, 0x3C, 0x46, 0xFF, 0x46, 0x3C, 0x46, 0xFF, 0x00, 0x00, 0x00, 0x00,
    0x00, 0x00, 0x00, 0x00, 0x00, 0x00, 0x00, 0x00, 0x00, 0x00, 0x00, 0x00, 0x00, 0x00, 0x00, 0x00,
    0x00, 0x00, 0x00, 0x00, 0x00, 0x00, 0x00, 0x00, 0x00, 0x00, 0x00, 0x00, 0x46, 0x3C, 0x46, 0xFF,
    0x46, 0x3C, 0x46, 0xFF, 0x46, 0x3C, 0x46, 0xFF, 0x46, 0x3C, 0x46, 0xFF, 0x46, 0x3C, 0x46, 0xFF,
    0x00, 0x00, 0x00, 0x00, 0x00, 0x00, 0x00, 0x00, 0x00, 0x00, 0x00, 0x00, 0x00, 0x00, 0x00, 0x00,
    0x00, 0x00, 0x00, 0x00, 0x00, 0x00, 0x00, 0x00, 0x00, 0x00, 0x00, 0x00, 0x46, 0x3C, 0x46, 0xFF,
    0x46, 0x3C, 0x46, 0xFF, 0x46, 0x3C, 0x46, 0xFF, 0x00, 0x00, 0x00, 0x00, 0x00, 0x00, 0x00, 0x00,
    0x00, 0x00, 0x00, 0x00, 0x00, 0x00, 0x00, 0x00, 0x00, 0x00, 0x00, 0x00, 0x00, 0x00, 0x00, 0x00,
    0x00, 0x00, 0x00, 0x00, 0x00, 0x00, 0x00, 0x00, 0x00, 0x00, 0x00, 0x00, 0x46, 0x3C, 0x46, 0xFF,
    0x46, 0x3C, 0x46, 0xFF, 0x00, 0x00, 0x00, 0x00, 0x00, 0x00, 0x00, 0x00, 0x00, 0x00, 0x00, 0x00,
    0x00, 0x00, 0x00, 0x00, 0x00, 0x00, 0x00, 0x00, 0x00, 0x00, 0x00, 0x00, 0x00, 0x00, 0x00, 0x00,
    0x00, 0x00, 0x00, 0x00, 0x00, 0x00, 0x00, 0x00, 0x00, 0x00, 0x00, 0x00, 0x46, 0x3C, 0x46, 0xFF,
    0x46, 0x3C, 0x46, 0xFF, 0x00, 0x00, 0x00, 0x00, 0x00, 0x00, 0x00, 0x00, 0x00, 0x00, 0x00, 0x00,
    0x00, 0x00, 0x00, 0x00, 0x00, 0x00, 0x00, 0x00, 0x00, 0x00, 0x00, 0x00, 0x00, 0x00, 0x00, 0x00,
    0x00, 0x00, 0x00, 0x00, 0x00, 0x00, 0x00, 0x00, 0x00, 0x00, 0x00, 0x00, 0x46, 0x3C, 0x46, 0xFF,
    0x46, 0x3C, 0x46, 0xFF, 0x00, 0x00, 0x00, 0x00, 0x00, 0x00, 0x00, 0x00, 0x00, 0x00, 0x00, 0x00,
    0x00, 0x00, 0x00, 0x00, 0x00, 0x00, 0x00, 0x00, 0x00, 0x00, 0x00, 0x00, 0x00, 0x00, 0x00, 0x00,
    0x00, 0x00, 0x00, 0x00, 0x00, 0x00, 0x00, 0x00, 0x00, 0x00, 0x00, 0x00, 0x46, 0x3C, 0x46, 0xFF,
    0x46, 0x3C, 0x46, 0xFF, 0x00, 0x00, 0x00, 0x00, 0x00, 0x00, 0x00, 0x00, 0x00, 0x00, 0x00, 0x00,
    0x00, 0x00, 0x00, 0x00, 0x00, 0x00, 0x00, 0x00, 0x00, 0x00, 0x00, 0x00, 0x46, 0x3C, 0x46, 0xFF,
    0x46, 0x3C, 0x46, 0xFF, 0x46, 0x3C, 0x46, 0xFF, 0x46, 0x3C, 0x46, 0xFF, 0x46, 0x3C, 0x46, 0xFF,
    0x46, 0x3C, 0x46, 0xFF, 0x00, 0x00, 0x00, 0x00, 0x00, 0x00, 0x00, 0x00, 0x00, 0x00, 0x00, 0x00,
    0x00, 0x00, 0x00, 0x00, 0x00, 0x00, 0x00, 0x00, 0x46, 0x3C, 0x46, 0xFF, 0x46, 0x3C, 0x46, 0xFF,
    0x46, 0x3C, 0x46, 0xFF, 0x46, 0x3C, 0x46, 0xFF, 0x46, 0x3C, 0x46, 0xFF, 0x46, 0x3C, 0x46, 0xFF,
    0x46, 0x3C, 0x46, 0xFF, 0x00, 0x00, 0x00, 0x00, 0x00, 0x00, 0x00, 0x00, 0x00, 0x00, 0x00, 0x00,
    0x00, 0x00, 0x00, 0x00, 0x46, 0x3C, 0x46, 0xFF, 0x46, 0x3C, 0x46, 0xFF, 0x46, 0x3C, 0x46, 0xFF,
    0x46, 0x3C, 0x46, 0xFF, 0x46, 0x3C, 0x46, 0xFF, 0x46, 0x3C, 0x46, 0xFF, 0x46, 0x3C, 0x46, 0xFF,
    0x46, 0x3C, 0x46, 0xFF, 0x00, 0x00, 0x00, 0x00, 0x00, 0x00, 0x00, 0x00, 0x00, 0x00, 0x00, 0x00,
    0x00, 0x00, 0x00, 0x00, 0x46, 0x3C, 0x46, 0xFF, 0x46, 0x3C, 0x46, 0xFF, 0x46, 0x3C, 0x46, 0xFF,
    0x46, 0x3C, 0x46, 0xFF, 0x46, 0x3C, 0x46, 0xFF, 0x46, 0x3C, 0x46, 0xFF, 0x46, 0x3C, 0x46, 0xFF,
    0x46, 0x3C, 0x46, 0xFF, 0x00, 0x00, 0x00, 0x00, 0x00, 0x00, 0x00, 0x00, 0x00, 0x00, 0x00, 0x00,
    0x00, 0x00, 0x00, 0x00, 0x46, 0x3C, 0x46, 0xFF, 0x46, 0x3C, 0x46, 0xFF, 0x46, 0x3C, 0x46, 0xFF,
    0x46, 0x3C, 0x46, 0xFF, 0x46, 0x3C, 0x46, 0xFF, 0x46, 0x3C, 0x46, 0xFF, 0x46, 0x3C, 0x46, 0xFF,
    0x46, 0x3C, 0x46, 0xFF, 0x00, 0x00, 0x00, 0x00, 0x00, 0x00, 0x00, 0x00, 0x00, 0x00, 0x00, 0x00,
    0x00, 0x00, 0x00, 0x00, 0x00, 0x00, 0x00, 0x00, 0x46, 0x3C, 0x46, 0xFF, 0x46, 0x3C, 0x46, 0xFF,
    0x46, 0x3C, 0x46, 0xFF, 0x46, 0x3C, 0x46, 0xFF, 0x46, 0x3C, 0x46, 0xFF, 0x46, 0x3C, 0x46, 0xFF,
    0x00, 0x00, 0x00, 0x00, 0x00, 0x00, 0x00, 0x00, 0x00, 0x00, 0x00, 0x00, 0x00, 0x00, 0x00, 0x00,
};

const lv_image_dsc_t spr_note = {
    .header.magic = LV_IMAGE_HEADER_MAGIC,
    .header.cf = LV_COLOR_FORMAT_ARGB8888,
    .header.w = 12,
    .header.h = 16,
    .header.stride = 48,
    .data_size = sizeof(spr_note_map),
    .data = spr_note_map,

static const uint8_t spr_drum_map[] = {
    0x00, 0x00, 0x00, 0x00, 0x00, 0x00, 0x00, 0x00, 0x00, 0x00, 0x00, 0x00, 0x00, 0x00, 0x00, 0x00,
    0x00, 0x00, 0x00, 0x00, 0x00, 0x00, 0x00, 0x00, 0x00, 0x00, 0x00, 0x00, 0x00, 0x00, 0x00, 0x00,
    0x00, 0x00, 0x00, 0x00, 0x00, 0x00, 0x00, 0x00, 0x00, 0x00, 0x00, 0x00, 0x00, 0x00, 0x00, 0x00,
    0x00, 0x00, 0x00, 0x00, 0x00, 0x00, 0x00, 0x00, 0x00, 0x00, 0x00, 0x00, 0x00, 0x00, 0x00, 0x00,
    0x00, 0x00, 0x00, 0x00, 0x00, 0x00, 0x00, 0x00, 0x00, 0x00, 0x00, 0x00, 0x00, 0x00, 0x00, 0x00,
    0x00, 0x00, 0x00, 0x00, 0x00, 0x00, 0x00, 0x00, 0x00, 0x00, 0x00, 0x00, 0x00, 0x00, 0x00, 0x00,
    0x00, 0x00, 0x00, 0x00, 0x00, 0x00, 0x00, 0x00, 0x00, 0x00, 0x00, 0x00, 0x00, 0x00, 0x00, 0x00,
    0x00, 0x00, 0x00, 0x00, 0x00, 0x00, 0x00, 0x00, 0x00, 0x00, 0x00, 0x00, 0x00, 0x00, 0x00, 0x00,
    0x00, 0x00, 0x00, 0x00, 0x00, 0x00, 0x00, 0x00, 0x00, 0x00, 0x00, 0x00, 0x00, 0x00, 0x00, 0x00,
    0x00, 0x00, 0x00, 0x00, 0x00, 0x00, 0x00, 0x00, 0x00, 0x00, 0x00, 0x00, 0x00, 0x00, 0x00, 0x00,
    0x00, 0x00, 0x00, 0x00, 0x00, 0x00, 0x00, 0x00, 0x00, 0x00, 0x00, 0x00, 0x00, 0x00, 0x00, 0x00,
    0x00, 0x00, 0x00, 0x00, 0x00, 0x00, 0x00, 0x00, 0x00, 0x00, 0x00, 0x00, 0x00, 0x00, 0x00, 0x00,
    0x00, 0x00, 0x00, 0x00, 0x00, 0x00, 0x00, 0x00, 0x00, 0x00, 0x00, 0x00, 0x00, 0x00, 0x00, 0x00,
    0x00, 0x00, 0x00, 0x00, 0x00, 0x00, 0x00, 0x00, 0x00, 0x00, 0x00, 0x00, 0x00, 0x00, 0x00, 0x00,
    0x00, 0x00, 0x00, 0x00, 0x00, 0x00, 0x00, 0x00, 0x00, 0x00, 0x00, 0x00, 0x00, 0x00, 0x00, 0x00,
    0x00, 0x00, 0x00, 0x00, 0x00, 0x00, 0x00, 0x00, 0x00, 0x00, 0x00, 0x00, 0x00, 0x00, 0x00, 0x00,
    0x00, 0x00, 0x00, 0x00, 0x00, 0x00, 0x00, 0x00, 0x00, 0x00, 0x00, 0x00, 0x00, 0x00, 0x00, 0x00,
    0x00, 0x00, 0x00, 0x00, 0x00, 0x00, 0x00, 0x00, 0x00, 0x00, 0x00, 0x00, 0x00, 0x00, 0x00, 0x00,
    0x00, 0x00, 0x00, 0x00, 0x00, 0x00, 0x00, 0x00, 0x00, 0x00, 0x00, 0x00, 0x00, 0x00, 0x00, 0x00,
    0x00, 0x00, 0x00, 0x00, 0x00, 0x00, 0x00, 0x00, 0x00, 0x00, 0x00, 0x00, 0x00, 0x00, 0x00, 0x00,
    0x00, 0x00, 0x00, 0x00, 0x00, 0x00, 0x00, 0x00, 0x00, 0x00, 0x00, 0x00, 0x00, 0x00, 0x00, 0x00,
    0x00, 0x00, 0x00, 0x00, 0x00, 0x00, 0x00, 0x00, 0x00, 0x00, 0x00, 0x00, 0x00, 0x00, 0x00, 0x00,
    0x00, 0x00, 0x00, 0x00, 0x00, 0x00, 0x00, 0x00, 0x00, 0x00, 0x00, 0x00, 0x00, 0x00, 0x00, 0x00,
    0x00, 0x00, 0x00, 0x00, 0x00, 0x00, 0x00, 0x00, 0x00, 0x00, 0x00, 0x00, 0x00, 0x00, 0x00, 0x00,
    0x00, 0x00, 0x00, 0x00, 0x00, 0x00, 0x00, 0x00, 0x00, 0x00, 0x00, 0x00, 0x00, 0x00, 0x00, 0x00,
    0x00, 0x00, 0x00, 0x00, 0x00, 0x00, 0x00, 0x00, 0x00, 0x00, 0x00, 0x00, 0x00, 0x00, 0x00, 0x00,
    0x00, 0x00, 0x00, 0x00, 0x00, 0x00, 0x00, 0x00, 0x00, 0x00, 0x00, 0x00, 0x00, 0x00, 0x00, 0x00,
    0x00, 0x00, 0x00, 0x00, 0x00, 0x00, 0x00, 0x00, 0x00, 0x00, 0x00, 0x00, 0x00, 0x00, 0x00, 0x00,
    0x00, 0x00, 0x00, 0x00, 0x00, 0x00, 0x00, 0x00, 0x00, 0x00, 0x00, 0x00, 0x00, 0x00, 0x00, 0x00,
    0x00, 0x00, 0x00, 0x00, 0x00, 0x00, 0x00, 0x00, 0x00, 0x00, 0x00, 0x00, 0x00, 0x00, 0x00, 0x00,
    0x00, 0x00, 0x00, 0x00, 0x00, 0x00, 0x00, 0x00, 0x00, 0x00, 0x00, 0x00, 0x00, 0x00, 0x00, 0x00,
    0x00, 0x00, 0x00, 0x00, 0x00, 0x00, 0x00, 0x00, 0x00, 0x00, 0x00, 0x00, 0x00, 0x00, 0x00, 0x00,
    0x00, 0x00, 0x00, 0x00, 0x00, 0x00, 0x00, 0x00, 0x00, 0x00, 0x00, 0x00, 0x00, 0x00, 0x00, 0x00,
    0x00, 0x00, 0x00, 0x00, 0x00, 0x00, 0x00, 0x00, 0x00, 0x00, 0x00, 0x00, 0x00, 0x00, 0x00, 0x00,
    0x00, 0x00, 0x00, 0x00, 0x00, 0x00, 0x00, 0x00, 0x00, 0x00, 0x00, 0x00, 0x00, 0x00, 0x00, 0x00,
    0x00, 0x00, 0x00, 0x00, 0x00, 0x00, 0x00, 0x00, 0x00, 0x00, 0x00, 0x00, 0x00, 0x00, 0x00, 0x00,
    0x00, 0x00, 0x00, 0x00, 0x00, 0x00, 0x00, 0x00, 0x00, 0x00, 0x00, 0x00, 0x00, 0x00, 0x00, 0x00,
    0x00, 0x00, 0x00, 0x00, 0x00, 0x00, 0x00, 0x00, 0x00, 0x00, 0x00, 0x00, 0x00, 0x00, 0x00, 0x00,
    0x00, 0x00, 0x00, 0x00, 0x00, 0x00, 0x00, 0x00, 0x00, 0x00, 0x00, 0x00, 0x00, 0x00, 0x00, 0x00,
    0x00, 0x00, 0x00, 0x00, 0x00, 0x00, 0x00, 0x00, 0x00, 0x00, 0x00, 0x00, 0x00, 0x00, 0x00, 0x00,
    0x00, 0x00, 0x00, 0x00, 0x00, 0x00, 0x00, 0x00, 0x00, 0x00, 0x00, 0x00, 0x00, 0x00, 0x00, 0x00,
    0x00, 0x00, 0x00, 0x00, 0x00, 0x00, 0x00, 0x00, 0x00, 0x00, 0x00, 0x00, 0x00, 0x00, 0x00, 0x00,
    0x00, 0x00, 0x00, 0x00, 0x00, 0x00, 0x00, 0x00, 0x00, 0x00, 0x00, 0x00, 0x00, 0x00, 0x00, 0x00,
    0x00, 0x00, 0x00, 0x00, 0x00, 0x00, 0x00, 0x00, 0x00, 0x00, 0x00, 0x00, 0x00, 0x00, 0x00, 0x00,
    0x00, 0x00, 0x00, 0x00, 0x00, 0x00, 0x00, 0x00, 0x00, 0x00, 0x00, 0x00, 0x00, 0x00, 0x00, 0x00,
    0x00, 0x00, 0x00, 0x00, 0x00, 0x00, 0x00, 0x00, 0x00, 0x00, 0x00, 0x00, 0x00, 0x00, 0x00, 0x00,
    0x00, 0x00, 0x00, 0x00, 0x00, 0x00, 0x00, 0x00, 0x00, 0x00, 0x00, 0x00, 0x00, 0x00, 0x00, 0x00,
    0x00, 0x00, 0x00, 0x00, 0x00, 0x00, 0x00, 0x00, 0x00, 0x00, 0x00, 0x00, 0x00, 0x00, 0x00, 0x00,
    0x00, 0x00, 0x00, 0x00, 0x00, 0x00, 0x00, 0x00, 0x00, 0x00, 0x00, 0x00, 0x00, 0x00, 0x00, 0x00,
    0x00, 0x00, 0x00, 0x00, 0x00, 0x00, 0x00, 0x00, 0x00, 0x00, 0x00, 0x00, 0x00, 0x00, 0x00, 0x00,
    0x00, 0x00, 0x00, 0x00, 0x00, 0x00, 0x00, 0x00, 0x00, 0x00, 0x00, 0x00, 0x00, 0x00, 0x00, 0x00,
    0x00, 0x00, 0x00, 0x00, 0x00, 0x00, 0x00, 0x00, 0x00, 0x00, 0x00, 0x00, 0x00, 0x00, 0x00, 0x00,
    0x00, 0x00, 0x00, 0x00, 0x00, 0x00, 0x00, 0x00, 0x00, 0x00, 0x00, 0x00, 0x00, 0x00, 0x00, 0x00,
    0x00, 0x00, 0x00, 0x00, 0x00, 0x00, 0x00, 0x00, 0x00, 0x00, 0x00, 0x00, 0x00, 0x00, 0x00, 0x00,
    0x00, 0x00, 0x00, 0x00, 0x00, 0x00, 0x00, 0x00, 0x00, 0x00, 0x00, 0x00, 0x00, 0x00, 0x00, 0x00,
    0x00, 0x00, 0x00, 0x00, 0x00, 0x00, 0x00, 0x00, 0x00, 0x00, 0x00, 0x00, 0x00, 0x00, 0x00, 0x00,
    0x00, 0x00, 0x00, 0x00, 0x00, 0x00, 0x00, 0x00, 0x00, 0x00, 0x00, 0x00, 0x00, 0x00, 0x00, 0x00,
    0x00, 0x00, 0x00, 0x00, 0x00, 0x00, 0x00, 0x00, 0x00, 0x00, 0x00, 0x00, 0x00, 0x00, 0x00, 0x00,
    0x00, 0x00, 0x00, 0x00, 0x00, 0x00, 0x00, 0x00, 0x00, 0x00, 0x00, 0x00, 0x00, 0x00, 0x00, 0x00,
    0x00, 0x00, 0x00, 0x00, 0x00, 0x00, 0x00, 0x00, 0x00, 0x00, 0x00, 0x00, 0x00, 0x00, 0x00, 0x00,
    0x00, 0x00, 0x00, 0x00, 0x00, 0x00, 0x00, 0x00, 0x00, 0x00, 0x00, 0x00, 0x00, 0x00, 0x00, 0x00,
    0x00, 0x00, 0x00, 0x00, 0x96, 0xBE, 0xD2, 0xFF, 0x96, 0xBE, 0xD2, 0xFF, 0x96, 0xBE, 0xD2, 0xFF,
    0x96, 0xBE, 0xD2, 0xFF, 0x96, 0xBE, 0xD2, 0xFF, 0x96, 0xBE, 0xD2, 0xFF, 0x96, 0xBE, 0xD2, 0xFF,
    0x96, 0xBE, 0xD2, 0xFF, 0x96, 0xBE, 0xD2, 0xFF, 0x96, 0xBE, 0xD2, 0xFF, 0x96, 0xBE, 0xD2, 0xFF,
    0x96, 0xBE, 0xD2, 0xFF, 0x96, 0xBE, 0xD2, 0xFF, 0x96, 0xBE, 0xD2, 0xFF, 0x00, 0x00, 0x00, 0x00,
    0x00, 0x00, 0x00, 0x00, 0x00, 0x00, 0x00, 0x00, 0x00, 0x00, 0x00, 0x00, 0x00, 0x00, 0x00, 0x00,
    0x00, 0x00, 0x00, 0x00, 0x00, 0x00, 0x00, 0x00, 0x00, 0x00, 0x00, 0x00, 0x00, 0x00, 0x00, 0x00,
    0x00, 0x00, 0x00, 0x00, 0x00, 0x00, 0x00, 0x00, 0x00, 0x00, 0x00, 0x00, 0x00, 0x00, 0x00, 0x00,
    0x00, 0x00, 0x00, 0x00, 0x00, 0x00, 0x00, 0x00, 0x00, 0x00, 0x00, 0x00, 0x00, 0x00, 0x00, 0x00,
    0x00, 0x00, 0x00, 0x00, 0x00, 0x00, 0x00, 0x00, 0x00, 0x00, 0x00, 0x00, 0x00, 0x00, 0x00, 0x00,
    0x00, 0x00, 0x00, 0x00, 0x00, 0x00, 0x00, 0x00, 0x00, 0x00, 0x00, 0x00, 0x00, 0x00, 0x00, 0x00,
    0x00, 0x00, 0x00, 0x00, 0x00, 0x00, 0x00, 0x00, 0x00, 0x00, 0x00, 0x00, 0x00, 0x00, 0x00, 0x00,
    0x00, 0x00, 0x00, 0x00, 0x00, 0x00, 0x00, 0x00, 0x00, 0x00, 0x00, 0x00, 0x00, 0x00, 0x00, 0x00,
    0x00, 0x00, 0x00, 0x00, 0x00, 0x00, 0x00, 0x00, 0x00, 0x00, 0x00, 0x00, 0x00, 0x00, 0x00, 0x00,
    0x00, 0x00, 0x00, 0x00, 0x96, 0xBE, 0xD2, 0xFF, 0x96, 0xBE, 0xD2, 0xFF, 0x96, 0xBE, 0xD2, 0xFF,
    0x96, 0xBE, 0xD2, 0xFF, 0x96, 0xBE, 0xD2, 0xFF, 0x96, 0xBE, 0xD2, 0xFF, 0x96, 0xBE, 0xD2, 0xFF,
    0x96, 0xBE, 0xD2, 0xFF, 0x96, 0xBE, 0xD2, 0xFF, 0x96, 0xBE, 0xD2, 0xFF, 0x96, 0xBE, 0xD2, 0xFF,
    0x96, 0xBE, 0xD2, 0xFF, 0x96, 0xBE, 0xD2, 0xFF, 0x96, 0xBE, 0xD2, 0xFF, 0x96, 0xBE, 0xD2, 0xFF,
    0x96, 0xBE, 0xD2, 0xFF, 0x96, 0xBE, 0xD2, 0xFF, 0x96, 0xBE, 0xD2, 0xFF, 0x96, 0xBE, 0xD2, 0xFF,
    0x96, 0xBE, 0xD2, 0xFF, 0x96, 0xBE, 0xD2, 0xFF, 0x96, 0xBE, 0xD2, 0xFF, 0x00, 0x00, 0x00, 0x00,
    0x00, 0x00, 0x00, 0x00, 0x00, 0x00, 0x00, 0x00, 0x00, 0x00, 0x00, 0x00, 0x00, 0x00, 0x00, 0x00,
    0x00, 0x00, 0x00, 0x00, 0x00, 0x00, 0x00, 0x00, 0x00, 0x00, 0x00, 0x00, 0x00, 0x00, 0x00, 0x00,
    0x00, 0x00, 0x00, 0x00, 0x00, 0x00, 0x00, 0x00, 0x00, 0x00, 0x00, 0x00, 0x00, 0x00, 0x00, 0x00,
    0x00, 0x00, 0x00, 0x00, 0x00, 0x00, 0x00, 0x00, 0x00, 0x00, 0x00, 0x00, 0x00, 0x00, 0x00, 0x00,
    0x00, 0x00, 0x00, 0x00, 0x00, 0x00, 0x00, 0x00, 0x00, 0x00, 0x00, 0x00, 0x00, 0x00, 0x00, 0x00,
    0x00, 0x00, 0x00, 0x00, 0x00, 0x00, 0x00, 0x00, 0x00, 0x00, 0x00, 0x00, 0x00, 0x00, 0x00, 0x00,
    0x00, 0x00, 0x00, 0x00, 0x00, 0x00, 0x00, 0x00, 0x00, 0x00, 0x00, 0x00, 0x00, 0x00, 0x00, 0x00,
    0x00, 0x00, 0x00, 0x00, 0x00, 0x00, 0x00, 0x00, 0x96, 0xBE, 0xD2, 0xFF, 0x96, 0xBE, 0xD2, 0xFF,
    0x96, 0xBE, 0xD2, 0xFF, 0x96, 0xBE, 0xD2, 0xFF, 0x96, 0xBE, 0xD2, 0xFF, 0x96, 0xBE, 0xD2, 0xFF,
    0x96, 0xBE, 0xD2, 0xFF, 0xBA, 0xE2, 0xF4, 0xFF, 0xBA, 0xE2, 0xF4, 0xFF, 0xBA, 0xE2, 0xF4, 0xFF,
    0xBA, 0xE2, 0xF4, 0xFF, 0xBA, 0xE2, 0xF4, 0xFF, 0xBA, 0xE2, 0xF4, 0xFF, 0xBA, 0xE2, 0xF4, 0xFF,
    0xBA, 0xE2, 0xF4, 0xFF, 0xBA, 0xE2, 0xF4, 0xFF, 0xBA, 0xE2, 0xF4, 0xFF, 0xBA, 0xE2, 0xF4, 0xFF,
    0xBA, 0xE2, 0xF4, 0xFF, 0xBA, 0xE2, 0xF4, 0xFF, 0xBA, 0xE2, 0xF4, 0xFF, 0x96, 0xBE, 0xD2, 0xFF,
    0x96, 0xBE, 0xD2, 0xFF, 0x96, 0xBE, 0xD2, 0xFF, 0x96, 0xBE, 0xD2, 0xFF, 0x96, 0xBE, 0xD2, 0xFF,
    0x96, 0xBE, 0xD2, 0xFF, 0x96, 0xBE, 0xD2, 0xFF, 0x00, 0x00, 0x00, 0x00, 0x00, 0x00, 0x00, 0x00,
    0x00, 0x00, 0x00, 0x00, 0x00, 0x00, 0x00, 0x00, 0x00, 0x00, 0x00, 0x00, 0x00, 0x00, 0x00, 0x00,
    0x00, 0x00, 0x00, 0x00, 0x00, 0x00, 0x00, 0x00, 0x00, 0x00, 0x00, 0x00, 0x00, 0x00, 0x00, 0x00,
    0x00, 0x00, 0x00, 0x00, 0x00, 0x00, 0x00, 0x00, 0x00, 0x00, 0x00, 0x00, 0x00, 0x00, 0x00, 0x00,
    0x00, 0x00, 0x00, 0x00, 0x00, 0x00, 0x00, 0x00, 0x00, 0x00, 0x00, 0x00, 0x00, 0x00, 0x00, 0x00,
    0x00, 0x00, 0x00, 0x00, 0x00, 0x00, 0x00, 0x00, 0x00, 0x00, 0x00, 0x00, 0x00, 0x00, 0x00, 0x00,
    0x00, 0x00, 0x00, 0x00, 0x00, 0x00, 0x00, 0x00, 0x00, 0x00, 0x00, 0x00, 0x96, 0xBE, 0xD2, 0xFF,
    0x96, 0xBE, 0xD2, 0xFF, 0x96, 0xBE, 0xD2, 0xFF, 0x96, 0xBE, 0xD2, 0xFF, 0x96, 0xBE, 0xD2, 0xFF,
    0x96, 0xBE, 0xD2, 0xFF, 0xBA, 0xE2, 0xF4, 0xFF, 0xBA, 0xE2, 0xF4, 0xFF, 0xBA, 0xE2, 0xF4, 0xFF,
    0xBA, 0xE2, 0xF4, 0xFF, 0xBA, 0xE2, 0xF4, 0xFF, 0xBA, 0xE2, 0xF4, 0xFF, 0xBA, 0xE2, 0xF4, 0xFF,
    0xBA, 0xE2, 0xF4, 0xFF, 0xBA, 0xE2, 0xF4, 0xFF, 0xBA, 0xE2, 0xF4, 0xFF, 0xBA, 0xE2, 0xF4, 0xFF,
    0xBA, 0xE2, 0xF4, 0xFF, 0xBA, 0xE2, 0xF4, 0xFF, 0xBA, 0xE2, 0xF4, 0xFF, 0xBA, 0xE2, 0xF4, 0xFF,
    0xBA, 0xE2, 0xF4, 0xFF, 0xBA, 0xE2, 0xF4, 0xFF, 0xBA, 0xE2, 0xF4, 0xFF, 0xBA, 0xE2, 0xF4, 0xFF,
    0xBA, 0xE2, 0xF4, 0xFF, 0xBA, 0xE2, 0xF4, 0xFF, 0xBA, 0xE2, 0xF4, 0xFF, 0x96, 0xBE, 0xD2, 0xFF,
    0x96, 0xBE, 0xD2, 0xFF, 0x96, 0xBE, 0xD2, 0xFF, 0x96, 0xBE, 0xD2, 0xFF, 0x96, 0xBE, 0xD2, 0xFF,
    0x96, 0xBE, 0xD2, 0xFF, 0x00, 0x00, 0x00, 0x00, 0x00, 0x00, 0x00, 0x00, 0x00, 0x00, 0x00, 0x00,
    0x00, 0x00, 0x00, 0x00, 0x00, 0x00, 0x00, 0x00, 0x00, 0x00, 0x00, 0x00, 0x00, 0x00, 0x00, 0x00,
    0x00, 0x00, 0x00, 0x00, 0x00, 0x00, 0x00, 0x00, 0x00, 0x00, 0x00, 0x00, 0x00, 0x00, 0x00, 0x00,
    0x00, 0x00, 0x00, 0x00, 0x00, 0x00, 0x00, 0x00, 0x00, 0x00, 0x00, 0x00, 0x00, 0x00, 0x00, 0x00,
    0x00, 0x00, 0x00, 0x00, 0x00, 0x00, 0x00, 0x00, 0x00, 0x00, 0x00, 0x00, 0x00, 0x00, 0x00, 0x00,
    0x00, 0x00, 0x00, 0x00, 0x00, 0x00, 0x00, 0x00, 0x96, 0xBE, 0xD2, 0xFF, 0x96, 0xBE, 0xD2, 0xFF,
    0x96, 0xBE, 0xD2, 0xFF, 0x96, 0xBE, 0xD2, 0xFF, 0xBA, 0xE2, 0xF4, 0xFF, 0xBA, 0xE2, 0xF4, 0xFF,
    0xBA, 0xE2, 0xF4, 0xFF, 0xBA, 0xE2, 0xF4, 0xFF, 0xBA, 0xE2, 0xF4, 0xFF, 0xBA, 0xE2, 0xF4, 0xFF,
    0xBA, 0xE2, 0xF4, 0xFF, 0xBA, 0xE2, 0xF4, 0xFF, 0xBA, 0xE2, 0xF4, 0xFF, 0xBA, 0xE2, 0xF4, 0xFF,
    0xBA, 0xE2, 0xF4, 0xFF, 0xBA, 0xE2, 0xF4, 0xFF, 0xBA, 0xE2, 0xF4, 0xFF, 0xBA, 0xE2, 0xF4, 0xFF,
    0xBA, 0xE2, 0xF4, 0xFF, 0xBA, 0xE2, 0xF4, 0xFF, 0xBA, 0xE2, 0xF4, 0xFF, 0xBA, 0xE2, 0xF4, 0xFF,
    0xBA, 0xE2, 0xF4, 0xFF, 0xBA, 0xE2, 0xF4, 0xFF, 0xBA, 0xE2, 0xF4, 0xFF, 0xBA, 0xE2, 0xF4, 0xFF,
    0xBA, 0xE2, 0xF4, 0xFF, 0xBA, 0xE2, 0xF4, 0xFF, 0xBA, 0xE2, 0xF4, 0xFF, 0xBA, 0xE2, 0xF4, 0xFF,
    0xBA, 0xE2, 0xF4, 0xFF, 0xBA, 0xE2, 0xF4, 0xFF, 0x96, 0xBE, 0xD2, 0xFF, 0x96, 0xBE, 0xD2, 0xFF,
    0x96, 0xBE, 0xD2, 0xFF, 0x96, 0xBE, 0xD2, 0xFF, 0x00, 0x00, 0x00, 0x00, 0x00, 0x00, 0x00, 0x00,
    0x00, 0x00, 0x00, 0x00, 0x00, 0x00, 0x00, 0x00, 0x00, 0x00, 0x00, 0x00, 0x00, 0x00, 0x00, 0x00,
    0x00, 0x00, 0x00, 0x00, 0x00, 0x00, 0x00, 0x00, 0x00, 0x00, 0x00, 0x00, 0x00, 0x00, 0x00, 0x00,
    0x00, 0x00, 0x00, 0x00, 0x00, 0x00, 0x00, 0x00, 0x00, 0x00, 0x00, 0x00, 0x00, 0x00, 0x00, 0x00,
    0x00, 0x00, 0x00, 0x00, 0x00, 0x00, 0x00, 0x00, 0x00, 0x00, 0x00, 0x00, 0x00, 0x00, 0x00, 0x00,
    0x96, 0xBE, 0xD2, 0xFF, 0x96, 0xBE, 0xD2, 0xFF, 0x96, 0xBE, 0xD2, 0xFF, 0x96, 0xBE, 0xD2, 0xFF,
    0xBA, 0xE2, 0xF4, 0xFF, 0xBA, 0xE2, 0xF4, 0xFF, 0xBA, 0xE2, 0xF4, 0xFF, 0xBA, 0xE2, 0xF4, 0xFF,
    0xBA, 0xE2, 0xF4, 0xFF, 0xBA, 0xE2, 0xF4, 0xFF, 0xBA, 0xE2, 0xF4, 0xFF, 0xBA, 0xE2, 0xF4, 0xFF,
    0xBA, 0xE2, 0xF4, 0xFF, 0xBA, 0xE2, 0xF4, 0xFF, 0x96, 0xBE, 0xD2, 0xFF, 0x96, 0xBE, 0xD2, 0xFF,
    0x96, 0xBE, 0xD2, 0xFF, 0x96, 0xBE, 0xD2, 0xFF, 0x96, 0xBE, 0xD2, 0xFF, 0x96, 0xBE, 0xD2, 0xFF,
    0x96, 0xBE, 0xD2, 0xFF, 0x96, 0xBE, 0xD2, 0xFF, 0x96, 0xBE, 0xD2, 0xFF, 0x96, 0xBE, 0xD2, 0xFF,
    0x96, 0xBE, 0xD2, 0xFF, 0x96, 0xBE, 0xD2, 0xFF, 0xBA, 0xE2, 0xF4, 0xFF, 0xBA, 0xE2, 0xF4, 0xFF,
    0xBA, 0xE2, 0xF4, 0xFF, 0xBA, 0xE2, 0xF4, 0xFF, 0xBA, 0xE2, 0xF4, 0xFF, 0xBA, 0xE2, 0xF4, 0xFF,
    0xBA, 0xE2, 0xF4, 0xFF, 0xBA, 0xE2, 0xF4, 0xFF, 0xBA, 0xE2, 0xF4, 0xFF, 0xBA, 0xE2, 0xF4, 0xFF,
    0x96, 0xBE, 0xD2, 0xFF, 0x96, 0xBE, 0xD2, 0xFF, 0x96, 0xBE, 0xD2, 0xFF, 0x96, 0xBE, 0xD2, 0xFF,
    0x00, 0x00, 0x00, 0x00, 0x00, 0x00, 0x00, 0x00, 0x00, 0x00, 0x00, 0x00, 0x00, 0x00, 0x00, 0x00,
    0x00, 0x00, 0x00, 0x00, 0x00, 0x00, 0x00, 0x00, 0x00, 0x00, 0x00, 0x00, 0x00, 0x00, 0x00, 0x00,
    0x00, 0x00, 0x00, 0x00, 0x00, 0x00, 0x00, 0x00, 0x00, 0x00, 0x00, 0x00, 0x00, 0x00, 0x00, 0x00,
    0x00, 0x00, 0x00, 0x00, 0x00, 0x00, 0x00, 0x00, 0x00, 0x00, 0x00, 0x00, 0x96, 0xBE, 0xD2, 0xFF,
    0x96, 0xBE, 0xD2, 0xFF, 0x96, 0xBE, 0xD2, 0xFF, 0xBA, 0xE2, 0xF4, 0xFF, 0xBA, 0xE2, 0xF4, 0xFF,
    0xBA, 0xE2, 0xF4, 0xFF, 0xBA, 0xE2, 0xF4, 0xFF, 0xBA, 0xE2, 0xF4, 0xFF, 0xBA, 0xE2, 0xF4, 0xFF,
    0xBA, 0xE2, 0xF4, 0xFF, 0xBA, 0xE2, 0xF4, 0xFF, 0x96, 0xBE, 0xD2, 0xFF, 0x96, 0xBE, 0xD2, 0xFF,
    0x96, 0xBE, 0xD2, 0xFF, 0x96, 0xBE, 0xD2, 0xFF, 0xBA, 0xE2, 0xF4, 0xFF, 0xBA, 0xE2, 0xF4, 0xFF,
    0xBA, 0xE2, 0xF4, 0xFF, 0xBA, 0xE2, 0xF4, 0xFF, 0xBA, 0xE2, 0xF4, 0xFF, 0xBA, 0xE2, 0xF4, 0xFF,
    0xBA, 0xE2, 0xF4, 0xFF, 0xBA, 0xE2, 0xF4, 0xFF, 0xBA, 0xE2, 0xF4, 0xFF, 0xBA, 0xE2, 0xF4, 0xFF,
    0xBA, 0xE2, 0xF4, 0xFF, 0xBA, 0xE2, 0xF4, 0xFF, 0x96, 0xBE, 0xD2, 0xFF, 0x96, 0xBE, 0xD2, 0xFF,
    0x96, 0xBE, 0xD2, 0xFF, 0x96, 0xBE, 0xD2, 0xFF, 0xBA, 0xE2, 0xF4, 0xFF, 0xBA, 0xE2, 0xF4, 0xFF,
    0xBA, 0xE2, 0xF4, 0xFF, 0xBA, 0xE2, 0xF4, 0xFF, 0xBA, 0xE2, 0xF4, 0xFF, 0xBA, 0xE2, 0xF4, 0xFF,
    0xBA, 0xE2, 0xF4, 0xFF, 0xBA, 0xE2, 0xF4, 0xFF, 0x96, 0xBE, 0xD2, 0xFF, 0x96, 0xBE, 0xD2, 0xFF,
    0x96, 0xBE, 0xD2, 0xFF, 0x00, 0x00, 0x00, 0x00, 0x00, 0x00, 0x00, 0x00, 0x00, 0x00, 0x00, 0x00,
    0x00, 0x00, 0x00, 0x00, 0x00, 0x00, 0x00, 0x00, 0x00, 0x00, 0x00, 0x00, 0x00, 0x00, 0x00, 0x00,
    0x00, 0x00, 0x00, 0x00, 0x00, 0x00, 0x00, 0x00, 0x00, 0x00, 0x00, 0x00, 0x00, 0x00, 0x00, 0x00,
    0x00, 0x00, 0x00, 0x00, 0x00, 0x00, 0x00, 0x00, 0x96, 0xBE, 0xD2, 0xFF, 0x96, 0xBE, 0xD2, 0xFF,
    0x96, 0xBE, 0xD2, 0xFF, 0xBA, 0xE2, 0xF4, 0xFF, 0xBA, 0xE2, 0xF4, 0xFF, 0xBA, 0xE2, 0xF4, 0xFF,
    0xBA, 0xE2, 0xF4, 0xFF, 0xBA, 0xE2, 0xF4, 0xFF, 0xBA, 0xE2, 0xF4, 0xFF, 0x96, 0xBE, 0xD2, 0xFF,
    0x96, 0xBE, 0xD2, 0xFF, 0x96, 0xBE, 0xD2, 0xFF, 0xBA, 0xE2, 0xF4, 0xFF, 0xBA, 0xE2, 0xF4, 0xFF,
    0xBA, 0xE2, 0xF4, 0xFF, 0xBA, 0xE2, 0xF4, 0xFF, 0xBA, 0xE2, 0xF4, 0xFF, 0xBA, 0xE2, 0xF4, 0xFF,
    0xBA, 0xE2, 0xF4, 0xFF, 0xBA, 0xE2, 0xF4, 0xFF, 0xBA, 0xE2, 0xF4, 0xFF, 0xBA, 0xE2, 0xF4, 0xFF,
    0xBA, 0xE2, 0xF4, 0xFF, 0xBA, 0xE2, 0xF4, 0xFF, 0xBA, 0xE2, 0xF4, 0xFF, 0xBA, 0xE2, 0xF4, 0xFF,
    0xBA, 0xE2, 0xF4, 0xFF, 0xBA, 0xE2, 0xF4, 0xFF, 0xBA, 0xE2, 0xF4, 0xFF, 0xBA, 0xE2, 0xF4, 0xFF,
    0xBA, 0xE2, 0xF4, 0xFF, 0xBA, 0xE2, 0xF4, 0xFF, 0x96, 0xBE, 0xD2, 0xFF, 0x96, 0xBE, 0xD2, 0xFF,
    0x96, 0xBE, 0xD2, 0xFF, 0xBA, 0xE2, 0xF4, 0xFF, 0xBA, 0xE2, 0xF4, 0xFF, 0xBA, 0xE2, 0xF4, 0xFF,
    0xBA, 0xE2, 0xF4, 0xFF, 0xBA, 0xE2, 0xF4, 0xFF, 0xBA, 0xE2, 0xF4, 0xFF, 0x96, 0xBE, 0xD2, 0xFF,
    0x96, 0xBE, 0xD2, 0xFF, 0x96, 0xBE, 0xD2, 0xFF, 0x00, 0x00, 0x00, 0x00, 0x00, 0x00, 0x00, 0x00,
    0x00, 0x00, 0x00, 0x00, 0x00, 0x00, 0x00, 0x00, 0x00, 0x00, 0x00, 0x00, 0x00, 0x00, 0x00, 0x00,
    0x00, 0x00, 0x00, 0x00, 0x00, 0x00, 0x00, 0x00, 0x00, 0x00, 0x00, 0x00, 0x00, 0x00, 0x00, 0x00,
    0x00, 0x00, 0x00, 0x00, 0x96, 0xBE, 0xD2, 0xFF, 0x96, 0xBE, 0xD2, 0xFF, 0x96, 0xBE, 0xD2, 0xFF,
    0xBA, 0xE2, 0xF4, 0xFF, 0xBA, 0xE2, 0xF4, 0xFF, 0xBA, 0xE2, 0xF4, 0xFF, 0xBA, 0xE2, 0xF4, 0xFF,
    0xBA, 0xE2, 0xF4, 0xFF, 0x96, 0xBE, 0xD2, 0xFF, 0x96, 0xBE, 0xD2, 0xFF, 0xBA, 0xE2, 0xF4, 0xFF,
    0xBA, 0xE2, 0xF4, 0xFF, 0xBA, 0xE2, 0xF4, 0xFF, 0xBA, 0xE2, 0xF4, 0xFF, 0xBA, 0xE2, 0xF4, 0xFF,
    0xBA, 0xE2, 0xF4, 0xFF, 0xBA, 0xE2, 0xF4, 0xFF, 0xBA, 0xE2, 0xF4, 0xFF, 0xBA, 0xE2, 0xF4, 0xFF,
    0xBA, 0xE2, 0xF4, 0xFF, 0xBA, 0xE2, 0xF4, 0xFF, 0xBA, 0xE2, 0xF4, 0xFF, 0xBA, 0xE2, 0xF4, 0xFF,
    0xBA, 0xE2, 0xF4, 0xFF, 0xBA, 0xE2, 0xF4, 0xFF, 0xBA, 0xE2, 0xF4, 0xFF, 0xBA, 0xE2, 0xF4, 0xFF,
    0xBA, 0xE2, 0xF4, 0xFF, 0xBA, 0xE2, 0xF4, 0xFF, 0xBA, 0xE2, 0xF4, 0xFF, 0xBA, 0xE2, 0xF4, 0xFF,
    0xBA, 0xE2, 0xF4, 0xFF, 0xBA, 0xE2, 0xF4, 0xFF, 0xBA, 0xE2, 0xF4, 0xFF, 0xBA, 0xE2, 0xF4, 0xFF,
    0xBA, 0xE2, 0xF4, 0xFF, 0x96, 0xBE, 0xD2, 0xFF, 0x96, 0xBE, 0xD2, 0xFF, 0xBA, 0xE2, 0xF4, 0xFF,
    0xBA, 0xE2, 0xF4, 0xFF, 0xBA, 0xE2, 0xF4, 0xFF, 0xBA, 0xE2, 0xF4, 0xFF, 0xBA, 0xE2, 0xF4, 0xFF,
    0x96, 0xBE, 0xD2, 0xFF, 0x96, 0xBE, 0xD2, 0xFF, 0x96, 0xBE, 0xD2, 0xFF, 0x00, 0x00, 0x00, 0x00,
    0x00, 0x00, 0x00, 0x00, 0x00, 0x00, 0x00, 0x00, 0x00, 0x00, 0x00, 0x00, 0x00, 0x00, 0x00, 0x00,
    0x00, 0x00, 0x00, 0x00, 0x00, 0x00, 0x00, 0x00, 0x00, 0x00, 0x00, 0x00, 0x00, 0x00, 0x00, 0x00,
    0x00, 0x00, 0x00, 0x00, 0x96, 0xBE, 0xD2, 0xFF, 0x96, 0xBE, 0xD2, 0xFF, 0xBA, 0xE2, 0xF4, 0xFF,
    0xBA, 0xE2, 0xF4, 0xFF, 0xBA, 0xE2, 0xF4, 0xFF, 0xBA, 0xE2, 0xF4, 0xFF, 0xBA, 0xE2, 0xF4, 0xFF,
    0x96, 0xBE, 0xD2, 0xFF, 0xBA, 0xE2, 0xF4, 0xFF, 0xBA, 0xE2, 0xF4, 0xFF, 0xBA, 0xE2, 0xF4, 0xFF,
    0xBA, 0xE2, 0xF4, 0xFF, 0xBA, 0xE2, 0xF4, 0xFF, 0xBA, 0xE2, 0xF4, 0xFF, 0xBA, 0xE2, 0xF4, 0xFF,
    0xBA, 0xE2, 0xF4, 0xFF, 0xBA, 0xE2, 0xF4, 0xFF, 0xBA, 0xE2, 0xF4, 0xFF, 0xBA, 0xE2, 0xF4, 0xFF,
    0xBA, 0xE2, 0xF4, 0xFF, 0xBA, 0xE2, 0xF4, 0xFF, 0xBA, 0xE2, 0xF4, 0xFF, 0xBA, 0xE2, 0xF4, 0xFF,
    0xBA, 0xE2, 0xF4, 0xFF, 0xBA, 0xE2, 0xF4, 0xFF, 0xBA, 0xE2, 0xF4, 0xFF, 0xBA, 0xE2, 0xF4, 0xFF,
    0xBA, 0xE2, 0xF4, 0xFF, 0xBA, 0xE2, 0xF4, 0xFF, 0xBA, 0xE2, 0xF4, 0xFF, 0xBA, 0xE2, 0xF4, 0xFF,
    0xBA, 0xE2, 0xF4, 0xFF, 0xBA, 0xE2, 0xF4, 0xFF, 0xBA, 0xE2, 0xF4, 0xFF, 0xBA, 0xE2, 0xF4, 0xFF,
    0xBA, 0xE2, 0xF4, 0xFF, 0xBA, 0xE2, 0xF4, 0xFF, 0xBA, 0xE2, 0xF4, 0xFF, 0x96, 0xBE, 0xD2, 0xFF,
    0xBA, 0xE2, 0xF4, 0xFF, 0xBA, 0xE2, 0xF4, 0xFF, 0xBA, 0xE2, 0xF4, 0xFF, 0xBA, 0xE2, 0xF4, 0xFF,
    0xBA, 0xE2, 0xF4, 0xFF, 0x96, 0xBE, 0xD2, 0xFF, 0x96, 0xBE, 0xD2, 0xFF, 0x00, 0x00, 0x00, 0x00,
    0x00, 0x00, 0x00, 0x00, 0x00, 0x00, 0x00, 0x00, 0x00, 0x00, 0x00, 0x00, 0x00, 0x00, 0x00, 0x00,
    0x00, 0x00, 0x00, 0x00, 0x00, 0x00, 0x00, 0x00, 0x00, 0x00, 0x00, 0x00, 0x00, 0x00, 0x00, 0x00,
    0x96, 0xBE, 0xD2, 0xFF, 0x96, 0xBE, 0xD2, 0xFF, 0xBA, 0xE2, 0xF4, 0xFF, 0xBA, 0xE2, 0xF4, 0xFF,
    0xBA, 0xE2, 0xF4, 0xFF, 0xBA, 0xE2, 0xF4, 0xFF, 0xBA, 0xE2, 0xF4, 0xFF, 0x96, 0xBE, 0xD2, 0xFF,
    0xBA, 0xE2, 0xF4, 0xFF, 0xBA, 0xE2, 0xF4, 0xFF, 0xBA, 0xE2, 0xF4, 0xFF, 0xBA, 0xE2, 0xF4, 0xFF,
    0xBA, 0xE2, 0xF4, 0xFF, 0xBA, 0xE2, 0xF4, 0xFF, 0xBA, 0xE2, 0xF4, 0xFF, 0xBA, 0xE2, 0xF4, 0xFF,
    0xBA, 0xE2, 0xF4, 0xFF, 0xBA, 0xE2, 0xF4, 0xFF, 0xBA, 0xE2, 0xF4, 0xFF, 0xBA, 0xE2, 0xF4, 0xFF,
    0xBA, 0xE2, 0xF4, 0xFF, 0xBA, 0xE2, 0xF4, 0xFF, 0xBA, 0xE2, 0xF4, 0xFF, 0xBA, 0xE2, 0xF4, 0xFF,
    0xBA, 0xE2, 0xF4, 0xFF, 0xBA, 0xE2, 0xF4, 0xFF, 0xBA, 0xE2, 0xF4, 0xFF, 0xBA, 0xE2, 0xF4, 0xFF,
    0xBA, 0xE2, 0xF4, 0xFF, 0xBA, 0xE2, 0xF4, 0xFF, 0xBA, 0xE2, 0xF4, 0xFF, 0xBA, 0xE2, 0xF4, 0xFF,
    0xBA, 0xE2, 0xF4, 0xFF, 0xBA, 0xE2, 0xF4, 0xFF, 0xBA, 0xE2, 0xF4, 0xFF, 0xBA, 0xE2, 0xF4, 0xFF,
    0xBA, 0xE2, 0xF4, 0xFF, 0xBA, 0xE2, 0xF4, 0xFF, 0xBA, 0xE2, 0xF4, 0xFF, 0xBA, 0xE2, 0xF4, 0xFF,
    0x96, 0xBE, 0xD2, 0xFF, 0xBA, 0xE2, 0xF4, 0xFF, 0xBA, 0xE2, 0xF4, 0xFF, 0xBA, 0xE2, 0xF4, 0xFF,
    0xBA, 0xE2, 0xF4, 0xFF, 0xBA, 0xE2, 0xF4, 0xFF, 0x96, 0xBE, 0xD2, 0xFF, 0x96, 0xBE, 0xD2, 0xFF,
    0x00, 0x00, 0x00, 0x00, 0x00, 0x00, 0x00, 0x00, 0x00, 0x00, 0x00, 0x00, 0x00, 0x00, 0x00, 0x00,
    0x00, 0x00, 0x00, 0x00, 0x00, 0x00, 0x00, 0x00, 0x00, 0x00, 0x00, 0x00, 0x00, 0x00, 0x00, 0x00,
    0x96, 0xBE, 0xD2, 0xFF, 0x96, 0xBE, 0xD2, 0xFF, 0xBA, 0xE2, 0xF4, 0xFF, 0xBA, 0xE2, 0xF4, 0xFF,
    0xBA, 0xE2, 0xF4, 0xFF, 0xBA, 0xE2, 0xF4, 0xFF, 0x96, 0xBE, 0xD2, 0xFF, 0xBA, 0xE2, 0xF4, 0xFF,
    0xBA, 0xE2, 0xF4, 0xFF, 0xBA, 0xE2, 0xF4, 0xFF, 0xBA, 0xE2, 0xF4, 0xFF, 0xBA, 0xE2, 0xF4, 0xFF,
    0xBA, 0xE2, 0xF4, 0xFF, 0xBA, 0xE2, 0xF4, 0xFF, 0xBA, 0xE2, 0xF4, 0xFF, 0xBA, 0xE2, 0xF4, 0xFF,
    0xBA, 0xE2, 0xF4, 0xFF, 0xBA, 0xE2, 0xF4, 0xFF, 0xBA, 0xE2, 0xF4, 0xFF, 0xBA, 0xE2, 0xF4, 0xFF,
    0xBA, 0xE2, 0xF4, 0xFF, 0xBA, 0xE2, 0xF4, 0xFF, 0xBA, 0xE2, 0xF4, 0xFF, 0xBA, 0xE2, 0xF4, 0xFF,
    0xBA, 0xE2, 0xF4, 0xFF, 0xBA, 0xE2, 0xF4, 0xFF, 0xBA, 0xE2, 0xF4, 0xFF, 0xBA, 0xE2, 0xF4, 0xFF,
    0xBA, 0xE2, 0xF4, 0xFF, 0xBA, 0xE2, 0xF4, 0xFF, 0xBA, 0xE2, 0xF4, 0xFF, 0xBA, 0xE2, 0xF4, 0xFF,
    0xBA, 0xE2, 0xF4, 0xFF, 0xBA, 0xE2, 0xF4, 0xFF, 0xBA, 0xE2, 0xF4, 0xFF, 0xBA, 0xE2, 0xF4, 0xFF,
    0xBA, 0xE2, 0xF4, 0xFF, 0xBA, 0xE2, 0xF4, 0xFF, 0xBA, 0xE2, 0xF4, 0xFF, 0xBA, 0xE2, 0xF4, 0xFF,
    0xBA, 0xE2, 0xF4, 0xFF, 0x96, 0xBE, 0xD2, 0xFF, 0xBA, 0xE2, 0xF4, 0xFF, 0xBA, 0xE2, 0xF4, 0xFF,
    0xBA, 0xE2, 0xF4, 0xFF, 0xBA, 0xE2, 0xF4, 0xFF, 0x96, 0xBE, 0xD2, 0xFF, 0x96, 0xBE, 0xD2, 0xFF,
    0x00, 0x00, 0x00, 0x00, 0x00, 0x00, 0x00, 0x00, 0x00, 0x00, 0x00, 0x00, 0x00, 0x00, 0x00, 0x00,
    0x00, 0x00, 0x00, 0x00, 0x00, 0x00, 0x00, 0x00, 0x00, 0x00, 0x00, 0x00, 0x00, 0x00, 0x00, 0x00,
    0x96, 0xBE, 0xD2, 0xFF, 0x96, 0xBE, 0xD2, 0xFF, 0xBA, 0xE2, 0xF4, 0xFF, 0xBA, 0xE2, 0xF4, 0xFF,
    0xBA, 0xE2, 0xF4, 0xFF, 0xBA, 0xE2, 0xF4, 0xFF, 0x96, 0xBE, 0xD2, 0xFF, 0xBA, 0xE2, 0xF4, 0xFF,
    0xBA, 0xE2, 0xF4, 0xFF, 0xBA, 0xE2, 0xF4, 0xFF, 0xBA, 0xE2, 0xF4, 0xFF, 0xBA, 0xE2, 0xF4, 0xFF,
    0xBA, 0xE2, 0xF4, 0xFF, 0xBA, 0xE2, 0xF4, 0xFF, 0xBA, 0xE2, 0xF4, 0xFF, 0xBA, 0xE2, 0xF4, 0xFF,
    0xBA, 0xE2, 0xF4, 0xFF, 0xBA, 0xE2, 0xF4, 0xFF, 0xBA, 0xE2, 0xF4, 0xFF, 0xBA, 0xE2, 0xF4, 0xFF,
    0xBA, 0xE2, 0xF4, 0xFF, 0xBA, 0xE2, 0xF4, 0xFF, 0xBA, 0xE2, 0xF4, 0xFF, 0xBA, 0xE2, 0xF4, 0xFF,
    0xBA, 0xE2, 0xF4, 0xFF, 0xBA, 0xE2, 0xF4, 0xFF, 0xBA, 0xE2, 0xF4, 0xFF, 0xBA, 0xE2, 0xF4, 0xFF,
    0xBA, 0xE2, 0xF4, 0xFF, 0xBA, 0xE2, 0xF4, 0xFF, 0xBA, 0xE2, 0xF4, 0xFF, 0xBA, 0xE2, 0xF4, 0xFF,
    0xBA, 0xE2, 0xF4, 0xFF, 0xBA, 0xE2, 0xF4, 0xFF, 0xBA, 0xE2, 0xF4, 0xFF, 0xBA, 0xE2, 0xF4, 0xFF,
    0xBA, 0xE2, 0xF4, 0xFF, 0xBA, 0xE2, 0xF4, 0xFF, 0xBA, 0xE2, 0xF4, 0xFF, 0xBA, 0xE2, 0xF4, 0xFF,
    0xBA, 0xE2, 0xF4, 0xFF, 0x96, 0xBE, 0xD2, 0xFF, 0xBA, 0xE2, 0xF4, 0xFF, 0xBA, 0xE2, 0xF4, 0xFF,
    0xBA, 0xE2, 0xF4, 0xFF, 0xBA, 0xE2, 0xF4, 0xFF, 0x96, 0xBE, 0xD2, 0xFF, 0x96, 0xBE, 0xD2, 0xFF,
    0x00, 0x00, 0x00, 0x00, 0x00, 0x00, 0x00, 0x00, 0x00, 0x00, 0x00, 0x00, 0x00, 0x00, 0x00, 0x00,
    0x00, 0x00, 0x00, 0x00, 0x00, 0x00, 0x00, 0x00, 0x00, 0x00, 0x00, 0x00, 0x00, 0x00, 0x00, 0x00,
    0x96, 0xBE, 0xD2, 0xFF, 0x96, 0xBE, 0xD2, 0xFF, 0xBA, 0xE2, 0xF4, 0xFF, 0xBA, 0xE2, 0xF4, 0xFF,
    0xBA, 0xE2, 0xF4, 0xFF, 0xBA, 0xE2, 0xF4, 0xFF, 0x96, 0xBE, 0xD2, 0xFF, 0xBA, 0xE2, 0xF4, 0xFF,
    0xBA, 0xE2, 0xF4, 0xFF, 0xBA, 0xE2, 0xF4, 0xFF, 0xBA, 0xE2, 0xF4, 0xFF, 0xBA, 0xE2, 0xF4, 0xFF,
    0xBA, 0xE2, 0xF4, 0xFF, 0xBA, 0xE2, 0xF4, 0xFF, 0xBA, 0xE2, 0xF4, 0xFF, 0xBA, 0xE2, 0xF4, 0xFF,
    0xBA, 0xE2, 0xF4, 0xFF, 0xBA, 0xE2, 0xF4, 0xFF, 0xBA, 0xE2, 0xF4, 0xFF, 0xBA, 0xE2, 0xF4, 0xFF,
    0xBA, 0xE2, 0xF4, 0xFF, 0xBA, 0xE2, 0xF4, 0xFF, 0xBA, 0xE2, 0xF4, 0xFF, 0xBA, 0xE2, 0xF4, 0xFF,
    0xBA, 0xE2, 0xF4, 0xFF, 0xBA, 0xE2, 0xF4, 0xFF, 0xBA, 0xE2, 0xF4, 0xFF, 0xBA, 0xE2, 0xF4, 0xFF,
    0xBA, 0xE2, 0xF4, 0xFF, 0xBA, 0xE2, 0xF4, 0xFF, 0xBA, 0xE2, 0xF4, 0xFF, 0xBA, 0xE2, 0xF4, 0xFF,
    0xBA, 0xE2, 0xF4, 0xFF, 0xBA, 0xE2, 0xF4, 0xFF, 0xBA, 0xE2, 0xF4, 0xFF, 0xBA, 0xE2, 0xF4, 0xFF,
    0xBA, 0xE2, 0xF4, 0xFF, 0xBA, 0xE2, 0xF4, 0xFF, 0xBA, 0xE2, 0xF4, 0xFF, 0xBA, 0xE2, 0xF4, 0xFF,
    0xBA, 0xE2, 0xF4, 0xFF, 0x96, 0xBE, 0xD2, 0xFF, 0xBA, 0xE2, 0xF4, 0xFF, 0xBA, 0xE2, 0xF4, 0xFF,
    0xBA, 0xE2, 0xF4, 0xFF, 0xBA, 0xE2, 0xF4, 0xFF, 0x96, 0xBE, 0xD2, 0xFF, 0x96, 0xBE, 0xD2, 0xFF,
    0x00, 0x00, 0x00, 0x00, 0x00, 0x00, 0x00, 0x00, 0x00, 0x00, 0x00, 0x00, 0x00, 0x00, 0x00, 0x00,
    0x00, 0x00, 0x00, 0x00, 0x00, 0x00, 0x00, 0x00, 0x00, 0x00, 0x00, 0x00, 0x00, 0x00, 0x00, 0x00,
    0x96, 0xBE, 0xD2, 0xFF, 0x96, 0xBE, 0xD2, 0xFF, 0xBA, 0xE2, 0xF4, 0xFF, 0xBA, 0xE2, 0xF4, 0xFF,
    0xBA, 0xE2, 0xF4, 0xFF, 0xBA, 0xE2, 0xF4, 0xFF, 0x96, 0xBE, 0xD2, 0xFF, 0xBA, 0xE2, 0xF4, 0xFF,
    0xBA, 0xE2, 0xF4, 0xFF, 0xBA, 0xE2, 0xF4, 0xFF, 0xBA, 0xE2, 0xF4, 0xFF, 0xBA, 0xE2, 0xF4, 0xFF,
    0xBA, 0xE2, 0xF4, 0xFF, 0xBA, 0xE2, 0xF4, 0xFF, 0xBA, 0xE2, 0xF4, 0xFF, 0xBA, 0xE2, 0xF4, 0xFF,
    0xBA, 0xE2, 0xF4, 0xFF, 0xBA, 0xE2, 0xF4, 0xFF, 0xBA, 0xE2, 0xF4, 0xFF, 0xBA, 0xE2, 0xF4, 0xFF,
    0xBA, 0xE2, 0xF4, 0xFF, 0xBA, 0xE2, 0xF4, 0xFF, 0xBA, 0xE2, 0xF4, 0xFF, 0xBA, 0xE2, 0xF4, 0xFF,
    0x5A, 0xC8, 0xF0, 0xFF, 0x5A, 0xC8, 0xF0, 0xFF, 0xBA, 0xE2, 0xF4, 0xFF, 0xBA, 0xE2, 0xF4, 0xFF,
    0xBA, 0xE2, 0xF4, 0xFF, 0xBA, 0xE2, 0xF4, 0xFF, 0xBA, 0xE2, 0xF4, 0xFF, 0xBA, 0xE2, 0xF4, 0xFF,
    0xBA, 0xE2, 0xF4, 0xFF, 0xBA, 0xE2, 0xF4, 0xFF, 0xBA, 0xE2, 0xF4, 0xFF, 0xBA, 0xE2, 0xF4, 0xFF,
    0xBA, 0xE2, 0xF4, 0xFF, 0xBA, 0xE2, 0xF4, 0xFF, 0xBA, 0xE2, 0xF4, 0xFF, 0xBA, 0xE2, 0xF4, 0xFF,
    0xBA, 0xE2, 0xF4, 0xFF, 0x96, 0xBE, 0xD2, 0xFF, 0xBA, 0xE2, 0xF4, 0xFF, 0xBA, 0xE2, 0xF4, 0xFF,
    0xBA, 0xE2, 0xF4, 0xFF, 0xBA, 0xE2, 0xF4, 0xFF, 0x96, 0xBE, 0xD2, 0xFF, 0x96, 0xBE, 0xD2, 0xFF,
    0x00, 0x00, 0x00, 0x00, 0x00, 0x00, 0x00, 0x00, 0x00, 0x00, 0x00, 0x00, 0x00, 0x00, 0x00, 0x00,
    0x00, 0x00, 0x00, 0x00, 0x00, 0x00, 0x00, 0x00, 0x00, 0x00, 0x00, 0x00, 0x00, 0x00, 0x00, 0x00,
    0x00, 0x00, 0x00, 0x00, 0x96, 0xBE, 0xD2, 0xFF, 0x96, 0xBE, 0xD2, 0xFF, 0xBA, 0xE2, 0xF4, 0xFF,
    0xBA, 0xE2, 0xF4, 0xFF, 0xBA, 0xE2, 0xF4, 0xFF, 0xBA, 0xE2, 0xF4, 0xFF, 0x96, 0xBE, 0xD2, 0xFF,
    0xBA, 0xE2, 0xF4, 0xFF, 0xBA, 0xE2, 0xF4, 0xFF, 0xBA, 0xE2, 0xF4, 0xFF, 0xBA, 0xE2, 0xF4, 0xFF,
    0xBA, 0xE2, 0xF4, 0xFF, 0xBA, 0xE2, 0xF4, 0xFF, 0xBA, 0xE2, 0xF4, 0xFF, 0xBA, 0xE2, 0xF4, 0xFF,
    0xBA, 0xE2, 0xF4, 0xFF, 0xBA, 0xE2, 0xF4, 0xFF, 0xBA, 0xE2, 0xF4, 0xFF, 0xBA, 0xE2, 0xF4, 0xFF,
    0xBA, 0xE2, 0xF4, 0xFF, 0xBA, 0xE2, 0xF4, 0xFF, 0xBA, 0xE2, 0xF4, 0xFF, 0xBA, 0xE2, 0xF4, 0xFF,
    0x5A, 0xC8, 0xF0, 0xFF, 0x5A, 0xC8, 0xF0, 0xFF, 0xBA, 0xE2, 0xF4, 0xFF, 0xBA, 0xE2, 0xF4, 0xFF,
    0xBA, 0xE2, 0xF4, 0xFF, 0xBA, 0xE2, 0xF4, 0xFF, 0xBA, 0xE2, 0xF4, 0xFF, 0xBA, 0xE2, 0xF4, 0xFF,
    0xBA, 0xE2, 0xF4, 0xFF, 0xBA, 0xE2, 0xF4, 0xFF, 0xBA, 0xE2, 0xF4, 0xFF, 0xBA, 0xE2, 0xF4, 0xFF,
    0xBA, 0xE2, 0xF4, 0xFF, 0xBA, 0xE2, 0xF4, 0xFF, 0xBA, 0xE2, 0xF4, 0xFF, 0xBA, 0xE2, 0xF4, 0xFF,
    0x96, 0xBE, 0xD2, 0xFF, 0xBA, 0xE2, 0xF4, 0xFF, 0x5A, 0xC8, 0xF0, 0xFF, 0xBA, 0xE2, 0xF4, 0xFF,
    0xBA, 0xE2, 0xF4, 0xFF, 0x96, 0xBE, 0xD2, 0xFF, 0x96, 0xBE, 0xD2, 0xFF, 0x00, 0x00, 0x00, 0x00,
    0x00, 0x00, 0x00, 0x00, 0x00, 0x00, 0x00, 0x00, 0x00, 0x00, 0x00, 0x00, 0x00, 0x00, 0x00, 0x00,
    0x00, 0x00, 0x00, 0x00, 0x00, 0x00, 0x00, 0x00, 0x00, 0x00, 0x00, 0x00, 0x00, 0x00, 0x00, 0x00,
    0x00, 0x00, 0x00, 0x00, 0x96, 0xBE, 0xD2, 0xFF, 0x96, 0xBE, 0xD2, 0xFF, 0x96, 0xBE, 0xD2, 0xFF,
    0xBA, 0xE2, 0xF4, 0xFF, 0xBA, 0xE2, 0xF4, 0xFF, 0xBA, 0xE2, 0xF4, 0xFF, 0x5A, 0xC8, 0xF0, 0xFF,
    0x96, 0xBE, 0xD2, 0xFF, 0xBA, 0xE2, 0xF4, 0xFF, 0xBA, 0xE2, 0xF4, 0xFF, 0xBA, 0xE2, 0xF4, 0xFF,
    0xBA, 0xE2, 0xF4, 0xFF, 0xBA, 0xE2, 0xF4, 0xFF, 0xBA, 0xE2, 0xF4, 0xFF, 0xBA, 0xE2, 0xF4, 0xFF,
    0xBA, 0xE2, 0xF4, 0xFF, 0xBA, 0xE2, 0xF4, 0xFF, 0xBA, 0xE2, 0xF4, 0xFF, 0xBA, 0xE2, 0xF4, 0xFF,
    0xBA, 0xE2, 0xF4, 0xFF, 0xBA, 0xE2, 0xF4, 0xFF, 0xBA, 0xE2, 0xF4, 0xFF, 0xBA, 0xE2, 0xF4, 0xFF,
    0x5A, 0xC8, 0xF0, 0xFF, 0x5A, 0xC8, 0xF0, 0xFF, 0xBA, 0xE2, 0xF4, 0xFF, 0xBA, 0xE2, 0xF4, 0xFF,
    0xBA, 0xE2, 0xF4, 0xFF, 0xBA, 0xE2, 0xF4, 0xFF, 0xBA, 0xE2, 0xF4, 0xFF, 0xBA, 0xE2, 0xF4, 0xFF,
    0xBA, 0xE2, 0xF4, 0xFF, 0xBA, 0xE2, 0xF4, 0xFF, 0xBA, 0xE2, 0xF4, 0xFF, 0xBA, 0xE2, 0xF4, 0xFF,
    0xBA, 0xE2, 0xF4, 0xFF, 0xBA, 0xE2, 0xF4, 0xFF, 0xBA, 0xE2, 0xF4, 0xFF, 0x96, 0xBE, 0xD2, 0xFF,
    0xBA, 0xE2, 0xF4, 0xFF, 0x5A, 0xC8, 0xF0, 0xFF, 0x5A, 0xC8, 0xF0, 0xFF, 0x5A, 0xC8, 0xF0, 0xFF,
    0x96, 0xBE, 0xD2, 0xFF, 0x96, 0xBE, 0xD2, 0xFF, 0x96, 0xBE, 0xD2, 0xFF, 0x00, 0x00, 0x00, 0x00,
    0x00, 0x00, 0x00, 0x00, 0x00, 0x00, 0x00, 0x00, 0x00, 0x00, 0x00, 0x00, 0x00, 0x00, 0x00, 0x00,
    0x00, 0x00, 0x00, 0x00, 0x00, 0x00, 0x00, 0x00, 0x00, 0x00, 0x00, 0x00, 0x00, 0x00, 0x00, 0x00,
    0x00, 0x00, 0x00, 0x00, 0x00, 0x00, 0x00, 0x00, 0x96, 0xBE, 0xD2, 0xFF, 0x96, 0xBE, 0xD2, 0xFF,
    0x96, 0xBE, 0xD2, 0xFF, 0xBA, 0xE2, 0xF4, 0xFF, 0x5A, 0xC8, 0xF0, 0xFF, 0x5A, 0xC8, 0xF0, 0xFF,
    0x5A, 0xC8, 0xF0, 0xFF, 0x96, 0xBE, 0xD2, 0xFF, 0x96, 0xBE, 0xD2, 0xFF, 0xBA, 0xE2, 0xF4, 0xFF,
    0xBA, 0xE2, 0xF4, 0xFF, 0xBA, 0xE2, 0xF4, 0xFF, 0xBA, 0xE2, 0xF4, 0xFF, 0xBA, 0xE2, 0xF4, 0xFF,
    0xBA, 0xE2, 0xF4, 0xFF, 0xBA, 0xE2, 0xF4, 0xFF, 0xBA, 0xE2, 0xF4, 0xFF, 0xBA, 0xE2, 0xF4, 0xFF,
    0xBA, 0xE2, 0xF4, 0xFF, 0xBA, 0xE2, 0xF4, 0xFF, 0xBA, 0xE2, 0xF4, 0xFF, 0xBA, 0xE2, 0xF4, 0xFF,
    0x5A, 0xC8, 0xF0, 0xFF, 0x5A, 0xC8, 0xF0, 0xFF, 0xBA, 0xE2, 0xF4, 0xFF, 0xBA, 0xE2, 0xF4, 0xFF,
    0xBA, 0xE2, 0xF4, 0xFF, 0xBA, 0xE2, 0xF4, 0xFF, 0xBA, 0xE2, 0xF4, 0xFF, 0xBA, 0xE2, 0xF4, 0xFF,
    0xBA, 0xE2, 0xF4, 0xFF, 0xBA, 0xE2, 0xF4, 0xFF, 0xBA, 0xE2, 0xF4, 0xFF, 0xBA, 0xE2, 0xF4, 0xFF,
    0xBA, 0xE2, 0xF4, 0xFF, 0x96, 0xBE, 0xD2, 0xFF, 0x96, 0xBE, 0xD2, 0xFF, 0x5A, 0xC8, 0xF0, 0xFF,
    0x5A, 0xC8, 0xF0, 0xFF, 0x5A, 0xC8, 0xF0, 0xFF, 0xBA, 0xE2, 0xF4, 0xFF, 0x96, 0xBE, 0xD2, 0xFF,
    0x96, 0xBE, 0xD2, 0xFF, 0x96, 0xBE, 0xD2, 0xFF, 0x00, 0x00, 0x00, 0x00, 0x00, 0x00, 0x00, 0x00,
    0x00, 0x00, 0x00, 0x00, 0x00, 0x00, 0x00, 0x00, 0x00, 0x00, 0x00, 0x00, 0x00, 0x00, 0x00, 0x00,
    0x00, 0x00, 0x00, 0x00, 0x00, 0x00, 0x00, 0x00, 0x00, 0x00, 0x00, 0x00, 0x00, 0x00, 0x00, 0x00,
    0x00, 0x00, 0x00, 0x00, 0x00, 0x00, 0x00, 0x00, 0x38, 0x28, 0xA4, 0xFF, 0x96, 0xBE, 0xD2, 0xFF,
    0x96, 0xBE, 0xD2, 0xFF, 0x96, 0xBE, 0xD2, 0xFF, 0xBA, 0xE2, 0xF4, 0xFF, 0xBA, 0xE2, 0xF4, 0xFF,
    0x5A, 0xC8, 0xF0, 0xFF, 0x5A, 0xC8, 0xF0, 0xFF, 0x5A, 0xC8, 0xF0, 0xFF, 0x96, 0xBE, 0xD2, 0xFF,
    0x96, 0xBE, 0xD2, 0xFF, 0x96, 0xBE, 0xD2, 0xFF, 0xBA, 0xE2, 0xF4, 0xFF, 0xBA, 0xE2, 0xF4, 0xFF,
    0xBA, 0xE2, 0xF4, 0xFF, 0xBA, 0xE2, 0xF4, 0xFF, 0xBA, 0xE2, 0xF4, 0xFF, 0xBA, 0xE2, 0xF4, 0xFF,
    0xBA, 0xE2, 0xF4, 0xFF, 0xBA, 0xE2, 0xF4, 0xFF, 0xBA, 0xE2, 0xF4, 0xFF, 0xBA, 0xE2, 0xF4, 0xFF,
    0x5A, 0xC8, 0xF0, 0xFF, 0x5A, 0xC8, 0xF0, 0xFF, 0xBA, 0xE2, 0xF4, 0xFF, 0xBA, 0xE2, 0xF4, 0xFF,
    0xBA, 0xE2, 0xF4, 0xFF, 0xBA, 0xE2, 0xF4, 0xFF, 0xBA, 0xE2, 0xF4, 0xFF, 0xBA, 0xE2, 0xF4, 0xFF,
    0xBA, 0xE2, 0xF4, 0xFF, 0xBA, 0xE2, 0xF4, 0xFF, 0x96, 0xBE, 0xD2, 0xFF, 0x96, 0xBE, 0xD2, 0xFF,
    0x96, 0xBE, 0xD2, 0xFF, 0xBA, 0xE2, 0xF4, 0xFF, 0x5A, 0xC8, 0xF0, 0xFF, 0x5A, 0xC8, 0xF0, 0xFF,
    0x5A, 0xC8, 0xF0, 0xFF, 0xBA, 0xE2, 0xF4, 0xFF, 0x96, 0xBE, 0xD2, 0xFF, 0x96, 0xBE, 0xD2, 0xFF,
    0x96, 0xBE, 0xD2, 0xFF, 0x38, 0x28, 0xA4, 0xFF, 0x00, 0x00, 0x00, 0x00, 0x00, 0x00, 0x00, 0x00,
    0x00, 0x00, 0x00, 0x00, 0x00, 0x00, 0x00, 0x00, 0x00, 0x00, 0x00, 0x00, 0x00, 0x00, 0x00, 0x00,
    0x00, 0x00, 0x00, 0x00, 0x00, 0x00, 0x00, 0x00, 0x00, 0x00, 0x00, 0x00, 0x00, 0x00, 0x00, 0x00,
    0x00, 0x00, 0x00, 0x00, 0x00, 0x00, 0x00, 0x00, 0x38, 0x28, 0xA4, 0xFF, 0x38, 0x28, 0xA4, 0xFF,
    0x96, 0xBE, 0xD2, 0xFF, 0x96, 0xBE, 0xD2, 0xFF, 0x96, 0xBE, 0xD2, 0xFF, 0x96, 0xBE, 0xD2, 0xFF,
    0xBA, 0xE2, 0xF4, 0xFF, 0x5A, 0xC8, 0xF0, 0xFF, 0x5A, 0xC8, 0xF0, 0xFF, 0x5A, 0xC8, 0xF0, 0xFF,
    0xBA, 0xE2, 0xF4, 0xFF, 0xBA, 0xE2, 0xF4, 0xFF, 0x96, 0xBE, 0xD2, 0xFF, 0x96, 0xBE, 0xD2, 0xFF,
    0x96, 0xBE, 0xD2, 0xFF, 0x96, 0xBE, 0xD2, 0xFF, 0xBA, 0xE2, 0xF4, 0xFF, 0xBA, 0xE2, 0xF4, 0xFF,
    0xBA, 0xE2, 0xF4, 0xFF, 0xBA, 0xE2, 0xF4, 0xFF, 0xBA, 0xE2, 0xF4, 0xFF, 0xBA, 0xE2, 0xF4, 0xFF,
    0x5A, 0xC8, 0xF0, 0xFF, 0x5A, 0xC8, 0xF0, 0xFF, 0xBA, 0xE2, 0xF4, 0xFF, 0xBA, 0xE2, 0xF4, 0xFF,
    0xBA, 0xE2, 0xF4, 0xFF, 0xBA, 0xE2, 0xF4, 0xFF, 0x96, 0xBE, 0xD2, 0xFF, 0x96, 0xBE, 0xD2, 0xFF,
    0x96, 0xBE, 0xD2, 0xFF, 0x96, 0xBE, 0xD2, 0xFF, 0xBA, 0xE2, 0xF4, 0xFF, 0xBA, 0xE2, 0xF4, 0xFF,
    0x5A, 0xC8, 0xF0, 0xFF, 0x5A, 0xC8, 0xF0, 0xFF, 0x5A, 0xC8, 0xF0, 0xFF, 0xBA, 0xE2, 0xF4, 0xFF,
    0x96, 0xBE, 0xD2, 0xFF, 0x96, 0xBE, 0xD2, 0xFF, 0x96, 0xBE, 0xD2, 0xFF, 0x96, 0xBE, 0xD2, 0xFF,
    0x38, 0x28, 0xA4, 0xFF, 0x38, 0x28, 0xA4, 0xFF, 0x00, 0x00, 0x00, 0x00, 0x00, 0x00, 0x00, 0x00,
    0x00, 0x00, 0x00, 0x00, 0x00, 0x00, 0x00, 0x00, 0x00, 0x00, 0x00, 0x00, 0x00, 0x00, 0x00, 0x00,
    0x00, 0x00, 0x00, 0x00, 0x00, 0x00, 0x00, 0x00, 0x00, 0x00, 0x00, 0x00, 0x00, 0x00, 0x00, 0x00,
    0x00, 0x00, 0x00, 0x00, 0x00, 0x00, 0x00, 0x00, 0x38, 0x28, 0xA4, 0xFF, 0x38, 0x28, 0xA4, 0xFF,
    0x4C, 0x3C, 0xCE, 0xFF, 0x4C, 0x3C, 0xCE, 0xFF, 0x96, 0xBE, 0xD2, 0xFF, 0x96, 0xBE, 0xD2, 0xFF,
    0x96, 0xBE, 0xD2, 0xFF, 0x96, 0xBE, 0xD2, 0xFF, 0xBA, 0xE2, 0xF4, 0xFF, 0x5A, 0xC8, 0xF0, 0xFF,
    0x5A, 0xC8, 0xF0, 0xFF, 0x5A, 0xC8, 0xF0, 0xFF, 0xBA, 0xE2, 0xF4, 0xFF, 0xBA, 0xE2, 0xF4, 0xFF,
    0xBA, 0xE2, 0xF4, 0xFF, 0xBA, 0xE2, 0xF4, 0xFF, 0x96, 0xBE, 0xD2, 0xFF, 0x96, 0xBE, 0xD2, 0xFF,
    0x96, 0xBE, 0xD2, 0xFF, 0x96, 0xBE, 0xD2, 0xFF, 0x96, 0xBE, 0xD2, 0xFF, 0x96, 0xBE, 0xD2, 0xFF,
    0x5A, 0xC8, 0xF0, 0xFF, 0x5A, 0xC8, 0xF0, 0xFF, 0x96, 0xBE, 0xD2, 0xFF, 0x96, 0xBE, 0xD2, 0xFF,
    0x96, 0xBE, 0xD2, 0xFF, 0x96, 0xBE, 0xD2, 0xFF, 0xBA, 0xE2, 0xF4, 0xFF, 0xBA, 0xE2, 0xF4, 0xFF,
    0xBA, 0xE2, 0xF4, 0xFF, 0xBA, 0xE2, 0xF4, 0xFF, 0xBA, 0xE2, 0xF4, 0xFF, 0x5A, 0xC8, 0xF0, 0xFF,
    0x5A, 0xC8, 0xF0, 0xFF, 0x5A, 0xC8, 0xF0, 0xFF, 0x96, 0xBE, 0xD2, 0xFF, 0x96, 0xBE, 0xD2, 0xFF,
    0x96, 0xBE, 0xD2, 0xFF, 0x96, 0xBE, 0xD2, 0xFF, 0x4C, 0x3C, 0xCE, 0xFF, 0x4C, 0x3C, 0xCE, 0xFF,
    0x38, 0x28, 0xA4, 0xFF, 0x38, 0x28, 0xA4, 0xFF, 0x00, 0x00, 0x00, 0x00, 0x00, 0x00, 0x00, 0x00,
    0x00, 0x00, 0x00, 0x00, 0x00, 0x00, 0x00, 0x00, 0x00, 0x00, 0x00, 0x00, 0x00, 0x00, 0x00, 0x00,
    0x00, 0x00, 0x00, 0x00, 0x00, 0x00, 0x00, 0x00, 0x00, 0x00, 0x00, 0x00, 0x00, 0x00, 0x00, 0x00,
    0x00, 0x00, 0x00, 0x00, 0x00, 0x00, 0x00, 0x00, 0x38, 0x28, 0xA4, 0xFF, 0x38, 0x28, 0xA4, 0xFF,
    0x4C, 0x3C, 0xCE, 0xFF, 0x4C, 0x3C, 0xCE, 0xFF, 0x4C, 0x3C, 0xCE, 0xFF, 0x96, 0xBE, 0xD2, 0xFF,
    0x96, 0xBE, 0xD2, 0xFF, 0x96, 0xBE, 0xD2, 0xFF, 0x96, 0xBE, 0xD2, 0xFF, 0x96, 0xBE, 0xD2, 0xFF,
    0x5A, 0xC8, 0xF0, 0xFF, 0x5A, 0xC8, 0xF0, 0xFF, 0x5A, 0xC8, 0xF0, 0xFF, 0xBA, 0xE2, 0xF4, 0xFF,
    0xBA, 0xE2, 0xF4, 0xFF, 0xBA, 0xE2, 0xF4, 0xFF, 0xBA, 0xE2, 0xF4, 0xFF, 0xBA, 0xE2, 0xF4, 0xFF,
    0xBA, 0xE2, 0xF4, 0xFF, 0xBA, 0xE2, 0xF4, 0xFF, 0xBA, 0xE2, 0xF4, 0xFF, 0xBA, 0xE2, 0xF4, 0xFF,
    0x5A, 0xC8, 0xF0, 0xFF, 0x5A, 0xC8, 0xF0, 0xFF, 0xBA, 0xE2, 0xF4, 0xFF, 0xBA, 0xE2, 0xF4, 0xFF,
    0xBA, 0xE2, 0xF4, 0xFF, 0xBA, 0xE2, 0xF4, 0xFF, 0xBA, 0xE2, 0xF4, 0xFF, 0xBA, 0xE2, 0xF4, 0xFF,
    0xBA, 0xE2, 0xF4, 0xFF, 0x5A, 0xC8, 0xF0, 0xFF, 0x5A, 0xC8, 0xF0, 0xFF, 0x5A, 0xC8, 0xF0, 0xFF,
    0x96, 0xBE, 0xD2, 0xFF, 0x96, 0xBE, 0xD2, 0xFF, 0x96, 0xBE, 0xD2, 0xFF, 0x96, 0xBE, 0xD2, 0xFF,
    0x96, 0xBE, 0xD2, 0xFF, 0x4C, 0x3C, 0xCE, 0xFF, 0x4C, 0x3C, 0xCE, 0xFF, 0x4C, 0x3C, 0xCE, 0xFF,
    0x38, 0x28, 0xA4, 0xFF, 0x38, 0x28, 0xA4, 0xFF, 0x00, 0x00, 0x00, 0x00, 0x00, 0x00, 0x00, 0x00,
    0x00, 0x00, 0x00, 0x00, 0x00, 0x00, 0x00, 0x00, 0x00, 0x00, 0x00, 0x00, 0x00, 0x00, 0x00, 0x00,
    0x00, 0x00, 0x00, 0x00, 0x00, 0x00, 0x00, 0x00, 0x00, 0x00, 0x00, 0x00, 0x00, 0x00, 0x00, 0x00,
    0x00, 0x00, 0x00, 0x00, 0x00, 0x00, 0x00, 0x00, 0x38, 0x28, 0xA4, 0xFF, 0x38, 0x28, 0xA4, 0xFF,
    0x4C, 0x3C, 0xCE, 0xFF, 0x82, 0x78, 0xEC, 0xFF, 0x82, 0x78, 0xEC, 0xFF, 0x4C, 0x3C, 0xCE, 0xFF,
    0x4C, 0x3C, 0xCE, 0xFF, 0x4C, 0x3C, 0xCE, 0xFF, 0x96, 0xBE, 0xD2, 0xFF, 0x96, 0xBE, 0xD2, 0xFF,
    0x96, 0xBE, 0xD2, 0xFF, 0x96, 0xBE, 0xD2, 0xFF, 0x5A, 0xC8, 0xF0, 0xFF, 0x5A, 0xC8, 0xF0, 0xFF,
    0x5A, 0xC8, 0xF0, 0xFF, 0xBA, 0xE2, 0xF4, 0xFF, 0xBA, 0xE2, 0xF4, 0xFF, 0xBA, 0xE2, 0xF4, 0xFF,
    0xBA, 0xE2, 0xF4, 0xFF, 0xBA, 0xE2, 0xF4, 0xFF, 0xBA, 0xE2, 0xF4, 0xFF, 0xBA, 0xE2, 0xF4, 0xFF,
    0x5A, 0xC8, 0xF0, 0xFF, 0x5A, 0xC8, 0xF0, 0xFF, 0xBA, 0xE2, 0xF4, 0xFF, 0xBA, 0xE2, 0xF4, 0xFF,
    0xBA, 0xE2, 0xF4, 0xFF, 0xBA, 0xE2, 0xF4, 0xFF, 0xBA, 0xE2, 0xF4, 0xFF, 0x96, 0xBE, 0xD2, 0xFF,
    0x5A, 0xC8, 0xF0, 0xFF, 0x5A, 0xC8, 0xF0, 0xFF, 0x5A, 0xC8, 0xF0, 0xFF, 0x96, 0xBE, 0xD2, 0xFF,
    0x96, 0xBE, 0xD2, 0xFF, 0x96, 0xBE, 0xD2, 0xFF, 0x4C, 0x3C, 0xCE, 0xFF, 0x4C, 0x3C, 0xCE, 0xFF,
    0x4C, 0x3C, 0xCE, 0xFF, 0x4C, 0x3C, 0xCE, 0xFF, 0x4C, 0x3C, 0xCE, 0xFF, 0x4C, 0x3C, 0xCE, 0xFF,
    0x38, 0x28, 0xA4, 0xFF, 0x38, 0x28, 0xA4, 0xFF, 0x00, 0x00, 0x00, 0x00, 0x00, 0x00, 0x00, 0x00,
    0x00, 0x00, 0x00, 0x00, 0x00, 0x00, 0x00, 0x00, 0x00, 0x00, 0x00, 0x00, 0x00, 0x00, 0x00, 0x00,
    0x00, 0x00, 0x00, 0x00, 0x00, 0x00, 0x00, 0x00, 0x00, 0x00, 0x00, 0x00, 0x00, 0x00, 0x00, 0x00,
    0x00, 0x00, 0x00, 0x00, 0x00, 0x00, 0x00, 0x00, 0x38, 0x28, 0xA4, 0xFF, 0x38, 0x28, 0xA4, 0xFF,
    0x4C, 0x3C, 0xCE, 0xFF, 0x82, 0x78, 0xEC, 0xFF, 0x82, 0x78, 0xEC, 0xFF, 0x4C, 0x3C, 0xCE, 0xFF,
    0x4C, 0x3C, 0xCE, 0xFF, 0x4C, 0x3C, 0xCE, 0xFF, 0x4C, 0x3C, 0xCE, 0xFF, 0x4C, 0x3C, 0xCE, 0xFF,
    0x4C, 0x3C, 0xCE, 0xFF, 0x96, 0xBE, 0xD2, 0xFF, 0x96, 0xBE, 0xD2, 0xFF, 0x5A, 0xC8, 0xF0, 0xFF,
    0x5A, 0xC8, 0xF0, 0xFF, 0x5A, 0xC8, 0xF0, 0xFF, 0x96, 0xBE, 0xD2, 0xFF, 0x96, 0xBE, 0xD2, 0xFF,
    0x96, 0xBE, 0xD2, 0xFF, 0x96, 0xBE, 0xD2, 0xFF, 0x96, 0xBE, 0xD2, 0xFF, 0x96, 0xBE, 0xD2, 0xFF,
    0x5A, 0xC8, 0xF0, 0xFF, 0x5A, 0xC8, 0xF0, 0xFF, 0x96, 0xBE, 0xD2, 0xFF, 0x96, 0xBE, 0xD2, 0xFF,
    0x96, 0xBE, 0xD2, 0xFF, 0x96, 0xBE, 0xD2, 0xFF, 0x5A, 0xC8, 0xF0, 0xFF, 0x5A, 0xC8, 0xF0, 0xFF,
    0x5A, 0xC8, 0xF0, 0xFF, 0x96, 0xBE, 0xD2, 0xFF, 0x96, 0xBE, 0xD2, 0xFF, 0x4C, 0x3C, 0xCE, 0xFF,
    0x4C, 0x3C, 0xCE, 0xFF, 0x4C, 0x3C, 0xCE, 0xFF, 0x4C, 0x3C, 0xCE, 0xFF, 0x4C, 0x3C, 0xCE, 0xFF,
    0x4C, 0x3C, 0xCE, 0xFF, 0x4C, 0x3C, 0xCE, 0xFF, 0x4C, 0x3C, 0xCE, 0xFF, 0x4C, 0x3C, 0xCE, 0xFF,
    0x38, 0x28, 0xA4, 0xFF, 0x38, 0x28, 0xA4, 0xFF, 0x00, 0x00, 0x00, 0x00, 0x00, 0x00, 0x00, 0x00,
    0x00, 0x00, 0x00, 0x00, 0x00, 0x00, 0x00, 0x00, 0x00, 0x00, 0x00, 0x00, 0x00, 0x00, 0x00, 0x00,
    0x00, 0x00, 0x00, 0x00, 0x00, 0x00, 0x00, 0x00, 0x00, 0x00, 0x00, 0x00, 0x00, 0x00, 0x00, 0x00,
    0x00, 0x00, 0x00, 0x00, 0x00, 0x00, 0x00, 0x00, 0x38, 0x28, 0xA4, 0xFF, 0x38, 0x28, 0xA4, 0xFF,
    0x4C, 0x3C, 0xCE, 0xFF, 0x82, 0x78, 0xEC, 0xFF, 0x82, 0x78, 0xEC, 0xFF, 0x4C, 0x3C, 0xCE, 0xFF,
    0x4C, 0x3C, 0xCE, 0xFF, 0x4C, 0x3C, 0xCE, 0xFF, 0x4C, 0x3C, 0xCE, 0xFF, 0x4C, 0x3C, 0xCE, 0xFF,
    0x4C, 0x3C, 0xCE, 0xFF, 0x4C, 0x3C, 0xCE, 0xFF, 0x4C, 0x3C, 0xCE, 0xFF, 0x4C, 0x3C, 0xCE, 0xFF,
    0x4C, 0x3C, 0xCE, 0xFF, 0x5A, 0xC8, 0xF0, 0xFF, 0x5A, 0xC8, 0xF0, 0xFF, 0x5A, 0xC8, 0xF0, 0xFF,
    0x96, 0xBE, 0xD2, 0xFF, 0x96, 0xBE, 0xD2, 0xFF, 0x96, 0xBE, 0xD2, 0xFF, 0x96, 0xBE, 0xD2, 0xFF,
    0x5A, 0xC8, 0xF0, 0xFF, 0x5A, 0xC8, 0xF0, 0xFF, 0x96, 0xBE, 0xD2, 0xFF, 0x96, 0xBE, 0xD2, 0xFF,
    0x96, 0xBE, 0xD2, 0xFF, 0x5A, 0xC8, 0xF0, 0xFF, 0x5A, 0xC8, 0xF0, 0xFF, 0x5A, 0xC8, 0xF0, 0xFF,
    0x4C, 0x3C, 0xCE, 0xFF, 0x4C, 0x3C, 0xCE, 0xFF, 0x4C, 0x3C, 0xCE, 0xFF, 0x4C, 0x3C, 0xCE, 0xFF,
    0x4C, 0x3C, 0xCE, 0xFF, 0x4C, 0x3C, 0xCE, 0xFF, 0x4C, 0x3C, 0xCE, 0xFF, 0x4C, 0x3C, 0xCE, 0xFF,
    0x4C, 0x3C, 0xCE, 0xFF, 0x4C, 0x3C, 0xCE, 0xFF, 0x4C, 0x3C, 0xCE, 0xFF, 0x4C, 0x3C, 0xCE, 0xFF,
    0x38, 0x28, 0xA4, 0xFF, 0x38, 0x28, 0xA4, 0xFF, 0x00, 0x00, 0x00, 0x00, 0x00, 0x00, 0x00, 0x00,
    0x00, 0x00, 0x00, 0x00, 0x00, 0x00, 0x00, 0x00, 0x00, 0x00, 0x00, 0x00, 0x00, 0x00, 0x00, 0x00,
    0x00, 0x00, 0x00, 0x00, 0x00, 0x00, 0x00, 0x00, 0x00, 0x00, 0x00, 0x00, 0x00, 0x00, 0x00, 0x00,
    0x00, 0x00, 0x00, 0x00, 0x00, 0x00, 0x00, 0x00, 0x38, 0x28, 0xA4, 0xFF, 0x38, 0x28, 0xA4, 0xFF,
    0x4C, 0x3C, 0xCE, 0xFF, 0x82, 0x78, 0xEC, 0xFF, 0x82, 0x78, 0xEC, 0xFF, 0x4C, 0x3C, 0xCE, 0xFF,
    0x4C, 0x3C, 0xCE, 0xFF, 0x4C, 0x3C, 0xCE, 0xFF, 0x4C, 0x3C, 0xCE, 0xFF, 0x4C, 0x3C, 0xCE, 0xFF,
    0x4C, 0x3C, 0xCE, 0xFF, 0x4C, 0x3C, 0xCE, 0xFF, 0x4C, 0x3C, 0xCE, 0xFF, 0x4C, 0x3C, 0xCE, 0xFF,
    0x4C, 0x3C, 0xCE, 0xFF, 0x4C, 0x3C, 0xCE, 0xFF, 0x5A, 0xC8, 0xF0, 0xFF, 0x5A, 0xC8, 0xF0, 0xFF,
    0x5A, 0xC8, 0xF0, 0xFF, 0x4C, 0x3C, 0xCE, 0xFF, 0x4C, 0x3C, 0xCE, 0xFF, 0x4C, 0x3C, 0xCE, 0xFF,
    0x5A, 0xC8, 0xF0, 0xFF, 0x5A, 0xC8, 0xF0, 0xFF, 0x4C, 0x3C, 0xCE, 0xFF, 0x5A, 0xC8, 0xF0, 0xFF,
    0x5A, 0xC8, 0xF0, 0xFF, 0x5A, 0xC8, 0xF0, 0xFF, 0x4C, 0x3C, 0xCE, 0xFF, 0x4C, 0x3C, 0xCE, 0xFF,
    0x4C, 0x3C, 0xCE, 0xFF, 0x4C, 0x3C, 0xCE, 0xFF, 0x4C, 0x3C, 0xCE, 0xFF, 0x4C, 0x3C, 0xCE, 0xFF,
    0x4C, 0x3C, 0xCE, 0xFF, 0x4C, 0x3C, 0xCE, 0xFF, 0x4C, 0x3C, 0xCE, 0xFF, 0x4C, 0x3C, 0xCE, 0xFF,
    0x4C, 0x3C, 0xCE, 0xFF, 0x4C, 0x3C, 0xCE, 0xFF, 0x4C, 0x3C, 0xCE, 0xFF, 0x4C, 0x3C, 0xCE, 0xFF,
    0x38, 0x28, 0xA4, 0xFF, 0x38, 0x28, 0xA4, 0xFF, 0x00, 0x00, 0x00, 0x00, 0x00, 0x00, 0x00, 0x00,
    0x00, 0x00, 0x00, 0x00, 0x00, 0x00, 0x00, 0x00, 0x00, 0x00, 0x00, 0x00, 0x00, 0x00, 0x00, 0x00,
    0x00, 0x00, 0x00, 0x00, 0x00, 0x00, 0x00, 0x00, 0x00, 0x00, 0x00, 0x00, 0x00, 0x00, 0x00, 0x00,
    0x00, 0x00, 0x00, 0x00, 0x00, 0x00, 0x00, 0x00, 0x38, 0x28, 0xA4, 0xFF, 0x38, 0x28, 0xA4, 0xFF,
    0x4C, 0x3C, 0xCE, 0xFF, 0x82, 0x78, 0xEC, 0xFF, 0x82, 0x78, 0xEC, 0xFF, 0x4C, 0x3C, 0xCE, 0xFF,
    0x4C, 0x3C, 0xCE, 0xFF, 0x4C, 0x3C, 0xCE, 0xFF, 0x4C, 0x3C, 0xCE, 0xFF, 0x4C, 0x3C, 0xCE, 0xFF,
    0x4C, 0x3C, 0xCE, 0xFF, 0x4C, 0x3C, 0xCE, 0xFF, 0x4C, 0x3C, 0xCE, 0xFF, 0x4C, 0x3C, 0xCE, 0xFF,
    0x4C, 0x3C, 0xCE, 0xFF, 0x4C, 0x3C, 0xCE, 0xFF, 0x4C, 0x3C, 0xCE, 0xFF, 0x4C, 0x3C, 0xCE, 0xFF,
    0x5A, 0xC8, 0xF0, 0xFF, 0x5A, 0xC8, 0xF0, 0xFF, 0x5A, 0xC8, 0xF0, 0xFF, 0x4C, 0x3C, 0xCE, 0xFF,
    0x5A, 0xC8, 0xF0, 0xFF, 0x5A, 0xC8, 0xF0, 0xFF, 0x5A, 0xC8, 0xF0, 0xFF, 0x5A, 0xC8, 0xF0, 0xFF,
    0x5A, 0xC8, 0xF0, 0xFF, 0x4C, 0x3C, 0xCE, 0xFF, 0x4C, 0x3C, 0xCE, 0xFF, 0x4C, 0x3C, 0xCE, 0xFF,
    0x4C, 0x3C, 0xCE, 0xFF, 0x4C, 0x3C, 0xCE, 0xFF, 0x4C, 0x3C, 0xCE, 0xFF, 0x4C, 0x3C, 0xCE, 0xFF,
    0x4C, 0x3C, 0xCE, 0xFF, 0x4C, 0x3C, 0xCE, 0xFF, 0x4C, 0x3C, 0xCE, 0xFF, 0x4C, 0x3C, 0xCE, 0xFF,
    0x4C, 0x3C, 0xCE, 0xFF, 0x4C, 0x3C, 0xCE, 0xFF, 0x4C, 0x3C, 0xCE, 0xFF, 0x4C, 0x3C, 0xCE, 0xFF,
    0x38, 0x28, 0xA4, 0xFF, 0x38, 0x28, 0xA4, 0xFF, 0x00, 0x00, 0x00, 0x00, 0x00, 0x00, 0x00, 0x00,
    0x00, 0x00, 0x00, 0x00, 0x00, 0x00, 0x00, 0x00, 0x00, 0x00, 0x00, 0x00, 0x00, 0x00, 0x00, 0x00,
    0x00, 0x00, 0x00, 0x00, 0x00, 0x00, 0x00, 0x00, 0x00, 0x00, 0x00, 0x00, 0x00, 0x00, 0x00, 0x00,
    0x00, 0x00, 0x00, 0x00, 0x00, 0x00, 0x00, 0x00, 0x38, 0x28, 0xA4, 0xFF, 0x38, 0x28, 0xA4, 0xFF,
    0x4C, 0x3C, 0xCE, 0xFF, 0x82, 0x78, 0xEC, 0xFF, 0x82, 0x78, 0xEC, 0xFF, 0x4C, 0x3C, 0xCE, 0xFF,
    0x4C, 0x3C, 0xCE, 0xFF, 0x4C, 0x3C, 0xCE, 0xFF, 0x4C, 0x3C, 0xCE, 0xFF, 0x4C, 0x3C, 0xCE, 0xFF,
    0x4C, 0x3C, 0xCE, 0xFF, 0x4C, 0x3C, 0xCE, 0xFF, 0x4C, 0x3C, 0xCE, 0xFF, 0x4C, 0x3C, 0xCE, 0xFF,
    0x4C, 0x3C, 0xCE, 0xFF, 0x4C, 0x3C, 0xCE, 0xFF, 0x4C, 0x3C, 0xCE, 0xFF, 0x4C, 0x3C, 0xCE, 0xFF,
    0x4C, 0x3C, 0xCE, 0xFF, 0x5A, 0xC8, 0xF0, 0xFF, 0x5A, 0xC8, 0xF0, 0xFF, 0x5A, 0xC8, 0xF0, 0xFF,
    0x5A, 0xC8, 0xF0, 0xFF, 0x5A, 0xC8, 0xF0, 0xFF, 0x5A, 0xC8, 0xF0, 0xFF, 0x4C, 0x3C, 0xCE, 0xFF,
    0x4C, 0x3C, 0xCE, 0xFF, 0x4C, 0x3C, 0xCE, 0xFF, 0x4C, 0x3C, 0xCE, 0xFF, 0x4C, 0x3C, 0xCE, 0xFF,
    0x4C, 0x3C, 0xCE, 0xFF, 0x4C, 0x3C, 0xCE, 0xFF, 0x4C, 0x3C, 0xCE, 0xFF, 0x4C, 0x3C, 0xCE, 0xFF,
    0x4C, 0x3C, 0xCE, 0xFF, 0x4C, 0x3C, 0xCE, 0xFF, 0x4C, 0x3C, 0xCE, 0xFF, 0x4C, 0x3C, 0xCE, 0xFF,
    0x4C, 0x3C, 0xCE, 0xFF, 0x4C, 0x3C, 0xCE, 0xFF, 0x4C, 0x3C, 0xCE, 0xFF, 0x4C, 0x3C, 0xCE, 0xFF,
    0x38, 0x28, 0xA4, 0xFF, 0x38, 0x28, 0xA4, 0xFF, 0x00, 0x00, 0x00, 0x00, 0x00, 0x00, 0x00, 0x00,
    0x00, 0x00, 0x00, 0x00, 0x00, 0x00, 0x00, 0x00, 0x00, 0x00, 0x00, 0x00, 0x00, 0x00, 0x00, 0x00,
    0x00, 0x00, 0x00, 0x00, 0x00, 0x00, 0x00, 0x00, 0x00, 0x00, 0x00, 0x00, 0x00, 0x00, 0x00, 0x00,
    0x00, 0x00, 0x00, 0x00, 0x00, 0x00, 0x00, 0x00, 0x38, 0x28, 0xA4, 0xFF, 0x38, 0x28, 0xA4, 0xFF,
    0x4C, 0x3C, 0xCE, 0xFF, 0x82, 0x78, 0xEC, 0xFF, 0x82, 0x78, 0xEC, 0xFF, 0x4C, 0x3C, 0xCE, 0xFF,
    0x4C, 0x3C, 0xCE, 0xFF, 0x4C, 0x3C, 0xCE, 0xFF, 0x4C, 0x3C, 0xCE, 0xFF, 0x4C, 0x3C, 0xCE, 0xFF,
    0x4C, 0x3C, 0xCE, 0xFF, 0x4C, 0x3C, 0xCE, 0xFF, 0x4C, 0x3C, 0xCE, 0xFF, 0x4C, 0x3C, 0xCE, 0xFF,
    0x4C, 0x3C, 0xCE, 0xFF, 0x4C, 0x3C, 0xCE, 0xFF, 0x4C, 0x3C, 0xCE, 0xFF, 0x4C, 0x3C, 0xCE, 0xFF,
    0x4C, 0x3C, 0xCE, 0xFF, 0x4C, 0x3C, 0xCE, 0xFF, 0x4C, 0x3C, 0xCE, 0xFF, 0x5A, 0xC8, 0xF0, 0xFF,
    0x5A, 0xC8, 0xF0, 0xFF, 0x5A, 0xC8, 0xF0, 0xFF, 0x4C, 0x3C, 0xCE, 0xFF, 0x4C, 0x3C, 0xCE, 0xFF,
    0x4C, 0x3C, 0xCE, 0xFF, 0x4C, 0x3C, 0xCE, 0xFF, 0x4C, 0x3C, 0xCE, 0xFF, 0x4C, 0x3C, 0xCE, 0xFF,
    0x4C, 0x3C, 0xCE, 0xFF, 0x4C, 0x3C, 0xCE, 0xFF, 0x4C, 0x3C, 0xCE, 0xFF, 0x4C, 0x3C, 0xCE, 0xFF,
    0x4C, 0x3C, 0xCE, 0xFF, 0x4C, 0x3C, 0xCE, 0xFF, 0x4C, 0x3C, 0xCE, 0xFF, 0x4C, 0x3C, 0xCE, 0xFF,
    0x4C, 0x3C, 0xCE, 0xFF, 0x4C, 0x3C, 0xCE, 0xFF, 0x4C, 0x3C, 0xCE, 0xFF, 0x4C, 0x3C, 0xCE, 0xFF,
    0x38, 0x28, 0xA4, 0xFF, 0x38, 0x28, 0xA4, 0xFF, 0x00, 0x00, 0x00, 0x00, 0x00, 0x00, 0x00, 0x00,
    0x00, 0x00, 0x00, 0x00, 0x00, 0x00, 0x00, 0x00, 0x00, 0x00, 0x00, 0x00, 0x00, 0x00, 0x00, 0x00,
    0x00, 0x00, 0x00, 0x00, 0x00, 0x00, 0x00, 0x00, 0x00, 0x00, 0x00, 0x00, 0x00, 0x00, 0x00, 0x00,
    0x00, 0x00, 0x00, 0x00, 0x00, 0x00, 0x00, 0x00, 0x38, 0x28, 0xA4, 0xFF, 0x38, 0x28, 0xA4, 0xFF,
    0x4C, 0x3C, 0xCE, 0xFF, 0x82, 0x78, 0xEC, 0xFF, 0x82, 0x78, 0xEC, 0xFF, 0x4C, 0x3C, 0xCE, 0xFF,
    0x4C, 0x3C, 0xCE, 0xFF, 0x4C, 0x3C, 0xCE, 0xFF, 0x4C, 0x3C, 0xCE, 0xFF, 0x4C, 0x3C, 0xCE, 0xFF,
    0x4C, 0x3C, 0xCE, 0xFF, 0x4C, 0x3C, 0xCE, 0xFF, 0x4C, 0x3C, 0xCE, 0xFF, 0x4C, 0x3C, 0xCE, 0xFF,
    0x4C, 0x3C, 0xCE, 0xFF, 0x4C, 0x3C, 0xCE, 0xFF, 0x4C, 0x3C, 0xCE, 0xFF, 0x4C, 0x3C, 0xCE, 0xFF,
    0x4C, 0x3C, 0xCE, 0xFF, 0x5A, 0xC8, 0xF0, 0xFF, 0x5A, 0xC8, 0xF0, 0xFF, 0x5A, 0xC8, 0xF0, 0xFF,
    0x5A, 0xC8, 0xF0, 0xFF, 0x5A, 0xC8, 0xF0, 0xFF, 0x5A, 0xC8, 0xF0, 0xFF, 0x4C, 0x3C, 0xCE, 0xFF,
    0x4C, 0x3C, 0xCE, 0xFF, 0x4C, 0x3C, 0xCE, 0xFF, 0x4C, 0x3C, 0xCE, 0xFF, 0x4C, 0x3C, 0xCE, 0xFF,
    0x4C, 0x3C, 0xCE, 0xFF, 0x4C, 0x3C, 0xCE, 0xFF, 0x4C, 0x3C, 0xCE, 0xFF, 0x4C, 0x3C, 0xCE, 0xFF,
    0x4C, 0x3C, 0xCE, 0xFF, 0x4C, 0x3C, 0xCE, 0xFF, 0x4C, 0x3C, 0xCE, 0xFF, 0x4C, 0x3C, 0xCE, 0xFF,
    0x4C, 0x3C, 0xCE, 0xFF, 0x4C, 0x3C, 0xCE, 0xFF, 0x4C, 0x3C, 0xCE, 0xFF, 0x4C, 0x3C, 0xCE, 0xFF,
    0x38, 0x28, 0xA4, 0xFF, 0x38, 0x28, 0xA4, 0xFF, 0x00, 0x00, 0x00, 0x00, 0x00, 0x00, 0x00, 0x00,
    0x00, 0x00, 0x00, 0x00, 0x00, 0x00, 0x00, 0x00, 0x00, 0x00, 0x00, 0x00, 0x00, 0x00, 0x00, 0x00,
    0x00, 0x00, 0x00, 0x00, 0x00, 0x00, 0x00, 0x00, 0x00, 0x00, 0x00, 0x00, 0x00, 0x00, 0x00, 0x00,
    0x00, 0x00, 0x00, 0x00, 0x00, 0x00, 0x00, 0x00, 0x38, 0x28, 0xA4, 0xFF, 0x38, 0x28, 0xA4, 0xFF,
    0x4C, 0x3C, 0xCE, 0xFF, 0x82, 0x78, 0xEC, 0xFF, 0x82, 0x78, 0xEC, 0xFF, 0x4C, 0x3C, 0xCE, 0xFF,
    0x4C, 0x3C, 0xCE, 0xFF, 0x4C, 0x3C, 0xCE, 0xFF, 0x4C, 0x3C, 0xCE, 0xFF, 0x4C, 0x3C, 0xCE, 0xFF,
    0x4C, 0x3C, 0xCE, 0xFF, 0x4C, 0x3C, 0xCE, 0xFF, 0x4C, 0x3C, 0xCE, 0xFF, 0x4C, 0x3C, 0xCE, 0xFF,
    0x4C, 0x3C, 0xCE, 0xFF, 0x4C, 0x3C, 0xCE, 0xFF, 0x4C, 0x3C, 0xCE, 0xFF, 0x4C, 0x3C, 0xCE, 0xFF,
    0x5A, 0xC8, 0xF0, 0xFF, 0x5A, 0xC8, 0xF0, 0xFF, 0x5A, 0xC8, 0xF0, 0xFF, 0x4C, 0x3C, 0xCE, 0xFF,
    0x5A, 0xC8, 0xF0, 0xFF, 0x5A, 0xC8, 0xF0, 0xFF, 0x5A, 0xC8, 0xF0, 0xFF, 0x5A, 0xC8, 0xF0, 0xFF,
    0x5A, 0xC8, 0xF0, 0xFF, 0x4C, 0x3C, 0xCE, 0xFF, 0x4C, 0x3C, 0xCE, 0xFF, 0x4C, 0x3C, 0xCE, 0xFF,
    0x4C, 0x3C, 0xCE, 0xFF, 0x4C, 0x3C, 0xCE, 0xFF, 0x4C, 0x3C, 0xCE, 0xFF, 0x4C, 0x3C, 0xCE, 0xFF,
    0x4C, 0x3C, 0xCE, 0xFF, 0x4C, 0x3C, 0xCE, 0xFF, 0x4C, 0x3C, 0xCE, 0xFF, 0x4C, 0x3C, 0xCE, 0xFF,
    0x4C, 0x3C, 0xCE, 0xFF, 0x4C, 0x3C, 0xCE, 0xFF, 0x4C, 0x3C, 0xCE, 0xFF, 0x4C, 0x3C, 0xCE, 0xFF,
    0x38, 0x28, 0xA4, 0xFF, 0x38, 0x28, 0xA4, 0xFF, 0x00, 0x00, 0x00, 0x00, 0x00, 0x00, 0x00, 0x00,
    0x00, 0x00, 0x00, 0x00, 0x00, 0x00, 0x00, 0x00, 0x00, 0x00, 0x00, 0x00, 0x00, 0x00, 0x00, 0x00,
    0x00, 0x00, 0x00, 0x00, 0x00, 0x00, 0x00, 0x00, 0x00, 0x00, 0x00, 0x00, 0x00, 0x00, 0x00, 0x00,
    0x00, 0x00, 0x00, 0x00, 0x00, 0x00, 0x00, 0x00, 0x38, 0x28, 0xA4, 0xFF, 0x38, 0x28, 0xA4, 0xFF,
    0x4C, 0x3C, 0xCE, 0xFF, 0x82, 0x78, 0xEC, 0xFF, 0x82, 0x78, 0xEC, 0xFF, 0x4C, 0x3C, 0xCE, 0xFF,
    0x4C, 0x3C, 0xCE, 0xFF, 0x4C, 0x3C, 0xCE, 0xFF, 0x4C, 0x3C, 0xCE, 0xFF, 0x4C, 0x3C, 0xCE, 0xFF,
    0x4C, 0x3C, 0xCE, 0xFF, 0x4C, 0x3C, 0xCE, 0xFF, 0x4C, 0x3C, 0xCE, 0xFF, 0x4C, 0x3C, 0xCE, 0xFF,
    0x4C, 0x3C, 0xCE, 0xFF, 0x4C, 0x3C, 0xCE, 0xFF, 0x5A, 0xC8, 0xF0, 0xFF, 0x5A, 0xC8, 0xF0, 0xFF,
    0x5A, 0xC8, 0xF0, 0xFF, 0x4C, 0x3C, 0xCE, 0xFF, 0x4C, 0x3C, 0xCE, 0xFF, 0x4C, 0x3C, 0xCE, 0xFF,
    0x5A, 0xC8, 0xF0, 0xFF, 0x5A, 0xC8, 0xF0, 0xFF, 0x4C, 0x3C, 0xCE, 0xFF, 0x5A, 0xC8, 0xF0, 0xFF,
    0x5A, 0xC8, 0xF0, 0xFF, 0x5A, 0xC8, 0xF0, 0xFF, 0x4C, 0x3C, 0xCE, 0xFF, 0x4C, 0x3C, 0xCE, 0xFF,
    0x4C, 0x3C, 0xCE, 0xFF, 0x4C, 0x3C, 0xCE, 0xFF, 0x4C, 0x3C, 0xCE, 0xFF, 0x4C, 0x3C, 0xCE, 0xFF,
    0x4C, 0x3C, 0xCE, 0xFF, 0x4C, 0x3C, 0xCE, 0xFF, 0x4C, 0x3C, 0xCE, 0xFF, 0x4C, 0x3C, 0xCE, 0xFF,
    0x4C, 0x3C, 0xCE, 0xFF, 0x4C, 0x3C, 0xCE, 0xFF, 0x4C, 0x3C, 0xCE, 0xFF, 0x4C, 0x3C, 0xCE, 0xFF,
    0x38, 0x28, 0xA4, 0xFF, 0x38, 0x28, 0xA4, 0xFF, 0x00, 0x00, 0x00, 0x00, 0x00, 0x00, 0x00, 0x00,
    0x00, 0x00, 0x00, 0x00, 0x00, 0x00, 0x00, 0x00, 0x00, 0x00, 0x00, 0x00, 0x00, 0x00, 0x00, 0x00,
    0x00, 0x00, 0x00, 0x00, 0x00, 0x00, 0x00, 0x00, 0x00, 0x00, 0x00, 0x00, 0x00, 0x00, 0x00, 0x00,
    0x00, 0x00, 0x00, 0x00, 0x00, 0x00, 0x00, 0x00, 0x38, 0x28, 0xA4, 0xFF, 0x38, 0x28, 0xA4, 0xFF,
    0x4C, 0x3C, 0xCE, 0xFF, 0x82, 0x78, 0xEC, 0xFF, 0x82, 0x78, 0xEC, 0xFF, 0x4C, 0x3C, 0xCE, 0xFF,
    0x4C, 0x3C, 0xCE, 0xFF, 0x4C, 0x3C, 0xCE, 0xFF, 0x4C, 0x3C, 0xCE, 0xFF, 0x4C, 0x3C, 0xCE, 0xFF,
    0x4C, 0x3C, 0xCE, 0xFF, 0x4C, 0x3C, 0xCE, 0xFF, 0x4C, 0x3C, 0xCE, 0xFF, 0x4C, 0x3C, 0xCE, 0xFF,
    0x4C, 0x3C, 0xCE, 0xFF, 0x5A, 0xC8, 0xF0, 0xFF, 0x5A, 0xC8, 0xF0, 0xFF, 0x5A, 0xC8, 0xF0, 0xFF,
    0x4C, 0x3C, 0xCE, 0xFF, 0x4C, 0x3C, 0xCE, 0xFF, 0x4C, 0x3C, 0xCE, 0xFF, 0x4C, 0x3C, 0xCE, 0xFF,
    0x5A, 0xC8, 0xF0, 0xFF, 0x5A, 0xC8, 0xF0, 0xFF, 0x4C, 0x3C, 0xCE, 0xFF, 0x4C, 0x3C, 0xCE, 0xFF,
    0x4C, 0x3C, 0xCE, 0xFF, 0x5A, 0xC8, 0xF0, 0xFF, 0x5A, 0xC8, 0xF0, 0xFF, 0x5A, 0xC8, 0xF0, 0xFF,
    0x4C, 0x3C, 0xCE, 0xFF, 0x4C, 0x3C, 0xCE, 0xFF, 0x4C, 0x3C, 0xCE, 0xFF, 0x4C, 0x3C, 0xCE, 0xFF,
    0x4C, 0x3C, 0xCE, 0xFF, 0x4C, 0x3C, 0xCE, 0xFF, 0x4C, 0x3C, 0xCE, 0xFF, 0x4C, 0x3C, 0xCE, 0xFF,
    0x4C, 0x3C, 0xCE, 0xFF, 0x4C, 0x3C, 0xCE, 0xFF, 0x4C, 0x3C, 0xCE, 0xFF, 0x4C, 0x3C, 0xCE, 0xFF,
    0x38, 0x28, 0xA4, 0xFF, 0x38, 0x28, 0xA4, 0xFF, 0x00, 0x00, 0x00, 0x00, 0x00, 0x00, 0x00, 0x00,
    0x00, 0x00, 0x00, 0x00, 0x00, 0x00, 0x00, 0x00, 0x00, 0x00, 0x00, 0x00, 0x00, 0x00, 0x00, 0x00,
    0x00, 0x00, 0x00, 0x00, 0x00, 0x00, 0x00, 0x00, 0x00, 0x00, 0x00, 0x00, 0x00, 0x00, 0x00, 0x00,
    0x00, 0x00, 0x00, 0x00, 0x00, 0x00, 0x00, 0x00, 0x38, 0x28, 0xA4, 0xFF, 0x38, 0x28, 0xA4, 0xFF,
    0x4C, 0x3C, 0xCE, 0xFF, 0x82, 0x78, 0xEC, 0xFF, 0x82, 0x78, 0xEC, 0xFF, 0x4C, 0x3C, 0xCE, 0xFF,
    0x4C, 0x3C, 0xCE, 0xFF, 0x4C, 0x3C, 0xCE, 0xFF, 0x4C, 0x3C, 0xCE, 0xFF, 0x4C, 0x3C, 0xCE, 0xFF,
    0x4C, 0x3C, 0xCE, 0xFF, 0x4C, 0x3C, 0xCE, 0xFF, 0x4C, 0x3C, 0xCE, 0xFF, 0x5A, 0xC8, 0xF0, 0xFF,
    0x5A, 0xC8, 0xF0, 0xFF, 0x5A, 0xC8, 0xF0, 0xFF, 0x4C, 0x3C, 0xCE, 0xFF, 0x4C, 0x3C, 0xCE, 0xFF,
    0x4C, 0x3C, 0xCE, 0xFF, 0x4C, 0x3C, 0xCE, 0xFF, 0x4C, 0x3C, 0xCE, 0xFF, 0x4C, 0x3C, 0xCE, 0xFF,
    0x5A, 0xC8, 0xF0, 0xFF, 0x5A, 0xC8, 0xF0, 0xFF, 0x4C, 0x3C, 0xCE, 0xFF, 0x4C, 0x3C, 0xCE, 0xFF,
    0x4C, 0x3C, 0xCE, 0xFF, 0x4C, 0x3C, 0xCE, 0xFF, 0x5A, 0xC8, 0xF0, 0xFF, 0x5A, 0xC8, 0xF0, 0xFF,
    0x5A, 0xC8, 0xF0, 0xFF, 0x4C, 0x3C, 0xCE, 0xFF, 0x4C, 0x3C, 0xCE, 0xFF, 0x4C, 0x3C, 0xCE, 0xFF,
    0x4C, 0x3C, 0xCE, 0xFF, 0x4C, 0x3C, 0xCE, 0xFF, 0x4C, 0x3C, 0xCE, 0xFF, 0x4C, 0x3C, 0xCE, 0xFF,
    0x4C, 0x3C, 0xCE, 0xFF, 0x4C, 0x3C, 0xCE, 0xFF, 0x4C, 0x3C, 0xCE, 0xFF, 0x4C, 0x3C, 0xCE, 0xFF,
    0x38, 0x28, 0xA4, 0xFF, 0x38, 0x28, 0xA4, 0xFF, 0x00, 0x00, 0x00, 0x00, 0x00, 0x00, 0x00, 0x00,
    0x00, 0x00, 0x00, 0x00, 0x00, 0x00, 0x00, 0x00, 0x00, 0x00, 0x00, 0x00, 0x00, 0x00, 0x00, 0x00,
    0x00, 0x00, 0x00, 0x00, 0x00, 0x00, 0x00, 0x00, 0x00, 0x00, 0x00, 0x00, 0x00, 0x00, 0x00, 0x00,
    0x00, 0x00, 0x00, 0x00, 0x00, 0x00, 0x00, 0x00, 0x38, 0x28, 0xA4, 0xFF, 0x38, 0x28, 0xA4, 0xFF,
    0x4C, 0x3C, 0xCE, 0xFF, 0x82, 0x78, 0xEC, 0xFF, 0x82, 0x78, 0xEC, 0xFF, 0x4C, 0x3C, 0xCE, 0xFF,
    0x4C, 0x3C, 0xCE, 0xFF, 0x4C, 0x3C, 0xCE, 0xFF, 0x4C, 0x3C, 0xCE, 0xFF, 0x4C, 0x3C, 0xCE, 0xFF,
    0x4C, 0x3C, 0xCE, 0xFF, 0x4C, 0x3C, 0xCE, 0xFF, 0x5A, 0xC8, 0xF0, 0xFF, 0x5A, 0xC8, 0xF0, 0xFF,
    0x5A, 0xC8, 0xF0, 0xFF, 0x4C, 0x3C, 0xCE, 0xFF, 0x4C, 0x3C, 0xCE, 0xFF, 0x4C, 0x3C, 0xCE, 0xFF,
    0x4C, 0x3C, 0xCE, 0xFF, 0x4C, 0x3C, 0xCE, 0xFF, 0x4C, 0x3C, 0xCE, 0xFF, 0x4C, 0x3C, 0xCE, 0xFF,
    0x5A, 0xC8, 0xF0, 0xFF, 0x5A, 0xC8, 0xF0, 0xFF, 0x4C, 0x3C, 0xCE, 0xFF, 0x4C, 0x3C, 0xCE, 0xFF,
    0x4C, 0x3C, 0xCE, 0xFF, 0x4C, 0x3C, 0xCE, 0xFF, 0x4C, 0x3C, 0xCE, 0xFF, 0x4C, 0x3C, 0xCE, 0xFF,
    0x5A, 0xC8, 0xF0, 0xFF, 0x5A, 0xC8, 0xF0, 0xFF, 0x5A, 0xC8, 0xF0, 0xFF, 0x4C, 0x3C, 0xCE, 0xFF,
    0x4C, 0x3C, 0xCE, 0xFF, 0x4C, 0x3C, 0xCE, 0xFF, 0x4C, 0x3C, 0xCE, 0xFF, 0x4C, 0x3C, 0xCE, 0xFF,
    0x4C, 0x3C, 0xCE, 0xFF, 0x4C, 0x3C, 0xCE, 0xFF, 0x4C, 0x3C, 0xCE, 0xFF, 0x4C, 0x3C, 0xCE, 0xFF,
    0x38, 0x28, 0xA4, 0xFF, 0x38, 0x28, 0xA4, 0xFF, 0x00, 0x00, 0x00, 0x00, 0x00, 0x00, 0x00, 0x00,
    0x00, 0x00, 0x00, 0x00, 0x00, 0x00, 0x00, 0x00, 0x00, 0x00, 0x00, 0x00, 0x00, 0x00, 0x00, 0x00,
    0x00, 0x00, 0x00, 0x00, 0x00, 0x00, 0x00, 0x00, 0x00, 0x00, 0x00, 0x00, 0x00, 0x00, 0x00, 0x00,
    0x00, 0x00, 0x00, 0x00, 0x00, 0x00, 0x00, 0x00, 0x38, 0x28, 0xA4, 0xFF, 0x38, 0x28, 0xA4, 0xFF,
    0x4C, 0x3C, 0xCE, 0xFF, 0x82, 0x78, 0xEC, 0xFF, 0x82, 0x78, 0xEC, 0xFF, 0x4C, 0x3C, 0xCE, 0xFF,
    0x4C, 0x3C, 0xCE, 0xFF, 0x4C, 0x3C, 0xCE, 0xFF, 0x4C, 0x3C, 0xCE, 0xFF, 0x4C, 0x3C, 0xCE, 0xFF,
    0x5A, 0xC8, 0xF0, 0xFF, 0x5A, 0xC8, 0xF0, 0xFF, 0x5A, 0xC8, 0xF0, 0xFF, 0x4C, 0x3C, 0xCE, 0xFF,
    0x4C, 0x3C, 0xCE, 0xFF, 0x4C, 0x3C, 0xCE, 0xFF, 0x4C, 0x3C, 0xCE, 0xFF, 0x4C, 0x3C, 0xCE, 0xFF,
    0x4C, 0x3C, 0xCE, 0xFF, 0x4C, 0x3C, 0xCE, 0xFF, 0x4C, 0x3C, 0xCE, 0xFF, 0x4C, 0x3C, 0xCE, 0xFF,
    0x5A, 0xC8, 0xF0, 0xFF, 0x5A, 0xC8, 0xF0, 0xFF, 0x4C, 0x3C, 0xCE, 0xFF, 0x4C, 0x3C, 0xCE, 0xFF,
    0x4C, 0x3C, 0xCE, 0xFF, 0x4C, 0x3C, 0xCE, 0xFF, 0x4C, 0x3C, 0xCE, 0xFF, 0x4C, 0x3C, 0xCE, 0xFF,
    0x4C, 0x3C, 0xCE, 0xFF, 0x5A, 0xC8, 0xF0, 0xFF, 0x5A, 0xC8, 0xF0, 0xFF, 0x5A, 0xC8, 0xF0, 0xFF,
    0x4C, 0x3C, 0xCE, 0xFF, 0x4C, 0x3C, 0xCE, 0xFF, 0x4C, 0x3C, 0xCE, 0xFF, 0x4C, 0x3C, 0xCE, 0xFF,
    0x4C, 0x3C, 0xCE, 0xFF, 0x4C, 0x3C, 0xCE, 0xFF, 0x4C, 0x3C, 0xCE, 0xFF, 0x4C, 0x3C, 0xCE, 0xFF,
    0x38, 0x28, 0xA4, 0xFF, 0x38, 0x28, 0xA4, 0xFF, 0x00, 0x00, 0x00, 0x00, 0x00, 0x00, 0x00, 0x00,
    0x00, 0x00, 0x00, 0x00, 0x00, 0x00, 0x00, 0x00, 0x00, 0x00, 0x00, 0x00, 0x00, 0x00, 0x00, 0x00,
    0x00, 0x00, 0x00, 0x00, 0x00, 0x00, 0x00, 0x00, 0x00, 0x00, 0x00, 0x00, 0x00, 0x00, 0x00, 0x00,
    0x00, 0x00, 0x00, 0x00, 0x00, 0x00, 0x00, 0x00, 0x38, 0x28, 0xA4, 0xFF, 0x38, 0x28, 0xA4, 0xFF,
    0x4C, 0x3C, 0xCE, 0xFF, 0x82, 0x78, 0xEC, 0xFF, 0x82, 0x78, 0xEC, 0xFF, 0x4C, 0x3C, 0xCE, 0xFF,
    0x4C, 0x3C, 0xCE, 0xFF, 0x4C, 0x3C, 0xCE, 0xFF, 0x4C, 0x3C, 0xCE, 0xFF, 0x5A, 0xC8, 0xF0, 0xFF,
    0x5A, 0xC8, 0xF0, 0xFF, 0x5A, 0xC8, 0xF0, 0xFF, 0x4C, 0x3C, 0xCE, 0xFF, 0x4C, 0x3C, 0xCE, 0xFF,
    0x4C, 0x3C, 0xCE, 0xFF, 0x4C, 0x3C, 0xCE, 0xFF, 0x4C, 0x3C, 0xCE, 0xFF, 0x4C, 0x3C, 0xCE, 0xFF,
    0x4C, 0x3C, 0xCE, 0xFF, 0x4C, 0x3C, 0xCE, 0xFF, 0x4C, 0x3C, 0xCE, 0xFF, 0x4C, 0x3C, 0xCE, 0xFF,
    0x5A, 0xC8, 0xF0, 0xFF, 0x5A, 0xC8, 0xF0, 0xFF, 0x4C, 0x3C, 0xCE, 0xFF, 0x4C, 0x3C, 0xCE, 0xFF,
    0x4C, 0x3C, 0xCE, 0xFF, 0x4C, 0x3C, 0xCE, 0xFF, 0x4C, 0x3C, 0xCE, 0xFF, 0x4C, 0x3C, 0xCE, 0xFF,
    0x4C, 0x3C, 0xCE, 0xFF, 0x4C, 0x3C, 0xCE, 0xFF, 0x4C, 0x3C, 0xCE, 0xFF, 0x5A, 0xC8, 0xF0, 0xFF,
    0x5A, 0xC8, 0xF0, 0xFF, 0x5A, 0xC8, 0xF0, 0xFF, 0x4C, 0x3C, 0xCE, 0xFF, 0x4C, 0x3C, 0xCE, 0xFF,
    0x4C, 0x3C, 0xCE, 0xFF, 0x4C, 0x3C, 0xCE, 0xFF, 0x4C, 0x3C, 0xCE, 0xFF, 0x4C, 0x3C, 0xCE, 0xFF,
    0x38, 0x28, 0xA4, 0xFF, 0x38, 0x28, 0xA4, 0xFF, 0x00, 0x00, 0x00, 0x00, 0x00, 0x00, 0x00, 0x00,
    0x00, 0x00, 0x00, 0x00, 0x00, 0x00, 0x00, 0x00, 0x00, 0x00, 0x00, 0x00, 0x00, 0x00, 0x00, 0x00,
    0x00, 0x00, 0x00, 0x00, 0x00, 0x00, 0x00, 0x00, 0x00, 0x00, 0x00, 0x00, 0x00, 0x00, 0x00, 0x00,
    0x00, 0x00, 0x00, 0x00, 0x00, 0x00, 0x00, 0x00, 0x38, 0x28, 0xA4, 0xFF, 0x38, 0x28, 0xA4, 0xFF,
    0x4C, 0x3C, 0xCE, 0xFF, 0x82, 0x78, 0xEC, 0xFF, 0x82, 0x78, 0xEC, 0xFF, 0x4C, 0x3C, 0xCE, 0xFF,
    0x4C, 0x3C, 0xCE, 0xFF, 0x5A, 0xC8, 0xF0, 0xFF, 0x5A, 0xC8, 0xF0, 0xFF, 0x5A, 0xC8, 0xF0, 0xFF,
    0x4C, 0x3C, 0xCE, 0xFF, 0x4C, 0x3C, 0xCE, 0xFF, 0x4C, 0x3C, 0xCE, 0xFF, 0x4C, 0x3C, 0xCE, 0xFF,
    0x4C, 0x3C, 0xCE, 0xFF, 0x4C, 0x3C, 0xCE, 0xFF, 0x4C, 0x3C, 0xCE, 0xFF, 0x4C, 0x3C, 0xCE, 0xFF,
    0x4C, 0x3C, 0xCE, 0xFF, 0x4C, 0x3C, 0xCE, 0xFF, 0x4C, 0x3C, 0xCE, 0xFF, 0x4C, 0x3C, 0xCE, 0xFF,
    0x5A, 0xC8, 0xF0, 0xFF, 0x5A, 0xC8, 0xF0, 0xFF, 0x4C, 0x3C, 0xCE, 0xFF, 0x4C, 0x3C, 0xCE, 0xFF,
    0x4C, 0x3C, 0xCE, 0xFF, 0x4C, 0x3C, 0xCE, 0xFF, 0x4C, 0x3C, 0xCE, 0xFF, 0x4C, 0x3C, 0xCE, 0xFF,
    0x4C, 0x3C, 0xCE, 0xFF, 0x4C, 0x3C, 0xCE, 0xFF, 0x4C, 0x3C, 0xCE, 0xFF, 0x4C, 0x3C, 0xCE, 0xFF,
    0x5A, 0xC8, 0xF0, 0xFF, 0x5A, 0xC8, 0xF0, 0xFF, 0x5A, 0xC8, 0xF0, 0xFF, 0x4C, 0x3C, 0xCE, 0xFF,
    0x4C, 0x3C, 0xCE, 0xFF, 0x4C, 0x3C, 0xCE, 0xFF, 0x4C, 0x3C, 0xCE, 0xFF, 0x4C, 0x3C, 0xCE, 0xFF,
    0x38, 0x28, 0xA4, 0xFF, 0x38, 0x28, 0xA4, 0xFF, 0x00, 0x00, 0x00, 0x00, 0x00, 0x00, 0x00, 0x00,
    0x00, 0x00, 0x00, 0x00, 0x00, 0x00, 0x00, 0x00, 0x00, 0x00, 0x00, 0x00, 0x00, 0x00, 0x00, 0x00,
    0x00, 0x00, 0x00, 0x00, 0x00, 0x00, 0x00, 0x00, 0x00, 0x00, 0x00, 0x00, 0x00, 0x00, 0x00, 0x00,
    0x00, 0x00, 0x00, 0x00, 0x00, 0x00, 0x00, 0x00, 0x38, 0x28, 0xA4, 0xFF, 0x38, 0x28, 0xA4, 0xFF,
    0x4C, 0x3C, 0xCE, 0xFF, 0x82, 0x78, 0xEC, 0xFF, 0x82, 0x78, 0xEC, 0xFF, 0x4C, 0x3C, 0xCE, 0xFF,
    0x5A, 0xC8, 0xF0, 0xFF, 0x5A, 0xC8, 0xF0, 0xFF, 0x5A, 0xC8, 0xF0, 0xFF, 0x4C, 0x3C, 0xCE, 0xFF,
    0x4C, 0x3C, 0xCE, 0xFF, 0x4C, 0x3C, 0xCE, 0xFF, 0x4C, 0x3C, 0xCE, 0xFF, 0x4C, 0x3C, 0xCE, 0xFF,
    0x4C, 0x3C, 0xCE, 0xFF, 0x4C, 0x3C, 0xCE, 0xFF, 0x4C, 0x3C, 0xCE, 0xFF, 0x4C, 0x3C, 0xCE, 0xFF,
    0x4C, 0x3C, 0xCE, 0xFF, 0x4C, 0x3C, 0xCE, 0xFF, 0x4C, 0x3C, 0xCE, 0xFF, 0x4C, 0x3C, 0xCE, 0xFF,
    0x5A, 0xC8, 0xF0, 0xFF, 0x5A, 0xC8, 0xF0, 0xFF, 0x4C, 0x3C, 0xCE, 0xFF, 0x4C, 0x3C, 0xCE, 0xFF,
    0x4C, 0x3C, 0xCE, 0xFF, 0x4C, 0x3C, 0xCE, 0xFF, 0x4C, 0x3C, 0xCE, 0xFF, 0x4C, 0x3C, 0xCE, 0xFF,
    0x4C, 0x3C, 0xCE, 0xFF, 0x4C, 0x3C, 0xCE, 0xFF, 0x4C, 0x3C, 0xCE, 0xFF, 0x4C, 0x3C, 0xCE, 0xFF,
    0x4C, 0x3C, 0xCE, 0xFF, 0x4C, 0x3C, 0xCE, 0xFF, 0x5A, 0xC8, 0xF0, 0xFF, 0x5A, 0xC8, 0xF0, 0xFF,
    0x5A, 0xC8, 0xF0, 0xFF, 0x4C, 0x3C, 0xCE, 0xFF, 0x4C, 0x3C, 0xCE, 0xFF, 0x4C, 0x3C, 0xCE, 0xFF,
    0x38, 0x28, 0xA4, 0xFF, 0x38, 0x28, 0xA4, 0xFF, 0x00, 0x00, 0x00, 0x00, 0x00, 0x00, 0x00, 0x00,
    0x00, 0x00, 0x00, 0x00, 0x00, 0x00, 0x00, 0x00, 0x00, 0x00, 0x00, 0x00, 0x00, 0x00, 0x00, 0x00,
    0x00, 0x00, 0x00, 0x00, 0x00, 0x00, 0x00, 0x00, 0x00, 0x00, 0x00, 0x00, 0x00, 0x00, 0x00, 0x00,
    0x00, 0x00, 0x00, 0x00, 0x00, 0x00, 0x00, 0x00, 0x38, 0x28, 0xA4, 0xFF, 0x38, 0x28, 0xA4, 0xFF,
    0x4C, 0x3C, 0xCE, 0xFF, 0x82, 0x78, 0xEC, 0xFF, 0x82, 0x78, 0xEC, 0xFF, 0x5A, 0xC8, 0xF0, 0xFF,
    0x5A, 0xC8, 0xF0, 0xFF, 0x4C, 0x3C, 0xCE, 0xFF, 0x4C, 0x3C, 0xCE, 0xFF, 0x4C, 0x3C, 0xCE, 0xFF,
    0x4C, 0x3C, 0xCE, 0xFF, 0x4C, 0x3C, 0xCE, 0xFF, 0x4C, 0x3C, 0xCE, 0xFF, 0x4C, 0x3C, 0xCE, 0xFF,
    0x4C, 0x3C, 0xCE, 0xFF, 0x4C, 0x3C, 0xCE, 0xFF, 0x4C, 0x3C, 0xCE, 0xFF, 0x4C, 0x3C, 0xCE, 0xFF,
    0x4C, 0x3C, 0xCE, 0xFF, 0x4C, 0x3C, 0xCE, 0xFF, 0x4C, 0x3C, 0xCE, 0xFF, 0x4C, 0x3C, 0xCE, 0xFF,
    0x5A, 0xC8, 0xF0, 0xFF, 0x5A, 0xC8, 0xF0, 0xFF, 0x4C, 0x3C, 0xCE, 0xFF, 0x4C, 0x3C, 0xCE, 0xFF,
    0x4C, 0x3C, 0xCE, 0xFF, 0x4C, 0x3C, 0xCE, 0xFF, 0x4C, 0x3C, 0xCE, 0xFF, 0x4C, 0x3C, 0xCE, 0xFF,
    0x4C, 0x3C, 0xCE, 0xFF, 0x4C, 0x3C, 0xCE, 0xFF, 0x4C, 0x3C, 0xCE, 0xFF, 0x4C, 0x3C, 0xCE, 0xFF,
    0x4C, 0x3C, 0xCE, 0xFF, 0x4C, 0x3C, 0xCE, 0xFF, 0x4C, 0x3C, 0xCE, 0xFF, 0x5A, 0xC8, 0xF0, 0xFF,
    0x5A, 0xC8, 0xF0, 0xFF, 0x5A, 0xC8, 0xF0, 0xFF, 0x4C, 0x3C, 0xCE, 0xFF, 0x4C, 0x3C, 0xCE, 0xFF,
    0x38, 0x28, 0xA4, 0xFF, 0x38, 0x28, 0xA4, 0xFF, 0x00, 0x00, 0x00, 0x00, 0x00, 0x00, 0x00, 0x00,
    0x00, 0x00, 0x00, 0x00, 0x00, 0x00, 0x00, 0x00, 0x00, 0x00, 0x00, 0x00, 0x00, 0x00, 0x00, 0x00,
    0x00, 0x00, 0x00, 0x00, 0x00, 0x00, 0x00, 0x00, 0x00, 0x00, 0x00, 0x00, 0x00, 0x00, 0x00, 0x00,
    0x00, 0x00, 0x00, 0x00, 0x00, 0x00, 0x00, 0x00, 0x38, 0x28, 0xA4, 0xFF, 0x38, 0x28, 0xA4, 0xFF,
    0x4C, 0x3C, 0xCE, 0xFF, 0x82, 0x78, 0xEC, 0xFF, 0x82, 0x78, 0xEC, 0xFF, 0x5A, 0xC8, 0xF0, 0xFF,
    0x4C, 0x3C, 0xCE, 0xFF, 0x4C, 0x3C, 0xCE, 0xFF, 0x4C, 0x3C, 0xCE, 0xFF, 0x4C, 0x3C, 0xCE, 0xFF,
    0x4C, 0x3C, 0xCE, 0xFF, 0x4C, 0x3C, 0xCE, 0xFF, 0x4C, 0x3C, 0xCE, 0xFF, 0x4C, 0x3C, 0xCE, 0xFF,
    0x4C, 0x3C, 0xCE, 0xFF, 0x4C, 0x3C, 0xCE, 0xFF, 0x4C, 0x3C, 0xCE, 0xFF, 0x4C, 0x3C, 0xCE, 0xFF,
    0x4C, 0x3C, 0xCE, 0xFF, 0x4C, 0x3C, 0xCE, 0xFF, 0x4C, 0x3C, 0xCE, 0xFF, 0x4C, 0x3C, 0xCE, 0xFF,
    0x5A, 0xC8, 0xF0, 0xFF, 0x5A, 0xC8, 0xF0, 0xFF, 0x4C, 0x3C, 0xCE, 0xFF, 0x4C, 0x3C, 0xCE, 0xFF,
    0x4C, 0x3C, 0xCE, 0xFF, 0x4C, 0x3C, 0xCE, 0xFF, 0x4C, 0x3C, 0xCE, 0xFF, 0x4C, 0x3C, 0xCE, 0xFF,
    0x4C, 0x3C, 0xCE, 0xFF, 0x4C, 0x3C, 0xCE, 0xFF, 0x4C, 0x3C, 0xCE, 0xFF, 0x4C, 0x3C, 0xCE, 0xFF,
    0x4C, 0x3C, 0xCE, 0xFF, 0x4C, 0x3C, 0xCE, 0xFF, 0x4C, 0x3C, 0xCE, 0xFF, 0x4C, 0x3C, 0xCE, 0xFF,
    0x4C, 0x3C, 0xCE, 0xFF, 0x5A, 0xC8, 0xF0, 0xFF, 0x5A, 0xC8, 0xF0, 0xFF, 0x5A, 0xC8, 0xF0, 0xFF,
    0x38, 0x28, 0xA4, 0xFF, 0x38, 0x28, 0xA4, 0xFF, 0x00, 0x00, 0x00, 0x00, 0x00, 0x00, 0x00, 0x00,
    0x00, 0x00, 0x00, 0x00, 0x00, 0x00, 0x00, 0x00, 0x00, 0x00, 0x00, 0x00, 0x00, 0x00, 0x00, 0x00,
    0x00, 0x00, 0x00, 0x00, 0x00, 0x00, 0x00, 0x00, 0x00, 0x00, 0x00, 0x00, 0x00, 0x00, 0x00, 0x00,
    0x00, 0x00, 0x00, 0x00, 0x00, 0x00, 0x00, 0x00, 0x38, 0x28, 0xA4, 0xFF, 0x38, 0x28, 0xA4, 0xFF,
    0x4C, 0x3C, 0xCE, 0xFF, 0x4C, 0x3C, 0xCE, 0xFF, 0x4C, 0x3C, 0xCE, 0xFF, 0x4C, 0x3C, 0xCE, 0xFF,
    0x4C, 0x3C, 0xCE, 0xFF, 0x4C, 0x3C, 0xCE, 0xFF, 0x4C, 0x3C, 0xCE, 0xFF, 0x4C, 0x3C, 0xCE, 0xFF,
    0x4C, 0x3C, 0xCE, 0xFF, 0x4C, 0x3C, 0xCE, 0xFF, 0x4C, 0x3C, 0xCE, 0xFF, 0x4C, 0x3C, 0xCE, 0xFF,
    0x4C, 0x3C, 0xCE, 0xFF, 0x4C, 0x3C, 0xCE, 0xFF, 0x4C, 0x3C, 0xCE, 0xFF, 0x4C, 0x3C, 0xCE, 0xFF,
    0x4C, 0x3C, 0xCE, 0xFF, 0x4C, 0x3C, 0xCE, 0xFF, 0x4C, 0x3C, 0xCE, 0xFF, 0x4C, 0x3C, 0xCE, 0xFF,
    0x5A, 0xC8, 0xF0, 0xFF, 0x5A, 0xC8, 0xF0, 0xFF, 0x4C, 0x3C, 0xCE, 0xFF, 0x4C, 0x3C, 0xCE, 0xFF,
    0x4C, 0x3C, 0xCE, 0xFF, 0x4C, 0x3C, 0xCE, 0xFF, 0x4C, 0x3C, 0xCE, 0xFF, 0x4C, 0x3C, 0xCE, 0xFF,
    0x4C, 0x3C, 0xCE, 0xFF, 0x4C, 0x3C, 0xCE, 0xFF, 0x4C, 0x3C, 0xCE, 0xFF, 0x4C, 0x3C, 0xCE, 0xFF,
    0x4C, 0x3C, 0xCE, 0xFF, 0x4C, 0x3C, 0xCE, 0xFF, 0x4C, 0x3C, 0xCE, 0xFF, 0x4C, 0x3C, 0xCE, 0xFF,
    0x4C, 0x3C, 0xCE, 0xFF, 0x4C, 0x3C, 0xCE, 0xFF, 0x5A, 0xC8, 0xF0, 0xFF, 0x4C, 0x3C, 0xCE, 0xFF,
    0x38, 0x28, 0xA4, 0xFF, 0x38, 0x28, 0xA4, 0xFF, 0x00, 0x00, 0x00, 0x00, 0x00, 0x00, 0x00, 0x00,
    0x00, 0x00, 0x00, 0x00, 0x00, 0x00, 0x00, 0x00, 0x00, 0x00, 0x00, 0x00, 0x00, 0x00, 0x00, 0x00,
    0x00, 0x00, 0x00, 0x00, 0x00, 0x00, 0x00, 0x00, 0x00, 0x00, 0x00, 0x00, 0x00, 0x00, 0x00, 0x00,
    0x00, 0x00, 0x00, 0x00, 0x00, 0x00, 0x00, 0x00, 0x38, 0x28, 0xA4, 0xFF, 0x38, 0x28, 0xA4, 0xFF,
    0x4C, 0x3C, 0xCE, 0xFF, 0x4C, 0x3C, 0xCE, 0xFF, 0x4C, 0x3C, 0xCE, 0xFF, 0x4C, 0x3C, 0xCE, 0xFF,
    0x4C, 0x3C, 0xCE, 0xFF, 0x4C, 0x3C, 0xCE, 0xFF, 0x4C, 0x3C, 0xCE, 0xFF, 0x4C, 0x3C, 0xCE, 0xFF,
    0x4C, 0x3C, 0xCE, 0xFF, 0x4C, 0x3C, 0xCE, 0xFF, 0x4C, 0x3C, 0xCE, 0xFF, 0x4C, 0x3C, 0xCE, 0xFF,
    0x4C, 0x3C, 0xCE, 0xFF, 0x4C, 0x3C, 0xCE, 0xFF, 0x4C, 0x3C, 0xCE, 0xFF, 0x4C, 0x3C, 0xCE, 0xFF,
    0x4C, 0x3C, 0xCE, 0xFF, 0x4C, 0x3C, 0xCE, 0xFF, 0x4C, 0x3C, 0xCE, 0xFF, 0x4C, 0x3C, 0xCE, 0xFF,
    0x5A, 0xC8, 0xF0, 0xFF, 0x5A, 0xC8, 0xF0, 0xFF, 0x4C, 0x3C, 0xCE, 0xFF, 0x4C, 0x3C, 0xCE, 0xFF,
    0x4C, 0x3C, 0xCE, 0xFF, 0x4C, 0x3C, 0xCE, 0xFF, 0x4C, 0x3C, 0xCE, 0xFF, 0x4C, 0x3C, 0xCE, 0xFF,
    0x4C, 0x3C, 0xCE, 0xFF, 0x4C, 0x3C, 0xCE, 0xFF, 0x4C, 0x3C, 0xCE, 0xFF, 0x4C, 0x3C, 0xCE, 0xFF,
    0x4C, 0x3C, 0xCE, 0xFF, 0x4C, 0x3C, 0xCE, 0xFF, 0x4C, 0x3C, 0xCE, 0xFF, 0x4C, 0x3C, 0xCE, 0xFF,
    0x4C, 0x3C, 0xCE, 0xFF, 0x4C, 0x3C, 0xCE, 0xFF, 0x4C, 0x3C, 0xCE, 0xFF, 0x4C, 0x3C, 0xCE, 0xFF,
    0x38, 0x28, 0xA4, 0xFF, 0x38, 0x28, 0xA4, 0xFF, 0x00, 0x00, 0x00, 0x00, 0x00, 0x00, 0x00, 0x00,
    0x00, 0x00, 0x00, 0x00, 0x00, 0x00, 0x00, 0x00, 0x00, 0x00, 0x00, 0x00, 0x00, 0x00, 0x00, 0x00,
    0x00, 0x00, 0x00, 0x00, 0x00, 0x00, 0x00, 0x00, 0x00, 0x00, 0x00, 0x00, 0x00, 0x00, 0x00, 0x00,
    0x00, 0x00, 0x00, 0x00, 0x00, 0x00, 0x00, 0x00, 0x38, 0x28, 0xA4, 0xFF, 0x38, 0x28, 0xA4, 0xFF,
    0x38, 0x28, 0xA4, 0xFF, 0x38, 0x28, 0xA4, 0xFF, 0x38, 0x28, 0xA4, 0xFF, 0x38, 0x28, 0xA4, 0xFF,
    0x38, 0x28, 0xA4, 0xFF, 0x38, 0x28, 0xA4, 0xFF, 0x38, 0x28, 0xA4, 0xFF, 0x38, 0x28, 0xA4, 0xFF,
    0x38, 0x28, 0xA4, 0xFF, 0x38, 0x28, 0xA4, 0xFF, 0x38, 0x28, 0xA4, 0xFF, 0x38, 0x28, 0xA4, 0xFF,
    0x38, 0x28, 0xA4, 0xFF, 0x38, 0x28, 0xA4, 0xFF, 0x38, 0x28, 0xA4, 0xFF, 0x38, 0x28, 0xA4, 0xFF,
    0x38, 0x28, 0xA4, 0xFF, 0x38, 0x28, 0xA4, 0xFF, 0x38, 0x28, 0xA4, 0xFF, 0x38, 0x28, 0xA4, 0xFF,
    0x5A, 0xC8, 0xF0, 0xFF, 0x5A, 0xC8, 0xF0, 0xFF, 0x38, 0x28, 0xA4, 0xFF, 0x38, 0x28, 0xA4, 0xFF,
    0x38, 0x28, 0xA4, 0xFF, 0x38, 0x28, 0xA4, 0xFF, 0x38, 0x28, 0xA4, 0xFF, 0x38, 0x28, 0xA4, 0xFF,
    0x38, 0x28, 0xA4, 0xFF, 0x38, 0x28, 0xA4, 0xFF, 0x38, 0x28, 0xA4, 0xFF, 0x38, 0x28, 0xA4, 0xFF,
    0x38, 0x28, 0xA4, 0xFF, 0x38, 0x28, 0xA4, 0xFF, 0x38, 0x28, 0xA4, 0xFF, 0x38, 0x28, 0xA4, 0xFF,
    0x38, 0x28, 0xA4, 0xFF, 0x38, 0x28, 0xA4, 0xFF, 0x38, 0x28, 0xA4, 0xFF, 0x38, 0x28, 0xA4, 0xFF,
    0x38, 0x28, 0xA4, 0xFF, 0x38, 0x28, 0xA4, 0xFF, 0x00, 0x00, 0x00, 0x00, 0x00, 0x00, 0x00, 0x00,
    0x00, 0x00, 0x00, 0x00, 0x00, 0x00, 0x00, 0x00, 0x00, 0x00, 0x00, 0x00, 0x00, 0x00, 0x00, 0x00,
    0x00, 0x00, 0x00, 0x00, 0x00, 0x00, 0x00, 0x00, 0x00, 0x00, 0x00, 0x00, 0x00, 0x00, 0x00, 0x00,
    0x00, 0x00, 0x00, 0x00, 0x00, 0x00, 0x00, 0x00, 0x38, 0x28, 0xA4, 0xFF, 0x38, 0x28, 0xA4, 0xFF,
    0x38, 0x28, 0xA4, 0xFF, 0x38, 0x28, 0xA4, 0xFF, 0x38, 0x28, 0xA4, 0xFF, 0x38, 0x28, 0xA4, 0xFF,
    0x38, 0x28, 0xA4, 0xFF, 0x38, 0x28, 0xA4, 0xFF, 0x38, 0x28, 0xA4, 0xFF, 0x38, 0x28, 0xA4, 0xFF,
    0x38, 0x28, 0xA4, 0xFF, 0x38, 0x28, 0xA4, 0xFF, 0x38, 0x28, 0xA4, 0xFF, 0x38, 0x28, 0xA4, 0xFF,
    0x38, 0x28, 0xA4, 0xFF, 0x38, 0x28, 0xA4, 0xFF, 0x38, 0x28, 0xA4, 0xFF, 0x38, 0x28, 0xA4, 0xFF,
    0x38, 0x28, 0xA4, 0xFF, 0x38, 0x28, 0xA4, 0xFF, 0x38, 0x28, 0xA4, 0xFF, 0x38, 0x28, 0xA4, 0xFF,
    0x5A, 0xC8, 0xF0, 0xFF, 0x5A, 0xC8, 0xF0, 0xFF, 0x38, 0x28, 0xA4, 0xFF, 0x38, 0x28, 0xA4, 0xFF,
    0x38, 0x28, 0xA4, 0xFF, 0x38, 0x28, 0xA4, 0xFF, 0x38, 0x28, 0xA4, 0xFF, 0x38, 0x28, 0xA4, 0xFF,
    0x38, 0x28, 0xA4, 0xFF, 0x38, 0x28, 0xA4, 0xFF, 0x38, 0x28, 0xA4, 0xFF, 0x38, 0x28, 0xA4, 0xFF,
    0x38, 0x28, 0xA4, 0xFF, 0x38, 0x28, 0xA4, 0xFF, 0x38, 0x28, 0xA4, 0xFF, 0x38, 0x28, 0xA4, 0xFF,
    0x38, 0x28, 0xA4, 0xFF, 0x38, 0x28, 0xA4, 0xFF, 0x38, 0x28, 0xA4, 0xFF, 0x38, 0x28, 0xA4, 0xFF,
    0x38, 0x28, 0xA4, 0xFF, 0x38, 0x28, 0xA4, 0xFF, 0x00, 0x00, 0x00, 0x00, 0x00, 0x00, 0x00, 0x00,
    0x00, 0x00, 0x00, 0x00, 0x00, 0x00, 0x00, 0x00, 0x00, 0x00, 0x00, 0x00, 0x00, 0x00, 0x00, 0x00,
    0x00, 0x00, 0x00, 0x00, 0x00, 0x00, 0x00, 0x00, 0x00, 0x00, 0x00, 0x00, 0x00, 0x00, 0x00, 0x00,
    0x00, 0x00, 0x00, 0x00, 0x00, 0x00, 0x00, 0x00, 0x00, 0x00, 0x00, 0x00, 0x00, 0x00, 0x00, 0x00,
    0x00, 0x00, 0x00, 0x00, 0x00, 0x00, 0x00, 0x00, 0x00, 0x00, 0x00, 0x00, 0x00, 0x00, 0x00, 0x00,
    0x00, 0x00, 0x00, 0x00, 0x00, 0x00, 0x00, 0x00, 0x00, 0x00, 0x00, 0x00, 0x00, 0x00, 0x00, 0x00,
    0x00, 0x00, 0x00, 0x00, 0x00, 0x00, 0x00, 0x00, 0x00, 0x00, 0x00, 0x00, 0x00, 0x00, 0x00, 0x00,
    0x00, 0x00, 0x00, 0x00, 0x00, 0x00, 0x00, 0x00, 0x00, 0x00, 0x00, 0x00, 0x00, 0x00, 0x00, 0x00,
    0x00, 0x00, 0x00, 0x00, 0x00, 0x00, 0x00, 0x00, 0x00, 0x00, 0x00, 0x00, 0x00, 0x00, 0x00, 0x00,
    0x00, 0x00, 0x00, 0x00, 0x00, 0x00, 0x00, 0x00, 0x00, 0x00, 0x00, 0x00, 0x00, 0x00, 0x00, 0x00,
    0x00, 0x00, 0x00, 0x00, 0x00, 0x00, 0x00, 0x00, 0x00, 0x00, 0x00, 0x00, 0x00, 0x00, 0x00, 0x00,
    0x00, 0x00, 0x00, 0x00, 0x00, 0x00, 0x00, 0x00, 0x00, 0x00, 0x00, 0x00, 0x00, 0x00, 0x00, 0x00,
    0x00, 0x00, 0x00, 0x00, 0x00, 0x00, 0x00, 0x00, 0x00, 0x00, 0x00, 0x00, 0x00, 0x00, 0x00, 0x00,
    0x00, 0x00, 0x00, 0x00, 0x00, 0x00, 0x00, 0x00, 0x00, 0x00, 0x00, 0x00, 0x00, 0x00, 0x00, 0x00,
    0x00, 0x00, 0x00, 0x00, 0x00, 0x00, 0x00, 0x00, 0x00, 0x00, 0x00, 0x00, 0x00, 0x00, 0x00, 0x00,
    0x00, 0x00, 0x00, 0x00, 0x00, 0x00, 0x00, 0x00, 0x00, 0x00, 0x00, 0x00, 0x00, 0x00, 0x00, 0x00,
    0x00, 0x00, 0x00, 0x00, 0x00, 0x00, 0x00, 0x00, 0x00, 0x00, 0x00, 0x00, 0x00, 0x00, 0x00, 0x00,
    0x00, 0x00, 0x00, 0x00, 0x00, 0x00, 0x00, 0x00, 0x00, 0x00, 0x00, 0x00, 0x00, 0x00, 0x00, 0x00,
    0x00, 0x00, 0x00, 0x00, 0x00, 0x00, 0x00, 0x00, 0x00, 0x00, 0x00, 0x00, 0x00, 0x00, 0x00, 0x00,
    0x00, 0x00, 0x00, 0x00, 0x00, 0x00, 0x00, 0x00, 0x00, 0x00, 0x00, 0x00, 0x00, 0x00, 0x00, 0x00,
    0x00, 0x00, 0x00, 0x00, 0x00, 0x00, 0x00, 0x00, 0x00, 0x00, 0x00, 0x00, 0x00, 0x00, 0x00, 0x00,
    0x00, 0x00, 0x00, 0x00, 0x00, 0x00, 0x00, 0x00, 0x00, 0x00, 0x00, 0x00, 0x00, 0x00, 0x00, 0x00,
    0x00, 0x00, 0x00, 0x00, 0x00, 0x00, 0x00, 0x00, 0x00, 0x00, 0x00, 0x00, 0x00, 0x00, 0x00, 0x00,
    0x00, 0x00, 0x00, 0x00, 0x00, 0x00, 0x00, 0x00, 0x00, 0x00, 0x00, 0x00, 0x00, 0x00, 0x00, 0x00,
    0x00, 0x00, 0x00, 0x00, 0x00, 0x00, 0x00, 0x00, 0x00, 0x00, 0x00, 0x00, 0x00, 0x00, 0x00, 0x00,
    0x00, 0x00, 0x00, 0x00, 0x00, 0x00, 0x00, 0x00, 0x00, 0x00, 0x00, 0x00, 0x00, 0x00, 0x00, 0x00,
    0x00, 0x00, 0x00, 0x00, 0x00, 0x00, 0x00, 0x00, 0x00, 0x00, 0x00, 0x00, 0x00, 0x00, 0x00, 0x00,
    0x00, 0x00, 0x00, 0x00, 0x00, 0x00, 0x00, 0x00, 0x00, 0x00, 0x00, 0x00, 0x00, 0x00, 0x00, 0x00,
    0x00, 0x00, 0x00, 0x00, 0x00, 0x00, 0x00, 0x00, 0x00, 0x00, 0x00, 0x00, 0x00, 0x00, 0x00, 0x00,
    0x00, 0x00, 0x00, 0x00, 0x00, 0x00, 0x00, 0x00, 0x00, 0x00, 0x00, 0x00, 0x00, 0x00, 0x00, 0x00,
    0x00, 0x00, 0x00, 0x00, 0x00, 0x00, 0x00, 0x00, 0x00, 0x00, 0x00, 0x00, 0x00, 0x00, 0x00, 0x00,
    0x00, 0x00, 0x00, 0x00, 0x00, 0x00, 0x00, 0x00, 0x00, 0x00, 0x00, 0x00, 0x00, 0x00, 0x00, 0x00,
    0x00, 0x00, 0x00, 0x00, 0x00, 0x00, 0x00, 0x00, 0x00, 0x00, 0x00, 0x00, 0x00, 0x00, 0x00, 0x00,
    0x00, 0x00, 0x00, 0x00, 0x00, 0x00, 0x00, 0x00, 0x00, 0x00, 0x00, 0x00, 0x00, 0x00, 0x00, 0x00,
    0x00, 0x00, 0x00, 0x00, 0x00, 0x00, 0x00, 0x00, 0x00, 0x00, 0x00, 0x00, 0x00, 0x00, 0x00, 0x00,
    0x00, 0x00, 0x00, 0x00, 0x00, 0x00, 0x00, 0x00, 0x00, 0x00, 0x00, 0x00, 0x00, 0x00, 0x00, 0x00,
    0x00, 0x00, 0x00, 0x00, 0x00, 0x00, 0x00, 0x00, 0x00, 0x00, 0x00, 0x00, 0x00, 0x00, 0x00, 0x00,
    0x00, 0x00, 0x00, 0x00, 0x00, 0x00, 0x00, 0x00, 0x00, 0x00, 0x00, 0x00, 0x00, 0x00, 0x00, 0x00,
    0x00, 0x00, 0x00, 0x00, 0x00, 0x00, 0x00, 0x00, 0x00, 0x00, 0x00, 0x00, 0x00, 0x00, 0x00, 0x00,
    0x00, 0x00, 0x00, 0x00, 0x00, 0x00, 0x00, 0x00, 0x00, 0x00, 0x00, 0x00, 0x00, 0x00, 0x00, 0x00,
    0x00, 0x00, 0x00, 0x00, 0x00, 0x00, 0x00, 0x00, 0x00, 0x00, 0x00, 0x00, 0x00, 0x00, 0x00, 0x00,
    0x00, 0x00, 0x00, 0x00, 0x00, 0x00, 0x00, 0x00, 0x00, 0x00, 0x00, 0x00, 0x00, 0x00, 0x00, 0x00,
    0x00, 0x00, 0x00, 0x00, 0x00, 0x00, 0x00, 0x00, 0x00, 0x00, 0x00, 0x00, 0x00, 0x00, 0x00, 0x00,
    0x00, 0x00, 0x00, 0x00, 0x00, 0x00, 0x00, 0x00, 0x00, 0x00, 0x00, 0x00, 0x00, 0x00, 0x00, 0x00,
    0x00, 0x00, 0x00, 0x00, 0x00, 0x00, 0x00, 0x00, 0x00, 0x00, 0x00, 0x00, 0x00, 0x00, 0x00, 0x00,
    0x00, 0x00, 0x00, 0x00, 0x00, 0x00, 0x00, 0x00, 0x00, 0x00, 0x00, 0x00, 0x00, 0x00, 0x00, 0x00,
    0x00, 0x00, 0x00, 0x00, 0x00, 0x00, 0x00, 0x00, 0x00, 0x00, 0x00, 0x00, 0x00, 0x00, 0x00, 0x00,
    0x00, 0x00, 0x00, 0x00, 0x00, 0x00, 0x00, 0x00, 0x00, 0x00, 0x00, 0x00, 0x00, 0x00, 0x00, 0x00,
    0x00, 0x00, 0x00, 0x00, 0x00, 0x00, 0x00, 0x00, 0x00, 0x00, 0x00, 0x00, 0x00, 0x00, 0x00, 0x00,
    0x00, 0x00, 0x00, 0x00, 0x00, 0x00, 0x00, 0x00, 0x00, 0x00, 0x00, 0x00, 0x00, 0x00, 0x00, 0x00,
    0x00, 0x00, 0x00, 0x00, 0x00, 0x00, 0x00, 0x00, 0x00, 0x00, 0x00, 0x00, 0x00, 0x00, 0x00, 0x00,
    0x00, 0x00, 0x00, 0x00, 0x00, 0x00, 0x00, 0x00, 0x00, 0x00, 0x00, 0x00, 0x00, 0x00, 0x00, 0x00,
    0x00, 0x00, 0x00, 0x00, 0x00, 0x00, 0x00, 0x00, 0x00, 0x00, 0x00, 0x00, 0x00, 0x00, 0x00, 0x00,
    0x00, 0x00, 0x00, 0x00, 0x00, 0x00, 0x00, 0x00, 0x00, 0x00, 0x00, 0x00, 0x00, 0x00, 0x00, 0x00,
    0x00, 0x00, 0x00, 0x00, 0x00, 0x00, 0x00, 0x00, 0x00, 0x00, 0x00, 0x00, 0x00, 0x00, 0x00, 0x00,
    0x00, 0x00, 0x00, 0x00, 0x00, 0x00, 0x00, 0x00, 0x00, 0x00, 0x00, 0x00, 0x00, 0x00, 0x00, 0x00,
    0x00, 0x00, 0x00, 0x00, 0x00, 0x00, 0x00, 0x00, 0x00, 0x00, 0x00, 0x00, 0x00, 0x00, 0x00, 0x00,
    0x00, 0x00, 0x00, 0x00, 0x00, 0x00, 0x00, 0x00, 0x00, 0x00, 0x00, 0x00, 0x00, 0x00, 0x00, 0x00,
    0x00, 0x00, 0x00, 0x00, 0x00, 0x00, 0x00, 0x00, 0x00, 0x00, 0x00, 0x00, 0x00, 0x00, 0x00, 0x00,
    0x00, 0x00, 0x00, 0x00, 0x00, 0x00, 0x00, 0x00, 0x00, 0x00, 0x00, 0x00, 0x00, 0x00, 0x00, 0x00,
    0x00, 0x00, 0x00, 0x00, 0x00, 0x00, 0x00, 0x00, 0x00, 0x00, 0x00, 0x00, 0x00, 0x00, 0x00, 0x00,
    0x00, 0x00, 0x00, 0x00, 0x00, 0x00, 0x00, 0x00, 0x00, 0x00, 0x00, 0x00, 0x00, 0x00, 0x00, 0x00,
    0x00, 0x00, 0x00, 0x00, 0x00, 0x00, 0x00, 0x00, 0x00, 0x00, 0x00, 0x00, 0x00, 0x00, 0x00, 0x00,
    0x00, 0x00, 0x00, 0x00, 0x00, 0x00, 0x00, 0x00, 0x00, 0x00, 0x00, 0x00, 0x00, 0x00, 0x00, 0x00,
    0x00, 0x00, 0x00, 0x00, 0x00, 0x00, 0x00, 0x00, 0x00, 0x00, 0x00, 0x00, 0x00, 0x00, 0x00, 0x00,
    0x00, 0x00, 0x00, 0x00, 0x00, 0x00, 0x00, 0x00, 0x00, 0x00, 0x00, 0x00, 0x00, 0x00, 0x00, 0x00,
    0x00, 0x00, 0x00, 0x00, 0x00, 0x00, 0x00, 0x00, 0x00, 0x00, 0x00, 0x00, 0x00, 0x00, 0x00, 0x00,
    0x00, 0x00, 0x00, 0x00, 0x00, 0x00, 0x00, 0x00, 0x00, 0x00, 0x00, 0x00, 0x00, 0x00, 0x00, 0x00,
    0x00, 0x00, 0x00, 0x00, 0x00, 0x00, 0x00, 0x00, 0x00, 0x00, 0x00, 0x00, 0x00, 0x00, 0x00, 0x00,
    0x00, 0x00, 0x00, 0x00, 0x00, 0x00, 0x00, 0x00, 0x00, 0x00, 0x00, 0x00, 0x00, 0x00, 0x00, 0x00,
    0x00, 0x00, 0x00, 0x00, 0x00, 0x00, 0x00, 0x00, 0x00, 0x00, 0x00, 0x00, 0x00, 0x00, 0x00, 0x00,
    0x00, 0x00, 0x00, 0x00, 0x00, 0x00, 0x00, 0x00, 0x00, 0x00, 0x00, 0x00, 0x00, 0x00, 0x00, 0x00,
    0x00, 0x00, 0x00, 0x00, 0x00, 0x00, 0x00, 0x00, 0x00, 0x00, 0x00, 0x00, 0x00, 0x00, 0x00, 0x00,
    0x00, 0x00, 0x00, 0x00, 0x00, 0x00, 0x00, 0x00, 0x00, 0x00, 0x00, 0x00, 0x00, 0x00, 0x00, 0x00,
    0x00, 0x00, 0x00, 0x00, 0x00, 0x00, 0x00, 0x00, 0x00, 0x00, 0x00, 0x00, 0x00, 0x00, 0x00, 0x00,
    0x00, 0x00, 0x00, 0x00, 0x00, 0x00, 0x00, 0x00, 0x00, 0x00, 0x00, 0x00, 0x00, 0x00, 0x00, 0x00,
    0x00, 0x00, 0x00, 0x00, 0x00, 0x00, 0x00, 0x00, 0x00, 0x00, 0x00, 0x00, 0x00, 0x00, 0x00, 0x00,
    0x00, 0x00, 0x00, 0x00, 0x00, 0x00, 0x00, 0x00, 0x00, 0x00, 0x00, 0x00, 0x00, 0x00, 0x00, 0x00,
    0x00, 0x00, 0x00, 0x00, 0x00, 0x00, 0x00, 0x00, 0x00, 0x00, 0x00, 0x00, 0x00, 0x00, 0x00, 0x00,
    0x00, 0x00, 0x00, 0x00, 0x00, 0x00, 0x00, 0x00, 0x00, 0x00, 0x00, 0x00, 0x00, 0x00, 0x00, 0x00,
    0x00, 0x00, 0x00, 0x00, 0x00, 0x00, 0x00, 0x00, 0x00, 0x00, 0x00, 0x00, 0x00, 0x00, 0x00, 0x00,
    0x00, 0x00, 0x00, 0x00, 0x00, 0x00, 0x00, 0x00, 0x00, 0x00, 0x00, 0x00, 0x00, 0x00, 0x00, 0x00,
    0x00, 0x00, 0x00, 0x00, 0x00, 0x00, 0x00, 0x00, 0x00, 0x00, 0x00, 0x00, 0x00, 0x00, 0x00, 0x00,
    0x00, 0x00, 0x00, 0x00, 0x00, 0x00, 0x00, 0x00, 0x00, 0x00, 0x00, 0x00, 0x00, 0x00, 0x00, 0x00,
    0x00, 0x00, 0x00, 0x00, 0x00, 0x00, 0x00, 0x00, 0x00, 0x00, 0x00, 0x00, 0x00, 0x00, 0x00, 0x00,
    0x00, 0x00, 0x00, 0x00, 0x00, 0x00, 0x00, 0x00, 0x00, 0x00, 0x00, 0x00, 0x00, 0x00, 0x00, 0x00,
    0x00, 0x00, 0x00, 0x00, 0x00, 0x00, 0x00, 0x00, 0x00, 0x00, 0x00, 0x00, 0x00, 0x00, 0x00, 0x00,
    0x00, 0x00, 0x00, 0x00, 0x00, 0x00, 0x00, 0x00, 0x00, 0x00, 0x00, 0x00, 0x00, 0x00, 0x00, 0x00,
    0x00, 0x00, 0x00, 0x00, 0x00, 0x00, 0x00, 0x00, 0x00, 0x00, 0x00, 0x00, 0x00, 0x00, 0x00, 0x00,
    0x00, 0x00, 0x00, 0x00, 0x00, 0x00, 0x00, 0x00, 0x00, 0x00, 0x00, 0x00, 0x00, 0x00, 0x00, 0x00,
    0x00, 0x00, 0x00, 0x00, 0x00, 0x00, 0x00, 0x00, 0x00, 0x00, 0x00, 0x00, 0x00, 0x00, 0x00, 0x00,
    0x00, 0x00, 0x00, 0x00, 0x00, 0x00, 0x00, 0x00, 0x00, 0x00, 0x00, 0x00, 0x00, 0x00, 0x00, 0x00,
    0x00, 0x00, 0x00, 0x00, 0x00, 0x00, 0x00, 0x00, 0x00, 0x00, 0x00, 0x00, 0x00, 0x00, 0x00, 0x00,
    0x00, 0x00, 0x00, 0x00, 0x00, 0x00, 0x00, 0x00, 0x00, 0x00, 0x00, 0x00, 0x00, 0x00, 0x00, 0x00,
    0x00, 0x00, 0x00, 0x00, 0x00, 0x00, 0x00, 0x00, 0x00, 0x00, 0x00, 0x00, 0x00, 0x00, 0x00, 0x00,
    0x00, 0x00, 0x00, 0x00, 0x00, 0x00, 0x00, 0x00, 0x00, 0x00, 0x00, 0x00, 0x00, 0x00, 0x00, 0x00,
    0x00, 0x00, 0x00, 0x00, 0x00, 0x00, 0x00, 0x00, 0x00, 0x00, 0x00, 0x00, 0x00, 0x00, 0x00, 0x00,
    0x00, 0x00, 0x00, 0x00, 0x00, 0x00, 0x00, 0x00, 0x00, 0x00, 0x00, 0x00, 0x00, 0x00, 0x00, 0x00,
    0x00, 0x00, 0x00, 0x00, 0x00, 0x00, 0x00, 0x00, 0x00, 0x00, 0x00, 0x00, 0x00, 0x00, 0x00, 0x00,
    0x00, 0x00, 0x00, 0x00, 0x00, 0x00, 0x00, 0x00, 0x00, 0x00, 0x00, 0x00, 0x00, 0x00, 0x00, 0x00,
};

const lv_image_dsc_t spr_drum = {
    .header.magic = LV_IMAGE_HEADER_MAGIC,
    .header.cf = LV_COLOR_FORMAT_ARGB8888,
    .header.w = 56,
    .header.h = 56,
    .header.stride = 224,
    .data_size = sizeof(spr_drum_map),
    .data = spr_drum_map,

